poi_id,source_name,source_url,collection_time,update_frequency,license_note,collection_method,destination_id,destination_name,poi_name,category,lat,lng,distance_to_destination_km,osm_type,osm_id,tags_json,capacity_status,quality_score,freshness_score,reliability_score,coverage_score
osm_node_729406385,OpenStreetMap Overpass API,https://overpass-api.de/api/interpreter,2026-05-19T16:07:02.983254+00:00,on_demand_mvp,OpenStreetMap data under ODbL; attribution required.,Overpass around destination coordinates,da_nang,Da Nang,Cafe Win,restaurant,16.0746726,108.2187015,3.32,node,729406385,"{""amenity"": ""cafe"", ""name"": ""Cafe Win""}",missing_capacity,70,80,70,55
osm_node_729406386,OpenStreetMap Overpass API,https://overpass-api.de/api/interpreter,2026-05-19T16:07:02.983980+00:00,on_demand_mvp,OpenStreetMap data under ODbL; attribution required.,Overpass around destination coordinates,da_nang,Da Nang,CafeKhanh Ly,restaurant,16.0627174,108.208943,1.75,node,729406386,"{""amenity"": ""cafe"", ""name"": ""CafeKhanh Ly""}",missing_capacity,70,80,70,55
osm_node_729406387,OpenStreetMap Overpass API,https://overpass-api.de/api/interpreter,2026-05-19T16:07:02.984176+00:00,on_demand_mvp,OpenStreetMap data under ODbL; attribution required.,Overpass around destination coordinates,da_nang,Da Nang,ThanhBinh Coffee,restaurant,16.0347187,108.2446539,4.27,node,729406387,"{""amenity"": ""cafe"", ""name"": ""ThanhBinh Coffee""}",missing_capacity,70,80,70,55
osm_node_729406388,OpenStreetMap Overpass API,https://overpass-api.de/api/interpreter,2026-05-19T16:07:02.984275+00:00,on_demand_mvp,OpenStreetMap data under ODbL; attribution required.,Overpass around destination coordinates,da_nang,Da Nang,CaPhe Fantasy,restaurant,16.0632999,108.1601536,5.3,node,729406388,"{""amenity"": ""cafe"", ""name"": ""CaPhe Fantasy""}",missing_capacity,70,80,70,55
osm_node_729406389,OpenStreetMap Overpass API,https://overpass-api.de/api/interpreter,2026-05-19T16:07:02.984357+00:00,on_demand_mvp,OpenStreetMap data under ODbL; attribution required.,Overpass around destination coordinates,da_nang,Da Nang,CaPhe Lang Tien,restaurant,16.0657433,108.2077628,2.08,node,729406389,"{""amenity"": ""cafe"", ""name"": ""CaPhe Lang Tien""}",missing_capacity,70,80,70,55
osm_node_729406391,OpenStreetMap Overpass API,https://overpass-api.de/api/interpreter,2026-05-19T16:07:02.984431+00:00,on_demand_mvp,OpenStreetMap data under ODbL; attribution required.,Overpass around destination coordinates,da_nang,Da Nang,Cafe Truc Phuong,restaurant,16.0684586,108.1500026,6.52,node,729406391,"{""amenity"": ""cafe"", ""name"": ""Cafe Truc Phuong""}",missing_capacity,70,80,70,55
osm_node_729406392,OpenStreetMap Overpass API,https://overpass-api.de/api/interpreter,2026-05-19T16:07:02.984502+00:00,on_demand_mvp,OpenStreetMap data under ODbL; attribution required.,Overpass around destination coordinates,da_nang,Da Nang,Ca Phe 83,restaurant,16.0785765,108.2193388,3.75,node,729406392,"{""amenity"": ""cafe"", ""name"": ""Ca Phe 83""}",missing_capacity,70,80,70,55
osm_node_729406393,OpenStreetMap Overpass API,https://overpass-api.de/api/interpreter,2026-05-19T16:07:02.984568+00:00,on_demand_mvp,OpenStreetMap data under ODbL; attribution required.,Overpass around destination coordinates,da_nang,Da Nang,Cafe Dong Xanh,restaurant,16.0640577,108.2208466,2.41,node,729406393,"{""amenity"": ""cafe"", ""name"": ""Cafe Dong Xanh""}",missing_capacity,70,80,70,55
osm_node_729406394,OpenStreetMap Overpass API,https://overpass-api.de/api/interpreter,2026-05-19T16:07:02.984651+00:00,on_demand_mvp,OpenStreetMap data under ODbL; attribution required.,Overpass around destination coordinates,da_nang,Da Nang,CafeTo Be,restaurant,16.0736841,108.2182886,3.2,node,729406394,"{""amenity"": ""cafe"", ""name"": ""CafeTo Be""}",missing_capacity,70,80,70,55
osm_node_729406397,OpenStreetMap Overpass API,https://overpass-api.de/api/interpreter,2026-05-19T16:07:02.984785+00:00,on_demand_mvp,OpenStreetMap data under ODbL; attribution required.,Overpass around destination coordinates,da_nang,Da Nang,CaPhe Sao Mai,restaurant,16.0668568,108.1743586,4.1,node,729406397,"{""amenity"": ""cafe"", ""name"": ""CaPhe Sao Mai""}",missing_capacity,70,80,70,55
osm_node_729406398,OpenStreetMap Overpass API,https://overpass-api.de/api/interpreter,2026-05-19T16:07:02.984882+00:00,on_demand_mvp,OpenStreetMap data under ODbL; attribution required.,Overpass around destination coordinates,da_nang,Da Nang,MienThao Coffee,restaurant,16.0762311,108.2308433,4.13,node,729406398,"{""amenity"": ""cafe"", ""name"": ""MienThao Coffee""}",missing_capacity,70,80,70,55
osm_node_729406399,OpenStreetMap Overpass API,https://overpass-api.de/api/interpreter,2026-05-19T16:07:02.984976+00:00,on_demand_mvp,OpenStreetMap data under ODbL; attribution required.,Overpass around destination coordinates,da_nang,Da Nang,GmcCoffee,restaurant,16.0539382,108.2208037,1.68,node,729406399,"{""amenity"": ""cafe"", ""name"": ""GmcCoffee""}",missing_capacity,70,80,70,55
osm_node_729406400,OpenStreetMap Overpass API,https://overpass-api.de/api/interpreter,2026-05-19T16:07:02.985098+00:00,on_demand_mvp,OpenStreetMap data under ODbL; attribution required.,Overpass around destination coordinates,da_nang,Da Nang,CaPhe 3 Ladies,restaurant,16.0827332,108.2219624,4.28,node,729406400,"{""amenity"": ""cafe"", ""name"": ""CaPhe 3 Ladies""}",missing_capacity,70,80,70,55
osm_node_729406401,OpenStreetMap Overpass API,https://overpass-api.de/api/interpreter,2026-05-19T16:07:02.985189+00:00,on_demand_mvp,OpenStreetMap data under ODbL; attribution required.,Overpass around destination coordinates,da_nang,Da Nang,OnenineCoffee,restaurant,16.066281,108.1920523,2.65,node,729406401,"{""amenity"": ""cafe"", ""name"": ""OnenineCoffee""}",missing_capacity,70,80,70,55
osm_node_729406402,OpenStreetMap Overpass API,https://overpass-api.de/api/interpreter,2026-05-19T16:07:02.985276+00:00,on_demand_mvp,OpenStreetMap data under ODbL; attribution required.,Overpass around destination coordinates,da_nang,Da Nang,Ca Phe Thuan,restaurant,16.0515981,108.1700044,3.96,node,729406402,"{""amenity"": ""cafe"", ""name"": ""Ca Phe Thuan""}",missing_capacity,70,80,70,55
osm_node_729406403,OpenStreetMap Overpass API,https://overpass-api.de/api/interpreter,2026-05-19T16:07:02.985364+00:00,on_demand_mvp,OpenStreetMap data under ODbL; attribution required.,Overpass around destination coordinates,da_nang,Da Nang,CafeGiai Khat 204,restaurant,16.0597687,108.2135027,1.58,node,729406403,"{""amenity"": ""cafe"", ""name"": ""CafeGiai Khat 204""}",missing_capacity,70,80,70,55
osm_node_729406404,OpenStreetMap Overpass API,https://overpass-api.de/api/interpreter,2026-05-19T16:07:02.985450+00:00,on_demand_mvp,OpenStreetMap data under ODbL; attribution required.,Overpass around destination coordinates,da_nang,Da Nang,CaPhe Konia,restaurant,16.0719493,108.2127548,2.84,node,729406404,"{""amenity"": ""cafe"", ""name"": ""CaPhe Konia""}",missing_capacity,70,80,70,55
osm_node_729406405,OpenStreetMap Overpass API,https://overpass-api.de/api/interpreter,2026-05-19T16:07:02.985537+00:00,on_demand_mvp,OpenStreetMap data under ODbL; attribution required.,Overpass around destination coordinates,da_nang,Da Nang,VuonNguyet Khue Vien Coffee,restaurant,16.0623504,108.208896,1.71,node,729406405,"{""amenity"": ""cafe"", ""name"": ""VuonNguyet Khue Vien Coffee""}",missing_capacity,70,80,70,55
osm_node_729406406,OpenStreetMap Overpass API,https://overpass-api.de/api/interpreter,2026-05-19T16:07:02.985623+00:00,on_demand_mvp,OpenStreetMap data under ODbL; attribution required.,Overpass around destination coordinates,da_nang,Da Nang,CafeNguyen,restaurant,16.0494377,108.2133794,0.75,node,729406406,"{""amenity"": ""cafe"", ""name"": ""CafeNguyen""}",missing_capacity,70,80,70,55
osm_node_729406407,OpenStreetMap Overpass API,https://overpass-api.de/api/interpreter,2026-05-19T16:07:02.985722+00:00,on_demand_mvp,OpenStreetMap data under ODbL; attribution required.,Overpass around destination coordinates,da_nang,Da Nang,NgocVan Coffee,restaurant,16.0681394,108.1818645,3.55,node,729406407,"{""amenity"": ""cafe"", ""name"": ""NgocVan Coffee""}",missing_capacity,70,80,70,55
osm_node_729406408,OpenStreetMap Overpass API,https://overpass-api.de/api/interpreter,2026-05-19T16:07:02.985810+00:00,on_demand_mvp,OpenStreetMap data under ODbL; attribution required.,Overpass around destination coordinates,da_nang,Da Nang,CafeLuna,restaurant,16.0654507,108.2078514,2.04,node,729406408,"{""amenity"": ""cafe"", ""name"": ""CafeLuna""}",missing_capacity,70,80,70,55
osm_node_729406410,OpenStreetMap Overpass API,https://overpass-api.de/api/interpreter,2026-05-19T16:07:02.985895+00:00,on_demand_mvp,OpenStreetMap data under ODbL; attribution required.,Overpass around destination coordinates,da_nang,Da Nang,CafeBao Dang,restaurant,16.0674462,108.1525529,6.22,node,729406410,"{""amenity"": ""cafe"", ""name"": ""CafeBao Dang""}",missing_capacity,70,80,70,55
osm_node_729406411,OpenStreetMap Overpass API,https://overpass-api.de/api/interpreter,2026-05-19T16:07:02.985979+00:00,on_demand_mvp,OpenStreetMap data under ODbL; attribution required.,Overpass around destination coordinates,da_nang,Da Nang,AnhLinh Coffee,restaurant,16.0703982,108.2013201,2.66,node,729406411,"{""amenity"": ""cafe"", ""name"": ""AnhLinh Coffee""}",missing_capacity,70,80,70,55
osm_node_729406412,OpenStreetMap Overpass API,https://overpass-api.de/api/interpreter,2026-05-19T16:07:02.986066+00:00,on_demand_mvp,OpenStreetMap data under ODbL; attribution required.,Overpass around destination coordinates,da_nang,Da Nang,HoaTieu Coffee,restaurant,16.0789002,108.2328072,4.5,node,729406412,"{""amenity"": ""cafe"", ""name"": ""HoaTieu Coffee""}",missing_capacity,70,80,70,55
osm_node_729406413,OpenStreetMap Overpass API,https://overpass-api.de/api/interpreter,2026-05-19T16:07:02.986155+00:00,on_demand_mvp,OpenStreetMap data under ODbL; attribution required.,Overpass around destination coordinates,da_nang,Da Nang,Giai Khat Quang,restaurant,16.0582376,108.2126391,1.39,node,729406413,"{""amenity"": ""cafe"", ""name"": ""Giai Khat Quang""}",missing_capacity,70,80,70,55
osm_node_729406414,OpenStreetMap Overpass API,https://overpass-api.de/api/interpreter,2026-05-19T16:07:02.986241+00:00,on_demand_mvp,OpenStreetMap data under ODbL; attribution required.,Overpass around destination coordinates,da_nang,Da Nang,Cafe72,restaurant,16.0488551,108.2168233,1.09,node,729406414,"{""amenity"": ""cafe"", ""name"": ""Cafe72""}",missing_capacity,70,80,70,55
osm_node_729406415,OpenStreetMap Overpass API,https://overpass-api.de/api/interpreter,2026-05-19T16:07:02.986328+00:00,on_demand_mvp,OpenStreetMap data under ODbL; attribution required.,Overpass around destination coordinates,da_nang,Da Nang,ThanhHuong Coffee,restaurant,16.0648206,108.2164746,2.23,node,729406415,"{""amenity"": ""cafe"", ""name"": ""ThanhHuong Coffee""}",missing_capacity,70,80,70,55
osm_node_729406416,OpenStreetMap Overpass API,https://overpass-api.de/api/interpreter,2026-05-19T16:07:02.986416+00:00,on_demand_mvp,OpenStreetMap data under ODbL; attribution required.,Overpass around destination coordinates,da_nang,Da Nang,CaPhe Hoang Anh,restaurant,16.0348682,108.1778991,3.37,node,729406416,"{""amenity"": ""cafe"", ""name"": ""CaPhe Hoang Anh""}",missing_capacity,70,80,70,55
osm_node_729406417,OpenStreetMap Overpass API,https://overpass-api.de/api/interpreter,2026-05-19T16:07:02.986502+00:00,on_demand_mvp,OpenStreetMap data under ODbL; attribution required.,Overpass around destination coordinates,da_nang,Da Nang,AnhLinh Coffee,restaurant,16.0851302,108.2196914,4.45,node,729406417,"{""amenity"": ""cafe"", ""name"": ""AnhLinh Coffee""}",missing_capacity,70,80,70,55
osm_node_729406418,OpenStreetMap Overpass API,https://overpass-api.de/api/interpreter,2026-05-19T16:07:02.986588+00:00,on_demand_mvp,OpenStreetMap data under ODbL; attribution required.,Overpass around destination coordinates,da_nang,Da Nang,VuonThao Coffee,restaurant,16.0653619,108.2069099,2.03,node,729406418,"{""amenity"": ""cafe"", ""name"": ""VuonThao Coffee""}",missing_capacity,70,80,70,55
osm_node_729406419,OpenStreetMap Overpass API,https://overpass-api.de/api/interpreter,2026-05-19T16:07:02.986673+00:00,on_demand_mvp,OpenStreetMap data under ODbL; attribution required.,Overpass around destination coordinates,da_nang,Da Nang,324Coffee,restaurant,16.0569901,108.2128107,1.27,node,729406419,"{""amenity"": ""cafe"", ""name"": ""324Coffee""}",missing_capacity,70,80,70,55
osm_node_729406420,OpenStreetMap Overpass API,https://overpass-api.de/api/interpreter,2026-05-19T16:07:02.986808+00:00,on_demand_mvp,OpenStreetMap data under ODbL; attribution required.,Overpass around destination coordinates,da_nang,Da Nang,Nhà Hàng Chay & Cà Phê Thúp An,restaurant,16.0738518,108.2032513,3.0,node,729406420,"{""amenity"": ""restaurant"", ""name"": ""Nhà Hàng Chay & Cà Phê Thúp An""}",missing_capacity,70,80,70,55
osm_node_729406421,OpenStreetMap Overpass API,https://overpass-api.de/api/interpreter,2026-05-19T16:07:02.986899+00:00,on_demand_mvp,OpenStreetMap data under ODbL; attribution required.,Overpass around destination coordinates,da_nang,Da Nang,PhoSao Coffee,restaurant,16.0452824,108.2227242,1.71,node,729406421,"{""amenity"": ""cafe"", ""name"": ""PhoSao Coffee"", ""name:de"": ""PhoSao Coffee""}",missing_capacity,70,80,70,55
osm_node_729406422,OpenStreetMap Overpass API,https://overpass-api.de/api/interpreter,2026-05-19T16:07:02.986987+00:00,on_demand_mvp,OpenStreetMap data under ODbL; attribution required.,Overpass around destination coordinates,da_nang,Da Nang,BaoNhi Coffee,restaurant,16.0822257,108.2399242,5.27,node,729406422,"{""amenity"": ""cafe"", ""name"": ""BaoNhi Coffee""}",missing_capacity,70,80,70,55
osm_node_729406423,OpenStreetMap Overpass API,https://overpass-api.de/api/interpreter,2026-05-19T16:07:02.987072+00:00,on_demand_mvp,OpenStreetMap data under ODbL; attribution required.,Overpass around destination coordinates,da_nang,Da Nang,CafeBan Toi,restaurant,16.058681,108.2122153,1.41,node,729406423,"{""amenity"": ""cafe"", ""name"": ""CafeBan Toi""}",missing_capacity,70,80,70,55
osm_node_729406424,OpenStreetMap Overpass API,https://overpass-api.de/api/interpreter,2026-05-19T16:07:02.987157+00:00,on_demand_mvp,OpenStreetMap data under ODbL; attribution required.,Overpass around destination coordinates,da_nang,Da Nang,CaPhe Nhat Linh,restaurant,16.0360488,108.1832421,2.8,node,729406424,"{""amenity"": ""cafe"", ""name"": ""CaPhe Nhat Linh""}",missing_capacity,70,80,70,55
osm_node_729406425,OpenStreetMap Overpass API,https://overpass-api.de/api/interpreter,2026-05-19T16:07:02.987243+00:00,on_demand_mvp,OpenStreetMap data under ODbL; attribution required.,Overpass around destination coordinates,da_nang,Da Nang,CafeThoang Sai Gon,restaurant,16.0710077,108.2212999,3.08,node,729406425,"{""amenity"": ""cafe"", ""name"": ""CafeThoang Sai Gon""}",missing_capacity,70,80,70,55
osm_node_729406426,OpenStreetMap Overpass API,https://overpass-api.de/api/interpreter,2026-05-19T16:07:02.987546+00:00,on_demand_mvp,OpenStreetMap data under ODbL; attribution required.,Overpass around destination coordinates,da_nang,Da Nang,CaPhe Trung,restaurant,16.0358065,108.1822067,2.91,node,729406426,"{""amenity"": ""cafe"", ""name"": ""CaPhe Trung""}",missing_capacity,70,80,70,55
osm_node_729406427,OpenStreetMap Overpass API,https://overpass-api.de/api/interpreter,2026-05-19T16:07:02.987943+00:00,on_demand_mvp,OpenStreetMap data under ODbL; attribution required.,Overpass around destination coordinates,da_nang,Da Nang,CaPhe Thu Dung,restaurant,16.0713363,108.1914818,3.15,node,729406427,"{""amenity"": ""cafe"", ""name"": ""CaPhe Thu Dung""}",missing_capacity,70,80,70,55
osm_node_729406428,OpenStreetMap Overpass API,https://overpass-api.de/api/interpreter,2026-05-19T16:07:02.988152+00:00,on_demand_mvp,OpenStreetMap data under ODbL; attribution required.,Overpass around destination coordinates,da_nang,Da Nang,Cafe219,restaurant,16.0871156,108.2413157,5.78,node,729406428,"{""amenity"": ""cafe"", ""name"": ""Cafe219""}",missing_capacity,70,80,70,55
osm_node_729406430,OpenStreetMap Overpass API,https://overpass-api.de/api/interpreter,2026-05-19T16:07:02.988249+00:00,on_demand_mvp,OpenStreetMap data under ODbL; attribution required.,Overpass around destination coordinates,da_nang,Da Nang,CaPhe Long,restaurant,16.0677692,108.1593811,5.56,node,729406430,"{""amenity"": ""cafe"", ""name"": ""CaPhe Long""}",missing_capacity,70,80,70,55
osm_node_729406431,OpenStreetMap Overpass API,https://overpass-api.de/api/interpreter,2026-05-19T16:07:02.988341+00:00,on_demand_mvp,OpenStreetMap data under ODbL; attribution required.,Overpass around destination coordinates,da_nang,Da Nang,MyDuyen Coffee,restaurant,16.0522905,108.2373783,3.32,node,729406431,"{""amenity"": ""cafe"", ""name"": ""MyDuyen Coffee""}",missing_capacity,70,80,70,55
osm_node_729406432,OpenStreetMap Overpass API,https://overpass-api.de/api/interpreter,2026-05-19T16:07:02.988448+00:00,on_demand_mvp,OpenStreetMap data under ODbL; attribution required.,Overpass around destination coordinates,da_nang,Da Nang,Ca Phe New Life,restaurant,16.0659805,108.2200312,2.53,node,729406432,"{""amenity"": ""cafe"", ""name"": ""Ca Phe New Life""}",missing_capacity,70,80,70,55
osm_node_729406433,OpenStreetMap Overpass API,https://overpass-api.de/api/interpreter,2026-05-19T16:07:02.988535+00:00,on_demand_mvp,OpenStreetMap data under ODbL; attribution required.,Overpass around destination coordinates,da_nang,Da Nang,CaPhe Bong Da 14,restaurant,16.0750293,108.1492071,6.89,node,729406433,"{""amenity"": ""cafe"", ""name"": ""CaPhe Bong Da 14""}",missing_capacity,70,80,70,55
osm_node_729406434,OpenStreetMap Overpass API,https://overpass-api.de/api/interpreter,2026-05-19T16:07:02.988618+00:00,on_demand_mvp,OpenStreetMap data under ODbL; attribution required.,Overpass around destination coordinates,da_nang,Da Nang,CaPhe New Life,restaurant,16.0707379,108.2203416,3.0,node,729406434,"{""amenity"": ""cafe"", ""name"": ""CaPhe New Life""}",missing_capacity,70,80,70,55
osm_node_729406436,OpenStreetMap Overpass API,https://overpass-api.de/api/interpreter,2026-05-19T16:07:02.988701+00:00,on_demand_mvp,OpenStreetMap data under ODbL; attribution required.,Overpass around destination coordinates,da_nang,Da Nang,ThanhHuong Coffee,restaurant,16.0951751,108.2444155,6.69,node,729406436,"{""amenity"": ""cafe"", ""name"": ""ThanhHuong Coffee""}",missing_capacity,70,80,70,55
osm_node_729406437,OpenStreetMap Overpass API,https://overpass-api.de/api/interpreter,2026-05-19T16:07:02.988815+00:00,on_demand_mvp,OpenStreetMap data under ODbL; attribution required.,Overpass around destination coordinates,da_nang,Da Nang,Ca Phe Chieu Tim,restaurant,16.0860629,108.2405662,5.64,node,729406437,"{""amenity"": ""cafe"", ""name"": ""Ca Phe Chieu Tim""}",missing_capacity,70,80,70,55
osm_node_729406438,OpenStreetMap Overpass API,https://overpass-api.de/api/interpreter,2026-05-19T16:07:02.988897+00:00,on_demand_mvp,OpenStreetMap data under ODbL; attribution required.,Overpass around destination coordinates,da_nang,Da Nang,ThanhHong Coffee,restaurant,16.0543867,108.2097101,0.87,node,729406438,"{""amenity"": ""cafe"", ""name"": ""ThanhHong Coffee""}",missing_capacity,70,80,70,55
osm_node_729406439,OpenStreetMap Overpass API,https://overpass-api.de/api/interpreter,2026-05-19T16:07:02.988979+00:00,on_demand_mvp,OpenStreetMap data under ODbL; attribution required.,Overpass around destination coordinates,da_nang,Da Nang,Cafe153,restaurant,16.0905214,108.2428407,6.18,node,729406439,"{""amenity"": ""cafe"", ""name"": ""Cafe153""}",missing_capacity,70,80,70,55
osm_node_729406440,OpenStreetMap Overpass API,https://overpass-api.de/api/interpreter,2026-05-19T16:07:02.989059+00:00,on_demand_mvp,OpenStreetMap data under ODbL; attribution required.,Overpass around destination coordinates,da_nang,Da Nang,TigonCoffee,restaurant,16.0463238,108.2386833,3.41,node,729406440,"{""amenity"": ""cafe"", ""name"": ""TigonCoffee""}",missing_capacity,70,80,70,55
osm_node_729406441,OpenStreetMap Overpass API,https://overpass-api.de/api/interpreter,2026-05-19T16:07:02.989140+00:00,on_demand_mvp,OpenStreetMap data under ODbL; attribution required.,Overpass around destination coordinates,da_nang,Da Nang,LindaCoffee,restaurant,16.060279,108.209356,1.49,node,729406441,"{""amenity"": ""cafe"", ""name"": ""LindaCoffee""}",missing_capacity,70,80,70,55
osm_node_729406442,OpenStreetMap Overpass API,https://overpass-api.de/api/interpreter,2026-05-19T16:07:02.989221+00:00,on_demand_mvp,OpenStreetMap data under ODbL; attribution required.,Overpass around destination coordinates,da_nang,Da Nang,MyPhuc Coffee,restaurant,16.0799961,108.213197,3.72,node,729406442,"{""amenity"": ""cafe"", ""name"": ""MyPhuc Coffee""}",missing_capacity,70,80,70,55
osm_node_729406444,OpenStreetMap Overpass API,https://overpass-api.de/api/interpreter,2026-05-19T16:07:02.989303+00:00,on_demand_mvp,OpenStreetMap data under ODbL; attribution required.,Overpass around destination coordinates,da_nang,Da Nang,ThanhTruc Coffee,restaurant,16.0322748,108.1885957,2.55,node,729406444,"{""amenity"": ""cafe"", ""name"": ""ThanhTruc Coffee""}",missing_capacity,70,80,70,55
osm_node_729406445,OpenStreetMap Overpass API,https://overpass-api.de/api/interpreter,2026-05-19T16:07:02.989397+00:00,on_demand_mvp,OpenStreetMap data under ODbL; attribution required.,Overpass around destination coordinates,da_nang,Da Nang,TrucTam Coffee,restaurant,16.0906658,108.2423678,6.16,node,729406445,"{""amenity"": ""cafe"", ""name"": ""TrucTam Coffee""}",missing_capacity,70,80,70,55
osm_node_729406446,OpenStreetMap Overpass API,https://overpass-api.de/api/interpreter,2026-05-19T16:07:02.989494+00:00,on_demand_mvp,OpenStreetMap data under ODbL; attribution required.,Overpass around destination coordinates,da_nang,Da Nang,Ca Phe Giai Khat Yen Trang,restaurant,16.0864224,108.2407112,5.68,node,729406446,"{""amenity"": ""cafe"", ""name"": ""Ca Phe Giai Khat Yen Trang""}",missing_capacity,70,80,70,55
osm_node_729406447,OpenStreetMap Overpass API,https://overpass-api.de/api/interpreter,2026-05-19T16:07:02.989583+00:00,on_demand_mvp,OpenStreetMap data under ODbL; attribution required.,Overpass around destination coordinates,da_nang,Da Nang,NhatHa Coffee Ice Cream,restaurant,16.058217,108.2207447,1.94,node,729406447,"{""addr:housenumber"": ""130"", ""addr:street"": ""Đường Trưng Nữ Vương"", ""amenity"": ""cafe"", ""name"": ""NhatHa Coffee Ice Cream""}",missing_capacity,70,80,70,55
osm_node_729406448,OpenStreetMap Overpass API,https://overpass-api.de/api/interpreter,2026-05-19T16:07:02.989673+00:00,on_demand_mvp,OpenStreetMap data under ODbL; attribution required.,Overpass around destination coordinates,da_nang,Da Nang,CaPhe Kien Viet,restaurant,16.0764324,108.2195373,3.53,node,729406448,"{""amenity"": ""cafe"", ""name"": ""CaPhe Kien Viet""}",missing_capacity,70,80,70,55
osm_node_729406449,OpenStreetMap Overpass API,https://overpass-api.de/api/interpreter,2026-05-19T16:07:02.989759+00:00,on_demand_mvp,OpenStreetMap data under ODbL; attribution required.,Overpass around destination coordinates,da_nang,Da Nang,HolidayCoffee,restaurant,16.0574334,108.2066095,1.15,node,729406449,"{""amenity"": ""cafe"", ""name"": ""HolidayCoffee""}",missing_capacity,70,80,70,55
osm_node_729406450,OpenStreetMap Overpass API,https://overpass-api.de/api/interpreter,2026-05-19T16:07:02.989841+00:00,on_demand_mvp,OpenStreetMap data under ODbL; attribution required.,Overpass around destination coordinates,da_nang,Da Nang,CaPhe Sao Mai,restaurant,16.0706704,108.2339835,3.91,node,729406450,"{""amenity"": ""cafe"", ""name"": ""CaPhe Sao Mai""}",missing_capacity,70,80,70,55
osm_node_729406451,OpenStreetMap Overpass API,https://overpass-api.de/api/interpreter,2026-05-19T16:07:02.989922+00:00,on_demand_mvp,OpenStreetMap data under ODbL; attribution required.,Overpass around destination coordinates,da_nang,Da Nang,NgocAnh Coffee,restaurant,16.0670114,108.182019,3.45,node,729406451,"{""amenity"": ""cafe"", ""name"": ""NgocAnh Coffee""}",missing_capacity,70,80,70,55
osm_node_729406452,OpenStreetMap Overpass API,https://overpass-api.de/api/interpreter,2026-05-19T16:07:02.990012+00:00,on_demand_mvp,OpenStreetMap data under ODbL; attribution required.,Overpass around destination coordinates,da_nang,Da Nang,Loc Thu,restaurant,16.0706198,108.2227242,3.12,node,729406452,"{""amenity"": ""cafe"", ""name"": ""Loc Thu""}",missing_capacity,70,80,70,55
osm_node_729406453,OpenStreetMap Overpass API,https://overpass-api.de/api/interpreter,2026-05-19T16:07:02.990092+00:00,on_demand_mvp,OpenStreetMap data under ODbL; attribution required.,Overpass around destination coordinates,da_nang,Da Nang,HongAn Coffee,restaurant,16.0196036,108.1940563,3.35,node,729406453,"{""amenity"": ""cafe"", ""name"": ""HongAn Coffee""}",missing_capacity,70,80,70,55
osm_node_729406454,OpenStreetMap Overpass API,https://overpass-api.de/api/interpreter,2026-05-19T16:07:02.990174+00:00,on_demand_mvp,OpenStreetMap data under ODbL; attribution required.,Overpass around destination coordinates,da_nang,Da Nang,GiaiKhat 115 Coffee,restaurant,16.0789549,108.2173222,3.72,node,729406454,"{""amenity"": ""cafe"", ""name"": ""GiaiKhat 115 Coffee""}",missing_capacity,70,80,70,55
osm_node_729406455,OpenStreetMap Overpass API,https://overpass-api.de/api/interpreter,2026-05-19T16:07:02.990256+00:00,on_demand_mvp,OpenStreetMap data under ODbL; attribution required.,Overpass around destination coordinates,da_nang,Da Nang,SaoMai Coffee,restaurant,16.0764549,108.2190335,3.52,node,729406455,"{""amenity"": ""cafe"", ""name"": ""SaoMai Coffee""}",missing_capacity,70,80,70,55
osm_node_729406456,OpenStreetMap Overpass API,https://overpass-api.de/api/interpreter,2026-05-19T16:07:02.990334+00:00,on_demand_mvp,OpenStreetMap data under ODbL; attribution required.,Overpass around destination coordinates,da_nang,Da Nang,CafeThanh Hoa,restaurant,16.0549074,108.2121294,1.04,node,729406456,"{""amenity"": ""cafe"", ""name"": ""CafeThanh Hoa""}",missing_capacity,70,80,70,55
osm_node_729406457,OpenStreetMap Overpass API,https://overpass-api.de/api/interpreter,2026-05-19T16:07:02.990416+00:00,on_demand_mvp,OpenStreetMap data under ODbL; attribution required.,Overpass around destination coordinates,da_nang,Da Nang,Ca Phe Paris Da,restaurant,16.0733682,108.214039,3.02,node,729406457,"{""amenity"": ""cafe"", ""name"": ""Ca Phe Paris Da""}",missing_capacity,70,80,70,55
osm_node_729406458,OpenStreetMap Overpass API,https://overpass-api.de/api/interpreter,2026-05-19T16:07:02.990495+00:00,on_demand_mvp,OpenStreetMap data under ODbL; attribution required.,Overpass around destination coordinates,da_nang,Da Nang,CaPhe Delta,restaurant,16.0598754,108.2122709,1.54,node,729406458,"{""amenity"": ""cafe"", ""name"": ""CaPhe Delta""}",missing_capacity,70,80,70,55
osm_node_729406460,OpenStreetMap Overpass API,https://overpass-api.de/api/interpreter,2026-05-19T16:07:02.990574+00:00,on_demand_mvp,OpenStreetMap data under ODbL; attribution required.,Overpass around destination coordinates,da_nang,Da Nang,NangMai Coffee,restaurant,16.0610214,108.211931,1.64,node,729406460,"{""amenity"": ""cafe"", ""name"": ""NangMai Coffee""}",missing_capacity,70,80,70,55
osm_node_729406461,OpenStreetMap Overpass API,https://overpass-api.de/api/interpreter,2026-05-19T16:07:02.990656+00:00,on_demand_mvp,OpenStreetMap data under ODbL; attribution required.,Overpass around destination coordinates,da_nang,Da Nang,Ca Phe Trung,restaurant,16.056491,108.1666315,4.42,node,729406461,"{""amenity"": ""cafe"", ""name"": ""Ca Phe Trung""}",missing_capacity,70,80,70,55
osm_node_729406462,OpenStreetMap Overpass API,https://overpass-api.de/api/interpreter,2026-05-19T16:07:02.990754+00:00,on_demand_mvp,OpenStreetMap data under ODbL; attribution required.,Overpass around destination coordinates,da_nang,Da Nang,Ca Phe Cam Ni,restaurant,16.0525482,108.1796323,2.97,node,729406462,"{""amenity"": ""cafe"", ""name"": ""Ca Phe Cam Ni""}",missing_capacity,70,80,70,55
osm_node_729406463,OpenStreetMap Overpass API,https://overpass-api.de/api/interpreter,2026-05-19T16:07:02.990837+00:00,on_demand_mvp,OpenStreetMap data under ODbL; attribution required.,Overpass around destination coordinates,da_nang,Da Nang,Ca Phe Bien Nho,restaurant,16.0559075,108.2444179,4.14,node,729406463,"{""amenity"": ""cafe"", ""name"": ""Ca Phe Bien Nho""}",missing_capacity,70,80,70,55
osm_node_729406464,OpenStreetMap Overpass API,https://overpass-api.de/api/interpreter,2026-05-19T16:07:02.990916+00:00,on_demand_mvp,OpenStreetMap data under ODbL; attribution required.,Overpass around destination coordinates,da_nang,Da Nang,CayBang Coffee,restaurant,16.0899132,108.2420341,6.07,node,729406464,"{""amenity"": ""cafe"", ""name"": ""CayBang Coffee""}",missing_capacity,70,80,70,55
osm_node_729406465,OpenStreetMap Overpass API,https://overpass-api.de/api/interpreter,2026-05-19T16:07:02.990996+00:00,on_demand_mvp,OpenStreetMap data under ODbL; attribution required.,Overpass around destination coordinates,da_nang,Da Nang,Cafe Giai Khat 417,restaurant,16.0693105,108.2051503,2.48,node,729406465,"{""amenity"": ""cafe"", ""name"": ""Cafe Giai Khat 417""}",missing_capacity,70,80,70,55
osm_node_729406466,OpenStreetMap Overpass API,https://overpass-api.de/api/interpreter,2026-05-19T16:07:02.991075+00:00,on_demand_mvp,OpenStreetMap data under ODbL; attribution required.,Overpass around destination coordinates,da_nang,Da Nang,CaPhe Win Win,restaurant,16.0224941,108.2136583,2.83,node,729406466,"{""amenity"": ""cafe"", ""name"": ""CaPhe Win Win""}",missing_capacity,70,80,70,55
osm_node_729406468,OpenStreetMap Overpass API,https://overpass-api.de/api/interpreter,2026-05-19T16:07:02.991156+00:00,on_demand_mvp,OpenStreetMap data under ODbL; attribution required.,Overpass around destination coordinates,da_nang,Da Nang,CaPhe Thuy Trang,restaurant,16.0376986,108.2220751,1.94,node,729406468,"{""amenity"": ""cafe"", ""name"": ""CaPhe Thuy Trang""}",missing_capacity,70,80,70,55
osm_node_729406470,OpenStreetMap Overpass API,https://overpass-api.de/api/interpreter,2026-05-19T16:07:02.991236+00:00,on_demand_mvp,OpenStreetMap data under ODbL; attribution required.,Overpass around destination coordinates,da_nang,Da Nang,CaPhe Hoa Co May,restaurant,16.0607378,108.2104826,1.57,node,729406470,"{""amenity"": ""cafe"", ""name"": ""CaPhe Hoa Co May""}",missing_capacity,70,80,70,55
osm_node_729406471,OpenStreetMap Overpass API,https://overpass-api.de/api/interpreter,2026-05-19T16:07:02.991330+00:00,on_demand_mvp,OpenStreetMap data under ODbL; attribution required.,Overpass around destination coordinates,da_nang,Da Nang,55Coffee,restaurant,16.0733415,108.1775719,4.27,node,729406471,"{""amenity"": ""cafe"", ""name"": ""55Coffee""}",missing_capacity,70,80,70,55
osm_node_729406473,OpenStreetMap Overpass API,https://overpass-api.de/api/interpreter,2026-05-19T16:07:02.991423+00:00,on_demand_mvp,OpenStreetMap data under ODbL; attribution required.,Overpass around destination coordinates,da_nang,Da Nang,PhuongMai Coffee,restaurant,16.0889382,108.2421461,5.99,node,729406473,"{""amenity"": ""cafe"", ""name"": ""PhuongMai Coffee""}",missing_capacity,70,80,70,55
osm_node_729406475,OpenStreetMap Overpass API,https://overpass-api.de/api/interpreter,2026-05-19T16:07:02.991508+00:00,on_demand_mvp,OpenStreetMap data under ODbL; attribution required.,Overpass around destination coordinates,da_nang,Da Nang,Trung Nguyên Coffee,restaurant,16.0311905,108.2242256,2.57,node,729406475,"{""amenity"": ""cafe"", ""brand"": ""Trung Nguyên"", ""brand:wikidata"": ""Q3541154"", ""cuisine"": ""coffee_shop;vietnamese"", ""name"": ""Trung Nguyên Coffee"", ""name:en"": ""Trung Nguyên Coffee"", ""name:vi"": ""Cà phê Trung Nguyên"", ""takeaway"": ""yes""}",missing_capacity,70,80,70,55
osm_node_729406476,OpenStreetMap Overpass API,https://overpass-api.de/api/interpreter,2026-05-19T16:07:02.991607+00:00,on_demand_mvp,OpenStreetMap data under ODbL; attribution required.,Overpass around destination coordinates,da_nang,Da Nang,TrungDuong Coffee,restaurant,16.0737871,108.1493575,6.82,node,729406476,"{""amenity"": ""cafe"", ""name"": ""TrungDuong Coffee""}",missing_capacity,70,80,70,55
osm_node_134031931,OpenStreetMap Overpass API,https://overpass-api.de/api/interpreter,2026-05-19T16:07:11.073335+00:00,on_demand_mvp,OpenStreetMap data under ODbL; attribution required.,Overpass around destination coordinates,hoi_an,Hoi An,Cửa Đại,transport_hub,15.8761075,108.3889694,5.47,node,134031931,"{""amenity"": ""ferry_terminal"", ""name"": ""Cửa Đại""}",missing_capacity,70,80,70,55
osm_node_1037736909,OpenStreetMap Overpass API,https://overpass-api.de/api/interpreter,2026-05-19T16:07:11.073614+00:00,on_demand_mvp,OpenStreetMap data under ODbL; attribution required.,Overpass around destination coordinates,hoi_an,Hoi An,Golden Holiday,hotel_osm,15.887589,108.3279837,1.36,node,1037736909,"{""addr:housenumber"": ""467"", ""addr:street"": ""Hai Bà Trưng"", ""name"": ""Golden Holiday"", ""tourism"": ""hotel""}",missing_capacity,70,80,70,55
osm_node_1190580408,OpenStreetMap Overpass API,https://overpass-api.de/api/interpreter,2026-05-19T16:07:11.073726+00:00,on_demand_mvp,OpenStreetMap data under ODbL; attribution required.,Overpass around destination coordinates,hoi_an,Hoi An,Sunflower Hotel,hotel_osm,15.8804863,108.3427783,0.51,node,1190580408,"{""addr:housenumber"": ""397"", ""addr:street"": ""Cửa Đại"", ""email"": ""sunflowerhoian@gmail.com"", ""name"": ""Sunflower Hotel"", ""phone"": ""+845103939838"", ""tourism"": ""hotel""}",missing_capacity,70,80,70,55
osm_node_1412287837,OpenStreetMap Overpass API,https://overpass-api.de/api/interpreter,2026-05-19T16:07:11.073828+00:00,on_demand_mvp,OpenStreetMap data under ODbL; attribution required.,Overpass around destination coordinates,hoi_an,Hoi An,Minh Quang,hotel_osm,15.8824297,108.3251204,1.4,node,1412287837,"{""internet_access"": ""wired"", ""internet_access:fee"": ""no"", ""name"": ""Minh Quang"", ""tourism"": ""hotel""}",missing_capacity,70,80,70,55
osm_node_1500002352,OpenStreetMap Overpass API,https://overpass-api.de/api/interpreter,2026-05-19T16:07:11.073915+00:00,on_demand_mvp,OpenStreetMap data under ODbL; attribution required.,Overpass around destination coordinates,hoi_an,Hoi An,Hotel My Chau,hotel_osm,15.8816219,108.3276885,1.12,node,1500002352,"{""name"": ""Hotel My Chau"", ""tourism"": ""hotel""}",missing_capacity,70,80,70,55
osm_node_1726781610,OpenStreetMap Overpass API,https://overpass-api.de/api/interpreter,2026-05-19T16:07:11.074004+00:00,on_demand_mvp,OpenStreetMap data under ODbL; attribution required.,Overpass around destination coordinates,hoi_an,Hoi An,Cargo Club Cafe & Restaurant,restaurant,15.8764695,108.3275305,1.19,node,1726781610,"{""addr:housenumber"": ""107-109"", ""addr:street"": ""Nguyễn Thái Học"", ""air_conditioning"": ""yes"", ""amenity"": ""cafe"", ""bar"": ""yes"", ""check_date"": ""2023-12-19"", ""cuisine"": ""international"", ""drive_through"": ""no"", ""email"": ""cargoclub@tastevietnam.asia"", ""internet_access"": ""wlan"", ""internet_access:fee"": ""no"", ""internet_access:ssid"": ""Taste Vietnam Guest"", ""internet_access:type"": ""wlan"", ""name"": ""Cargo Club Cafe & Restaurant"", ""opening_hours"": ""Mo-Su 10:00-22:00"", ""operator"": ""Taste Vietnam"", ""outdoor_seating"": ""yes"", ""payment:mastercard"": ""yes"", ""payment:visa"": ""yes"", ""phone"": ""+845103911227"", ""toilets"": ""yes"", ""website"": ""https://tastevietnam.asia/cargo-club-cafe-restaurant-hoi-an"", ""wheelchair"": ""limited""}",missing_capacity,70,80,70,55
osm_node_1984115166,OpenStreetMap Overpass API,https://overpass-api.de/api/interpreter,2026-05-19T16:07:11.074121+00:00,on_demand_mvp,OpenStreetMap data under ODbL; attribution required.,Overpass around destination coordinates,hoi_an,Hoi An,Nhi Nhi Hotel,hotel_osm,15.8794633,108.3208587,1.83,node,1984115166,"{""addr:housenumber"": ""60"", ""addr:street"": ""Hùng Vương"", ""name"": ""Nhi Nhi Hotel"", ""tourism"": ""hotel""}",missing_capacity,70,80,70,55
osm_node_1997671803,OpenStreetMap Overpass API,https://overpass-api.de/api/interpreter,2026-05-19T16:07:11.074214+00:00,on_demand_mvp,OpenStreetMap data under ODbL; attribution required.,Overpass around destination coordinates,hoi_an,Hoi An,Day & Night Café,restaurant,15.8827601,108.3270371,1.21,node,1997671803,"{""addr:housenumber"": ""42"", ""addr:street"": ""Trần Cao Vân"", ""amenity"": ""restaurant"", ""name"": ""Day & Night Café""}",missing_capacity,70,80,70,55
osm_node_2060866025,OpenStreetMap Overpass API,https://overpass-api.de/api/interpreter,2026-05-19T16:07:11.074301+00:00,on_demand_mvp,OpenStreetMap data under ODbL; attribution required.,Overpass around destination coordinates,hoi_an,Hoi An,Emerald Hoi An Riverside Resort,hotel_osm,15.8744836,108.3235617,1.67,node,2060866025,"{""addr:housenumber"": ""127"", ""addr:street"": ""Ngô Quyền"", ""check_date"": ""2022-12-31"", ""name"": ""Emerald Hoi An Riverside Resort"", ""tourism"": ""hotel"", ""website"": ""https://emeraldhoianriverside.com""}",missing_capacity,70,80,70,55
osm_node_2076855759,OpenStreetMap Overpass API,https://overpass-api.de/api/interpreter,2026-05-19T16:07:11.074388+00:00,on_demand_mvp,OpenStreetMap data under ODbL; attribution required.,Overpass around destination coordinates,hoi_an,Hoi An,Banana Leaf,restaurant,15.8761553,108.328694,1.09,node,2076855759,"{""amenity"": ""cafe"", ""name"": ""Banana Leaf"", ""name:de"": ""Cau lau nudeln & white rose""}",missing_capacity,70,80,70,55
osm_node_2076855765,OpenStreetMap Overpass API,https://overpass-api.de/api/interpreter,2026-05-19T16:07:11.074468+00:00,on_demand_mvp,OpenStreetMap data under ODbL; attribution required.,Overpass around destination coordinates,hoi_an,Hoi An,Blue Dragon,restaurant,15.8761577,108.3305259,0.91,node,2076855765,"{""addr:housenumber"": ""46"", ""addr:street"": ""Bạch Đằng"", ""amenity"": ""restaurant"", ""name"": ""Blue Dragon""}",missing_capacity,70,80,70,55
osm_node_2076855773,OpenStreetMap Overpass API,https://overpass-api.de/api/interpreter,2026-05-19T16:07:11.074542+00:00,on_demand_mvp,OpenStreetMap data under ODbL; attribution required.,Overpass around destination coordinates,hoi_an,Hoi An,Cafe Des Amis,restaurant,15.8761426,108.3302008,0.94,node,2076855773,"{""addr:housenumber"": ""52"", ""addr:street"": ""Bạch Đằng"", ""amenity"": ""restaurant"", ""name"": ""Cafe Des Amis""}",missing_capacity,70,80,70,55
osm_node_2076855779,OpenStreetMap Overpass API,https://overpass-api.de/api/interpreter,2026-05-19T16:07:11.074618+00:00,on_demand_mvp,OpenStreetMap data under ODbL; attribution required.,Overpass around destination coordinates,hoi_an,Hoi An,Can,restaurant,15.8761347,108.3293599,1.02,node,2076855779,"{""addr:housenumber"": ""74"", ""amenity"": ""cafe"", ""name"": ""Can"", ""name:vi"": ""Can 화이트로즈 프ㅏ이드 완탕""}",missing_capacity,70,80,70,55
osm_node_2076855785,OpenStreetMap Overpass API,https://overpass-api.de/api/interpreter,2026-05-19T16:07:11.074712+00:00,on_demand_mvp,OpenStreetMap data under ODbL; attribution required.,Overpass around destination coordinates,hoi_an,Hoi An,Cordon Bleu,restaurant,15.8761865,108.3308839,0.88,node,2076855785,"{""amenity"": ""restaurant"", ""name"": ""Cordon Bleu""}",missing_capacity,70,80,70,55
osm_node_2076855790,OpenStreetMap Overpass API,https://overpass-api.de/api/interpreter,2026-05-19T16:07:11.074782+00:00,on_demand_mvp,OpenStreetMap data under ODbL; attribution required.,Overpass around destination coordinates,hoi_an,Hoi An,Dac San Hoi An,restaurant,15.8770709,108.328868,1.03,node,2076855790,"{""addr:housenumber"": ""89"", ""addr:street"": ""Trần Phú"", ""amenity"": ""restaurant"", ""name"": ""Dac San Hoi An""}",missing_capacity,70,80,70,55
osm_node_2076855801,OpenStreetMap Overpass API,https://overpass-api.de/api/interpreter,2026-05-19T16:07:11.074853+00:00,on_demand_mvp,OpenStreetMap data under ODbL; attribution required.,Overpass around destination coordinates,hoi_an,Hoi An,Du Port,restaurant,15.8761027,108.3295029,1.01,node,2076855801,"{""addr:housenumber"": ""70"", ""amenity"": ""restaurant"", ""name"": ""Du Port""}",missing_capacity,70,80,70,55
osm_node_2076855807,OpenStreetMap Overpass API,https://overpass-api.de/api/interpreter,2026-05-19T16:07:11.074927+00:00,on_demand_mvp,OpenStreetMap data under ODbL; attribution required.,Overpass around destination coordinates,hoi_an,Hoi An,Faifoo,restaurant,15.8771734,108.3288922,1.03,node,2076855807,"{""addr:housenumber"": ""104"", ""addr:street"": ""Trần Phú"", ""amenity"": ""restaurant"", ""name"": ""Faifoo""}",missing_capacity,70,80,70,55
osm_node_2076855824,OpenStreetMap Overpass API,https://overpass-api.de/api/interpreter,2026-05-19T16:07:11.075002+00:00,on_demand_mvp,OpenStreetMap data under ODbL; attribution required.,Overpass around destination coordinates,hoi_an,Hoi An,Green Chili,restaurant,15.8766241,108.3271952,1.22,node,2076855824,"{""addr:city"": ""Hoi An"", ""addr:housenumber"": ""122"", ""addr:street"": ""Nguyễn Thái Học"", ""amenity"": ""restaurant"", ""name"": ""Green Chili""}",missing_capacity,70,80,70,55
osm_node_2076855840,OpenStreetMap Overpass API,https://overpass-api.de/api/interpreter,2026-05-19T16:07:11.075076+00:00,on_demand_mvp,OpenStreetMap data under ODbL; attribution required.,Overpass around destination coordinates,hoi_an,Hoi An,Green Mango,restaurant,15.876648,108.3295924,0.98,node,2076855840,"{""addr:housenumber"": ""54"", ""amenity"": ""restaurant"", ""name"": ""Green Mango""}",missing_capacity,70,80,70,55
osm_node_2076855847,OpenStreetMap Overpass API,https://overpass-api.de/api/interpreter,2026-05-19T16:07:11.075146+00:00,on_demand_mvp,OpenStreetMap data under ODbL; attribution required.,Overpass around destination coordinates,hoi_an,Hoi An,Hải Café,restaurant,15.8770516,108.3278406,1.14,node,2076855847,"{""addr:housenumber"": ""111"", ""addr:street"": ""Trần Phú"", ""amenity"": ""cafe"", ""check_date"": ""2023-01-01"", ""cuisine"": ""barbecue;vietnamese;asian;korean;chinese"", ""internet_access"": ""wlan"", ""name"": ""Hải Café"", ""wifi"": ""Free""}",missing_capacity,70,80,70,55
osm_node_2076855854,OpenStreetMap Overpass API,https://overpass-api.de/api/interpreter,2026-05-19T16:07:11.075236+00:00,on_demand_mvp,OpenStreetMap data under ODbL; attribution required.,Overpass around destination coordinates,hoi_an,Hoi An,Hai San,restaurant,15.8761024,108.3297942,0.98,node,2076855854,"{""addr:housenumber"": ""64"", ""amenity"": ""restaurant"", ""name"": ""Hai San""}",missing_capacity,70,80,70,55
osm_node_2076855866,OpenStreetMap Overpass API,https://overpass-api.de/api/interpreter,2026-05-19T16:07:11.075310+00:00,on_demand_mvp,OpenStreetMap data under ODbL; attribution required.,Overpass around destination coordinates,hoi_an,Hoi An,Nhà cổ Đức An,attraction,15.8770533,108.3273582,1.19,node,2076855866,"{""addr:city"": ""Hội An"", ""addr:country"": ""VN"", ""addr:housenumber"": ""129"", ""addr:street"": ""Trần Phú"", ""building"": ""yes"", ""check_date"": ""2023-01-01"", ""fee"": ""yes"", ""name"": ""Nhà cổ Đức An"", ""name:en"": ""Duc An Ancient House"", ""tourism"": ""museum""}",missing_capacity,70,80,70,55
osm_node_2076855897,OpenStreetMap Overpass API,https://overpass-api.de/api/interpreter,2026-05-19T16:07:11.075395+00:00,on_demand_mvp,OpenStreetMap data under ODbL; attribution required.,Overpass around destination coordinates,hoi_an,Hoi An,Hong Phuc II,restaurant,15.8762696,108.3279918,1.15,node,2076855897,"{""addr:housenumber"": ""98"", ""amenity"": ""restaurant"", ""check_date"": ""2025-02-17"", ""check_date:diet:vegetarian"": ""2025-02-17"", ""diet:vegetarian"": ""yes"", ""name"": ""Hong Phuc II""}",missing_capacity,70,80,70,55
osm_node_2076855902,OpenStreetMap Overpass API,https://overpass-api.de/api/interpreter,2026-05-19T16:07:11.075732+00:00,on_demand_mvp,OpenStreetMap data under ODbL; attribution required.,Overpass around destination coordinates,hoi_an,Hoi An,Hong Phuc,restaurant,15.8761444,108.3287821,1.08,node,2076855902,"{""addr:housenumber"": ""86"", ""amenity"": ""restaurant"", ""cuisine"": ""vietnamese"", ""internet_access"": ""wlan"", ""name"": ""Hong Phuc""}",missing_capacity,70,80,70,55
osm_node_2076855914,OpenStreetMap Overpass API,https://overpass-api.de/api/interpreter,2026-05-19T16:07:11.076019+00:00,on_demand_mvp,OpenStreetMap data under ODbL; attribution required.,Overpass around destination coordinates,hoi_an,Hoi An,Khach San Phu Thinh,hotel_osm,15.877233,108.327529,1.16,node,2076855914,"{""addr:housenumber"": ""144"", ""name"": ""Khach San Phu Thinh"", ""tourism"": ""hotel""}",missing_capacity,70,80,70,55
osm_node_2076855925,OpenStreetMap Overpass API,https://overpass-api.de/api/interpreter,2026-05-19T16:07:11.076162+00:00,on_demand_mvp,OpenStreetMap data under ODbL; attribution required.,Overpass around destination coordinates,hoi_an,Hoi An,Kisetsu,restaurant,15.8767707,108.3302248,0.91,node,2076855925,"{""amenity"": ""cafe"", ""name"": ""Kisetsu""}",missing_capacity,70,80,70,55
osm_node_2076855941,OpenStreetMap Overpass API,https://overpass-api.de/api/interpreter,2026-05-19T16:07:11.076270+00:00,on_demand_mvp,OpenStreetMap data under ODbL; attribution required.,Overpass around destination coordinates,hoi_an,Hoi An,Lantern Town,restaurant,15.8764689,108.329346,1.01,node,2076855941,"{""addr:housenumber"": ""49"", ""amenity"": ""restaurant"", ""name"": ""Lantern Town""}",missing_capacity,70,80,70,55
osm_node_2076855947,OpenStreetMap Overpass API,https://overpass-api.de/api/interpreter,2026-05-19T16:07:11.076368+00:00,on_demand_mvp,OpenStreetMap data under ODbL; attribution required.,Overpass around destination coordinates,hoi_an,Hoi An,Morning Glory,restaurant,15.8766204,108.3277853,1.16,node,2076855947,"{""addr:city"": ""Hoi An"", ""addr:housenumber"": ""106"", ""addr:street"": ""Nguyễn Thái Học"", ""amenity"": ""restaurant"", ""check_date"": ""2023-01-02"", ""name"": ""Morning Glory"", ""name:en"": ""Morning Glory"", ""opening_hours"": ""Mo-Su 08:00-23:00""}",missing_capacity,70,80,70,55
osm_node_2076855954,OpenStreetMap Overpass API,https://overpass-api.de/api/interpreter,2026-05-19T16:07:11.076484+00:00,on_demand_mvp,OpenStreetMap data under ODbL; attribution required.,Overpass around destination coordinates,hoi_an,Hoi An,Nhà cổ Quân Thắng,attraction,15.8770968,108.3292876,0.99,node,2076855954,"{""addr:city"": ""Hội An"", ""addr:country"": ""VN"", ""addr:housenumber"": ""77"", ""addr:street"": ""Trần Phú"", ""check_date"": ""2023-01-01"", ""fee"": ""yes"", ""name"": ""Nhà cổ Quân Thắng"", ""name:de"": ""Quang Thang Haus"", ""name:en"": ""Quan Thang House"", ""name:es"": ""Casa Quan Thang"", ""name:ru"": ""Старинный дом Куан Тханга"", ""tourism"": ""museum""}",missing_capacity,70,80,70,55
osm_node_2076855958,OpenStreetMap Overpass API,https://overpass-api.de/api/interpreter,2026-05-19T16:07:11.076602+00:00,on_demand_mvp,OpenStreetMap data under ODbL; attribution required.,Overpass around destination coordinates,hoi_an,Hoi An,Cafe Phôn,restaurant,15.8761275,108.3289405,1.06,node,2076855958,"{""amenity"": ""cafe"", ""name"": ""Cafe Phôn""}",missing_capacity,70,80,70,55
osm_node_2076855988,OpenStreetMap Overpass API,https://overpass-api.de/api/interpreter,2026-05-19T16:07:11.076691+00:00,on_demand_mvp,OpenStreetMap data under ODbL; attribution required.,Overpass around destination coordinates,hoi_an,Hoi An,Quang Thang,restaurant,15.8761822,108.3285209,1.1,node,2076855988,"{""addr:housenumber"": ""90"", ""amenity"": ""restaurant"", ""name"": ""Quang Thang""}",missing_capacity,70,80,70,55
osm_node_2076855994,OpenStreetMap Overpass API,https://overpass-api.de/api/interpreter,2026-05-19T16:07:11.076778+00:00,on_demand_mvp,OpenStreetMap data under ODbL; attribution required.,Overpass around destination coordinates,hoi_an,Hoi An,Red Sail,restaurant,15.8761784,108.3307714,0.89,node,2076855994,"{""amenity"": ""restaurant"", ""name"": ""Red Sail""}",missing_capacity,70,80,70,55
osm_node_2076855999,OpenStreetMap Overpass API,https://overpass-api.de/api/interpreter,2026-05-19T16:07:11.076863+00:00,on_demand_mvp,OpenStreetMap data under ODbL; attribution required.,Overpass around destination coordinates,hoi_an,Hoi An,Sakura,restaurant,15.8764347,108.3270753,1.24,node,2076855999,"{""addr:housenumber"": ""119-121"", ""addr:street"": ""Nguyễn Thái Học"", ""amenity"": ""restaurant"", ""check_date"": ""2023-01-01"", ""name"": ""Sakura"", ""website"": ""http://hoiansakura.com.vn""}",missing_capacity,70,80,70,55
osm_node_2076856005,OpenStreetMap Overpass API,https://overpass-api.de/api/interpreter,2026-05-19T16:07:11.076957+00:00,on_demand_mvp,OpenStreetMap data under ODbL; attribution required.,Overpass around destination coordinates,hoi_an,Hoi An,Sao Mai,restaurant,15.8761549,108.3304625,0.92,node,2076856005,"{""addr:housenumber"": ""48"", ""addr:street"": ""Bạch Đằng"", ""amenity"": ""restaurant"", ""name"": ""Sao Mai""}",missing_capacity,70,80,70,55
osm_node_2076856011,OpenStreetMap Overpass API,https://overpass-api.de/api/interpreter,2026-05-19T16:07:11.077040+00:00,on_demand_mvp,OpenStreetMap data under ODbL; attribution required.,Overpass around destination coordinates,hoi_an,Hoi An,Tam Tam Cafe,restaurant,15.8766029,108.3275612,1.18,node,2076856011,"{""amenity"": ""cafe"", ""check_date"": ""2023-01-02"", ""name"": ""Tam Tam Cafe""}",missing_capacity,70,80,70,55
osm_node_2076856015,OpenStreetMap Overpass API,https://overpass-api.de/api/interpreter,2026-05-19T16:07:11.077246+00:00,on_demand_mvp,OpenStreetMap data under ODbL; attribution required.,Overpass around destination coordinates,hoi_an,Hoi An,Tam Tam Jardin,restaurant,15.8770543,108.327574,1.17,node,2076856015,"{""addr:housenumber"": ""121"", ""amenity"": ""cafe"", ""check_date"": ""2023-01-01"", ""name"": ""Tam Tam Jardin""}",missing_capacity,70,80,70,55
osm_node_2076856027,OpenStreetMap Overpass API,https://overpass-api.de/api/interpreter,2026-05-19T16:07:11.077547+00:00,on_demand_mvp,OpenStreetMap data under ODbL; attribution required.,Overpass around destination coordinates,hoi_an,Hoi An,Thanh Hien,restaurant,15.876325,108.3273919,1.21,node,2076856027,"{""addr:city"": ""Hoi An"", ""addr:housenumber"": ""113"", ""addr:street"": ""Bạch Đằng"", ""amenity"": ""restaurant"", ""name"": ""Thanh Hien""}",missing_capacity,70,80,70,55
osm_node_2076856032,OpenStreetMap Overpass API,https://overpass-api.de/api/interpreter,2026-05-19T16:07:11.077682+00:00,on_demand_mvp,OpenStreetMap data under ODbL; attribution required.,Overpass around destination coordinates,hoi_an,Hoi An,Boa tang gom su mau dich,attraction,15.8772671,108.329548,0.96,node,2076856032,"{""addr:housenumber"": ""80"", ""addr:street"": ""Trần Phú"", ""fee"": ""yes"", ""name"": ""Boa tang gom su mau dich"", ""name:en"": ""Ceramic Tiles Museum"", ""tourism"": ""museum""}",missing_capacity,70,80,70,55
osm_node_2076856052,OpenStreetMap Overpass API,https://overpass-api.de/api/interpreter,2026-05-19T16:07:11.077799+00:00,on_demand_mvp,OpenStreetMap data under ODbL; attribution required.,Overpass around destination coordinates,hoi_an,Hoi An,Viet Vic,restaurant,15.8763019,108.3276277,1.19,node,2076856052,"{""amenity"": ""restaurant"", ""name"": ""Viet Vic""}",missing_capacity,70,80,70,55
osm_node_2076856055,OpenStreetMap Overpass API,https://overpass-api.de/api/interpreter,2026-05-19T16:07:11.077895+00:00,on_demand_mvp,OpenStreetMap data under ODbL; attribution required.,Overpass around destination coordinates,hoi_an,Hoi An,Vinh Hung,hotel_osm,15.8770406,108.3269156,1.23,node,2076856055,"{""addr:housenumber"": ""143"", ""addr:street"": ""Trần Phú"", ""check_date"": ""2023-01-01"", ""name"": ""Vinh Hung"", ""tourism"": ""hotel""}",missing_capacity,70,80,70,55
osm_node_2076856059,OpenStreetMap Overpass API,https://overpass-api.de/api/interpreter,2026-05-19T16:07:11.078021+00:00,on_demand_mvp,OpenStreetMap data under ODbL; attribution required.,Overpass around destination coordinates,hoi_an,Hoi An,White Marble,restaurant,15.8764364,108.3285534,1.09,node,2076856059,"{""amenity"": ""restaurant"", ""indoor_seating"": ""yes"", ""name"": ""White Marble"", ""outdoor_seating"": ""yes""}",missing_capacity,70,80,70,55
osm_node_2091401440,OpenStreetMap Overpass API,https://overpass-api.de/api/interpreter,2026-05-19T16:07:11.078116+00:00,on_demand_mvp,OpenStreetMap data under ODbL; attribution required.,Overpass around destination coordinates,hoi_an,Hoi An,An Hoi,restaurant,15.8758924,108.3264035,1.33,node,2091401440,"{""addr:housenumber"": ""37"", ""amenity"": ""restaurant"", ""name"": ""An Hoi""}",missing_capacity,70,80,70,55
osm_node_2091401441,OpenStreetMap Overpass API,https://overpass-api.de/api/interpreter,2026-05-19T16:07:11.078204+00:00,on_demand_mvp,OpenStreetMap data under ODbL; attribution required.,Overpass around destination coordinates,hoi_an,Hoi An,An Hoi,hotel_osm,15.8761599,108.3245591,1.5,node,2091401441,"{""addr:housenumber"": ""69"", ""name"": ""An Hoi"", ""note"": ""add address"", ""source"": ""survey"", ""tourism"": ""hotel""}",missing_capacity,70,80,70,55
osm_node_2091401442,OpenStreetMap Overpass API,https://overpass-api.de/api/interpreter,2026-05-19T16:07:11.078291+00:00,on_demand_mvp,OpenStreetMap data under ODbL; attribution required.,Overpass around destination coordinates,hoi_an,Hoi An,Binh MI,restaurant,15.8774516,108.3247131,1.45,node,2091401442,"{""amenity"": ""restaurant"", ""name"": ""Binh MI""}",missing_capacity,70,80,70,55
osm_node_2091401443,OpenStreetMap Overpass API,https://overpass-api.de/api/interpreter,2026-05-19T16:07:11.078374+00:00,on_demand_mvp,OpenStreetMap data under ODbL; attribution required.,Overpass around destination coordinates,hoi_an,Hoi An,Cava,restaurant,15.8761057,108.3253217,1.43,node,2091401443,"{""addr:housenumber"": ""53"", ""amenity"": ""restaurant"", ""name"": ""Cava"", ""note"": ""add address"", ""source"": ""survey""}",missing_capacity,70,80,70,55
osm_node_2091401444,OpenStreetMap Overpass API,https://overpass-api.de/api/interpreter,2026-05-19T16:07:11.078459+00:00,on_demand_mvp,OpenStreetMap data under ODbL; attribution required.,Overpass around destination coordinates,hoi_an,Hoi An,Cho Ban,restaurant,15.8758168,108.3268026,1.29,node,2091401444,"{""amenity"": ""restaurant"", ""name"": ""Cho Ban""}",missing_capacity,70,80,70,55
osm_node_2091401446,OpenStreetMap Overpass API,https://overpass-api.de/api/interpreter,2026-05-19T16:07:11.078544+00:00,on_demand_mvp,OpenStreetMap data under ODbL; attribution required.,Overpass around destination coordinates,hoi_an,Hoi An,Nhà Hàng Cafe CitroNella,restaurant,15.8770664,108.3257834,1.35,node,2091401446,"{""addr:housenumber"": ""05"", ""addr:street"": ""Nguyễn Thị Minh Khai"", ""amenity"": ""restaurant"", ""cuisine"": ""vietnamese"", ""internet_access"": ""wlan"", ""internet_access:fee"": ""no"", ""name"": ""Nhà Hàng Cafe CitroNella"", ""name:en"": ""Cafe CitroNella"", ""name:vi"": ""Nhà Hàng Cafe CitroNella"", ""outdoor_seating"": ""yes"", ""website"": ""https://nha-hang-cafe-citronella.business.site""}",missing_capacity,70,80,70,55
osm_node_2091401448,OpenStreetMap Overpass API,https://overpass-api.de/api/interpreter,2026-05-19T16:07:11.078678+00:00,on_demand_mvp,OpenStreetMap data under ODbL; attribution required.,Overpass around destination coordinates,hoi_an,Hoi An,Guava and Mango,restaurant,15.8754048,108.3260219,1.38,node,2091401448,"{""addr:housenumber"": ""07"", ""amenity"": ""restaurant"", ""name"": ""Guava and Mango""}",missing_capacity,70,80,70,55
osm_node_2091401451,OpenStreetMap Overpass API,https://overpass-api.de/api/interpreter,2026-05-19T16:07:11.078778+00:00,on_demand_mvp,OpenStreetMap data under ODbL; attribution required.,Overpass around destination coordinates,hoi_an,Hoi An,Hi Restaurant,restaurant,15.875158,108.3283506,1.17,node,2091401451,"{""amenity"": ""restaurant"", ""name"": ""Hi Restaurant""}",missing_capacity,70,80,70,55
osm_node_2091401453,OpenStreetMap Overpass API,https://overpass-api.de/api/interpreter,2026-05-19T16:07:11.078870+00:00,on_demand_mvp,OpenStreetMap data under ODbL; attribution required.,Overpass around destination coordinates,hoi_an,Hoi An,Khoai Tay Va Ca,restaurant,15.8754801,108.3281009,1.18,node,2091401453,"{""addr:housenumber"": ""01"", ""amenity"": ""restaurant"", ""check_date"": ""2023-01-01"", ""name"": ""Khoai Tay Va Ca"", ""name:en"": ""Chips and Fish"", ""name:vi"": ""Khoai Tay Va Ca""}",missing_capacity,70,80,70,55
osm_node_2091401454,OpenStreetMap Overpass API,https://overpass-api.de/api/interpreter,2026-05-19T16:07:11.078965+00:00,on_demand_mvp,OpenStreetMap data under ODbL; attribution required.,Overpass around destination coordinates,hoi_an,Hoi An,Long Life Riverside,hotel_osm,15.8761954,108.3249199,1.46,node,2091401454,"{""addr:housenumber"": ""61"", ""addr:street"": ""Nguyễn Phúc Chu"", ""check_date"": ""2022-12-31"", ""fax"": ""+84 (510) 3911697"", ""internet_access"": ""wlan"", ""internet_access:fee"": ""no"", ""name"": ""Long Life Riverside"", ""phone"": ""+84 (510) 3911696"", ""tourism"": ""hotel"", ""website"": ""http://longliferiverside.com""}",missing_capacity,70,80,70,55
osm_node_2091401455,OpenStreetMap Overpass API,https://overpass-api.de/api/interpreter,2026-05-19T16:07:11.079065+00:00,on_demand_mvp,OpenStreetMap data under ODbL; attribution required.,Overpass around destination coordinates,hoi_an,Hoi An,Mai Fish,restaurant,15.8774061,108.324786,1.44,node,2091401455,"{""addr:housenumber"": ""45"", ""amenity"": ""restaurant"", ""name"": ""Mai Fish""}",missing_capacity,70,80,70,55
osm_node_2091401456,OpenStreetMap Overpass API,https://overpass-api.de/api/interpreter,2026-05-19T16:07:11.079149+00:00,on_demand_mvp,OpenStreetMap data under ODbL; attribution required.,Overpass around destination coordinates,hoi_an,Hoi An,Man Nguyen,restaurant,15.8757103,108.3270947,1.26,node,2091401456,"{""addr:housenumber"": ""25"", ""amenity"": ""restaurant"", ""name"": ""Man Nguyen""}",missing_capacity,70,80,70,55
osm_node_2091401457,OpenStreetMap Overpass API,https://overpass-api.de/api/interpreter,2026-05-19T16:07:11.079234+00:00,on_demand_mvp,OpenStreetMap data under ODbL; attribution required.,Overpass around destination coordinates,hoi_an,Hoi An,Mango Mango,restaurant,15.8760099,108.3258167,1.38,node,2091401457,"{""addr:housenumber"": ""45"", ""addr:street"": ""Nguyễn Phúc Chu"", ""amenity"": ""restaurant"", ""check_date"": ""2022-12-31"", ""contact:facebook"": ""https://www.facebook.com/mangomangorestaurant"", ""name"": ""Mango Mango"", ""website"": ""https://www.mangomangovietnam.com/""}",missing_capacity,70,80,70,55
osm_node_2091401474,OpenStreetMap Overpass API,https://overpass-api.de/api/interpreter,2026-05-19T16:07:11.079832+00:00,on_demand_mvp,OpenStreetMap data under ODbL; attribution required.,Overpass around destination coordinates,hoi_an,Hoi An,Quan An Sau,restaurant,15.8761756,108.3252256,1.43,node,2091401474,"{""addr:housenumber"": ""55"", ""addr:street"": ""Nguyễn Phúc Chu"", ""amenity"": ""restaurant"", ""name"": ""Quan An Sau"", ""source"": ""survey""}",missing_capacity,70,80,70,55
osm_node_2091401475,OpenStreetMap Overpass API,https://overpass-api.de/api/interpreter,2026-05-19T16:07:11.080086+00:00,on_demand_mvp,OpenStreetMap data under ODbL; attribution required.,Overpass around destination coordinates,hoi_an,Hoi An,Seafood Garden,restaurant,15.8757605,108.3270202,1.27,node,2091401475,"{""addr:housenumber"": ""27"", ""amenity"": ""restaurant"", ""name"": ""Seafood Garden"", ""note"": ""correct location"", ""source"": ""survey""}",missing_capacity,70,80,70,55
osm_node_2091401476,OpenStreetMap Overpass API,https://overpass-api.de/api/interpreter,2026-05-19T16:07:11.080220+00:00,on_demand_mvp,OpenStreetMap data under ODbL; attribution required.,Overpass around destination coordinates,hoi_an,Hoi An,Thanh Phuong,restaurant,15.8757759,108.3269721,1.27,node,2091401476,"{""addr:housenumber"": ""29"", ""amenity"": ""restaurant"", ""name"": ""Thanh Phuong""}",missing_capacity,70,80,70,55
osm_node_2091401477,OpenStreetMap Overpass API,https://overpass-api.de/api/interpreter,2026-05-19T16:07:11.080327+00:00,on_demand_mvp,OpenStreetMap data under ODbL; attribution required.,Overpass around destination coordinates,hoi_an,Hoi An,Van Phi,restaurant,15.8776902,108.3244607,1.47,node,2091401477,"{""addr:housenumber"": ""44"", ""addr:street"": ""Nguyễn Thị Minh Khai"", ""amenity"": ""restaurant"", ""name"": ""Van Phi""}",missing_capacity,70,80,70,55
osm_node_2091401478,OpenStreetMap Overpass API,https://overpass-api.de/api/interpreter,2026-05-19T16:07:11.080429+00:00,on_demand_mvp,OpenStreetMap data under ODbL; attribution required.,Overpass around destination coordinates,hoi_an,Hoi An,Yellow Flower,restaurant,15.8777899,108.324346,1.48,node,2091401478,"{""addr:housenumber"": ""55"", ""addr:street"": ""Nguyễn Thị Minh Khai"", ""amenity"": ""restaurant"", ""name"": ""Yellow Flower""}",missing_capacity,70,80,70,55
osm_node_2092582328,OpenStreetMap Overpass API,https://overpass-api.de/api/interpreter,2026-05-19T16:07:11.080524+00:00,on_demand_mvp,OpenStreetMap data under ODbL; attribution required.,Overpass around destination coordinates,hoi_an,Hoi An,Gourmet Garden,restaurant,15.8768188,108.3286791,1.06,node,2092582328,"{""amenity"": ""restaurant"", ""name"": ""Gourmet Garden""}",missing_capacity,70,80,70,55
osm_node_2092582344,OpenStreetMap Overpass API,https://overpass-api.de/api/interpreter,2026-05-19T16:07:11.080610+00:00,on_demand_mvp,OpenStreetMap data under ODbL; attribution required.,Overpass around destination coordinates,hoi_an,Hoi An,Huong Vien,restaurant,15.878563,108.3289969,0.98,node,2092582344,"{""addr:housenumber"": ""61"", ""amenity"": ""cafe"", ""name"": ""Huong Vien""}",missing_capacity,70,80,70,55
osm_node_2092582351,OpenStreetMap Overpass API,https://overpass-api.de/api/interpreter,2026-05-19T16:07:11.080696+00:00,on_demand_mvp,OpenStreetMap data under ODbL; attribution required.,Overpass around destination coordinates,hoi_an,Hoi An,Old Garden,restaurant,15.8781656,108.3299528,0.89,node,2092582351,"{""addr:housenumber"": ""76/26"", ""amenity"": ""restaurant"", ""name"": ""Old Garden""}",missing_capacity,70,80,70,55
osm_node_2092582353,OpenStreetMap Overpass API,https://overpass-api.de/api/interpreter,2026-05-19T16:07:11.080811+00:00,on_demand_mvp,OpenStreetMap data under ODbL; attribution required.,Overpass around destination coordinates,hoi_an,Hoi An,Pho Hoi,hotel_osm,15.8772983,108.3319068,0.72,node,2092582353,"{""addr:housenumber"": ""7/2"", ""name"": ""Pho Hoi"", ""tourism"": ""hotel""}",missing_capacity,70,80,70,55
osm_node_2092582383,OpenStreetMap Overpass API,https://overpass-api.de/api/interpreter,2026-05-19T16:07:11.080896+00:00,on_demand_mvp,OpenStreetMap data under ODbL; attribution required.,Overpass around destination coordinates,hoi_an,Hoi An,The Pear Tree,restaurant,15.8774683,108.3317979,0.73,node,2092582383,"{""addr:housenumber"": ""11"", ""amenity"": ""restaurant"", ""name"": ""The Pear Tree""}",missing_capacity,70,80,70,55
osm_node_2092582385,OpenStreetMap Overpass API,https://overpass-api.de/api/interpreter,2026-05-19T16:07:11.080978+00:00,on_demand_mvp,OpenStreetMap data under ODbL; attribution required.,Overpass around destination coordinates,hoi_an,Hoi An,Hội quán Hải Nam,attraction,15.8778696,108.3319964,0.69,node,2092582385,"{""addr:city"": ""Hội An"", ""addr:country"": ""VN"", ""addr:housenumber"": ""10"", ""addr:street"": ""Trần Phú"", ""amenity"": ""community_centre"", ""community_centre"": ""community_hall"", ""name"": ""Hội quán Hải Nam"", ""name:en"": ""Assembly Hall of the Hainan Chinese Congregation"", ""name:es"": ""Asamblea Hai Nam"", ""name:vi-Hani"": ""會館海南"", ""name:zh-Hant"": ""海南會館"", ""tourism"": ""attraction""}",missing_capacity,70,80,70,55
osm_node_2217387212,OpenStreetMap Overpass API,https://overpass-api.de/api/interpreter,2026-05-19T16:07:11.081088+00:00,on_demand_mvp,OpenStreetMap data under ODbL; attribution required.,Overpass around destination coordinates,hoi_an,Hoi An,An Bang Beach Club,restaurant,15.9141779,108.3396551,3.79,node,2217387212,"{""amenity"": ""restaurant"", ""name"": ""An Bang Beach Club"", ""source"": ""survey""}",missing_capacity,70,80,70,55
osm_node_2217387213,OpenStreetMap Overpass API,https://overpass-api.de/api/interpreter,2026-05-19T16:07:11.081171+00:00,on_demand_mvp,OpenStreetMap data under ODbL; attribution required.,Overpass around destination coordinates,hoi_an,Hoi An,Kim Cuc,restaurant,15.9133928,108.3403672,3.71,node,2217387213,"{""amenity"": ""restaurant"", ""name"": ""Kim Cuc"", ""source"": ""survey""}",missing_capacity,70,80,70,55
osm_node_2267838861,OpenStreetMap Overpass API,https://overpass-api.de/api/interpreter,2026-05-19T16:07:11.081251+00:00,on_demand_mvp,OpenStreetMap data under ODbL; attribution required.,Overpass around destination coordinates,hoi_an,Hoi An,the Dublin Gate,restaurant,15.8756716,108.3272471,1.25,node,2267838861,"{""addr:city"": ""Hoi An"", ""addr:housenumber"": ""21"", ""addr:street"": ""Nguyễn Phúc Chu"", ""amenity"": ""restaurant"", ""name"": ""the Dublin Gate"", ""source"": ""survey"", ""toilets:wheelchair"": ""no"", ""wheelchair"": ""no""}",missing_capacity,70,80,70,55
osm_node_2267838867,OpenStreetMap Overpass API,https://overpass-api.de/api/interpreter,2026-05-19T16:07:11.081348+00:00,on_demand_mvp,OpenStreetMap data under ODbL; attribution required.,Overpass around destination coordinates,hoi_an,Hoi An,The Market Restaurant,restaurant,15.8757382,108.3260369,1.37,node,2267838867,"{""addr:city"": ""Hoi An"", ""addr:country"": ""VN"", ""addr:housenumber"": ""3"", ""addr:street"": ""Nguyen Hoang Street"", ""addr:suburb"": ""An Hoi Islet"", ""alt_name"": ""The Market Restaurant"", ""amenity"": ""restaurant"", ""contact:fax"": ""+84 510 3926927"", ""contact:phone"": ""+84 510 33926926"", ""contact:website"": ""http://msvy-tastevietnam.com/"", ""internet_access"": ""wlan"", ""name"": ""The Market Restaurant"", ""name:en"": ""Nha hang cho po"", ""name:vi"": ""vy's Market Restaurant"", ""source"": ""survey""}",missing_capacity,70,80,70,55
osm_node_2269957315,OpenStreetMap Overpass API,https://overpass-api.de/api/interpreter,2026-05-19T16:07:11.081460+00:00,on_demand_mvp,OpenStreetMap data under ODbL; attribution required.,Overpass around destination coordinates,hoi_an,Hoi An,Miss Ly,restaurant,15.8777738,108.3311817,0.77,node,2269957315,"{""amenity"": ""restaurant"", ""changing_table"": ""yes"", ""cuisine"": ""vietnamese"", ""level"": ""0"", ""name"": ""Miss Ly"", ""outdoor_seating"": ""yes"", ""source"": ""survey"", ""wheelchair"": ""limited""}",missing_capacity,70,80,70,55
osm_node_2269957318,OpenStreetMap Overpass API,https://overpass-api.de/api/interpreter,2026-05-19T16:07:11.081554+00:00,on_demand_mvp,OpenStreetMap data under ODbL; attribution required.,Overpass around destination coordinates,hoi_an,Hoi An,Little Hoi An Boutique Hotel & Spa,hotel_osm,15.875959,108.3228119,1.69,node,2269957318,"{""addr:housenumber"": ""2"", ""addr:street"": ""Thoai Ngoc Hau"", ""check_date"": ""2023-01-01"", ""name"": ""Little Hoi An Boutique Hotel & Spa"", ""source"": ""survey"", ""tourism"": ""hotel"", ""website"": ""https://www.littlehoiangroup.com/little-hoi-an""}",missing_capacity,70,80,70,55
osm_node_2269957322,OpenStreetMap Overpass API,https://overpass-api.de/api/interpreter,2026-05-19T16:07:11.081641+00:00,on_demand_mvp,OpenStreetMap data under ODbL; attribution required.,Overpass around destination coordinates,hoi_an,Hoi An,Riverside Bamboo Resort,hotel_osm,15.8813341,108.3505455,1.35,node,2269957322,"{""alt_name"": ""Bamboo Village"", ""name"": ""Riverside Bamboo Resort"", ""note"": ""add alt name"", ""source"": ""survey"", ""tourism"": ""hotel""}",missing_capacity,70,80,70,55
osm_node_2269957326,OpenStreetMap Overpass API,https://overpass-api.de/api/interpreter,2026-05-19T16:07:11.081726+00:00,on_demand_mvp,OpenStreetMap data under ODbL; attribution required.,Overpass around destination coordinates,hoi_an,Hoi An,Golden Bridge,restaurant,15.8958814,108.3680638,3.66,node,2269957326,"{""amenity"": ""restaurant"", ""name"": ""Golden Bridge"", ""source"": ""survey""}",missing_capacity,70,80,70,55
osm_node_2269957329,OpenStreetMap Overpass API,https://overpass-api.de/api/interpreter,2026-05-19T16:07:11.082026+00:00,on_demand_mvp,OpenStreetMap data under ODbL; attribution required.,Overpass around destination coordinates,hoi_an,Hoi An,Fusion Lounge,restaurant,15.875837,108.3266543,1.3,node,2269957329,"{""addr:housenumber"": ""35"", ""amenity"": ""restaurant"", ""name"": ""Fusion Lounge"", ""source"": ""survey""}",missing_capacity,70,80,70,55
osm_node_2271214793,OpenStreetMap Overpass API,https://overpass-api.de/api/interpreter,2026-05-19T16:07:11.082142+00:00,on_demand_mvp,OpenStreetMap data under ODbL; attribution required.,Overpass around destination coordinates,hoi_an,Hoi An,Anantara Resort,hotel_osm,15.8774464,108.3359654,0.37,node,2271214793,"{""addr:housenumber"": ""1"", ""addr:street"": ""Phạm Hồng Thái"", ""brand"": ""Anantara"", ""check_date"": ""2023-01-03"", ""name"": ""Anantara Resort"", ""source"": ""survey"", ""tourism"": ""hotel"", ""website"": ""https://www.anantara.com/en/hoi-an/""}",missing_capacity,70,80,70,55
osm_node_2461400746,OpenStreetMap Overpass API,https://overpass-api.de/api/interpreter,2026-05-19T16:07:11.082283+00:00,on_demand_mvp,OpenStreetMap data under ODbL; attribution required.,Overpass around destination coordinates,hoi_an,Hoi An,Market,restaurant,15.8773645,108.3307783,0.83,node,2461400746,"{""amenity"": ""restaurant"", ""name"": ""Market"", ""name:vi"": ""Market""}",missing_capacity,70,80,70,55
osm_node_2461400753,OpenStreetMap Overpass API,https://overpass-api.de/api/interpreter,2026-05-19T16:07:11.082383+00:00,on_demand_mvp,OpenStreetMap data under ODbL; attribution required.,Overpass around destination coordinates,hoi_an,Hoi An,Bazar Garden Restaurant,restaurant,15.8775027,108.3310483,0.8,node,2461400753,"{""addr:city"": ""Hoi An"", ""addr:housenumber"": ""36"", ""addr:province"": ""Quang Nam"", ""addr:street"": ""Trần Phú"", ""amenity"": ""restaurant"", ""cuisine"": ""international"", ""name"": ""Bazar Garden Restaurant"", ""opening_hours"": ""07:30-23:00""}",missing_capacity,70,80,70,55
osm_node_2461400758,OpenStreetMap Overpass API,https://overpass-api.de/api/interpreter,2026-05-19T16:07:11.082486+00:00,on_demand_mvp,OpenStreetMap data under ODbL; attribution required.,Overpass around destination coordinates,hoi_an,Hoi An,Vegetarian Vegan Chay Resturant,restaurant,15.8780039,108.3281558,1.08,node,2461400758,"{""amenity"": ""restaurant"", ""cuisine"": ""asian;vietnamese"", ""diet:vegan"": ""yes"", ""diet:vegetarian"": ""only"", ""name"": ""Vegetarian Vegan Chay Resturant"", ""name:en"": ""Ba Dam Vegetarian"", ""opening_hours"": ""Mo-Su 07:00-20:00""}",missing_capacity,70,80,70,55
osm_node_668605353,OpenStreetMap Overpass API,https://overpass-api.de/api/interpreter,2026-05-19T16:07:17.099512+00:00,on_demand_mvp,OpenStreetMap data under ODbL; attribution required.,Overpass around destination coordinates,hue,Hue,Hue Backpackers,hotel_osm,16.469621,107.5941586,0.74,node,668605353,"{""addr:housenumber"": ""10"", ""addr:street"": ""Phạm Ngũ Lão"", ""name"": ""Hue Backpackers"", ""tourism"": ""guest_house""}",missing_capacity,70,80,70,55
osm_node_668713428,OpenStreetMap Overpass API,https://overpass-api.de/api/interpreter,2026-05-19T16:07:17.099690+00:00,on_demand_mvp,OpenStreetMap data under ODbL; attribution required.,Overpass around destination coordinates,hue,Hue,Huế tourist bus stop,transport_hub,16.467257,107.583223,0.91,node,668713428,"{""amenity"": ""bus_station"", ""name"": ""Huế tourist bus stop"", ""name:th"": ""จุดจอดรถ นักท่องเที่ยว"", ""name:vi"": ""Thanh Pho Hue""}",missing_capacity,70,80,70,55
osm_node_668713429,OpenStreetMap Overpass API,https://overpass-api.de/api/interpreter,2026-05-19T16:07:17.099768+00:00,on_demand_mvp,OpenStreetMap data under ODbL; attribution required.,Overpass around destination coordinates,hue,Hue,Hong Thien 2 hotel,hotel_osm,16.4691326,107.5960838,0.82,node,668713429,"{""addr:district"": ""thanh pho hue"", ""addr:housenumber"": ""46"", ""addr:street"": ""Chu Văn An"", ""addr:subdistrict"": ""Phú Hội"", ""name"": ""Hong Thien 2 hotel"", ""tourism"": ""hotel""}",missing_capacity,70,80,70,55
osm_node_668713430,OpenStreetMap Overpass API,https://overpass-api.de/api/interpreter,2026-05-19T16:07:17.099831+00:00,on_demand_mvp,OpenStreetMap data under ODbL; attribution required.,Overpass around destination coordinates,hue,Hue,Tran Ly,hotel_osm,16.4704922,107.5945042,0.85,node,668713430,"{""addr:city"": ""Hue"", ""addr:housenumber"": ""78"", ""addr:street"": ""Lê Lợi"", ""name"": ""Tran Ly"", ""phone"": ""054 3830894"", ""tourism"": ""hotel"", ""website"": ""http://www.tranlyhotel.com""}",missing_capacity,70,80,70,55
osm_node_697249882,OpenStreetMap Overpass API,https://overpass-api.de/api/interpreter,2026-05-19T16:07:17.099889+00:00,on_demand_mvp,OpenStreetMap data under ODbL; attribution required.,Overpass around destination coordinates,hue,Hue,Pilgrimage Village,hotel_osm,16.4250786,107.5794609,4.46,node,697249882,"{""addr:street"": ""Đường Đại Nam"", ""internet_access"": ""wlan"", ""internet_access:fee"": ""no"", ""name"": ""Pilgrimage Village"", ""tourism"": ""hotel""}",missing_capacity,70,80,70,55
osm_node_697255242,OpenStreetMap Overpass API,https://overpass-api.de/api/interpreter,2026-05-19T16:07:17.099944+00:00,on_demand_mvp,OpenStreetMap data under ODbL; attribution required.,Overpass around destination coordinates,hue,Hue,Nha Hang CUNG DING Restaurant,restaurant,16.4839438,107.603723,2.63,node,697255242,"{""amenity"": ""restaurant"", ""name"": ""Nha Hang CUNG DING Restaurant"", ""name:de"": ""Nha Hang CUNG DING Restaurant""}",missing_capacity,70,80,70,55
osm_node_1025708545,OpenStreetMap Overpass API,https://overpass-api.de/api/interpreter,2026-05-19T16:07:17.100032+00:00,on_demand_mvp,OpenStreetMap data under ODbL; attribution required.,Overpass around destination coordinates,hue,Hue,Thái Sơn,hotel_osm,16.4616919,107.600457,1.04,node,1025708545,"{""name"": ""Thái Sơn"", ""tourism"": ""hotel""}",missing_capacity,70,80,70,55
osm_node_1187221499,OpenStreetMap Overpass API,https://overpass-api.de/api/interpreter,2026-05-19T16:07:17.100123+00:00,on_demand_mvp,OpenStreetMap data under ODbL; attribution required.,Overpass around destination coordinates,hue,Hue,Club Garden,restaurant,16.4691737,107.5958505,0.81,node,1187221499,"{""addr:housenumber"": ""8"", ""addr:street"": ""Võ Thị Sáu"", ""amenity"": ""restaurant"", ""name"": ""Club Garden"", ""phone"": ""+84543826327""}",missing_capacity,70,80,70,55
osm_node_1187440736,OpenStreetMap Overpass API,https://overpass-api.de/api/interpreter,2026-05-19T16:07:17.100217+00:00,on_demand_mvp,OpenStreetMap data under ODbL; attribution required.,Overpass around destination coordinates,hue,Hue,Gold 2 Hotel,hotel_osm,16.4647734,107.593624,0.31,node,1187440736,"{""addr:housenumber"": ""41"", ""addr:street"": ""Hung Vuong St."", ""name"": ""Gold 2 Hotel"", ""phone"": ""+84543816916"", ""tourism"": ""hotel""}",missing_capacity,70,80,70,55
osm_node_1333018015,OpenStreetMap Overpass API,https://overpass-api.de/api/interpreter,2026-05-19T16:07:17.100304+00:00,on_demand_mvp,OpenStreetMap data under ODbL; attribution required.,Overpass around destination coordinates,hue,Hue,Quan So 1,restaurant,16.4580449,107.5808365,1.24,node,1333018015,"{""amenity"": ""restaurant"", ""name"": ""Quan So 1""}",missing_capacity,70,80,70,55
osm_node_1333025066,OpenStreetMap Overpass API,https://overpass-api.de/api/interpreter,2026-05-19T16:07:17.100389+00:00,on_demand_mvp,OpenStreetMap data under ODbL; attribution required.,Overpass around destination coordinates,hue,Hue,Nha Hang Queen,restaurant,16.4690321,107.5954277,0.76,node,1333025066,"{""amenity"": ""restaurant"", ""name"": ""Nha Hang Queen"", ""source"": ""survey""}",missing_capacity,70,80,70,55
osm_node_1333044388,OpenStreetMap Overpass API,https://overpass-api.de/api/interpreter,2026-05-19T16:07:17.100472+00:00,on_demand_mvp,OpenStreetMap data under ODbL; attribution required.,Overpass around destination coordinates,hue,Hue,A Lầu - Dzách Lầu,restaurant,16.4655821,107.5947465,0.46,node,1333044388,"{""addr:housenumber"": ""55"", ""addr:street"": ""Bến Nghé"", ""amenity"": ""restaurant"", ""name"": ""A Lầu - Dzách Lầu"", ""source"": ""survey""}",missing_capacity,70,80,70,55
osm_node_1333045198,OpenStreetMap Overpass API,https://overpass-api.de/api/interpreter,2026-05-19T16:07:17.100560+00:00,on_demand_mvp,OpenStreetMap data under ODbL; attribution required.,Overpass around destination coordinates,hue,Hue,Camellia,hotel_osm,16.4652432,107.5949681,0.47,node,1333045198,"{""addr:housenumber"": ""57;59"", ""addr:street"": ""Bến Nghé"", ""name"": ""Camellia"", ""source"": ""survey"", ""stars"": ""4"", ""tourism"": ""hotel""}",missing_capacity,70,80,70,55
osm_node_1333052337,OpenStreetMap Overpass API,https://overpass-api.de/api/interpreter,2026-05-19T16:07:17.100647+00:00,on_demand_mvp,OpenStreetMap data under ODbL; attribution required.,Overpass around destination coordinates,hue,Hue,Casablanca's Cafe,restaurant,16.4643979,107.5920373,0.14,node,1333052337,"{""addr:housenumber"": ""20"", ""addr:street"": ""Nguyễn Tri Phương"", ""amenity"": ""cafe"", ""name"": ""Casablanca's Cafe""}",missing_capacity,70,80,70,55
osm_node_1497215449,OpenStreetMap Overpass API,https://overpass-api.de/api/interpreter,2026-05-19T16:07:17.100729+00:00,on_demand_mvp,OpenStreetMap data under ODbL; attribution required.,Overpass around destination coordinates,hue,Hue,Xuan Trang,restaurant,16.46924,107.5956043,0.79,node,1497215449,"{""amenity"": ""restaurant"", ""internet_access"": ""wlan"", ""name"": ""Xuan Trang""}",missing_capacity,70,80,70,55
osm_node_1498553131,OpenStreetMap Overpass API,https://overpass-api.de/api/interpreter,2026-05-19T16:07:17.100816+00:00,on_demand_mvp,OpenStreetMap data under ODbL; attribution required.,Overpass around destination coordinates,hue,Hue,Waterland,restaurant,16.4690959,107.5960864,0.82,node,1498553131,"{""amenity"": ""restaurant"", ""name"": ""Waterland""}",missing_capacity,70,80,70,55
osm_node_1716363897,OpenStreetMap Overpass API,https://overpass-api.de/api/interpreter,2026-05-19T16:07:17.100895+00:00,on_demand_mvp,OpenStreetMap data under ODbL; attribution required.,Overpass around destination coordinates,hue,Hue,Nguyen Hue,hotel_osm,16.4579973,107.5910025,0.63,node,1716363897,"{""name"": ""Nguyen Hue"", ""tourism"": ""hotel""}",missing_capacity,70,80,70,55
osm_node_1870602465,OpenStreetMap Overpass API,https://overpass-api.de/api/interpreter,2026-05-19T16:07:17.100974+00:00,on_demand_mvp,OpenStreetMap data under ODbL; attribution required.,Overpass around destination coordinates,hue,Hue,Hue Amazing Homestay,hotel_osm,16.4715881,107.609913,2.21,node,1870602465,"{""addr:city"": ""Huế"", ""addr:housenumber"": ""183/1C"", ""addr:postcode"": ""530000"", ""addr:province"": ""Thừa Thiên Huế"", ""addr:street"": ""Nguyễn Lộ Trạch"", ""addr:subdistrict"": ""Xuân Phú"", ""internet_access"": ""wlan"", ""internet_access:fee"": ""no"", ""name"": ""Hue Amazing Homestay"", ""rooms"": ""3"", ""tourism"": ""hostel"", ""wheelchair"": ""no""}",missing_capacity,70,80,70,55
osm_node_1964312206,OpenStreetMap Overpass API,https://overpass-api.de/api/interpreter,2026-05-19T16:07:17.101362+00:00,on_demand_mvp,OpenStreetMap data under ODbL; attribution required.,Overpass around destination coordinates,hue,Hue,Huenino Hotel,hotel_osm,16.4710693,107.5955971,0.96,node,1964312206,"{""addr:housenumber"": ""14"", ""addr:street"": ""Nguyễn Công Trứ"", ""internet_access"": ""wlan"", ""name"": ""Huenino Hotel"", ""source"": ""stayed there"", ""tourism"": ""hotel"", ""website"": ""https://hueninohotel.com/""}",missing_capacity,70,80,70,55
osm_node_1995702914,OpenStreetMap Overpass API,https://overpass-api.de/api/interpreter,2026-05-19T16:07:17.101744+00:00,on_demand_mvp,OpenStreetMap data under ODbL; attribution required.,Overpass around destination coordinates,hue,Hue,Phong Nha,restaurant,16.4361777,107.5645786,4.15,node,1995702914,"{""amenity"": ""restaurant"", ""name"": ""Phong Nha""}",missing_capacity,70,80,70,55
osm_node_2264793591,OpenStreetMap Overpass API,https://overpass-api.de/api/interpreter,2026-05-19T16:07:17.101905+00:00,on_demand_mvp,OpenStreetMap data under ODbL; attribution required.,Overpass around destination coordinates,hue,Hue,Century Riverside Hotel,hotel_osm,16.4705358,107.593545,0.81,node,2264793591,"{""name"": ""Century Riverside Hotel"", ""source"": ""survey"", ""tourism"": ""hotel""}",missing_capacity,70,80,70,55
osm_node_2264793596,OpenStreetMap Overpass API,https://overpass-api.de/api/interpreter,2026-05-19T16:07:17.102004+00:00,on_demand_mvp,OpenStreetMap data under ODbL; attribution required.,Overpass around destination coordinates,hue,Hue,Mandarin Cafe,restaurant,16.465498,107.5917125,0.22,node,2264793596,"{""amenity"": ""cafe"", ""name"": ""Mandarin Cafe"", ""source"": ""survey""}",missing_capacity,70,80,70,55
osm_node_2264793612,OpenStreetMap Overpass API,https://overpass-api.de/api/interpreter,2026-05-19T16:07:17.102091+00:00,on_demand_mvp,OpenStreetMap data under ODbL; attribution required.,Overpass around destination coordinates,hue,Hue,Xiao,restaurant,16.4675631,107.5745925,1.79,node,2264793612,"{""amenity"": ""cafe"", ""name"": ""Xiao"", ""name:de"": ""Xiao"", ""source"": ""survey"", ""wifi"": ""yes""}",missing_capacity,70,80,70,55
osm_node_2264793617,OpenStreetMap Overpass API,https://overpass-api.de/api/interpreter,2026-05-19T16:07:17.102173+00:00,on_demand_mvp,OpenStreetMap data under ODbL; attribution required.,Overpass around destination coordinates,hue,Hue,Les Jardins De La Carambole,restaurant,16.4651024,107.5756421,1.63,node,2264793617,"{""addr:housenumber"": ""32"", ""addr:street"": ""Đặng Trần Côn"", ""amenity"": ""restaurant"", ""contact:email"": ""jardins.carambole@gmail.com"", ""contact:phone"": ""(84.54) 3 54 88 15"", ""cuisine"": ""french;asian;pizza"", ""name"": ""Les Jardins De La Carambole"", ""name:de"": ""Les Jardins De La Carambole"", ""source"": ""survey"", ""website"": ""http://www.lesjardinsdelacarambole.com"", ""wifi"": ""yes""}",missing_capacity,70,80,70,55
osm_node_2264793625,OpenStreetMap Overpass API,https://overpass-api.de/api/interpreter,2026-05-19T16:07:17.102279+00:00,on_demand_mvp,OpenStreetMap data under ODbL; attribution required.,Overpass around destination coordinates,hue,Hue,Omar Khayyam,restaurant,16.4646216,107.592422,0.19,node,2264793625,"{""amenity"": ""restaurant"", ""name"": ""Omar Khayyam""}",missing_capacity,70,80,70,55
osm_node_2264793637,OpenStreetMap Overpass API,https://overpass-api.de/api/interpreter,2026-05-19T16:07:17.102366+00:00,on_demand_mvp,OpenStreetMap data under ODbL; attribution required.,Overpass around destination coordinates,hue,Hue,Imperial,hotel_osm,16.4660129,107.5917583,0.27,node,2264793637,"{""name"": ""Imperial"", ""source"": ""survey"", ""stars"": ""5"", ""tourism"": ""hotel""}",missing_capacity,70,80,70,55
osm_node_2264793638,OpenStreetMap Overpass API,https://overpass-api.de/api/interpreter,2026-05-19T16:07:17.102451+00:00,on_demand_mvp,OpenStreetMap data under ODbL; attribution required.,Overpass around destination coordinates,hue,Hue,Nina's Cafe,restaurant,16.4641052,107.5927076,0.2,node,2264793638,"{""addr:housenumber"": ""16"", ""addr:postcode"": ""530000"", ""addr:street"": ""Kiệt 34"", ""amenity"": ""restaurant"", ""cuisine"": ""regional;breakfast;ice_cream;crepe;tea;coffee_shop;local;noodles;pancake;curry;vietnamese"", ""internet_access"": ""wlan"", ""name"": ""Nina's Cafe"", ""opening_hours"": ""Mo-Su 08:00-22:00"", ""source"": ""survey"", ""wifi"": ""yes""}",missing_capacity,70,80,70,55
osm_node_2264793642,OpenStreetMap Overpass API,https://overpass-api.de/api/interpreter,2026-05-19T16:07:17.102549+00:00,on_demand_mvp,OpenStreetMap data under ODbL; attribution required.,Overpass around destination coordinates,hue,Hue,Thang Long,hotel_osm,16.4647719,107.5931446,0.27,node,2264793642,"{""name"": ""Thang Long"", ""source"": ""survey"", ""tourism"": ""hotel""}",missing_capacity,70,80,70,55
osm_node_2264793645,OpenStreetMap Overpass API,https://overpass-api.de/api/interpreter,2026-05-19T16:07:17.102631+00:00,on_demand_mvp,OpenStreetMap data under ODbL; attribution required.,Overpass around destination coordinates,hue,Hue,Gem,hotel_osm,16.4650355,107.5933243,0.3,node,2264793645,"{""name"": ""Gem"", ""source"": ""survey"", ""tourism"": ""hotel""}",missing_capacity,70,80,70,55
osm_node_2278073298,OpenStreetMap Overpass API,https://overpass-api.de/api/interpreter,2026-05-19T16:07:17.102711+00:00,on_demand_mvp,OpenStreetMap data under ODbL; attribution required.,Overpass around destination coordinates,hue,Hue,Audiophile cafe,restaurant,16.4799797,107.5814616,2.07,node,2278073298,"{""amenity"": ""cafe"", ""name"": ""Audiophile cafe"", ""name:de"": ""Audiophile cafe""}",missing_capacity,70,80,70,55
osm_node_2575992470,OpenStreetMap Overpass API,https://overpass-api.de/api/interpreter,2026-05-19T16:07:17.102794+00:00,on_demand_mvp,OpenStreetMap data under ODbL; attribution required.,Overpass around destination coordinates,hue,Hue,Biệt Phủ Thảo Nhi,restaurant,16.4097798,107.5883558,6.0,node,2575992470,"{""amenity"": ""restaurant"", ""name"": ""Biệt Phủ Thảo Nhi""}",missing_capacity,70,80,70,55
osm_node_2628520035,OpenStreetMap Overpass API,https://overpass-api.de/api/interpreter,2026-05-19T16:07:17.102880+00:00,on_demand_mvp,OpenStreetMap data under ODbL; attribution required.,Overpass around destination coordinates,hue,Hue,Bánh Bèo Nậm Lọc Bà Đỏ,restaurant,16.4823051,107.5892512,2.08,node,2628520035,"{""addr:street"": ""Nguyễn Bỉnh Khiêm"", ""amenity"": ""restaurant"", ""cuisine"": ""vietnamese"", ""name"": ""Bánh Bèo Nậm Lọc Bà Đỏ""}",missing_capacity,70,80,70,55
osm_node_2628520036,OpenStreetMap Overpass API,https://overpass-api.de/api/interpreter,2026-05-19T16:07:17.102963+00:00,on_demand_mvp,OpenStreetMap data under ODbL; attribution required.,Overpass around destination coordinates,hue,Hue,Cơm Ông Chử,restaurant,16.4681684,107.5943569,0.62,node,2628520036,"{""amenity"": ""restaurant"", ""cuisine"": ""vietnamese"", ""name"": ""Cơm Ông Chử""}",missing_capacity,70,80,70,55
osm_node_2660458338,OpenStreetMap Overpass API,https://overpass-api.de/api/interpreter,2026-05-19T16:07:17.103049+00:00,on_demand_mvp,OpenStreetMap data under ODbL; attribution required.,Overpass around destination coordinates,hue,Hue,Hoàng Trúc,restaurant,16.4721817,107.5806949,1.44,node,2660458338,"{""amenity"": ""restaurant"", ""cuisine"": ""vietnamese"", ""name"": ""Hoàng Trúc""}",missing_capacity,70,80,70,55
osm_node_2660458342,OpenStreetMap Overpass API,https://overpass-api.de/api/interpreter,2026-05-19T16:07:17.103190+00:00,on_demand_mvp,OpenStreetMap data under ODbL; attribution required.,Overpass around destination coordinates,hue,Hue,Vườn Đào,restaurant,16.4723341,107.5809207,1.43,node,2660458342,"{""amenity"": ""cafe"", ""cuisine"": ""vietnamese"", ""name"": ""Vườn Đào""}",missing_capacity,70,80,70,55
osm_node_2835672457,OpenStreetMap Overpass API,https://overpass-api.de/api/interpreter,2026-05-19T16:07:17.103283+00:00,on_demand_mvp,OpenStreetMap data under ODbL; attribution required.,Overpass around destination coordinates,hue,Hue,Hanh Dat,hotel_osm,16.4727268,107.6004428,1.43,node,2835672457,"{""name"": ""Hanh Dat"", ""tourism"": ""hotel""}",missing_capacity,70,80,70,55
osm_node_2899189013,OpenStreetMap Overpass API,https://overpass-api.de/api/interpreter,2026-05-19T16:07:17.103364+00:00,on_demand_mvp,OpenStreetMap data under ODbL; attribution required.,Overpass around destination coordinates,hue,Hue,Tử Cấm Thành,attraction,16.4694914,107.577755,1.54,node,2899189013,"{""historic"": ""castle"", ""name"": ""Tử Cấm Thành"", ""name:de"": ""Verbotene Purpurstadt"", ""name:en"": ""Purple Forbidden City"", ""name:id"": ""Kota Terlarang"", ""name:ru"": ""Запретный пурпурный город"", ""name:vi"": ""Tử Cấm Thành"", ""name:zh"": ""紫禁城"", ""tourism"": ""attraction""}",missing_capacity,70,80,70,55
osm_node_2984199038,OpenStreetMap Overpass API,https://overpass-api.de/api/interpreter,2026-05-19T16:07:17.103457+00:00,on_demand_mvp,OpenStreetMap data under ODbL; attribution required.,Overpass around destination coordinates,hue,Hue,Binh Duong 1,hotel_osm,16.464486,107.592743,0.22,node,2984199038,"{""name"": ""Binh Duong 1"", ""tourism"": ""hotel""}",missing_capacity,70,80,70,55
osm_node_2985405233,OpenStreetMap Overpass API,https://overpass-api.de/api/interpreter,2026-05-19T16:07:17.103532+00:00,on_demand_mvp,OpenStreetMap data under ODbL; attribution required.,Overpass around destination coordinates,hue,Hue,Festival,hotel_osm,16.460492,107.591433,0.36,node,2985405233,"{""name"": ""Festival"", ""tourism"": ""hotel""}",missing_capacity,70,80,70,55
osm_node_2985451133,OpenStreetMap Overpass API,https://overpass-api.de/api/interpreter,2026-05-19T16:07:17.103609+00:00,on_demand_mvp,OpenStreetMap data under ODbL; attribution required.,Overpass around destination coordinates,hue,Hue,Sông Xanh,restaurant,16.4724198,107.5957571,1.1,node,2985451133,"{""amenity"": ""cafe"", ""name"": ""Sông Xanh""}",missing_capacity,70,80,70,55
osm_node_2985540733,OpenStreetMap Overpass API,https://overpass-api.de/api/interpreter,2026-05-19T16:07:17.103691+00:00,on_demand_mvp,OpenStreetMap data under ODbL; attribution required.,Overpass around destination coordinates,hue,Hue,La Boulangerie Francaise,restaurant,16.4653095,107.5933237,0.31,node,2985540733,"{""addr:city"": ""Hue"", ""addr:housenumber"": ""46"", ""addr:street"": ""Nguyễn Tri Phương"", ""amenity"": ""cafe"", ""internet_access"": ""wlan"", ""name"": ""La Boulangerie Francaise"", ""name:en"": ""The French Bakery"", ""name:fr"": ""La Boulangerie Française"", ""phone"": ""+84 543 837 437"", ""shop"": ""bakery"", ""website"": ""http://www.laboulangeriefrancaise.org""}",missing_capacity,70,80,70,55
osm_node_2985542433,OpenStreetMap Overpass API,https://overpass-api.de/api/interpreter,2026-05-19T16:07:17.103820+00:00,on_demand_mvp,OpenStreetMap data under ODbL; attribution required.,Overpass around destination coordinates,hue,Hue,Phu An,hotel_osm,16.4651701,107.5932199,0.3,node,2985542433,"{""name"": ""Phu An"", ""tourism"": ""hotel""}",missing_capacity,70,80,70,55
osm_node_2985542434,OpenStreetMap Overpass API,https://overpass-api.de/api/interpreter,2026-05-19T16:07:17.103913+00:00,on_demand_mvp,OpenStreetMap data under ODbL; attribution required.,Overpass around destination coordinates,hue,Hue,Duy Tan,hotel_osm,16.465141,107.592072,0.2,node,2985542434,"{""name"": ""Duy Tan"", ""tourism"": ""hotel""}",missing_capacity,70,80,70,55
osm_node_2990958977,OpenStreetMap Overpass API,https://overpass-api.de/api/interpreter,2026-05-19T16:07:17.103999+00:00,on_demand_mvp,OpenStreetMap data under ODbL; attribution required.,Overpass around destination coordinates,hue,Hue,Canary Boutique Hotel,hotel_osm,16.4715538,107.5974083,1.12,node,2990958977,"{""addr:city"": ""Hue"", ""addr:housenumber"": ""8/43"", ""addr:street"": ""Nguyễn Công Trứ"", ""name"": ""Canary Boutique Hotel"", ""tourism"": ""hotel""}",missing_capacity,70,80,70,55
osm_node_3062639748,OpenStreetMap Overpass API,https://overpass-api.de/api/interpreter,2026-05-19T16:07:17.104094+00:00,on_demand_mvp,OpenStreetMap data under ODbL; attribution required.,Overpass around destination coordinates,hue,Hue,Mr Ken Coffee,restaurant,16.4779022,107.5779778,2.1,node,3062639748,"{""amenity"": ""cafe"", ""cuisine"": ""regional"", ""name"": ""Mr Ken Coffee""}",missing_capacity,70,80,70,55
osm_node_3062718015,OpenStreetMap Overpass API,https://overpass-api.de/api/interpreter,2026-05-19T16:07:17.104185+00:00,on_demand_mvp,OpenStreetMap data under ODbL; attribution required.,Overpass around destination coordinates,hue,Hue,Holiday Diamond Hotel,hotel_osm,16.4714494,107.5954258,0.99,node,3062718015,"{""name"": ""Holiday Diamond Hotel"", ""tourism"": ""hotel""}",missing_capacity,70,80,70,55
osm_node_3307229661,OpenStreetMap Overpass API,https://overpass-api.de/api/interpreter,2026-05-19T16:07:17.104272+00:00,on_demand_mvp,OpenStreetMap data under ODbL; attribution required.,Overpass around destination coordinates,hue,Hue,Risotto Restaurant,restaurant,16.4719303,107.5955931,1.04,node,3307229661,"{""addr:housenumber"": ""14"", ""addr:street"": ""Nguyen Cong Tru"", ""amenity"": ""restaurant"", ""cuisine"": ""vietnamese;italian"", ""internet_access"": ""wlan"", ""internet_access:fee"": ""no"", ""name"": ""Risotto Restaurant""}",missing_capacity,70,80,70,55
osm_node_3319583928,OpenStreetMap Overpass API,https://overpass-api.de/api/interpreter,2026-05-19T16:07:17.104356+00:00,on_demand_mvp,OpenStreetMap data under ODbL; attribution required.,Overpass around destination coordinates,hue,Hue,Y Thao Garden Restaurant,restaurant,16.4682813,107.5674988,2.55,node,3319583928,"{""addr:housenumber"": ""3"", ""addr:street"": ""Thạch Hãn"", ""amenity"": ""restaurant"", ""cuisine"": ""regional"", ""email"": ""ythaogarden@gmail.com"", ""name"": ""Y Thao Garden Restaurant"", ""phone"": ""+84 54 3523 018""}",missing_capacity,70,80,70,55
osm_node_3498773523,OpenStreetMap Overpass API,https://overpass-api.de/api/interpreter,2026-05-19T16:07:17.104454+00:00,on_demand_mvp,OpenStreetMap data under ODbL; attribution required.,Overpass around destination coordinates,hue,Hue,Stop & Go Café,restaurant,16.466711,107.5913649,0.34,node,3498773523,"{""addr:city"": ""Hue"", ""addr:housenumber"": ""3"", ""addr:street"": ""Hùng Vương"", ""amenity"": ""restaurant"", ""name"": ""Stop & Go Café"", ""website"": ""https://stopandgo-hue.com/""}",missing_capacity,70,80,70,55
osm_node_3561439983,OpenStreetMap Overpass API,https://overpass-api.de/api/interpreter,2026-05-19T16:07:17.104549+00:00,on_demand_mvp,OpenStreetMap data under ODbL; attribution required.,Overpass around destination coordinates,hue,Hue,Vina Hotel Hue,hotel_osm,16.4714312,107.5973016,1.1,node,3561439983,"{""addr:city"": ""Hue Thua Thien-Hue"", ""addr:housenumber"": ""57"", ""addr:street"": ""Nguyễn Công Trứ"", ""addr:subdistrict"": ""Hue Thua Thien-Hue"", ""name"": ""Vina Hotel Hue"", ""tourism"": ""hotel""}",missing_capacity,70,80,70,55
osm_node_3681631725,OpenStreetMap Overpass API,https://overpass-api.de/api/interpreter,2026-05-19T16:07:17.104635+00:00,on_demand_mvp,OpenStreetMap data under ODbL; attribution required.,Overpass around destination coordinates,hue,Hue,Thanh An,hotel_osm,16.463126,107.589712,0.14,node,3681631725,"{""addr:city"": ""Hue"", ""addr:country"": ""VN"", ""addr:state"": ""VIE"", ""addr:street"": ""Ngô Quyền"", ""internet_access"": ""wlan"", ""internet_access:fee"": ""no"", ""name"": ""Thanh An"", ""tourism"": ""hotel"", ""wheelchair"": ""limited""}",missing_capacity,70,80,70,55
osm_node_3712349278,OpenStreetMap Overpass API,https://overpass-api.de/api/interpreter,2026-05-19T16:07:17.104738+00:00,on_demand_mvp,OpenStreetMap data under ODbL; attribution required.,Overpass around destination coordinates,hue,Hue,Zone 7 Coffee & Restaurant,restaurant,16.4604307,107.598596,0.9,node,3712349278,"{""addr:city"": ""Huế"", ""addr:housenumber"": ""01"", ""addr:province"": ""Thừa Thiên Huế"", ""addr:street"": ""Phong Châu"", ""addr:subdistrict"": ""Phú Hội"", ""amenity"": ""cafe"", ""cuisine"": ""coffee_shop"", ""internet_access"": ""yes"", ""name"": ""Zone 7 Coffee & Restaurant"", ""opening_hours"": ""06:00-23:00"", ""phone"": ""0905770899"", ""smoking"": ""outside""}",missing_capacity,70,80,70,55
osm_node_3733225092,OpenStreetMap Overpass API,https://overpass-api.de/api/interpreter,2026-05-19T16:07:17.104881+00:00,on_demand_mvp,OpenStreetMap data under ODbL; attribution required.,Overpass around destination coordinates,hue,Hue,Hong Thien 1 Hotel,hotel_osm,16.4692111,107.5963379,0.84,node,3733225092,"{""addr:city"": ""Hue"", ""addr:district"": ""thanh pho hue"", ""addr:housenumber"": ""35/6"", ""addr:postcode"": ""234"", ""addr:province"": ""Thừa Thiên Huế"", ""addr:street"": ""Chu Văn An"", ""addr:subdistrict"": ""Phú Hội"", ""check_date"": ""2025-07-05"", ""ele"": ""5"", ""internet_access"": ""wlan"", ""name"": ""Hong Thien 1 Hotel"", ""name:vi"": ""Hong Thien 1 Hotel"", ""phone"": ""+84 54 3947 474"", ""tourism"": ""hotel"", ""website"": ""http://hongthienhotel.com/ht1/""}",missing_capacity,70,80,70,55
osm_node_3758450148,OpenStreetMap Overpass API,https://overpass-api.de/api/interpreter,2026-05-19T16:07:17.104988+00:00,on_demand_mvp,OpenStreetMap data under ODbL; attribution required.,Overpass around destination coordinates,hue,Hue,Cà phê Cảnh Viên,restaurant,16.4906992,107.5738025,3.51,node,3758450148,"{""amenity"": ""cafe"", ""name"": ""Cà phê Cảnh Viên""}",missing_capacity,70,80,70,55
osm_node_4016190378,OpenStreetMap Overpass API,https://overpass-api.de/api/interpreter,2026-05-19T16:07:17.105070+00:00,on_demand_mvp,OpenStreetMap data under ODbL; attribution required.,Overpass around destination coordinates,hue,Hue,An Hoa Bus Station,transport_hub,16.4790441,107.5573455,3.96,node,4016190378,"{""amenity"": ""bus_station"", ""name"": ""An Hoa Bus Station""}",missing_capacity,70,80,70,55
osm_node_4119810589,OpenStreetMap Overpass API,https://overpass-api.de/api/interpreter,2026-05-19T16:07:17.105333+00:00,on_demand_mvp,OpenStreetMap data under ODbL; attribution required.,Overpass around destination coordinates,hue,Hue,Pallet Restaurant,restaurant,16.4646717,107.5929548,0.24,node,4119810589,"{""addr:housenumber"": ""7/34"", ""addr:street"": ""Nguyễn Tri Phương"", ""amenity"": ""restaurant"", ""cuisine"": ""vietnamese"", ""internet_access"": ""wlan"", ""name"": ""Pallet Restaurant"", ""website"": ""http://hr-hr.pchelplinebd.comwww.fb.me/palletspub#_=_""}",missing_capacity,70,80,70,55
osm_node_4148396689,OpenStreetMap Overpass API,https://overpass-api.de/api/interpreter,2026-05-19T16:07:17.105509+00:00,on_demand_mvp,OpenStreetMap data under ODbL; attribution required.,Overpass around destination coordinates,hue,Hue,Cherish Hotel,hotel_osm,16.4644442,107.5948295,0.43,node,4148396689,"{""addr:housenumber"": ""57"", ""addr:street"": ""Bến Nghé"", ""internet_access"": ""wlan"", ""name"": ""Cherish Hotel"", ""tourism"": ""hotel""}",missing_capacity,70,80,70,55
osm_node_4155356589,OpenStreetMap Overpass API,https://overpass-api.de/api/interpreter,2026-05-19T16:07:17.105646+00:00,on_demand_mvp,OpenStreetMap data under ODbL; attribution required.,Overpass around destination coordinates,hue,Hue,Khe Sanh Homestay,hotel_osm,16.4712388,107.5976493,1.1,node,4155356589,"{""name"": ""Khe Sanh Homestay"", ""tourism"": ""guest_house""}",missing_capacity,70,80,70,55
osm_node_4156824589,OpenStreetMap Overpass API,https://overpass-api.de/api/interpreter,2026-05-19T16:07:17.105757+00:00,on_demand_mvp,OpenStreetMap data under ODbL; attribution required.,Overpass around destination coordinates,hue,Hue,Jade Hotel,hotel_osm,16.4646678,107.593736,0.32,node,4156824589,"{""addr:city"": ""Huế"", ""addr:housenumber"": ""43"", ""addr:street"": ""Hung Vuong"", ""name"": ""Jade Hotel"", ""tourism"": ""hotel""}",missing_capacity,70,80,70,55
osm_node_4157403490,OpenStreetMap Overpass API,https://overpass-api.de/api/interpreter,2026-05-19T16:07:17.105868+00:00,on_demand_mvp,OpenStreetMap data under ODbL; attribution required.,Overpass around destination coordinates,hue,Hue,Bigben,restaurant,16.4648343,107.5925886,0.22,node,4157403490,"{""amenity"": ""restaurant"", ""name"": ""Bigben""}",missing_capacity,70,80,70,55
osm_node_4157428189,OpenStreetMap Overpass API,https://overpass-api.de/api/interpreter,2026-05-19T16:07:17.105963+00:00,on_demand_mvp,OpenStreetMap data under ODbL; attribution required.,Overpass around destination coordinates,hue,Hue,You & Me,restaurant,16.4663959,107.5927042,0.36,node,4157428189,"{""amenity"": ""restaurant"", ""name"": ""You & Me""}",missing_capacity,70,80,70,55
osm_node_4159017391,OpenStreetMap Overpass API,https://overpass-api.de/api/interpreter,2026-05-19T16:07:17.106052+00:00,on_demand_mvp,OpenStreetMap data under ODbL; attribution required.,Overpass around destination coordinates,hue,Hue,Guesthouse B&B,hotel_osm,16.464793,107.5932735,0.28,node,4159017391,"{""name"": ""Guesthouse B&B"", ""tourism"": ""guest_house""}",missing_capacity,70,80,70,55
osm_node_4168522789,OpenStreetMap Overpass API,https://overpass-api.de/api/interpreter,2026-05-19T16:07:17.106139+00:00,on_demand_mvp,OpenStreetMap data under ODbL; attribution required.,Overpass around destination coordinates,hue,Hue,Lucky Homestay,hotel_osm,16.4668146,107.5931679,0.42,node,4168522789,"{""addr:housenumber"": ""46"", ""addr:street"": ""Trần Cao Vân"", ""internet_access"": ""wlan"", ""name"": ""Lucky Homestay"", ""opening_hours"": ""24/7"", ""phone"": ""084966995732"", ""tourism"": ""hostel""}",missing_capacity,70,80,70,55
osm_node_4186879595,OpenStreetMap Overpass API,https://overpass-api.de/api/interpreter,2026-05-19T16:07:17.106249+00:00,on_demand_mvp,OpenStreetMap data under ODbL; attribution required.,Overpass around destination coordinates,hue,Hue,hue serene palace hotel,hotel_osm,16.4703151,107.5972846,1.0,node,4186879595,"{""name"": ""hue serene palace hotel"", ""tourism"": ""hotel""}",missing_capacity,70,80,70,55
osm_node_4196392989,OpenStreetMap Overpass API,https://overpass-api.de/api/interpreter,2026-05-19T16:07:17.106336+00:00,on_demand_mvp,OpenStreetMap data under ODbL; attribution required.,Overpass around destination coordinates,hue,Hue,Thai Binh 2,hotel_osm,16.4656206,107.5907885,0.21,node,4196392989,"{""addr:city"": ""Huế"", ""addr:housenumber"": ""2"", ""addr:street"": ""Lương Thế Vinh"", ""name"": ""Thai Binh 2"", ""stars"": ""2"", ""tourism"": ""hotel""}",missing_capacity,70,80,70,55
osm_node_4196910690,OpenStreetMap Overpass API,https://overpass-api.de/api/interpreter,2026-05-19T16:07:17.106438+00:00,on_demand_mvp,OpenStreetMap data under ODbL; attribution required.,Overpass around destination coordinates,hue,Hue,Nhat Le Hotel,hotel_osm,16.4648397,107.5911108,0.13,node,4196910690,"{""addr:housenumber"": ""6A/34"", ""addr:street"": ""Nguyễn Tri Phương"", ""name"": ""Nhat Le Hotel"", ""tourism"": ""hotel""}",missing_capacity,70,80,70,55
osm_node_4220719090,OpenStreetMap Overpass API,https://overpass-api.de/api/interpreter,2026-05-19T16:07:17.106530+00:00,on_demand_mvp,OpenStreetMap data under ODbL; attribution required.,Overpass around destination coordinates,hue,Hue,Hangout Coffee & Bar,restaurant,16.465335,107.5933667,0.32,node,4220719090,"{""addr:housenumber"": ""48"", ""addr:street"": ""Nguyễn Tri Phương"", ""amenity"": ""cafe"", ""cuisine"": ""tea;vietnamese;italian_pizza;coffee_shop"", ""email"": ""HangoutCoffeeHue@outlook.com"", ""internet_access"": ""wlan"", ""name"": ""Hangout Coffee & Bar"", ""name:en"": ""Hangout Coffee & Bar"", ""name:vi"": ""Hangout Coffee & Bar"", ""opening_hours"": ""Mo-Su 06:45-23:45"", ""website"": ""https://www.facebook.com/HangoutCoffeeHue/""}",missing_capacity,70,80,70,55
osm_node_4228100593,OpenStreetMap Overpass API,https://overpass-api.de/api/interpreter,2026-05-19T16:07:17.106638+00:00,on_demand_mvp,OpenStreetMap data under ODbL; attribution required.,Overpass around destination coordinates,hue,Hue,Cozy Hue Hotel,hotel_osm,16.469913,107.5968544,0.94,node,4228100593,"{""internet_access"": ""wlan"", ""name"": ""Cozy Hue Hotel"", ""tourism"": ""hotel"", ""was:name"": ""Grace Hotel""}",missing_capacity,70,80,70,55
osm_node_4228230889,OpenStreetMap Overpass API,https://overpass-api.de/api/interpreter,2026-05-19T16:07:17.106723+00:00,on_demand_mvp,OpenStreetMap data under ODbL; attribution required.,Overpass around destination coordinates,hue,Hue,Oasis hostel,hotel_osm,16.4694657,107.5937308,0.71,node,4228230889,"{""name"": ""Oasis hostel"", ""tourism"": ""hostel""}",missing_capacity,70,80,70,55
osm_node_4233774189,OpenStreetMap Overpass API,https://overpass-api.de/api/interpreter,2026-05-19T16:07:17.106799+00:00,on_demand_mvp,OpenStreetMap data under ODbL; attribution required.,Overpass around destination coordinates,hue,Hue,Jade Hotel,hotel_osm,16.4645423,107.5935062,0.29,node,4233774189,"{""addr:housenumber"": ""43"", ""addr:street"": ""Hùng Vương"", ""internet_access"": ""wlan"", ""name"": ""Jade Hotel"", ""tourism"": ""hotel""}",missing_capacity,70,80,70,55
osm_node_4246751228,OpenStreetMap Overpass API,https://overpass-api.de/api/interpreter,2026-05-19T16:07:17.106885+00:00,on_demand_mvp,OpenStreetMap data under ODbL; attribution required.,Overpass around destination coordinates,hue,Hue,Time cafe,restaurant,16.4642663,107.5873415,0.38,node,4246751228,"{""amenity"": ""cafe"", ""name"": ""Time cafe""}",missing_capacity,70,80,70,55
osm_node_4247558393,OpenStreetMap Overpass API,https://overpass-api.de/api/interpreter,2026-05-19T16:07:17.106961+00:00,on_demand_mvp,OpenStreetMap data under ODbL; attribution required.,Overpass around destination coordinates,hue,Hue,Vọng cảnh,hotel_osm,16.4645471,107.5940084,0.34,node,4247558393,"{""name"": ""Vọng cảnh"", ""tourism"": ""hotel""}",missing_capacity,70,80,70,55
osm_node_1527934304,OpenStreetMap Overpass API,https://overpass-api.de/api/interpreter,2026-05-19T16:07:22.032603+00:00,on_demand_mvp,OpenStreetMap data under ODbL; attribution required.,Overpass around destination coordinates,quy_nhon,Quy Nhon,Khách sạn Sài Gòn Quy Nhơn,hotel_osm,13.7709541,109.2342493,1.7,node,1527934304,"{""name"": ""Khách sạn Sài Gòn Quy Nhơn"", ""tourism"": ""hotel""}",missing_capacity,70,80,70,55
osm_node_1532249217,OpenStreetMap Overpass API,https://overpass-api.de/api/interpreter,2026-05-19T16:07:22.032910+00:00,on_demand_mvp,OpenStreetMap data under ODbL; attribution required.,Overpass around destination coordinates,quy_nhon,Quy Nhon,BẢO TÀNG TƯ NHÂN GỐM CỔ GÒ SÀNH VIJAYA - CHAMPA - BÌNH ĐỊNH,attraction,13.7734048,109.2273345,1.92,node,1532249217,"{""name"": ""BẢO TÀNG TƯ NHÂN GỐM CỔ GÒ SÀNH VIJAYA - CHAMPA - BÌNH ĐỊNH"", ""tourism"": ""museum""}",missing_capacity,70,80,70,55
osm_node_1534833900,OpenStreetMap Overpass API,https://overpass-api.de/api/interpreter,2026-05-19T16:07:22.033038+00:00,on_demand_mvp,OpenStreetMap data under ODbL; attribution required.,Overpass around destination coordinates,quy_nhon,Quy Nhon,Bến xe khách Quy Nhơn,transport_hub,13.7533396,109.2089074,2.27,node,1534833900,"{""amenity"": ""bus_station"", ""bus"": ""yes"", ""name"": ""Bến xe khách Quy Nhơn"", ""name:en"": ""Quy Nhon Bus Station"", ""name:vi"": ""Bến xe"", ""public_transport"": ""station""}",missing_capacity,70,80,70,55
osm_node_1636134720,OpenStreetMap Overpass API,https://overpass-api.de/api/interpreter,2026-05-19T16:07:22.033174+00:00,on_demand_mvp,OpenStreetMap data under ODbL; attribution required.,Overpass around destination coordinates,quy_nhon,Quy Nhon,Bãi Tắm Hoàng Hậu,attraction,13.742535,109.215564,2.16,node,1636134720,"{""name"": ""Bãi Tắm Hoàng Hậu"", ""tourism"": ""viewpoint""}",missing_capacity,70,80,70,55
osm_node_1636134793,OpenStreetMap Overpass API,https://overpass-api.de/api/interpreter,2026-05-19T16:07:22.033270+00:00,on_demand_mvp,OpenStreetMap data under ODbL; attribution required.,Overpass around destination coordinates,quy_nhon,Quy Nhon,Trại Phong Quy Hòa,attraction,13.7239582,109.217588,3.83,node,1636134793,"{""name"": ""Trại Phong Quy Hòa"", ""tourism"": ""viewpoint""}",missing_capacity,70,80,70,55
osm_node_1636139793,OpenStreetMap Overpass API,https://overpass-api.de/api/interpreter,2026-05-19T16:07:22.033356+00:00,on_demand_mvp,OpenStreetMap data under ODbL; attribution required.,Overpass around destination coordinates,quy_nhon,Quy Nhon,Trại Phong Quy Hòa,attraction,13.7267079,109.2175775,3.54,node,1636139793,"{""name"": ""Trại Phong Quy Hòa"", ""tourism"": ""viewpoint""}",missing_capacity,70,80,70,55
osm_node_1747794983,OpenStreetMap Overpass API,https://overpass-api.de/api/interpreter,2026-05-19T16:07:22.033451+00:00,on_demand_mvp,OpenStreetMap data under ODbL; attribution required.,Overpass around destination coordinates,quy_nhon,Quy Nhon,Hoang Huy,hotel_osm,13.7481253,109.2139628,1.93,node,1747794983,"{""name"": ""Hoang Huy"", ""tourism"": ""hotel""}",missing_capacity,70,80,70,55
osm_node_2175314586,OpenStreetMap Overpass API,https://overpass-api.de/api/interpreter,2026-05-19T16:07:22.033531+00:00,on_demand_mvp,OpenStreetMap data under ODbL; attribution required.,Overpass around destination coordinates,quy_nhon,Quy Nhon,Hai Huong Hotel,hotel_osm,13.7519796,109.2108259,2.09,node,2175314586,"{""name"": ""Hai Huong Hotel"", ""tourism"": ""hotel""}",missing_capacity,70,80,70,55
osm_node_3850502771,OpenStreetMap Overpass API,https://overpass-api.de/api/interpreter,2026-05-19T16:07:22.033612+00:00,on_demand_mvp,OpenStreetMap data under ODbL; attribution required.,Overpass around destination coordinates,quy_nhon,Quy Nhon,Gió biển,restaurant,13.7626784,109.2232653,0.99,node,3850502771,"{""amenity"": ""restaurant"", ""name"": ""Gió biển""}",missing_capacity,70,80,70,55
osm_node_3850502772,OpenStreetMap Overpass API,https://overpass-api.de/api/interpreter,2026-05-19T16:07:22.033696+00:00,on_demand_mvp,OpenStreetMap data under ODbL; attribution required.,Overpass around destination coordinates,quy_nhon,Quy Nhon,Tính Tam (Chay),restaurant,13.7742272,109.2300254,1.99,node,3850502772,"{""amenity"": ""restaurant"", ""name"": ""Tính Tam (Chay)"", ""name:en"": ""Tính Tam (Vegetarian)""}",missing_capacity,70,80,70,55
osm_node_3850506269,OpenStreetMap Overpass API,https://overpass-api.de/api/interpreter,2026-05-19T16:07:22.033776+00:00,on_demand_mvp,OpenStreetMap data under ODbL; attribution required.,Overpass around destination coordinates,quy_nhon,Quy Nhon,Thanh Vân,restaurant,13.7746721,109.2301115,2.04,node,3850506269,"{""addr:housenumber"": ""159"", ""amenity"": ""restaurant"", ""name"": ""Thanh Vân""}",missing_capacity,70,80,70,55
osm_node_3850506998,OpenStreetMap Overpass API,https://overpass-api.de/api/interpreter,2026-05-19T16:07:22.033857+00:00,on_demand_mvp,OpenStreetMap data under ODbL; attribution required.,Overpass around destination coordinates,quy_nhon,Quy Nhon,M cafe,restaurant,13.7801286,109.2281364,2.65,node,3850506998,"{""amenity"": ""cafe"", ""name"": ""M cafe""}",missing_capacity,70,80,70,55
osm_node_3850507318,OpenStreetMap Overpass API,https://overpass-api.de/api/interpreter,2026-05-19T16:07:22.033935+00:00,on_demand_mvp,OpenStreetMap data under ODbL; attribution required.,Overpass around destination coordinates,quy_nhon,Quy Nhon,Tam thien,restaurant,13.7734845,109.2296955,1.91,node,3850507318,"{""amenity"": ""restaurant"", ""name"": ""Tam thien""}",missing_capacity,70,80,70,55
osm_node_4119717537,OpenStreetMap Overpass API,https://overpass-api.de/api/interpreter,2026-05-19T16:07:22.034015+00:00,on_demand_mvp,OpenStreetMap data under ODbL; attribution required.,Overpass around destination coordinates,quy_nhon,Quy Nhon,Bún Cá NGỌC LIÊN,restaurant,13.7651481,109.2244604,1.13,node,4119717537,"{""amenity"": ""restaurant"", ""name"": ""Bún Cá NGỌC LIÊN""}",missing_capacity,70,80,70,55
osm_node_4119717538,OpenStreetMap Overpass API,https://overpass-api.de/api/interpreter,2026-05-19T16:07:22.034094+00:00,on_demand_mvp,OpenStreetMap data under ODbL; attribution required.,Overpass around destination coordinates,quy_nhon,Quy Nhon,Ý Linh,hotel_osm,13.7710378,109.2359423,1.77,node,4119717538,"{""addr:housenumber"": ""18"", ""addr:street"": ""Nguyễn Huệ"", ""name"": ""Ý Linh"", ""opening_hours"": ""24/7"", ""phone"": ""84 0563894455"", ""tourism"": ""hotel""}",missing_capacity,70,80,70,55
osm_node_4172034894,OpenStreetMap Overpass API,https://overpass-api.de/api/interpreter,2026-05-19T16:07:22.034183+00:00,on_demand_mvp,OpenStreetMap data under ODbL; attribution required.,Overpass around destination coordinates,quy_nhon,Quy Nhon,Khu du lịch Ghềnh Ráng,attraction,13.7433186,109.2147633,2.16,node,4172034894,"{""name"": ""Khu du lịch Ghềnh Ráng"", ""tourism"": ""attraction""}",missing_capacity,70,80,70,55
osm_node_4186813390,OpenStreetMap Overpass API,https://overpass-api.de/api/interpreter,2026-05-19T16:07:22.034267+00:00,on_demand_mvp,OpenStreetMap data under ODbL; attribution required.,Overpass around destination coordinates,quy_nhon,Quy Nhon,Thanh Linh 1,hotel_osm,13.7643505,109.2233548,1.13,node,4186813390,"{""addr:housenumber"": ""148"", ""addr:street"": ""Nguyễn Huệ"", ""email"": ""thanhlinhquynhon@gmail.com"", ""internet_access"": ""wlan"", ""name"": ""Thanh Linh 1"", ""opening_hours"": ""24/7"", ""phone"": ""+84563825885"", ""tourism"": ""hotel"", ""website"": ""www.thanhlinhhotel.com""}",missing_capacity,70,80,70,55
osm_node_4186815889,OpenStreetMap Overpass API,https://overpass-api.de/api/interpreter,2026-05-19T16:07:22.034367+00:00,on_demand_mvp,OpenStreetMap data under ODbL; attribution required.,Overpass around destination coordinates,quy_nhon,Quy Nhon,Aurora Villas,hotel_osm,13.7116104,109.2213567,5.05,node,4186815889,"{""addr:housenumber"": ""Km15"", ""addr:street"": ""Quốc lộ 1D"", ""email"": ""sales@auroravillas.com.vn"", ""internet_access"": ""wlan"", ""name"": ""Aurora Villas"", ""opening_hours"": ""24/7"", ""phone"": ""+84563876969"", ""tourism"": ""hotel"", ""website"": ""www.auroravillas.com.vn""}",missing_capacity,70,80,70,55
osm_node_4259837989,OpenStreetMap Overpass API,https://overpass-api.de/api/interpreter,2026-05-19T16:07:22.034462+00:00,on_demand_mvp,OpenStreetMap data under ODbL; attribution required.,Overpass around destination coordinates,quy_nhon,Quy Nhon,Gazebos,attraction,13.7449631,109.2145906,2.06,node,4259837989,"{""name"": ""Gazebos"", ""tourism"": ""viewpoint""}",missing_capacity,70,80,70,55
osm_node_4283665790,OpenStreetMap Overpass API,https://overpass-api.de/api/interpreter,2026-05-19T16:07:22.034538+00:00,on_demand_mvp,OpenStreetMap data under ODbL; attribution required.,Overpass around destination coordinates,quy_nhon,Quy Nhon,Hong Kong Hotel,hotel_osm,13.7534231,109.2098915,2.16,node,4283665790,"{""internet_access"": ""wlan"", ""name"": ""Hong Kong Hotel"", ""tourism"": ""hotel""}",missing_capacity,70,80,70,55
osm_node_4324803393,OpenStreetMap Overpass API,https://overpass-api.de/api/interpreter,2026-05-19T16:07:22.034613+00:00,on_demand_mvp,OpenStreetMap data under ODbL; attribution required.,Overpass around destination coordinates,quy_nhon,Quy Nhon,Hoàng Nam ks good,hotel_osm,13.7620479,109.2187995,1.34,node,4324803393,"{""name"": ""Hoàng Nam ks good"", ""tourism"": ""hotel""}",missing_capacity,70,80,70,55
osm_node_4349925190,OpenStreetMap Overpass API,https://overpass-api.de/api/interpreter,2026-05-19T16:07:22.034689+00:00,on_demand_mvp,OpenStreetMap data under ODbL; attribution required.,Overpass around destination coordinates,quy_nhon,Quy Nhon,Thanh Tâm,restaurant,13.7636515,109.2162893,1.66,node,4349925190,"{""amenity"": ""restaurant"", ""cuisine"": ""vietnamese"", ""diet:vegan"": ""yes"", ""diet:vegetarian"": ""yes"", ""name"": ""Thanh Tâm""}",missing_capacity,70,80,70,55
osm_node_4380622192,OpenStreetMap Overpass API,https://overpass-api.de/api/interpreter,2026-05-19T16:07:22.034770+00:00,on_demand_mvp,OpenStreetMap data under ODbL; attribution required.,Overpass around destination coordinates,quy_nhon,Quy Nhon,6 cò,hotel_osm,13.7905793,109.2005657,4.94,node,4380622192,"{""addr:street"": ""Bùi Cầm Hồ"", ""name"": ""6 cò"", ""name:vi"": ""6 cò"", ""tourism"": ""guest_house""}",missing_capacity,70,80,70,55
osm_node_4443392592,OpenStreetMap Overpass API,https://overpass-api.de/api/interpreter,2026-05-19T16:07:22.034848+00:00,on_demand_mvp,OpenStreetMap data under ODbL; attribution required.,Overpass around destination coordinates,quy_nhon,Quy Nhon,buratino,restaurant,13.7643475,109.2141988,1.9,node,4443392592,"{""addr:housenumber"": ""380"", ""addr:street"": ""Nguyễn Thái Học"", ""amenity"": ""restaurant"", ""cuisine"": ""italian_pizza;italian"", ""internet_access"": ""wlan"", ""name"": ""buratino"", ""name:en"": ""Buratino"", ""name:vi"": ""buratino""}",missing_capacity,70,80,70,55
osm_node_4444124998,OpenStreetMap Overpass API,https://overpass-api.de/api/interpreter,2026-05-19T16:07:22.034929+00:00,on_demand_mvp,OpenStreetMap data under ODbL; attribution required.,Overpass around destination coordinates,quy_nhon,Quy Nhon,Nha Hang Huong Viet,restaurant,13.7718048,109.2397331,2.04,node,4444124998,"{""addr:housenumber"": ""122"", ""addr:street"": ""Xuân Diệu"", ""amenity"": ""restaurant"", ""cuisine"": ""vietnamese;seafood"", ""internet_access"": ""wlan"", ""name"": ""Nha Hang Huong Viet"", ""opening_hours"": ""Mo-Su 10:00-22:00"", ""phone"": ""+84563894599"", ""website"": ""http://www.nhahanghuongvietquynhon.net""}",missing_capacity,70,80,70,55
osm_node_4502629489,OpenStreetMap Overpass API,https://overpass-api.de/api/interpreter,2026-05-19T16:07:22.035015+00:00,on_demand_mvp,OpenStreetMap data under ODbL; attribution required.,Overpass around destination coordinates,quy_nhon,Quy Nhon,Thức Cafe,restaurant,13.7579395,109.215553,1.54,node,4502629489,"{""addr:housenumber"": ""lô 13"", ""addr:postcode"": ""056"", ""addr:street"": ""Lâm Văn Thạnh"", ""amenity"": ""cafe"", ""cuisine"": ""coffee_shop"", ""email"": ""coofee79@gmail.com"", ""internet_access"": ""wlan"", ""name"": ""Thức Cafe"", ""name:en"": ""Thức Cafe"", ""opening_hours"": ""24/7"", ""operator"": ""Trung tâm cafe rang xay"", ""phone"": ""0905340424""}",missing_capacity,70,80,70,55
osm_node_4566103490,OpenStreetMap Overpass API,https://overpass-api.de/api/interpreter,2026-05-19T16:07:22.035099+00:00,on_demand_mvp,OpenStreetMap data under ODbL; attribution required.,Overpass around destination coordinates,quy_nhon,Quy Nhon,Cafe Boy,restaurant,13.7764814,109.2223742,2.38,node,4566103490,"{""addr:housenumber"": ""18"", ""addr:street"": ""Nguyễn Tất Thành"", ""amenity"": ""cafe"", ""cuisine"": ""coffee_shop"", ""internet_access"": ""wlan"", ""name"": ""Cafe Boy"", ""opening_hours"": ""Mo-Su 05:00-11:00"", ""phone"": ""0905704135""}",missing_capacity,70,80,70,55
osm_node_4567091989,OpenStreetMap Overpass API,https://overpass-api.de/api/interpreter,2026-05-19T16:07:22.035196+00:00,on_demand_mvp,OpenStreetMap data under ODbL; attribution required.,Overpass around destination coordinates,quy_nhon,Quy Nhon,Út Lợi,restaurant,13.7858488,109.2183471,3.51,node,4567091989,"{""addr:housenumber"": ""25"", ""addr:street"": ""Hoa Lư"", ""amenity"": ""restaurant"", ""cuisine"": ""fine_dining"", ""internet_access"": ""wlan"", ""name"": ""Út Lợi"", ""name:en"": ""Út Lợi Retaurant"", ""opening_hours"": ""Mo-Su 10:00-22:00""}",missing_capacity,70,80,70,55
osm_node_4597209392,OpenStreetMap Overpass API,https://overpass-api.de/api/interpreter,2026-05-19T16:07:22.035273+00:00,on_demand_mvp,OpenStreetMap data under ODbL; attribution required.,Overpass around destination coordinates,quy_nhon,Quy Nhon,MOKA CẦU ĐÔI,restaurant,13.786665,109.2051053,4.3,node,4597209392,"{""addr:housenumber"": ""1273_1275"", ""addr:street"": ""Trần Hưng Đạo"", ""amenity"": ""cafe"", ""internet_access"": ""wlan"", ""name"": ""MOKA CẦU ĐÔI"", ""name:vi"": ""MOKA CẦU ĐÔI""}",missing_capacity,70,80,70,55
osm_node_4597216592,OpenStreetMap Overpass API,https://overpass-api.de/api/interpreter,2026-05-19T16:07:22.035344+00:00,on_demand_mvp,OpenStreetMap data under ODbL; attribution required.,Overpass around destination coordinates,quy_nhon,Quy Nhon,Ngói đỏ,restaurant,13.7856464,109.2034001,4.33,node,4597216592,"{""amenity"": ""cafe"", ""internet_access"": ""wlan"", ""name"": ""Ngói đỏ"", ""name:vi"": ""Ngói đỏ"", ""opening_hours"": ""Mo-Su 06:00-19:00""}",missing_capacity,70,80,70,55
osm_node_4597225989,OpenStreetMap Overpass API,https://overpass-api.de/api/interpreter,2026-05-19T16:07:22.035413+00:00,on_demand_mvp,OpenStreetMap data under ODbL; attribution required.,Overpass around destination coordinates,quy_nhon,Quy Nhon,Cầu Đôi,restaurant,13.7868026,109.2051042,4.31,node,4597225989,"{""addr:housenumber"": ""1273"", ""addr:street"": ""Trần Hưng Đạo"", ""amenity"": ""cafe"", ""internet_access"": ""wlan"", ""name"": ""Cầu Đôi""}",missing_capacity,70,80,70,55
osm_node_4597226189,OpenStreetMap Overpass API,https://overpass-api.de/api/interpreter,2026-05-19T16:07:22.035483+00:00,on_demand_mvp,OpenStreetMap data under ODbL; attribution required.,Overpass around destination coordinates,quy_nhon,Quy Nhon,Trúc quyên,restaurant,13.7846017,109.216575,3.45,node,4597226189,"{""addr:housenumber"": ""718/24"", ""addr:street"": ""hẻm 718 trần hưng đạo"", ""amenity"": ""cafe"", ""internet_access"": ""wlan"", ""name"": ""Trúc quyên"", ""name:vi"": ""Trúc quyên""}",missing_capacity,70,80,70,55
osm_node_4597279591,OpenStreetMap Overpass API,https://overpass-api.de/api/interpreter,2026-05-19T16:07:22.035562+00:00,on_demand_mvp,OpenStreetMap data under ODbL; attribution required.,Overpass around destination coordinates,quy_nhon,Quy Nhon,TRINH,restaurant,13.7710832,109.2229423,1.8,node,4597279591,"{""addr:housenumber"": ""64B"", ""addr:street"": ""Phạm Hùng"", ""amenity"": ""cafe"", ""internet_access"": ""wlan"", ""name"": ""TRINH"", ""name:vi"": ""TRINH""}",missing_capacity,70,80,70,55
osm_node_4597896090,OpenStreetMap Overpass API,https://overpass-api.de/api/interpreter,2026-05-19T16:07:22.035631+00:00,on_demand_mvp,OpenStreetMap data under ODbL; attribution required.,Overpass around destination coordinates,quy_nhon,Quy Nhon,FULL,restaurant,13.7748397,109.2225118,2.2,node,4597896090,"{""addr:street"": ""Nguyễn Tất Thành"", ""amenity"": ""cafe"", ""internet_access"": ""wlan"", ""name"": ""FULL"", ""name:vi"": ""FULL""}",missing_capacity,70,80,70,55
osm_node_4633957889,OpenStreetMap Overpass API,https://overpass-api.de/api/interpreter,2026-05-19T16:07:22.035705+00:00,on_demand_mvp,OpenStreetMap data under ODbL; attribution required.,Overpass around destination coordinates,quy_nhon,Quy Nhon,Com chay,restaurant,13.7722059,109.2310514,1.77,node,4633957889,"{""amenity"": ""restaurant"", ""name"": ""Com chay"", ""name:en"": ""Vegetarian food"", ""name:vi"": ""Com chay""}",missing_capacity,70,80,70,55
osm_node_4634098591,OpenStreetMap Overpass API,https://overpass-api.de/api/interpreter,2026-05-19T16:07:22.035775+00:00,on_demand_mvp,OpenStreetMap data under ODbL; attribution required.,Overpass around destination coordinates,quy_nhon,Quy Nhon,Nice's Cafe & Karaoke,restaurant,13.7634922,109.2231073,1.07,node,4634098591,"{""addr:housenumber"": ""423-425"", ""addr:street"": ""Nguyễn Huệ"", ""amenity"": ""cafe"", ""name:en"": ""Nice's Cafe & Karaoke""}",missing_capacity,70,80,70,55
osm_node_4639601291,OpenStreetMap Overpass API,https://overpass-api.de/api/interpreter,2026-05-19T16:07:22.035846+00:00,on_demand_mvp,OpenStreetMap data under ODbL; attribution required.,Overpass around destination coordinates,quy_nhon,Quy Nhon,Friendship Coffee,restaurant,13.7708685,109.2250877,1.69,node,4639601291,"{""addr:housenumber"": ""1-3"", ""addr:street"": ""Lê Quý Đôn"", ""amenity"": ""cafe"", ""name:en"": ""Friendship Coffee""}",missing_capacity,70,80,70,55
osm_node_4644786096,OpenStreetMap Overpass API,https://overpass-api.de/api/interpreter,2026-05-19T16:07:22.035916+00:00,on_demand_mvp,OpenStreetMap data under ODbL; attribution required.,Overpass around destination coordinates,quy_nhon,Quy Nhon,jolly,restaurant,13.7736018,109.2359947,2.04,node,4644786096,"{""addr:housenumber"": ""121"", ""addr:street"": ""Lê Lợi"", ""amenity"": ""cafe"", ""cuisine"": ""cake;coffee_shop;ice_cream"", ""name:en"": ""jolly"", ""phone"": ""0563821907""}",missing_capacity,70,80,70,55
osm_node_4646611990,OpenStreetMap Overpass API,https://overpass-api.de/api/interpreter,2026-05-19T16:07:22.035984+00:00,on_demand_mvp,OpenStreetMap data under ODbL; attribution required.,Overpass around destination coordinates,quy_nhon,Quy Nhon,Bún Thùy,restaurant,13.7721941,109.225337,1.83,node,4646611990,"{""addr:housenumber"": ""261"", ""addr:street"": ""Tăng Bạt Hổ"", ""amenity"": ""restaurant"", ""cuisine"": ""vietnamese"", ""name"": ""Bún Thùy""}",missing_capacity,70,80,70,55
osm_node_4647473196,OpenStreetMap Overpass API,https://overpass-api.de/api/interpreter,2026-05-19T16:07:22.036059+00:00,on_demand_mvp,OpenStreetMap data under ODbL; attribution required.,Overpass around destination coordinates,quy_nhon,Quy Nhon,Athena Restaurant,restaurant,13.7587941,109.2142301,1.69,node,4647473196,"{""addr:housenumber"": ""43"", ""addr:postcode"": ""820000"", ""addr:street"": ""Nguyễn Trung Trực"", ""amenity"": ""restaurant"", ""cuisine"": ""burger;pasta;coffee_shop"", ""internet_access"": ""wlan"", ""name"": ""Athena Restaurant"", ""name:en"": ""Athena Restaurant"", ""opening_hours"": ""Mo-Su 10:00-10:00"", ""phone"": ""+841646367191""}",missing_capacity,70,80,70,55
osm_node_4688447889,OpenStreetMap Overpass API,https://overpass-api.de/api/interpreter,2026-05-19T16:07:22.036244+00:00,on_demand_mvp,OpenStreetMap data under ODbL; attribution required.,Overpass around destination coordinates,quy_nhon,Quy Nhon,Sống nhạc,restaurant,13.7695793,109.2182475,1.93,node,4688447889,"{""addr:housenumber"": ""49"", ""addr:street"": ""Trần Thị Kỷ"", ""amenity"": ""cafe"", ""name"": ""Sống nhạc"", ""name:vi"": ""Sống nhạc""}",missing_capacity,70,80,70,55
osm_node_4689835789,OpenStreetMap Overpass API,https://overpass-api.de/api/interpreter,2026-05-19T16:07:22.036335+00:00,on_demand_mvp,OpenStreetMap data under ODbL; attribution required.,Overpass around destination coordinates,quy_nhon,Quy Nhon,Nhi Nữ,restaurant,13.7664458,109.2120223,2.22,node,4689835789,"{""addr:housenumber"": ""254"", ""addr:street"": ""Hoàng Văn Thụ"", ""amenity"": ""cafe"", ""name"": ""Nhi Nữ"", ""name:vi"": ""NHI NỮ""}",missing_capacity,70,80,70,55
osm_node_4703404060,OpenStreetMap Overpass API,https://overpass-api.de/api/interpreter,2026-05-19T16:07:22.036408+00:00,on_demand_mvp,OpenStreetMap data under ODbL; attribution required.,Overpass around destination coordinates,quy_nhon,Quy Nhon,Mon's Coffee,restaurant,13.7530186,109.2134012,1.8,node,4703404060,"{""addr:housenumber"": ""36"", ""addr:street"": ""Chương Dương"", ""amenity"": ""cafe"", ""internet_access"": ""wlan"", ""name"": ""Mon's Coffee"", ""name:de"": ""Mon's Coffee"", ""name:en"": ""Mon's Coffee"", ""name:vi"": ""Mon's Coffee"", ""phone"": ""0985472419""}",missing_capacity,70,80,70,55
osm_node_4704673789,OpenStreetMap Overpass API,https://overpass-api.de/api/interpreter,2026-05-19T16:07:22.036489+00:00,on_demand_mvp,OpenStreetMap data under ODbL; attribution required.,Overpass around destination coordinates,quy_nhon,Quy Nhon,Cia Vy 2,restaurant,13.7738784,109.2211064,2.16,node,4704673789,"{""amenity"": ""restaurant"", ""name"": ""Cia Vy 2"", ""name:vi"": ""Cia Vy 2""}",missing_capacity,70,80,70,55
osm_node_4712562089,OpenStreetMap Overpass API,https://overpass-api.de/api/interpreter,2026-05-19T16:07:22.036555+00:00,on_demand_mvp,OpenStreetMap data under ODbL; attribution required.,Overpass around destination coordinates,quy_nhon,Quy Nhon,Khách Sạn Bảo Ngân,hotel_osm,13.7424788,109.211134,2.53,node,4712562089,"{""internet_access"": ""wlan"", ""name"": ""Khách Sạn Bảo Ngân"", ""name:de"": ""Khach San Bao Ngan"", ""name:en"": ""Khach San Bao Ngan"", ""tourism"": ""hotel""}",missing_capacity,70,80,70,55
osm_node_4736269122,OpenStreetMap Overpass API,https://overpass-api.de/api/interpreter,2026-05-19T16:07:22.036627+00:00,on_demand_mvp,OpenStreetMap data under ODbL; attribution required.,Overpass around destination coordinates,quy_nhon,Quy Nhon,O.M.E hostel,hotel_osm,13.7702077,109.2244079,1.65,node,4736269122,"{""addr:housenumber"": ""32"", ""addr:street"": ""Chu Văn An"", ""email"": ""omehostel@gmail.com"", ""internet_access"": ""wlan"", ""name"": ""O.M.E hostel"", ""opening_hours"": ""24/7"", ""operator"": ""Huyen Dang"", ""phone"": ""0934969410"", ""tourism"": ""hostel"", ""website"": ""https://www.facebook.com/OMEhostel/""}",missing_capacity,70,80,70,55
osm_node_4746679622,OpenStreetMap Overpass API,https://overpass-api.de/api/interpreter,2026-05-19T16:07:22.036713+00:00,on_demand_mvp,OpenStreetMap data under ODbL; attribution required.,Overpass around destination coordinates,quy_nhon,Quy Nhon,Nhà Nghi Bien Xanh 2,tourism_motel,13.7440872,109.2104707,2.48,node,4746679622,"{""addr:housenumber"": ""10"", ""addr:street"": ""Tô Ngọc Vân"", ""internet_access"": ""wlan"", ""name"": ""Nhà Nghi Bien Xanh 2"", ""name:en"": ""Nhà Nghi Bien Xanh 2"", ""opening_hours"": ""24/7"", ""phone"": ""0982163441"", ""tourism"": ""motel""}",missing_capacity,70,80,70,55
osm_node_4943326721,OpenStreetMap Overpass API,https://overpass-api.de/api/interpreter,2026-05-19T16:07:22.036796+00:00,on_demand_mvp,OpenStreetMap data under ODbL; attribution required.,Overpass around destination coordinates,quy_nhon,Quy Nhon,Chợ ăn đêm,tourism_information,13.764245,109.2244813,1.05,node,4943326721,"{""name"": ""Chợ ăn đêm"", ""name:vi"": ""Chợ ăn đêm"", ""tourism"": ""information""}",missing_capacity,70,80,70,55
osm_node_4956635421,OpenStreetMap Overpass API,https://overpass-api.de/api/interpreter,2026-05-19T16:07:22.036867+00:00,on_demand_mvp,OpenStreetMap data under ODbL; attribution required.,Overpass around destination coordinates,quy_nhon,Quy Nhon,"Central Public Bus Stop (T3, T4, T5 south, T6, T6B, T7, T21, T22)",transport_hub,13.7669004,109.2224874,1.41,node,4956635421,"{""amenity"": ""bus_station"", ""bus"": ""yes"", ""description"": ""T3 (Highway 19, Dieu Tri, T.L. Nghiep aka Forest school), T4 (Dieu Tri, Go Gang = airport?), T5 (city), T6 (Phu Phong, Dong Pho, Bridge 16), T6B (Bridge 16, Dinh Binh, Vinh Thanh, Vinh Hao), T7 (Dieu Tri, Cat Tien), T21 (Nhon Hoi), T22 (Nhon Nai ... city)"", ""highway"": ""bus_stop"", ""name"": ""Central Public Bus Stop (T3, T4, T5 south, T6, T6B, T7, T21, T22)"", ""note"": ""T8, T9, T12 stops see west of Coopmart, Dieu Tri = (near) railway station, Phu Cat = (near) airport"", ""public_transport"": ""station""}",missing_capacity,70,80,70,55
osm_node_5246646122,OpenStreetMap Overpass API,https://overpass-api.de/api/interpreter,2026-05-19T16:07:22.036948+00:00,on_demand_mvp,OpenStreetMap data under ODbL; attribution required.,Overpass around destination coordinates,quy_nhon,Quy Nhon,Ngoc Nga,restaurant,13.7775336,109.2265325,2.39,node,5246646122,"{""amenity"": ""cafe"", ""cuisine"": ""ice_cream"", ""name"": ""Ngoc Nga"", ""name:en"": ""Ice Cream-Bakery""}",missing_capacity,70,80,70,55
osm_node_5261731921,OpenStreetMap Overpass API,https://overpass-api.de/api/interpreter,2026-05-19T16:07:22.037018+00:00,on_demand_mvp,OpenStreetMap data under ODbL; attribution required.,Overpass around destination coordinates,quy_nhon,Quy Nhon,Phương Đông,hotel_osm,13.7615473,109.2191105,1.28,node,5261731921,"{""addr:housenumber"": ""3/21-23"", ""addr:street"": ""Ngô Mây"", ""internet_access"": ""wlan"", ""name"": ""Phương Đông"", ""opening_hours"": ""24/7"", ""phone"": ""0935522709"", ""tourism"": ""hotel""}",missing_capacity,70,80,70,55
osm_node_5271775522,OpenStreetMap Overpass API,https://overpass-api.de/api/interpreter,2026-05-19T16:07:22.037090+00:00,on_demand_mvp,OpenStreetMap data under ODbL; attribution required.,Overpass around destination coordinates,quy_nhon,Quy Nhon,Shipwreck,attraction,13.7231898,109.2181324,3.89,node,5271775522,"{""fixme"": ""resurvey"", ""name:en"": ""Shipwreck"", ""tourism"": ""attraction""}",missing_capacity,70,80,70,55
osm_node_5273251622,OpenStreetMap Overpass API,https://overpass-api.de/api/interpreter,2026-05-19T16:07:22.037172+00:00,on_demand_mvp,OpenStreetMap data under ODbL; attribution required.,Overpass around destination coordinates,quy_nhon,Quy Nhon,Viewpoint,attraction,13.7420021,109.1965128,3.92,node,5273251622,"{""name:en"": ""Viewpoint"", ""tourism"": ""viewpoint""}",missing_capacity,70,80,70,55
osm_node_5321789526,OpenStreetMap Overpass API,https://overpass-api.de/api/interpreter,2026-05-19T16:07:22.037239+00:00,on_demand_mvp,OpenStreetMap data under ODbL; attribution required.,Overpass around destination coordinates,quy_nhon,Quy Nhon,Zhouse,hotel_osm,13.771231,109.2473426,2.53,node,5321789526,"{""name"": ""Zhouse"", ""tourism"": ""hostel""}",missing_capacity,70,80,70,55
osm_node_5321801921,OpenStreetMap Overpass API,https://overpass-api.de/api/interpreter,2026-05-19T16:07:22.037304+00:00,on_demand_mvp,OpenStreetMap data under ODbL; attribution required.,Overpass around destination coordinates,quy_nhon,Quy Nhon,Minh hoa,restaurant,13.7726071,109.2310892,1.82,node,5321801921,"{""amenity"": ""restaurant"", ""name"": ""Minh hoa"", ""name:en"": ""Minh hoa (vegetarian food)""}",missing_capacity,70,80,70,55
osm_node_5336416675,OpenStreetMap Overpass API,https://overpass-api.de/api/interpreter,2026-05-19T16:07:22.037372+00:00,on_demand_mvp,OpenStreetMap data under ODbL; attribution required.,Overpass around destination coordinates,quy_nhon,Quy Nhon,Công viên Thiếu Nhi,other,13.7583329,109.2198354,1.09,node,5336416675,"{""leisure"": ""park"", ""name"": ""Công viên Thiếu Nhi"", ""name:vi"": ""Công viên Thiếu Nhi""}",missing_capacity,70,80,70,55
osm_node_5350202523,OpenStreetMap Overpass API,https://overpass-api.de/api/interpreter,2026-05-19T16:07:22.037441+00:00,on_demand_mvp,OpenStreetMap data under ODbL; attribution required.,Overpass around destination coordinates,quy_nhon,Quy Nhon,Zhouse homestay,hotel_osm,13.7682088,109.230895,1.33,node,5350202523,"{""addr:housenumber"": ""188"", ""addr:postcode"": ""590000"", ""addr:street"": ""Xuân Diệu"", ""email"": ""zhouse.qn@gmail.com"", ""internet_access"": ""wlan"", ""name"": ""Zhouse homestay"", ""name:en"": ""Zhouse Homestay"", ""opening_hours"": ""24/7"", ""phone"": ""01257745679"", ""tourism"": ""hostel"", ""website"": ""https://facebook.com/zhouse.quynhon""}",missing_capacity,70,80,70,55
osm_node_5365074222,OpenStreetMap Overpass API,https://overpass-api.de/api/interpreter,2026-05-19T16:07:22.037518+00:00,on_demand_mvp,OpenStreetMap data under ODbL; attribution required.,Overpass around destination coordinates,quy_nhon,Quy Nhon,Gỏi Cá Mai - Thanh Kiều,restaurant,13.771977,109.2471471,2.57,node,5365074222,"{""amenity"": ""restaurant"", ""name"": ""Gỏi Cá Mai - Thanh Kiều"", ""name:en"": ""\""Mai \"" Fish salad""}",missing_capacity,70,80,70,55
osm_node_5473141021,OpenStreetMap Overpass API,https://overpass-api.de/api/interpreter,2026-05-19T16:07:22.037585+00:00,on_demand_mvp,OpenStreetMap data under ODbL; attribution required.,Overpass around destination coordinates,quy_nhon,Quy Nhon,Quy Nhon Sports Bar,restaurant,13.747684,109.2139464,1.95,node,5473141021,"{""addr:housenumber"": ""92"", ""addr:street"": ""An Dương Vương"", ""amenity"": ""restaurant"", ""cuisine"": ""indian;vietnamese;american;steak_house"", ""internet_access"": ""wlan"", ""name"": ""Quy Nhon Sports Bar"", ""name:en"": ""Quy Nhon Sports Bar"", ""opening_hours"": ""Mo-Su 16:00-23:00""}",missing_capacity,70,80,70,55
osm_node_5475774121,OpenStreetMap Overpass API,https://overpass-api.de/api/interpreter,2026-05-19T16:07:22.037659+00:00,on_demand_mvp,OpenStreetMap data under ODbL; attribution required.,Overpass around destination coordinates,quy_nhon,Quy Nhon,Nhon Hai Beach Hostel,hotel_osm,13.763569,109.2893458,6.49,node,5475774121,"{""name:en"": ""Nhon Hai Beach Hostel"", ""tourism"": ""hostel""}",missing_capacity,70,80,70,55
osm_node_5476747021,OpenStreetMap Overpass API,https://overpass-api.de/api/interpreter,2026-05-19T16:07:22.037725+00:00,on_demand_mvp,OpenStreetMap data under ODbL; attribution required.,Overpass around destination coordinates,quy_nhon,Quy Nhon,Nắng,restaurant,13.7764773,109.22213,2.39,node,5476747021,"{""addr:street"": ""Nguyễn Tất Thành"", ""amenity"": ""cafe"", ""internet_access"": ""wlan"", ""name"": ""Nắng"", ""opening_hours"": ""24/7""}",missing_capacity,70,80,70,55
osm_node_5479503621,OpenStreetMap Overpass API,https://overpass-api.de/api/interpreter,2026-05-19T16:07:22.037794+00:00,on_demand_mvp,OpenStreetMap data under ODbL; attribution required.,Overpass around destination coordinates,quy_nhon,Quy Nhon,REX,restaurant,13.7866839,109.2159187,3.69,node,5479503621,"{""amenity"": ""cafe"", ""name"": ""REX""}",missing_capacity,70,80,70,55
osm_node_5495482522,OpenStreetMap Overpass API,https://overpass-api.de/api/interpreter,2026-05-19T16:07:22.037859+00:00,on_demand_mvp,OpenStreetMap data under ODbL; attribution required.,Overpass around destination coordinates,quy_nhon,Quy Nhon,Thai’s Homestay,hotel_osm,13.7856293,109.2141897,3.67,node,5495482522,"{""internet_access"": ""wlan"", ""name"": ""Thai’s Homestay"", ""opening_hours"": ""24/7"", ""tourism"": ""hostel""}",missing_capacity,70,80,70,55
osm_node_5555628268,OpenStreetMap Overpass API,https://overpass-api.de/api/interpreter,2026-05-19T16:07:22.037925+00:00,on_demand_mvp,OpenStreetMap data under ODbL; attribution required.,Overpass around destination coordinates,quy_nhon,Quy Nhon,Quê Hương 2 restaurant,restaurant,13.7741646,109.2272373,2.0,node,5555628268,"{""addr:housenumber"": ""185"", ""addr:street"": ""Lê Hồng Phong"", ""amenity"": ""restaurant"", ""name"": ""Quê Hương 2 restaurant"", ""phone"": ""0563829395""}",missing_capacity,70,80,70,55
osm_node_5556698364,OpenStreetMap Overpass API,https://overpass-api.de/api/interpreter,2026-05-19T16:07:22.037992+00:00,on_demand_mvp,OpenStreetMap data under ODbL; attribution required.,Overpass around destination coordinates,quy_nhon,Quy Nhon,Hai san 114,restaurant,13.7716786,109.2400683,2.04,node,5556698364,"{""addr:housenumber"": ""114"", ""addr:street"": ""Xuân Diệu"", ""amenity"": ""restaurant"", ""name"": ""Hai san 114""}",missing_capacity,70,80,70,55
osm_node_5596685521,OpenStreetMap Overpass API,https://overpass-api.de/api/interpreter,2026-05-19T16:07:22.038061+00:00,on_demand_mvp,OpenStreetMap data under ODbL; attribution required.,Overpass around destination coordinates,quy_nhon,Quy Nhon,Futa Bus Station,transport_hub,13.7613952,109.2026473,2.98,node,5596685521,"{""amenity"": ""bus_station"", ""bus"": ""yes"", ""name"": ""Futa Bus Station"", ""name:en"": ""Futa Bus Station"", ""public_transport"": ""station""}",missing_capacity,70,80,70,55
osm_node_5599563221,OpenStreetMap Overpass API,https://overpass-api.de/api/interpreter,2026-05-19T16:07:22.038135+00:00,on_demand_mvp,OpenStreetMap data under ODbL; attribution required.,Overpass around destination coordinates,quy_nhon,Quy Nhon,Espresso Coffee Quy Nhơn,restaurant,13.7761074,109.2289543,2.2,node,5599563221,"{""addr:housenumber"": ""183"", ""addr:street"": ""Phan Bội Châu"", ""amenity"": ""cafe"", ""cuisine"": ""coffee_shop"", ""email"": ""barista.quynhon@gmail.com"", ""name"": ""Espresso Coffee Quy Nhơn"", ""name:en"": ""Espresso Coffee'qn"", ""opening_hours"": ""Mo-Su 06:00-11:30"", ""operator"": ""Barista Guy"", ""phone"": ""0934820920""}",missing_capacity,70,80,70,55
osm_node_5616924526,OpenStreetMap Overpass API,https://overpass-api.de/api/interpreter,2026-05-19T16:07:22.038211+00:00,on_demand_mvp,OpenStreetMap data under ODbL; attribution required.,Overpass around destination coordinates,quy_nhon,Quy Nhon,Happy Smile Homestay,hotel_osm,13.7448944,109.2099733,2.48,node,5616924526,"{""addr:housenumber"": ""179"", ""addr:street"": ""Chế Lan Viên"", ""name"": ""Happy Smile Homestay"", ""phone"": ""0084963943379"", ""tourism"": ""hotel""}",missing_capacity,70,80,70,55
osm_node_5616924527,OpenStreetMap Overpass API,https://overpass-api.de/api/interpreter,2026-05-19T16:07:22.038292+00:00,on_demand_mvp,OpenStreetMap data under ODbL; attribution required.,Overpass around destination coordinates,quy_nhon,Quy Nhon,Phó Bien,restaurant,13.7520295,109.2156284,1.59,node,5616924527,"{""amenity"": ""restaurant"", ""name"": ""Phó Bien""}",missing_capacity,70,80,70,55
osm_node_5641625621,OpenStreetMap Overpass API,https://overpass-api.de/api/interpreter,2026-05-19T16:07:22.038359+00:00,on_demand_mvp,OpenStreetMap data under ODbL; attribution required.,Overpass around destination coordinates,quy_nhon,Quy Nhon,Santorino Coffee & Tea,restaurant,13.77477,109.2254182,2.11,node,5641625621,"{""amenity"": ""cafe"", ""name"": ""Santorino Coffee & Tea""}",missing_capacity,70,80,70,55
osm_node_5702212721,OpenStreetMap Overpass API,https://overpass-api.de/api/interpreter,2026-05-19T16:07:22.038425+00:00,on_demand_mvp,OpenStreetMap data under ODbL; attribution required.,Overpass around destination coordinates,quy_nhon,Quy Nhon,Môc,restaurant,13.7551944,109.2127564,1.83,node,5702212721,"{""amenity"": ""restaurant"", ""name"": ""Môc"", ""name:en"": ""Moc""}",missing_capacity,70,80,70,55
osm_node_5925439987,OpenStreetMap Overpass API,https://overpass-api.de/api/interpreter,2026-05-19T16:07:22.038491+00:00,on_demand_mvp,OpenStreetMap data under ODbL; attribution required.,Overpass around destination coordinates,quy_nhon,Quy Nhon,Tu Casa Hostel,hotel_osm,13.7656821,109.2199161,1.48,node,5925439987,"{""addr:housenumber"": ""54"", ""addr:street"": ""Trần An Tư"", ""internet_access"": ""wlan"", ""name"": ""Tu Casa Hostel"", ""name:en"": ""Tu Casa Hostel"", ""name:fr"": ""Tu Casa Hostel"", ""phone"": ""+84 93 742 70 40"", ""tourism"": ""hostel""}",missing_capacity,70,80,70,55
osm_node_5993330287,OpenStreetMap Overpass API,https://overpass-api.de/api/interpreter,2026-05-19T16:07:22.038569+00:00,on_demand_mvp,OpenStreetMap data under ODbL; attribution required.,Overpass around destination coordinates,quy_nhon,Quy Nhon,HoDo's House,tourism_chalet,13.7513702,109.210932,2.1,node,5993330287,"{""addr:housenumber"": ""172"", ""addr:street"": ""Tây Sơn"", ""email"": ""tambnt90@gmail.com"", ""internet_access"": ""wlan"", ""name:en"": ""HoDo's House"", ""opening_hours"": ""Mo-Su 06:00-22:00"", ""phone"": ""0901181890"", ""tourism"": ""chalet"", ""website"": ""http://hodohomie.com""}",missing_capacity,70,80,70,55
osm_node_5993338486,OpenStreetMap Overpass API,https://overpass-api.de/api/interpreter,2026-05-19T16:07:22.038647+00:00,on_demand_mvp,OpenStreetMap data under ODbL; attribution required.,Overpass around destination coordinates,quy_nhon,Quy Nhon,HoDo's House,tourism_chalet,13.7512959,109.210909,2.1,node,5993338486,"{""addr:street"": ""Tây Sơn"", ""name:en"": ""HoDo's House"", ""tourism"": ""chalet""}",missing_capacity,70,80,70,55
osm_node_5993355985,OpenStreetMap Overpass API,https://overpass-api.de/api/interpreter,2026-05-19T16:07:22.038714+00:00,on_demand_mvp,OpenStreetMap data under ODbL; attribution required.,Overpass around destination coordinates,quy_nhon,Quy Nhon,HoDo's house,restaurant,13.7513247,109.2108819,2.11,node,5993355985,"{""addr:housenumber"": ""172"", ""addr:street"": ""Tây Sơn"", ""amenity"": ""cafe"", ""cuisine"": ""breakfast;seafood;coffee_shop;noodles;deli;diner;chicken;vietnamese"", ""diet:vegan"": ""yes"", ""email"": ""tambnt90@gmail.com"", ""internet_access"": ""wlan"", ""name:en"": ""HoDo's house"", ""opening_hours"": ""Mo-Su 06:00-22:00"", ""phone"": ""+84 90 118 18 90""}",missing_capacity,70,80,70,55
osm_node_6120689985,OpenStreetMap Overpass API,https://overpass-api.de/api/interpreter,2026-05-19T16:07:22.038796+00:00,on_demand_mvp,OpenStreetMap data under ODbL; attribution required.,Overpass around destination coordinates,quy_nhon,Quy Nhon,Am Thuc Chay,restaurant,13.7595854,109.2053762,2.65,node,6120689985,"{""addr:street"": ""Tây Sơn"", ""amenity"": ""restaurant"", ""diet:vegan"": ""yes"", ""name"": ""Am Thuc Chay"", ""name:de"": ""Am Thuc Chay - Veganes Restaurant"", ""name:en"": ""Am Thuc Chay - Vegan Restaurant""}",missing_capacity,70,80,70,55
osm_node_3525217160,OpenStreetMap Overpass API,https://overpass-api.de/api/interpreter,2026-05-19T16:08:07.644042+00:00,on_demand_mvp,OpenStreetMap data under ODbL; attribution required.,Overpass around destination coordinates,sam_son,Sam Son,Khách sạn bộ Xây Dựng,hotel_osm,19.7375545,105.9019658,0.48,node,3525217160,"{""name"": ""Khách sạn bộ Xây Dựng"", ""tourism"": ""hotel""}",missing_capacity,70,80,70,55
osm_node_3525259312,OpenStreetMap Overpass API,https://overpass-api.de/api/interpreter,2026-05-19T16:08:07.644452+00:00,on_demand_mvp,OpenStreetMap data under ODbL; attribution required.,Overpass around destination coordinates,sam_son,Sam Son,Công Ty TNHH Thương Mại Và Du Lịch Ngân Hoa,hotel_osm,19.7293139,105.8992085,1.43,node,3525259312,"{""name"": ""Công Ty TNHH Thương Mại Và Du Lịch Ngân Hoa"", ""tourism"": ""hotel""}",missing_capacity,70,80,70,55
osm_node_3525262400,OpenStreetMap Overpass API,https://overpass-api.de/api/interpreter,2026-05-19T16:08:07.644594+00:00,on_demand_mvp,OpenStreetMap data under ODbL; attribution required.,Overpass around destination coordinates,sam_son,Sam Son,Khách Sạn Hoa Hồng 1,hotel_osm,19.7332424,105.9002492,0.98,node,3525262400,"{""name"": ""Khách Sạn Hoa Hồng 1"", ""tourism"": ""hotel""}",missing_capacity,70,80,70,55
osm_node_3525270752,OpenStreetMap Overpass API,https://overpass-api.de/api/interpreter,2026-05-19T16:08:07.644703+00:00,on_demand_mvp,OpenStreetMap data under ODbL; attribution required.,Overpass around destination coordinates,sam_son,Sam Son,Doanh Nghiệp Tư Nhân Khách Sạn Và Du Lịch Hoàng Long,hotel_osm,19.731263,105.8988759,1.23,node,3525270752,"{""name"": ""Doanh Nghiệp Tư Nhân Khách Sạn Và Du Lịch Hoàng Long"", ""tourism"": ""hotel""}",missing_capacity,70,80,70,55
osm_node_3525272164,OpenStreetMap Overpass API,https://overpass-api.de/api/interpreter,2026-05-19T16:08:07.644806+00:00,on_demand_mvp,OpenStreetMap data under ODbL; attribution required.,Overpass around destination coordinates,sam_son,Sam Son,Khách sạn Thuỳ Dương 3,hotel_osm,19.7339695,105.9004316,0.9,node,3525272164,"{""name"": ""Khách sạn Thuỳ Dương 3"", ""tourism"": ""hotel""}",missing_capacity,70,80,70,55
osm_node_3525274394,OpenStreetMap Overpass API,https://overpass-api.de/api/interpreter,2026-05-19T16:08:07.644897+00:00,on_demand_mvp,OpenStreetMap data under ODbL; attribution required.,Overpass around destination coordinates,sam_son,Sam Son,Thai Lan Hotel,hotel_osm,19.7360498,105.9000883,0.68,node,3525274394,"{""name"": ""Thai Lan Hotel"", ""tourism"": ""hotel""}",missing_capacity,70,80,70,55
osm_node_3525274500,OpenStreetMap Overpass API,https://overpass-api.de/api/interpreter,2026-05-19T16:08:07.644991+00:00,on_demand_mvp,OpenStreetMap data under ODbL; attribution required.,Overpass around destination coordinates,sam_son,Sam Son,Son Thuy Motel,hotel_osm,19.7361912,105.8997128,0.68,node,3525274500,"{""name"": ""Son Thuy Motel"", ""tourism"": ""hotel""}",missing_capacity,70,80,70,55
osm_node_3525277291,OpenStreetMap Overpass API,https://overpass-api.de/api/interpreter,2026-05-19T16:08:07.645078+00:00,on_demand_mvp,OpenStreetMap data under ODbL; attribution required.,Overpass around destination coordinates,sam_son,Sam Son,Khách sạn Bắc Nam,hotel_osm,19.7376959,105.8997235,0.52,node,3525277291,"{""name"": ""Khách sạn Bắc Nam"", ""tourism"": ""hotel""}",missing_capacity,70,80,70,55
osm_node_3525277479,OpenStreetMap Overpass API,https://overpass-api.de/api/interpreter,2026-05-19T16:08:07.645278+00:00,on_demand_mvp,OpenStreetMap data under ODbL; attribution required.,Overpass around destination coordinates,sam_son,Sam Son,Huong Bien Hotel,hotel_osm,19.7379887,105.9007427,0.45,node,3525277479,"{""name"": ""Huong Bien Hotel"", ""tourism"": ""hotel""}",missing_capacity,70,80,70,55
osm_node_3525277488,OpenStreetMap Overpass API,https://overpass-api.de/api/interpreter,2026-05-19T16:08:07.645385+00:00,on_demand_mvp,OpenStreetMap data under ODbL; attribution required.,Overpass around destination coordinates,sam_son,Sam Son,Cay Tre Guest House,hotel_osm,19.7383927,105.8987686,0.52,node,3525277488,"{""name"": ""Cay Tre Guest House"", ""tourism"": ""guest_house""}",missing_capacity,70,80,70,55
osm_node_3525279803,OpenStreetMap Overpass API,https://overpass-api.de/api/interpreter,2026-05-19T16:08:07.645477+00:00,on_demand_mvp,OpenStreetMap data under ODbL; attribution required.,Overpass around destination coordinates,sam_son,Sam Son,Hotel Mai Trang,hotel_osm,19.7385038,105.902116,0.38,node,3525279803,"{""name"": ""Hotel Mai Trang"", ""tourism"": ""hotel""}",missing_capacity,70,80,70,55
osm_node_6082687885,OpenStreetMap Overpass API,https://overpass-api.de/api/interpreter,2026-05-19T16:08:07.645576+00:00,on_demand_mvp,OpenStreetMap data under ODbL; attribution required.,Overpass around destination coordinates,sam_son,Sam Son,Bãi Đền Cô Tiên,parking,19.7262439,105.889124,2.2,node,6082687885,"{""amenity"": ""parking"", ""name"": ""Bãi Đền Cô Tiên""}",missing_capacity,70,80,70,55
osm_node_6269114790,OpenStreetMap Overpass API,https://overpass-api.de/api/interpreter,2026-05-19T16:08:07.645668+00:00,on_demand_mvp,OpenStreetMap data under ODbL; attribution required.,Overpass around destination coordinates,sam_son,Sam Son,Lach Nam,hotel_osm,19.7388502,105.9029124,0.35,node,6269114790,"{""name"": ""Lach Nam"", ""tourism"": ""hotel""}",missing_capacity,70,80,70,55
osm_node_9611927063,OpenStreetMap Overpass API,https://overpass-api.de/api/interpreter,2026-05-19T16:08:07.645753+00:00,on_demand_mvp,OpenStreetMap data under ODbL; attribution required.,Overpass around destination coordinates,sam_son,Sam Son,Khách Sạn Phương Đông,hotel_osm,19.730622,105.8985572,1.3,node,9611927063,"{""addr:city"": ""Thành Phố Sầm Sơn"", ""addr:district"": ""Sầm Sơn"", ""addr:housenumber"": ""7"", ""addr:postcode"": ""440000"", ""addr:province"": ""Thanh Hóa"", ""addr:street"": ""Đường Thanh Niên"", ""addr:subdistrict"": ""Trường Sơn"", ""email"": ""07phuongdonghotel@gmail.com"", ""internet_access"": ""wlan"", ""internet_access:fee"": ""customers"", ""name"": ""Khách Sạn Phương Đông"", ""phone"": ""0914633191"", ""rooms"": ""80"", ""tourism"": ""hotel"", ""website"": ""khachsanphuongdong.vn""}",missing_capacity,70,80,70,55
osm_node_9965029917,OpenStreetMap Overpass API,https://overpass-api.de/api/interpreter,2026-05-19T16:08:07.645871+00:00,on_demand_mvp,OpenStreetMap data under ODbL; attribution required.,Overpass around destination coordinates,sam_son,Sam Son,KS Tài nguyên Môi trường,hotel_osm,19.7408888,105.9041862,0.25,node,9965029917,"{""addr:housenumber"": ""54"", ""addr:street"": ""Đường Hồ Xuân Hương"", ""name"": ""KS Tài nguyên Môi trường"", ""name:en"": ""Resoures and Emvironment Hotel"", ""tourism"": ""hotel""}",missing_capacity,70,80,70,55
osm_way_478007377,OpenStreetMap Overpass API,https://overpass-api.de/api/interpreter,2026-05-19T16:08:07.645984+00:00,on_demand_mvp,OpenStreetMap data under ODbL; attribution required.,Overpass around destination coordinates,sam_son,Sam Son,Bãi biển Sầm Sơn,beach,19.7444124,105.9079805,0.69,way,478007377,"{""name"": ""Bãi biển Sầm Sơn"", ""name:en"": ""Sầm Sơn Beach"", ""name:es"": ""Playa de Sam Son"", ""name:fr"": ""Plage de Sầm Sơn"", ""name:vi"": ""Bãi biển Sầm Sơn"", ""natural"": ""beach"", ""source"": ""mapbox"", ""wikidata"": ""Q1322460"", ""wikipedia"": ""vi:Bãi biển Sầm Sơn""}",missing_capacity,70,80,70,55
osm_way_647769584,OpenStreetMap Overpass API,https://overpass-api.de/api/interpreter,2026-05-19T16:08:07.646106+00:00,on_demand_mvp,OpenStreetMap data under ODbL; attribution required.,Overpass around destination coordinates,sam_son,Sam Son,Công Viên Hòn Trống Mái,other,19.7267515,105.8919152,1.99,way,647769584,"{""leisure"": ""park"", ""name"": ""Công Viên Hòn Trống Mái""}",missing_capacity,70,80,70,55
osm_way_647769585,OpenStreetMap Overpass API,https://overpass-api.de/api/interpreter,2026-05-19T16:08:07.646246+00:00,on_demand_mvp,OpenStreetMap data under ODbL; attribution required.,Overpass around destination coordinates,sam_son,Sam Son,Bãi Đậu Xe Hòn Trống Mái,parking,19.7259478,105.8918922,2.07,way,647769585,"{""amenity"": ""parking"", ""name"": ""Bãi Đậu Xe Hòn Trống Mái""}",missing_capacity,70,80,70,55
osm_way_647777933,OpenStreetMap Overpass API,https://overpass-api.de/api/interpreter,2026-05-19T16:08:07.646340+00:00,on_demand_mvp,OpenStreetMap data under ODbL; attribution required.,Overpass around destination coordinates,sam_son,Sam Son,Bến xe khách Sầm Sơn,transport_hub,19.7391219,105.8876178,1.54,way,647777933,"{""amenity"": ""bus_station"", ""bus"": ""yes"", ""name"": ""Bến xe khách Sầm Sơn"", ""public_transport"": ""station""}",missing_capacity,70,80,70,55
osm_way_688120166,OpenStreetMap Overpass API,https://overpass-api.de/api/interpreter,2026-05-19T16:08:07.646422+00:00,on_demand_mvp,OpenStreetMap data under ODbL; attribution required.,Overpass around destination coordinates,sam_son,Sam Son,Công viên trung tâm Sầm Sơn,other,19.7368059,105.8991515,0.64,way,688120166,"{""leisure"": ""park"", ""name"": ""Công viên trung tâm Sầm Sơn""}",missing_capacity,70,80,70,55
osm_way_1004695925,OpenStreetMap Overpass API,https://overpass-api.de/api/interpreter,2026-05-19T16:08:07.646503+00:00,on_demand_mvp,OpenStreetMap data under ODbL; attribution required.,Overpass around destination coordinates,sam_son,Sam Son,FLC Luxury Hotel Sầm Sơn,hotel_osm,19.763812,105.9185069,2.99,way,1004695925,"{""brand"": ""FLC"", ""name"": ""FLC Luxury Hotel Sầm Sơn"", ""tourism"": ""hotel""}",missing_capacity,70,80,70,55
osm_way_1005726239,OpenStreetMap Overpass API,https://overpass-api.de/api/interpreter,2026-05-19T16:08:07.646584+00:00,on_demand_mvp,OpenStreetMap data under ODbL; attribution required.,Overpass around destination coordinates,sam_son,Sam Son,FLC Grand Hotel Sầm Sơn,hotel_osm,19.7646014,105.9170539,2.98,way,1005726239,"{""brand"": ""FLC"", ""building"": ""yes"", ""name"": ""FLC Grand Hotel Sầm Sơn"", ""tourism"": ""hotel""}",missing_capacity,70,80,70,55
osm_way_1008018178,OpenStreetMap Overpass API,https://overpass-api.de/api/interpreter,2026-05-19T16:08:07.646664+00:00,on_demand_mvp,OpenStreetMap data under ODbL; attribution required.,Overpass around destination coordinates,sam_son,Sam Son,Khách sạn Lê Lợi,hotel_osm,19.7336527,105.8992812,0.96,way,1008018178,"{""landuse"": ""commercial"", ""name"": ""Khách sạn Lê Lợi"", ""tourism"": ""hotel""}",missing_capacity,70,80,70,55
osm_way_1174484261,OpenStreetMap Overpass API,https://overpass-api.de/api/interpreter,2026-05-19T16:08:07.646745+00:00,on_demand_mvp,OpenStreetMap data under ODbL; attribution required.,Overpass around destination coordinates,sam_son,Sam Son,Khách sạn Đường sắt Sầm Sơn,hotel_osm,19.7382916,105.8982725,0.56,way,1174484261,"{""building"": ""yes"", ""name"": ""Khách sạn Đường sắt Sầm Sơn"", ""tourism"": ""hotel""}",missing_capacity,70,80,70,55
osm_way_1234857568,OpenStreetMap Overpass API,https://overpass-api.de/api/interpreter,2026-05-19T16:08:07.646828+00:00,on_demand_mvp,OpenStreetMap data under ODbL; attribution required.,Overpass around destination coordinates,sam_son,Sam Son,Khách sạn Bộ Công Thương,hotel_osm,19.7361999,105.9004573,0.65,way,1234857568,"{""addr:housenumber"": ""6"", ""addr:street"": ""Đường Tây Sơn"", ""landuse"": ""commercial"", ""name"": ""Khách sạn Bộ Công Thương"", ""tourism"": ""hotel""}",missing_capacity,70,80,70,55
osm_node_4749975424,OpenStreetMap Overpass API,https://overpass-api.de/api/interpreter,2026-05-19T16:08:16.314467+00:00,on_demand_mvp,OpenStreetMap data under ODbL; attribution required.,Overpass around destination coordinates,cua_lo,Cua Lo,Beachcamping free,tourism_camp_site,18.7849927,105.7422421,2.31,node,4749975424,"{""name"": ""Beachcamping free"", ""name:en"": ""Beachcamping free"", ""name:vi"": ""Beachcamping free"", ""tourism"": ""camp_site""}",missing_capacity,70,80,70,55
osm_node_10298161709,OpenStreetMap Overpass API,https://overpass-api.de/api/interpreter,2026-05-19T16:08:16.314719+00:00,on_demand_mvp,OpenStreetMap data under ODbL; attribution required.,Overpass around destination coordinates,cua_lo,Cua Lo,Kingdom Hotel,hotel_osm,18.7980752,105.7285557,0.9,node,10298161709,"{""name:en"": ""Kingdom Hotel"", ""name:ru"": ""Гостиница Kingdom Hotel"", ""tourism"": ""hotel""}",missing_capacity,70,80,70,55
osm_node_11145960707,OpenStreetMap Overpass API,https://overpass-api.de/api/interpreter,2026-05-19T16:08:16.314831+00:00,on_demand_mvp,OpenStreetMap data under ODbL; attribution required.,Overpass around destination coordinates,cua_lo,Cua Lo,Khách Sạn Lan Đồng,hotel_osm,18.8081514,105.7216092,1.7,node,11145960707,"{""name"": ""Khách Sạn Lan Đồng"", ""tourism"": ""hotel""}",missing_capacity,70,80,70,55
osm_node_11652401169,OpenStreetMap Overpass API,https://overpass-api.de/api/interpreter,2026-05-19T16:08:16.314919+00:00,on_demand_mvp,OpenStreetMap data under ODbL; attribution required.,Overpass around destination coordinates,cua_lo,Cua Lo,Xôi,restaurant,18.80191,105.7239795,1.02,node,11652401169,"{""amenity"": ""restaurant"", ""name"": ""Xôi""}",missing_capacity,70,80,70,55
osm_node_11652401269,OpenStreetMap Overpass API,https://overpass-api.de/api/interpreter,2026-05-19T16:08:16.314999+00:00,on_demand_mvp,OpenStreetMap data under ODbL; attribution required.,Overpass around destination coordinates,cua_lo,Cua Lo,Cafe Boom,restaurant,18.8020057,105.7240536,1.04,node,11652401269,"{""amenity"": ""cafe"", ""name"": ""Cafe Boom""}",missing_capacity,70,80,70,55
osm_way_1202271595,OpenStreetMap Overpass API,https://overpass-api.de/api/interpreter,2026-05-19T16:08:16.315080+00:00,on_demand_mvp,OpenStreetMap data under ODbL; attribution required.,Overpass around destination coordinates,cua_lo,Cua Lo,Khách Sạn Ngân Hàng,hotel_osm,18.8098969,105.7217191,1.89,way,1202271595,"{""building"": ""yes"", ""name"": ""Khách Sạn Ngân Hàng"", ""tourism"": ""hotel""}",missing_capacity,70,80,70,55
osm_way_1222669644,OpenStreetMap Overpass API,https://overpass-api.de/api/interpreter,2026-05-19T16:08:16.315155+00:00,on_demand_mvp,OpenStreetMap data under ODbL; attribution required.,Overpass around destination coordinates,cua_lo,Cua Lo,Khách sạn VEAM Cửa Lò,hotel_osm,18.7967778,105.7299638,0.94,way,1222669644,"{""addr:housenumber"": ""284"", ""addr:street"": ""Đường Binh Minh"", ""landuse"": ""commercial"", ""name"": ""Khách sạn VEAM Cửa Lò"", ""tourism"": ""hotel""}",missing_capacity,70,80,70,55
osm_way_1222669647,OpenStreetMap Overpass API,https://overpass-api.de/api/interpreter,2026-05-19T16:08:16.315231+00:00,on_demand_mvp,OpenStreetMap data under ODbL; attribution required.,Overpass around destination coordinates,cua_lo,Cua Lo,Khách sạn Xanh,hotel_osm,18.7978405,105.7292691,0.94,way,1222669647,"{""landuse"": ""commercial"", ""name"": ""Khách sạn Xanh"", ""tourism"": ""hotel""}",missing_capacity,70,80,70,55
osm_way_1286228645,OpenStreetMap Overpass API,https://overpass-api.de/api/interpreter,2026-05-19T16:08:16.315350+00:00,on_demand_mvp,OpenStreetMap data under ODbL; attribution required.,Overpass around destination coordinates,cua_lo,Cua Lo,VinWonder Cửa Hội,attraction,18.7743455,105.7510243,3.69,way,1286228645,"{""area"": ""yes"", ""name"": ""VinWonder Cửa Hội"", ""operator"": ""Vingroup"", ""tourism"": ""theme_park""}",missing_capacity,70,80,70,55
osm_way_1286228647,OpenStreetMap Overpass API,https://overpass-api.de/api/interpreter,2026-05-19T16:08:16.315421+00:00,on_demand_mvp,OpenStreetMap data under ODbL; attribution required.,Overpass around destination coordinates,cua_lo,Cua Lo,Melia Vinpearl Cửa Hội Beach Resort,hotel_osm,18.7683214,105.7565298,4.55,way,1286228647,"{""brand"": ""Meliá"", ""brand:wikidata"": ""Q1815030"", ""landuse"": ""commercial"", ""layer"": ""1"", ""name"": ""Melia Vinpearl Cửa Hội Beach Resort"", ""tourism"": ""hotel""}",missing_capacity,70,80,70,55
osm_way_1307012810,OpenStreetMap Overpass API,https://overpass-api.de/api/interpreter,2026-05-19T16:08:16.315497+00:00,on_demand_mvp,OpenStreetMap data under ODbL; attribution required.,Overpass around destination coordinates,cua_lo,Cua Lo,Khách sạn An Bình,hotel_osm,18.8034393,105.7198839,1.19,way,1307012810,"{""addr:housenumber"": ""33"", ""addr:street"": ""Đường Sào Nam"", ""building"": ""yes"", ""name"": ""Khách sạn An Bình"", ""tourism"": ""hotel""}",missing_capacity,70,80,70,55
osm_way_1307012811,OpenStreetMap Overpass API,https://overpass-api.de/api/interpreter,2026-05-19T16:08:16.315570+00:00,on_demand_mvp,OpenStreetMap data under ODbL; attribution required.,Overpass around destination coordinates,cua_lo,Cua Lo,Bến xe Cửa Lò,transport_hub,18.8033288,105.7197379,1.18,way,1307012811,"{""amenity"": ""bus_station"", ""bus"": ""yes"", ""name"": ""Bến xe Cửa Lò"", ""public_transport"": ""station""}",missing_capacity,70,80,70,55
osm_node_1276258233,OpenStreetMap Overpass API,https://overpass-api.de/api/interpreter,2026-05-19T16:08:29.613067+00:00,on_demand_mvp,OpenStreetMap data under ODbL; attribution required.,Overpass around destination coordinates,vung_tau,Vung Tau,Cổng Khu du lịch Chí Linh,attraction,10.3710949,107.1196423,4.83,node,1276258233,"{""name"": ""Cổng Khu du lịch Chí Linh"", ""name:de"": ""Cổng Khu du lịch Chí Linh"", ""tourism"": ""attraction""}",missing_capacity,70,80,70,55
osm_node_2510778618,OpenStreetMap Overpass API,https://overpass-api.de/api/interpreter,2026-05-19T16:08:29.613328+00:00,on_demand_mvp,OpenStreetMap data under ODbL; attribution required.,Overpass around destination coordinates,vung_tau,Vung Tau,Cát Lở,transport_hub,10.4140208,107.1283186,0.91,node,2510778618,"{""amenity"": ""ferry_terminal"", ""name"": ""Cát Lở"", ""public_transport"": ""station""}",missing_capacity,70,80,70,55
osm_node_2941526103,OpenStreetMap Overpass API,https://overpass-api.de/api/interpreter,2026-05-19T16:08:29.613446+00:00,on_demand_mvp,OpenStreetMap data under ODbL; attribution required.,Overpass around destination coordinates,vung_tau,Vung Tau,Vietsovpetro,airport,10.388252,107.095804,5.11,node,2941526103,"{""aeroway"": ""terminal"", ""name"": ""Vietsovpetro""}",missing_capacity,70,80,70,55
osm_node_2941538601,OpenStreetMap Overpass API,https://overpass-api.de/api/interpreter,2026-05-19T16:08:29.613543+00:00,on_demand_mvp,OpenStreetMap data under ODbL; attribution required.,Overpass around destination coordinates,vung_tau,Vung Tau,Hướng Việt,restaurant,10.40176,107.122708,1.82,node,2941538601,"{""amenity"": ""restaurant"", ""name"": ""Hướng Việt"", ""name:de"": ""Huong Viet""}",missing_capacity,70,80,70,55
osm_node_4249783296,OpenStreetMap Overpass API,https://overpass-api.de/api/interpreter,2026-05-19T16:08:29.613642+00:00,on_demand_mvp,OpenStreetMap data under ODbL; attribution required.,Overpass around destination coordinates,vung_tau,Vung Tau,cafe HT,restaurant,10.3894776,107.1018855,4.48,node,4249783296,"{""addr:housenumber"": ""136B"", ""addr:street"": ""Nguyễn Thiện Thuật"", ""amenity"": ""cafe"", ""name"": ""cafe HT""}",missing_capacity,70,80,70,55
osm_node_4249783393,OpenStreetMap Overpass API,https://overpass-api.de/api/interpreter,2026-05-19T16:08:29.613735+00:00,on_demand_mvp,OpenStreetMap data under ODbL; attribution required.,Overpass around destination coordinates,vung_tau,Vung Tau,cafe Ngọc Ánh,restaurant,10.3895371,107.1019082,4.47,node,4249783393,"{""addr:housenumber"": ""136"", ""addr:street"": ""Nguyễn Thiện Thuật"", ""amenity"": ""cafe"", ""name"": ""cafe Ngọc Ánh""}",missing_capacity,70,80,70,55
osm_node_4249797596,OpenStreetMap Overpass API,https://overpass-api.de/api/interpreter,2026-05-19T16:08:29.613827+00:00,on_demand_mvp,OpenStreetMap data under ODbL; attribution required.,Overpass around destination coordinates,vung_tau,Vung Tau,cafe Bụi Trúc,restaurant,10.389397,107.1018519,4.48,node,4249797596,"{""addr:housenumber"": ""136"", ""addr:street"": ""Nguyễn Thiện Thuật"", ""amenity"": ""cafe"", ""name"": ""cafe Bụi Trúc""}",missing_capacity,70,80,70,55
osm_node_4249798192,OpenStreetMap Overpass API,https://overpass-api.de/api/interpreter,2026-05-19T16:08:29.613916+00:00,on_demand_mvp,OpenStreetMap data under ODbL; attribution required.,Overpass around destination coordinates,vung_tau,Vung Tau,quán Cô Thơm,restaurant,10.389443,107.1018684,4.48,node,4249798192,"{""addr:street"": ""Nguyễn Thiện Thuật"", ""amenity"": ""restaurant"", ""name"": ""quán Cô Thơm""}",missing_capacity,70,80,70,55
osm_node_4742382630,OpenStreetMap Overpass API,https://overpass-api.de/api/interpreter,2026-05-19T16:08:29.614001+00:00,on_demand_mvp,OpenStreetMap data under ODbL; attribution required.,Overpass around destination coordinates,vung_tau,Vung Tau,Sơn Thuỷ Ngư Quán,restaurant,10.4441275,107.0821586,6.94,node,4742382630,"{""amenity"": ""restaurant"", ""name"": ""Sơn Thuỷ Ngư Quán"", ""name:vi"": ""Sơn Thuỷ Ngư Quán""}",missing_capacity,70,80,70,55
osm_node_4844786530,OpenStreetMap Overpass API,https://overpass-api.de/api/interpreter,2026-05-19T16:08:29.614084+00:00,on_demand_mvp,OpenStreetMap data under ODbL; attribution required.,Overpass around destination coordinates,vung_tau,Vung Tau,Marina homestay,hotel_osm,10.4174584,107.1182871,2.07,node,4844786530,"{""name:en"": ""Marina homestay"", ""tourism"": ""guest_house""}",missing_capacity,70,80,70,55
osm_node_4845294121,OpenStreetMap Overpass API,https://overpass-api.de/api/interpreter,2026-05-19T16:08:29.614169+00:00,on_demand_mvp,OpenStreetMap data under ODbL; attribution required.,Overpass around destination coordinates,vung_tau,Vung Tau,Lau bo nam vang,restaurant,10.3894913,107.1038419,4.3,node,4845294121,"{""amenity"": ""restaurant"", ""name"": ""Lau bo nam vang"", ""name:en"": ""Beef hotpot Namvang"", ""name:vi"": ""Lẩu bò Nam Vang""}",missing_capacity,70,80,70,55
osm_node_4849843123,OpenStreetMap Overpass API,https://overpass-api.de/api/interpreter,2026-05-19T16:08:29.614254+00:00,on_demand_mvp,OpenStreetMap data under ODbL; attribution required.,Overpass around destination coordinates,vung_tau,Vung Tau,Studio Xuan hoi,tourism_artwork,10.3892885,107.1040695,4.29,node,4849843123,"{""name"": ""Studio Xuan hoi"", ""name:vi"": ""Studio Xuan hoi"", ""tourism"": ""artwork""}",missing_capacity,70,80,70,55
osm_node_4855034823,OpenStreetMap Overpass API,https://overpass-api.de/api/interpreter,2026-05-19T16:08:29.614332+00:00,on_demand_mvp,OpenStreetMap data under ODbL; attribution required.,Overpass around destination coordinates,vung_tau,Vung Tau,Giải khát 1719,restaurant,10.4530065,107.1726047,6.1,node,4855034823,"{""amenity"": ""cafe"", ""name"": ""Giải khát 1719"", ""name:vi"": ""Giải khát 1719""}",missing_capacity,70,80,70,55
osm_node_4892992623,OpenStreetMap Overpass API,https://overpass-api.de/api/interpreter,2026-05-19T16:08:29.614412+00:00,on_demand_mvp,OpenStreetMap data under ODbL; attribution required.,Overpass around destination coordinates,vung_tau,Vung Tau,Cafe Hương Tràm 1,restaurant,10.3989818,107.1164879,2.56,node,4892992623,"{""addr:street"": ""Bình Giã"", ""amenity"": ""cafe"", ""name"": ""Cafe Hương Tràm 1"", ""name:vi"": ""Cafe Hương Tràm 1"", ""opening_hours"": ""24/7""}",missing_capacity,70,80,70,55
osm_node_4898430958,OpenStreetMap Overpass API,https://overpass-api.de/api/interpreter,2026-05-19T16:08:29.614516+00:00,on_demand_mvp,OpenStreetMap data under ODbL; attribution required.,Overpass around destination coordinates,vung_tau,Vung Tau,Bãi tắm Thủy Tiên,attraction,10.371436,107.1242939,4.63,node,4898430958,"{""name"": ""Bãi tắm Thủy Tiên"", ""name:de"": ""Bãi tắm Thủy Tiên"", ""tourism"": ""attraction""}",missing_capacity,70,80,70,55
osm_node_4948300521,OpenStreetMap Overpass API,https://overpass-api.de/api/interpreter,2026-05-19T16:08:29.614605+00:00,on_demand_mvp,OpenStreetMap data under ODbL; attribution required.,Overpass around destination coordinates,vung_tau,Vung Tau,Du Lịch Marina,tourism_artwork,10.409555,107.1130235,2.54,node,4948300521,"{""name"": ""Du Lịch Marina"", ""name:vi"": ""Du Lịch Marina"", ""tourism"": ""artwork""}",missing_capacity,70,80,70,55
osm_node_4949977233,OpenStreetMap Overpass API,https://overpass-api.de/api/interpreter,2026-05-19T16:08:29.614692+00:00,on_demand_mvp,OpenStreetMap data under ODbL; attribution required.,Overpass around destination coordinates,vung_tau,Vung Tau,Pho Tai Nam Dinh,restaurant,10.385781,107.0978157,5.07,node,4949977233,"{""addr:street"": ""Lê Quang Định"", ""amenity"": ""restaurant"", ""name"": ""Pho Tai Nam Dinh"", ""name:vi"": ""Pho Tai Nam Dinh"", ""opening_hours"": ""Mo-Su 06:00-09:00""}",missing_capacity,70,80,70,55
osm_node_4971576221,OpenStreetMap Overpass API,https://overpass-api.de/api/interpreter,2026-05-19T16:08:29.614785+00:00,on_demand_mvp,OpenStreetMap data under ODbL; attribution required.,Overpass around destination coordinates,vung_tau,Vung Tau,Cafe Giải Khát Ven Biển,tourism_artwork,10.3722412,107.1236526,4.57,node,4971576221,"{""name"": ""Cafe Giải Khát Ven Biển"", ""name:vi"": ""Cafe Giải Khát Ven Biển"", ""tourism"": ""artwork""}",missing_capacity,70,80,70,55
osm_node_4976315221,OpenStreetMap Overpass API,https://overpass-api.de/api/interpreter,2026-05-19T16:08:29.614866+00:00,on_demand_mvp,OpenStreetMap data under ODbL; attribution required.,Overpass around destination coordinates,vung_tau,Vung Tau,Bánh cuốn Phương Uyên,restaurant,10.3987214,107.1161816,2.6,node,4976315221,"{""addr:street"": ""Hẻm 492 Ba Mươi Tháng Tư"", ""amenity"": ""restaurant"", ""name"": ""Bánh cuốn Phương Uyên"", ""name:vi"": ""Bánh cuốn Phương Uyên"", ""opening_hours"": ""Mo-Su 06:00-09:00""}",missing_capacity,70,80,70,55
osm_node_5123166123,OpenStreetMap Overpass API,https://overpass-api.de/api/interpreter,2026-05-19T16:08:29.614954+00:00,on_demand_mvp,OpenStreetMap data under ODbL; attribution required.,Overpass around destination coordinates,vung_tau,Vung Tau,Cafe Thiên Ân,restaurant,10.4059623,107.188202,5.72,node,5123166123,"{""amenity"": ""cafe"", ""name"": ""Cafe Thiên Ân"", ""name:en"": ""Thien An cafe""}",missing_capacity,70,80,70,55
osm_node_5123166124,OpenStreetMap Overpass API,https://overpass-api.de/api/interpreter,2026-05-19T16:08:29.615040+00:00,on_demand_mvp,OpenStreetMap data under ODbL; attribution required.,Overpass around destination coordinates,vung_tau,Vung Tau,Nhà Cô Mai,tourism_motel,10.4140499,107.1901795,5.91,node,5123166124,"{""addr:housenumber"": ""G 13"", ""addr:street"": ""Đường Ven Biển"", ""name"": ""Nhà Cô Mai"", ""name:en"": ""Co Mai house"", ""tourism"": ""motel""}",missing_capacity,70,80,70,55
osm_node_5123166621,OpenStreetMap Overpass API,https://overpass-api.de/api/interpreter,2026-05-19T16:08:29.615124+00:00,on_demand_mvp,OpenStreetMap data under ODbL; attribution required.,Overpass around destination coordinates,vung_tau,Vung Tau,Nhà Anh Dục,tourism_motel,10.4043472,107.1814932,5.02,node,5123166621,"{""addr:housenumber"": ""K 25/2"", ""addr:street"": ""Hương lộ 5"", ""name"": ""Nhà Anh Dục"", ""name:en"": ""Anh Duc house"", ""tourism"": ""motel""}",missing_capacity,70,80,70,55
osm_node_5160992321,OpenStreetMap Overpass API,https://overpass-api.de/api/interpreter,2026-05-19T16:08:29.615214+00:00,on_demand_mvp,OpenStreetMap data under ODbL; attribution required.,Overpass around destination coordinates,vung_tau,Vung Tau,nha Lợi,tourism_motel,10.4080296,107.1967539,6.63,node,5160992321,"{""addr:street"": ""Hương lộ 5"", ""name"": ""nha Lợi"", ""tourism"": ""motel""}",missing_capacity,70,80,70,55
osm_node_5162176021,OpenStreetMap Overpass API,https://overpass-api.de/api/interpreter,2026-05-19T16:08:29.615304+00:00,on_demand_mvp,OpenStreetMap data under ODbL; attribution required.,Overpass around destination coordinates,vung_tau,Vung Tau,Cô Mai,tourism_motel,10.4139024,107.1901329,5.9,node,5162176021,"{""addr:street"": ""Cầu Cửa Lấp"", ""name"": ""Cô Mai"", ""name:vi"": ""nhà cô Mai"", ""tourism"": ""motel""}",missing_capacity,70,80,70,55
osm_node_5171195522,OpenStreetMap Overpass API,https://overpass-api.de/api/interpreter,2026-05-19T16:08:29.615386+00:00,on_demand_mvp,OpenStreetMap data under ODbL; attribution required.,Overpass around destination coordinates,vung_tau,Vung Tau,Bún Riêu 6 Tòng,restaurant,10.4528684,107.0953685,6.42,node,5171195522,"{""amenity"": ""restaurant"", ""internet_access"": ""wlan"", ""name"": ""Bún Riêu 6 Tòng"", ""opening_hours"": ""Mo-Su 13:00-20:30"", ""phone"": ""0987272908""}",missing_capacity,70,80,70,55
osm_node_5247937321,OpenStreetMap Overpass API,https://overpass-api.de/api/interpreter,2026-05-19T16:08:29.615469+00:00,on_demand_mvp,OpenStreetMap data under ODbL; attribution required.,Overpass around destination coordinates,vung_tau,Vung Tau,Cô Mai,tourism_motel,10.4140936,107.1902173,5.92,node,5247937321,"{""addr:street"": ""Đường Ven Biển"", ""name"": ""Cô Mai"", ""name:vi"": ""Cô Mai"", ""tourism"": ""motel""}",missing_capacity,70,80,70,55
osm_node_5263724622,OpenStreetMap Overpass API,https://overpass-api.de/api/interpreter,2026-05-19T16:08:29.615558+00:00,on_demand_mvp,OpenStreetMap data under ODbL; attribution required.,Overpass around destination coordinates,vung_tau,Vung Tau,CôMAI,hotel_osm,10.4140593,107.190199,5.91,node,5263724622,"{""addr:street"": ""Đường Ven Biển"", ""name"": ""CôMAI"", ""name:vi"": ""CôMAI"", ""tourism"": ""guest_house""}",missing_capacity,70,80,70,55
osm_node_5404391221,OpenStreetMap Overpass API,https://overpass-api.de/api/interpreter,2026-05-19T16:08:29.615643+00:00,on_demand_mvp,OpenStreetMap data under ODbL; attribution required.,Overpass around destination coordinates,vung_tau,Vung Tau,nhà má yến,hotel_osm,10.3943487,107.1112538,3.32,node,5404391221,"{""addr:housenumber"": ""24"", ""addr:street"": ""Lưu Hữu Phước"", ""internet_access"": ""wlan"", ""name"": ""nhà má yến"", ""tourism"": ""apartment""}",missing_capacity,70,80,70,55
osm_node_5596865382,OpenStreetMap Overpass API,https://overpass-api.de/api/interpreter,2026-05-19T16:08:29.615727+00:00,on_demand_mvp,OpenStreetMap data under ODbL; attribution required.,Overpass around destination coordinates,vung_tau,Vung Tau,Xe Toàn Thắng,transport_hub,10.3648888,107.0949102,6.87,node,5596865382,"{""amenity"": ""bus_station"", ""bus"": ""yes"", ""name"": ""Xe Toàn Thắng"", ""public_transport"": ""station""}",missing_capacity,70,80,70,55
osm_node_5599418866,OpenStreetMap Overpass API,https://overpass-api.de/api/interpreter,2026-05-19T16:08:29.615808+00:00,on_demand_mvp,OpenStreetMap data under ODbL; attribution required.,Overpass around destination coordinates,vung_tau,Vung Tau,Khu Nhà Rông,hotel_osm,10.3628222,107.1110098,6.06,node,5599418866,"{""name"": ""Khu Nhà Rông"", ""tourism"": ""hotel""}",missing_capacity,70,80,70,55
osm_node_5601073000,OpenStreetMap Overpass API,https://overpass-api.de/api/interpreter,2026-05-19T16:08:29.615889+00:00,on_demand_mvp,OpenStreetMap data under ODbL; attribution required.,Overpass around destination coordinates,vung_tau,Vung Tau,Miến Lươn Xứ Nghệ,restaurant,10.3701168,107.0880298,6.99,node,5601073000,"{""addr:housenumber"": ""1E"", ""addr:street"": ""Lương Thế Vinh"", ""amenity"": ""restaurant"", ""name"": ""Miến Lươn Xứ Nghệ""}",missing_capacity,70,80,70,55
osm_node_5601073007,OpenStreetMap Overpass API,https://overpass-api.de/api/interpreter,2026-05-19T16:08:29.615973+00:00,on_demand_mvp,OpenStreetMap data under ODbL; attribution required.,Overpass around destination coordinates,vung_tau,Vung Tau,Milano Boo,restaurant,10.3687741,107.0896649,6.95,node,5601073007,"{""amenity"": ""cafe"", ""name"": ""Milano Boo""}",missing_capacity,70,80,70,55
osm_node_5606335909,OpenStreetMap Overpass API,https://overpass-api.de/api/interpreter,2026-05-19T16:08:29.616048+00:00,on_demand_mvp,OpenStreetMap data under ODbL; attribution required.,Overpass around destination coordinates,vung_tau,Vung Tau,Phuong Trang,transport_hub,10.4244794,107.1586533,2.85,node,5606335909,"{""amenity"": ""bus_station"", ""bus"": ""yes"", ""name"": ""Phuong Trang"", ""public_transport"": ""station""}",missing_capacity,70,80,70,55
osm_node_5606336336,OpenStreetMap Overpass API,https://overpass-api.de/api/interpreter,2026-05-19T16:08:29.616129+00:00,on_demand_mvp,OpenStreetMap data under ODbL; attribution required.,Overpass around destination coordinates,vung_tau,Vung Tau,Cairo Cafe,restaurant,10.4038792,107.1254404,1.44,node,5606336336,"{""amenity"": ""cafe"", ""name"": ""Cairo Cafe""}",missing_capacity,70,80,70,55
osm_node_5606336342,OpenStreetMap Overpass API,https://overpass-api.de/api/interpreter,2026-05-19T16:08:29.616206+00:00,on_demand_mvp,OpenStreetMap data under ODbL; attribution required.,Overpass around destination coordinates,vung_tau,Vung Tau,Khiết Tiên Quán,restaurant,10.4225168,107.1575728,2.64,node,5606336342,"{""amenity"": ""cafe"", ""name"": ""Khiết Tiên Quán""}",missing_capacity,70,80,70,55
osm_node_5606336358,OpenStreetMap Overpass API,https://overpass-api.de/api/interpreter,2026-05-19T16:08:29.616282+00:00,on_demand_mvp,OpenStreetMap data under ODbL; attribution required.,Overpass around destination coordinates,vung_tau,Vung Tau,Cỏ,restaurant,10.4073151,107.1305373,0.77,node,5606336358,"{""amenity"": ""cafe"", ""name"": ""Cỏ""}",missing_capacity,70,80,70,55
osm_node_5613330507,OpenStreetMap Overpass API,https://overpass-api.de/api/interpreter,2026-05-19T16:08:29.616356+00:00,on_demand_mvp,OpenStreetMap data under ODbL; attribution required.,Overpass around destination coordinates,vung_tau,Vung Tau,Hotel Sai Gon,hotel_osm,10.3765647,107.1157968,4.47,node,5613330507,"{""name"": ""Hotel Sai Gon"", ""tourism"": ""hotel""}",missing_capacity,70,80,70,55
osm_node_5613330514,OpenStreetMap Overpass API,https://overpass-api.de/api/interpreter,2026-05-19T16:08:29.616434+00:00,on_demand_mvp,OpenStreetMap data under ODbL; attribution required.,Overpass around destination coordinates,vung_tau,Vung Tau,Sea View,restaurant,10.3762213,107.1134893,4.63,node,5613330514,"{""amenity"": ""restaurant"", ""name"": ""Sea View""}",missing_capacity,70,80,70,55
osm_node_5619500013,OpenStreetMap Overpass API,https://overpass-api.de/api/interpreter,2026-05-19T16:08:29.616532+00:00,on_demand_mvp,OpenStreetMap data under ODbL; attribution required.,Overpass around destination coordinates,vung_tau,Vung Tau,Badminton Coffee,restaurant,10.3762887,107.1147355,4.56,node,5619500013,"{""amenity"": ""cafe"", ""name"": ""Badminton Coffee""}",missing_capacity,70,80,70,55
osm_node_5619500015,OpenStreetMap Overpass API,https://overpass-api.de/api/interpreter,2026-05-19T16:08:29.616613+00:00,on_demand_mvp,OpenStreetMap data under ODbL; attribution required.,Overpass around destination coordinates,vung_tau,Vung Tau,Lê Hà,tourism_motel,10.4249074,107.15828,2.84,node,5619500015,"{""name"": ""Lê Hà"", ""tourism"": ""motel""}",missing_capacity,70,80,70,55
osm_node_5619500622,OpenStreetMap Overpass API,https://overpass-api.de/api/interpreter,2026-05-19T16:08:29.616692+00:00,on_demand_mvp,OpenStreetMap data under ODbL; attribution required.,Overpass around destination coordinates,vung_tau,Vung Tau,Quân Nghĩa,restaurant,10.4274185,107.1584943,3.02,node,5619500622,"{""amenity"": ""restaurant"", ""name"": ""Quân Nghĩa""}",missing_capacity,70,80,70,55
osm_node_5619500629,OpenStreetMap Overpass API,https://overpass-api.de/api/interpreter,2026-05-19T16:08:29.616769+00:00,on_demand_mvp,OpenStreetMap data under ODbL; attribution required.,Overpass around destination coordinates,vung_tau,Vung Tau,Phở Bắc Hải,restaurant,10.4479318,107.1734251,5.75,node,5619500629,"{""amenity"": ""restaurant"", ""name"": ""Phở Bắc Hải""}",missing_capacity,70,80,70,55
osm_node_5619500636,OpenStreetMap Overpass API,https://overpass-api.de/api/interpreter,2026-05-19T16:08:29.616843+00:00,on_demand_mvp,OpenStreetMap data under ODbL; attribution required.,Overpass around destination coordinates,vung_tau,Vung Tau,Hưng Ký,restaurant,10.4590429,107.1702466,6.48,node,5619500636,"{""amenity"": ""restaurant"", ""name"": ""Hưng Ký""}",missing_capacity,70,80,70,55
osm_node_5619500648,OpenStreetMap Overpass API,https://overpass-api.de/api/interpreter,2026-05-19T16:08:29.616917+00:00,on_demand_mvp,OpenStreetMap data under ODbL; attribution required.,Overpass around destination coordinates,vung_tau,Vung Tau,Võng,restaurant,10.4106114,107.1573488,2.31,node,5619500648,"{""amenity"": ""cafe"", ""name"": ""Võng""}",missing_capacity,70,80,70,55
osm_node_5621311767,OpenStreetMap Overpass API,https://overpass-api.de/api/interpreter,2026-05-19T16:08:29.616992+00:00,on_demand_mvp,OpenStreetMap data under ODbL; attribution required.,Overpass around destination coordinates,vung_tau,Vung Tau,Phở Gà Tân Hồng,restaurant,10.4522021,107.1731188,6.07,node,5621311767,"{""amenity"": ""restaurant"", ""name"": ""Phở Gà Tân Hồng""}",missing_capacity,70,80,70,55
osm_node_5621311773,OpenStreetMap Overpass API,https://overpass-api.de/api/interpreter,2026-05-19T16:08:29.617070+00:00,on_demand_mvp,OpenStreetMap data under ODbL; attribution required.,Overpass around destination coordinates,vung_tau,Vung Tau,Hủ Tiếu Mực,restaurant,10.4119068,107.1572675,2.3,node,5621311773,"{""amenity"": ""restaurant"", ""name"": ""Hủ Tiếu Mực""}",missing_capacity,70,80,70,55
osm_node_5621311806,OpenStreetMap Overpass API,https://overpass-api.de/api/interpreter,2026-05-19T16:08:29.617145+00:00,on_demand_mvp,OpenStreetMap data under ODbL; attribution required.,Overpass around destination coordinates,vung_tau,Vung Tau,Cơm Tấm,restaurant,10.4493183,107.1736111,5.87,node,5621311806,"{""amenity"": ""restaurant"", ""name"": ""Cơm Tấm""}",missing_capacity,70,80,70,55
osm_node_5621311809,OpenStreetMap Overpass API,https://overpass-api.de/api/interpreter,2026-05-19T16:08:29.617221+00:00,on_demand_mvp,OpenStreetMap data under ODbL; attribution required.,Overpass around destination coordinates,vung_tau,Vung Tau,Ngọc Lan,restaurant,10.3809104,107.1110909,4.36,node,5621311809,"{""amenity"": ""cafe"", ""name"": ""Ngọc Lan""}",missing_capacity,70,80,70,55
osm_node_6959910397,OpenStreetMap Overpass API,https://overpass-api.de/api/interpreter,2026-05-19T16:08:29.617303+00:00,on_demand_mvp,OpenStreetMap data under ODbL; attribution required.,Overpass around destination coordinates,vung_tau,Vung Tau,Làng bè Gò Găng,restaurant,10.440372,107.1502188,3.57,node,6959910397,"{""amenity"": ""restaurant"", ""name"": ""Làng bè Gò Găng""}",missing_capacity,70,80,70,55
osm_node_6959910470,OpenStreetMap Overpass API,https://overpass-api.de/api/interpreter,2026-05-19T16:08:29.617381+00:00,on_demand_mvp,OpenStreetMap data under ODbL; attribution required.,Overpass around destination coordinates,vung_tau,Vung Tau,Làng bè Sông Chà Và,restaurant,10.44895,107.1221656,4.45,node,6959910470,"{""amenity"": ""restaurant"", ""name"": ""Làng bè Sông Chà Và""}",missing_capacity,70,80,70,55
osm_node_7076981753,OpenStreetMap Overpass API,https://overpass-api.de/api/interpreter,2026-05-19T16:08:29.617455+00:00,on_demand_mvp,OpenStreetMap data under ODbL; attribution required.,Overpass around destination coordinates,vung_tau,Vung Tau,Phở Tâm,restaurant,10.3649105,107.0969343,6.72,node,7076981753,"{""amenity"": ""restaurant"", ""name"": ""Phở Tâm""}",missing_capacity,70,80,70,55
osm_node_7094212674,OpenStreetMap Overpass API,https://overpass-api.de/api/interpreter,2026-05-19T16:08:29.617532+00:00,on_demand_mvp,OpenStreetMap data under ODbL; attribution required.,Overpass around destination coordinates,vung_tau,Vung Tau,Thuý Hoan,restaurant,10.3780112,107.1102288,4.67,node,7094212674,"{""amenity"": ""restaurant"", ""name"": ""Thuý Hoan""}",missing_capacity,70,80,70,55
osm_node_7100657306,OpenStreetMap Overpass API,https://overpass-api.de/api/interpreter,2026-05-19T16:08:29.617609+00:00,on_demand_mvp,OpenStreetMap data under ODbL; attribution required.,Overpass around destination coordinates,vung_tau,Vung Tau,Cơm Niêu Hoa Sữa,restaurant,10.3654462,107.0935678,6.92,node,7100657306,"{""amenity"": ""restaurant"", ""name"": ""Cơm Niêu Hoa Sữa""}",missing_capacity,70,80,70,55
osm_node_7104079398,OpenStreetMap Overpass API,https://overpass-api.de/api/interpreter,2026-05-19T16:08:29.617686+00:00,on_demand_mvp,OpenStreetMap data under ODbL; attribution required.,Overpass around destination coordinates,vung_tau,Vung Tau,Gỗ Phương Nam,restaurant,10.4103343,107.1562474,2.2,node,7104079398,"{""amenity"": ""restaurant"", ""name"": ""Gỗ Phương Nam""}",missing_capacity,70,80,70,55
osm_node_7104079406,OpenStreetMap Overpass API,https://overpass-api.de/api/interpreter,2026-05-19T16:08:29.617761+00:00,on_demand_mvp,OpenStreetMap data under ODbL; attribution required.,Overpass around destination coordinates,vung_tau,Vung Tau,Hội Ngộ,restaurant,10.3798266,107.1091408,4.59,node,7104079406,"{""amenity"": ""cafe"", ""name"": ""Hội Ngộ""}",missing_capacity,70,80,70,55
osm_node_7104079408,OpenStreetMap Overpass API,https://overpass-api.de/api/interpreter,2026-05-19T16:08:29.617860+00:00,on_demand_mvp,OpenStreetMap data under ODbL; attribution required.,Overpass around destination coordinates,vung_tau,Vung Tau,Không Tên,restaurant,10.3933096,107.1312986,2.08,node,7104079408,"{""amenity"": ""cafe"", ""name"": ""Không Tên""}",missing_capacity,70,80,70,55
osm_node_7113815237,OpenStreetMap Overpass API,https://overpass-api.de/api/interpreter,2026-05-19T16:08:29.617941+00:00,on_demand_mvp,OpenStreetMap data under ODbL; attribution required.,Overpass around destination coordinates,vung_tau,Vung Tau,Bãi tắm Chí Linh,beach,10.3682857,107.1201512,5.11,node,7113815237,"{""name"": ""Bãi tắm Chí Linh"", ""natural"": ""beach""}",missing_capacity,70,80,70,55
osm_node_7113815246,OpenStreetMap Overpass API,https://overpass-api.de/api/interpreter,2026-05-19T16:08:29.618016+00:00,on_demand_mvp,OpenStreetMap data under ODbL; attribution required.,Overpass around destination coordinates,vung_tau,Vung Tau,Bãi tắm Thủy Tiên,beach,10.3708476,107.1237856,4.71,node,7113815246,"{""name"": ""Bãi tắm Thủy Tiên"", ""natural"": ""beach""}",missing_capacity,70,80,70,55
osm_node_7113815247,OpenStreetMap Overpass API,https://overpass-api.de/api/interpreter,2026-05-19T16:08:29.618101+00:00,on_demand_mvp,OpenStreetMap data under ODbL; attribution required.,Overpass around destination coordinates,vung_tau,Vung Tau,Bãi tắm Long Cung,beach,10.3726259,107.1264812,4.44,node,7113815247,"{""name"": ""Bãi tắm Long Cung"", ""natural"": ""beach""}",missing_capacity,70,80,70,55
osm_node_7353156486,OpenStreetMap Overpass API,https://overpass-api.de/api/interpreter,2026-05-19T16:08:29.618198+00:00,on_demand_mvp,OpenStreetMap data under ODbL; attribution required.,Overpass around destination coordinates,vung_tau,Vung Tau,Twin Boys,restaurant,10.3771876,107.1106321,4.72,node,7353156486,"{""amenity"": ""cafe"", ""name"": ""Twin Boys""}",missing_capacity,70,80,70,55
osm_node_7944769085,OpenStreetMap Overpass API,https://overpass-api.de/api/interpreter,2026-05-19T16:08:29.618286+00:00,on_demand_mvp,OpenStreetMap data under ODbL; attribution required.,Overpass around destination coordinates,vung_tau,Vung Tau,Mangroves and Fishing Huts,attraction,10.4438425,107.1554392,4.18,node,7944769085,"{""name:en"": ""Mangroves and Fishing Huts"", ""tourism"": ""viewpoint""}",missing_capacity,70,80,70,55
osm_node_9186621817,OpenStreetMap Overpass API,https://overpass-api.de/api/interpreter,2026-05-19T16:08:29.618368+00:00,on_demand_mvp,OpenStreetMap data under ODbL; attribution required.,Overpass around destination coordinates,vung_tau,Vung Tau,Đất P10,hotel_osm,10.381269,107.1206014,3.76,node,9186621817,"{""name"": ""Đất P10"", ""tourism"": ""apartment""}",missing_capacity,70,80,70,55
osm_node_10585495243,OpenStreetMap Overpass API,https://overpass-api.de/api/interpreter,2026-05-19T16:08:29.618449+00:00,on_demand_mvp,OpenStreetMap data under ODbL; attribution required.,Overpass around destination coordinates,vung_tau,Vung Tau,Medic sài gòn VT 5,hotel_osm,10.4002602,107.1161317,2.52,node,10585495243,"{""name"": ""Medic sài gòn VT 5"", ""tourism"": ""apartment""}",missing_capacity,70,80,70,55
osm_node_10585518122,OpenStreetMap Overpass API,https://overpass-api.de/api/interpreter,2026-05-19T16:08:29.618547+00:00,on_demand_mvp,OpenStreetMap data under ODbL; attribution required.,Overpass around destination coordinates,vung_tau,Vung Tau,Linh Đan (Thôn 7 LS),hotel_osm,10.4593309,107.0969553,6.84,node,10585518122,"{""name"": ""Linh Đan (Thôn 7 LS)"", ""tourism"": ""apartment""}",missing_capacity,70,80,70,55
osm_node_10585518230,OpenStreetMap Overpass API,https://overpass-api.de/api/interpreter,2026-05-19T16:08:29.618628+00:00,on_demand_mvp,OpenStreetMap data under ODbL; attribution required.,Overpass around destination coordinates,vung_tau,Vung Tau,Phương Mai,hotel_osm,10.3905357,107.1030771,4.3,node,10585518230,"{""name"": ""Phương Mai"", ""tourism"": ""apartment""}",missing_capacity,70,80,70,55
osm_node_10585518231,OpenStreetMap Overpass API,https://overpass-api.de/api/interpreter,2026-05-19T16:08:29.618719+00:00,on_demand_mvp,OpenStreetMap data under ODbL; attribution required.,Overpass around destination coordinates,vung_tau,Vung Tau,Trang Đức,hotel_osm,10.3738616,107.1173428,4.66,node,10585518231,"{""name"": ""Trang Đức"", ""tourism"": ""apartment""}",missing_capacity,70,80,70,55
osm_node_10585518235,OpenStreetMap Overpass API,https://overpass-api.de/api/interpreter,2026-05-19T16:08:29.618808+00:00,on_demand_mvp,OpenStreetMap data under ODbL; attribution required.,Overpass around destination coordinates,vung_tau,Vung Tau,Nhà anh Tân,hotel_osm,10.3895294,107.1163846,3.26,node,10585518235,"{""name"": ""Nhà anh Tân"", ""tourism"": ""apartment""}",missing_capacity,70,80,70,55
osm_node_10585518238,OpenStreetMap Overpass API,https://overpass-api.de/api/interpreter,2026-05-19T16:08:29.618893+00:00,on_demand_mvp,OpenStreetMap data under ODbL; attribution required.,Overpass around destination coordinates,vung_tau,Vung Tau,Linh Đan 3,hotel_osm,10.4568624,107.0970728,6.62,node,10585518238,"{""name"": ""Linh Đan 3"", ""tourism"": ""apartment""}",missing_capacity,70,80,70,55
osm_node_10585518239,OpenStreetMap Overpass API,https://overpass-api.de/api/interpreter,2026-05-19T16:08:29.618972+00:00,on_demand_mvp,OpenStreetMap data under ODbL; attribution required.,Overpass around destination coordinates,vung_tau,Vung Tau,Linh Đan (Huỳnh Văn Hớn),hotel_osm,10.3853796,107.1216623,3.3,node,10585518239,"{""name"": ""Linh Đan (Huỳnh Văn Hớn)"", ""tourism"": ""apartment""}",missing_capacity,70,80,70,55
osm_node_10585518310,OpenStreetMap Overpass API,https://overpass-api.de/api/interpreter,2026-05-19T16:08:29.619063+00:00,on_demand_mvp,OpenStreetMap data under ODbL; attribution required.,Overpass around destination coordinates,vung_tau,Vung Tau,Như Ý 1,hotel_osm,10.364407,107.094923,6.91,node,10585518310,"{""name"": ""Như Ý 1"", ""tourism"": ""apartment""}",missing_capacity,70,80,70,55
osm_node_12444545489,OpenStreetMap Overpass API,https://overpass-api.de/api/interpreter,2026-05-19T16:08:29.619159+00:00,on_demand_mvp,OpenStreetMap data under ODbL; attribution required.,Overpass around destination coordinates,vung_tau,Vung Tau,Tượng cụ Lê Quý Đôn,tourism_artwork,10.38963,107.1352376,2.42,node,12444545489,"{""artwork_type"": ""statue"", ""material"": ""stone"", ""name"": ""Tượng cụ Lê Quý Đôn"", ""name:en"": ""Lê Quý Đôn statue"", ""tourism"": ""artwork""}",missing_capacity,70,80,70,55
osm_node_12508734574,OpenStreetMap Overpass API,https://overpass-api.de/api/interpreter,2026-05-19T16:08:29.619246+00:00,on_demand_mvp,OpenStreetMap data under ODbL; attribution required.,Overpass around destination coordinates,vung_tau,Vung Tau,Pho Bac Ha,restaurant,10.3765544,107.1118097,4.7,node,12508734574,"{""addr:housenumber"": ""4D/1"", ""addr:street"": ""Nguyen Quyen, Khu Do Thi Chi"", ""amenity"": ""restaurant"", ""name"": ""Pho Bac Ha"", ""phone"": ""0903175873""}",missing_capacity,70,80,70,55
osm_node_491537831,OpenStreetMap Overpass API,https://overpass-api.de/api/interpreter,2026-05-19T16:08:35.079770+00:00,on_demand_mvp,OpenStreetMap data under ODbL; attribution required.,Overpass around destination coordinates,mui_ne,Mui Ne,Mũi Né harbor,attraction,10.9409737,108.2793304,0.96,node,491537831,"{""alt_name:en"": ""mui ne harbour"", ""alt_name_1:en"": ""Mũi Né harbour"", ""name:de"": ""Mũi Né Hafen"", ""name:en"": ""Mũi Né harbor"", ""name:ru"": ""рыбацкая гавань"", ""tourism"": ""viewpoint""}",missing_capacity,70,80,70,55
osm_node_1390208339,OpenStreetMap Overpass API,https://overpass-api.de/api/interpreter,2026-05-19T16:08:35.080067+00:00,on_demand_mvp,OpenStreetMap data under ODbL; attribution required.,Overpass around destination coordinates,mui_ne,Mui Ne,Canary Beach Resort,hotel_osm,10.9492932,108.2588354,3.21,node,1390208339,"{""addr:street"": ""Huỳnh Thúc Kháng"", ""internet_access"": ""wlan"", ""internet_access:fee"": ""yes"", ""name"": ""Canary Beach Resort"", ""tourism"": ""hotel""}",missing_capacity,70,80,70,55
osm_node_1390208348,OpenStreetMap Overpass API,https://overpass-api.de/api/interpreter,2026-05-19T16:08:35.080206+00:00,on_demand_mvp,OpenStreetMap data under ODbL; attribution required.,Overpass around destination coordinates,mui_ne,Mui Ne,Hai Gia Resort,hotel_osm,10.948777,108.2606968,3.01,node,1390208348,"{""addr:city"": ""Mui Ne"", ""addr:district"": ""Ward Ham Tien"", ""addr:housenumber"": ""72A"", ""addr:street"": ""Huỳnh Thúc Kháng"", ""name"": ""Hai Gia Resort"", ""phone"": ""(062) 3847.555 - 0903 342 321"", ""tourism"": ""hotel"", ""website"": ""https://seahome.com.vn/""}",missing_capacity,70,80,70,55
osm_node_1390208350,OpenStreetMap Overpass API,https://overpass-api.de/api/interpreter,2026-05-19T16:08:35.080340+00:00,on_demand_mvp,OpenStreetMap data under ODbL; attribution required.,Overpass around destination coordinates,mui_ne,Mui Ne,Thai hoa muine resort,hotel_osm,10.9492499,108.2584496,3.24,node,1390208350,"{""addr:housenumber"": ""56"", ""addr:street"": ""Huỳnh Thúc Kháng"", ""internet_access"": ""wlan"", ""internet_access:fee"": ""yes"", ""name"": ""Thai hoa muine resort"", ""name:de"": ""Thai hoa muine resort"", ""smoking"": ""separated"", ""stars"": ""3"", ""tourism"": ""hotel""}",missing_capacity,70,80,70,55
osm_node_1390208352,OpenStreetMap Overpass API,https://overpass-api.de/api/interpreter,2026-05-19T16:08:35.080461+00:00,on_demand_mvp,OpenStreetMap data under ODbL; attribution required.,Overpass around destination coordinates,mui_ne,Mui Ne,Hai Au Mui Ne Beach Resort & Spa,hotel_osm,10.9511154,108.2541629,3.75,node,1390208352,"{""name"": ""Hai Au Mui Ne Beach Resort & Spa"", ""tourism"": ""hotel""}",missing_capacity,70,80,70,55
osm_node_1797128213,OpenStreetMap Overpass API,https://overpass-api.de/api/interpreter,2026-05-19T16:08:35.080565+00:00,on_demand_mvp,OpenStreetMap data under ODbL; attribution required.,Overpass around destination coordinates,mui_ne,Mui Ne,Ha Le,restaurant,10.9612932,108.3221245,5.26,node,1797128213,"{""amenity"": ""restaurant"", ""name"": ""Ha Le""}",missing_capacity,70,80,70,55
osm_node_2102482354,OpenStreetMap Overpass API,https://overpass-api.de/api/interpreter,2026-05-19T16:08:35.081310+00:00,on_demand_mvp,OpenStreetMap data under ODbL; attribution required.,Overpass around destination coordinates,mui_ne,Mui Ne,Song Huong Hotel,hotel_osm,10.9553091,108.2343193,5.88,node,2102482354,"{""name"": ""Song Huong Hotel"", ""source"": ""personal expirience"", ""tourism"": ""hotel""}",missing_capacity,70,80,70,55
osm_node_2281493549,OpenStreetMap Overpass API,https://overpass-api.de/api/interpreter,2026-05-19T16:08:35.081528+00:00,on_demand_mvp,OpenStreetMap data under ODbL; attribution required.,Overpass around destination coordinates,mui_ne,Mui Ne,Hoang Hai Resort,hotel_osm,10.9547744,108.235907,5.7,node,2281493549,"{""name"": ""Hoang Hai Resort"", ""source"": ""survey"", ""tourism"": ""hotel""}",missing_capacity,70,80,70,55
osm_node_2281493558,OpenStreetMap Overpass API,https://overpass-api.de/api/interpreter,2026-05-19T16:08:35.081643+00:00,on_demand_mvp,OpenStreetMap data under ODbL; attribution required.,Overpass around destination coordinates,mui_ne,Mui Ne,Mui Ne Resort,hotel_osm,10.9548861,108.2348589,5.81,node,2281493558,"{""name"": ""Mui Ne Resort"", ""source"": ""survey"", ""tourism"": ""hotel""}",missing_capacity,70,80,70,55
osm_node_3323101003,OpenStreetMap Overpass API,https://overpass-api.de/api/interpreter,2026-05-19T16:08:35.081779+00:00,on_demand_mvp,OpenStreetMap data under ODbL; attribution required.,Overpass around destination coordinates,mui_ne,Mui Ne,Ganh Resort,hotel_osm,10.9286158,108.2914308,1.03,node,3323101003,"{""name"": ""Ganh Resort"", ""name:de"": ""Ganh Resort"", ""tourism"": ""hotel""}",missing_capacity,70,80,70,55
osm_node_3323105860,OpenStreetMap Overpass API,https://overpass-api.de/api/interpreter,2026-05-19T16:08:35.081916+00:00,on_demand_mvp,OpenStreetMap data under ODbL; attribution required.,Overpass around destination coordinates,mui_ne,Mui Ne,Malibu Resort,hotel_osm,10.9291741,108.283808,0.46,node,3323105860,"{""name"": ""Malibu Resort"", ""name:de"": ""Malibu Resort"", ""tourism"": ""hotel""}",missing_capacity,70,80,70,55
osm_node_3323108365,OpenStreetMap Overpass API,https://overpass-api.de/api/interpreter,2026-05-19T16:08:35.082034+00:00,on_demand_mvp,OpenStreetMap data under ODbL; attribution required.,Overpass around destination coordinates,mui_ne,Mui Ne,Resort Vịnh Mũi Né,hotel_osm,10.9209929,108.2914983,1.64,node,3323108365,"{""name"": ""Resort Vịnh Mũi Né"", ""name:de"": ""Resort Vịnh Mũi Né"", ""tourism"": ""hotel""}",missing_capacity,70,80,70,55
osm_node_3323108536,OpenStreetMap Overpass API,https://overpass-api.de/api/interpreter,2026-05-19T16:08:35.082134+00:00,on_demand_mvp,OpenStreetMap data under ODbL; attribution required.,Overpass around destination coordinates,mui_ne,Mui Ne,The Sailing Bay Resort,hotel_osm,10.9238068,108.2938234,1.56,node,3323108536,"{""name"": ""The Sailing Bay Resort"", ""name:de"": ""The Sailing Bay Resort"", ""tourism"": ""hotel""}",missing_capacity,70,80,70,55
osm_node_3323109874,OpenStreetMap Overpass API,https://overpass-api.de/api/interpreter,2026-05-19T16:08:35.082240+00:00,on_demand_mvp,OpenStreetMap data under ODbL; attribution required.,Overpass around destination coordinates,mui_ne,Mui Ne,Dv Du Lịch Gành Mũi Né,hotel_osm,10.923023,108.2937346,1.61,node,3323109874,"{""name"": ""Dv Du Lịch Gành Mũi Né"", ""name:de"": ""Dv Du Lịch Gành Mũi Né"", ""tourism"": ""hotel""}",missing_capacity,70,80,70,55
osm_node_3323114170,OpenStreetMap Overpass API,https://overpass-api.de/api/interpreter,2026-05-19T16:08:35.082350+00:00,on_demand_mvp,OpenStreetMap data under ODbL; attribution required.,Overpass around destination coordinates,mui_ne,Mui Ne,Muine Bay Resort,hotel_osm,10.9214818,108.2926606,1.66,node,3323114170,"{""name"": ""Muine Bay Resort"", ""name:de"": ""Muine Bay Resort"", ""tourism"": ""hotel""}",missing_capacity,70,80,70,55
osm_node_3323117609,OpenStreetMap Overpass API,https://overpass-api.de/api/interpreter,2026-05-19T16:08:35.082464+00:00,on_demand_mvp,OpenStreetMap data under ODbL; attribution required.,Overpass around destination coordinates,mui_ne,Mui Ne,Khu du lịch Malibu,hotel_osm,10.9420835,108.2979164,1.87,node,3323117609,"{""name"": ""Khu du lịch Malibu"", ""tourism"": ""hotel""}",missing_capacity,70,80,70,55
osm_node_3323118050,OpenStreetMap Overpass API,https://overpass-api.de/api/interpreter,2026-05-19T16:08:35.082568+00:00,on_demand_mvp,OpenStreetMap data under ODbL; attribution required.,Overpass around destination coordinates,mui_ne,Mui Ne,Kitecamp Nomad,hotel_osm,10.9390814,108.295717,1.5,node,3323118050,"{""name"": ""Kitecamp Nomad"", ""tourism"": ""hotel""}",missing_capacity,70,80,70,55
osm_node_3323118680,OpenStreetMap Overpass API,https://overpass-api.de/api/interpreter,2026-05-19T16:08:35.082667+00:00,on_demand_mvp,OpenStreetMap data under ODbL; attribution required.,Overpass around destination coordinates,mui_ne,Mui Ne,Pandanus Resort,hotel_osm,10.9448328,108.2980666,2.06,node,3323118680,"{""addr:city"": ""Mui Ne"", ""addr:housenumber"": ""3"", ""addr:province"": ""Lam Dong"", ""addr:street"": ""Nguyễn Hữu Thọ"", ""email"": ""pandanus@pandanusresort.com"", ""internet_access"": ""yes"", ""internet_access:fee"": ""customers"", ""name"": ""Pandanus Resort"", ""phone"": ""+84 2523 849 849"", ""tourism"": ""hotel"", ""website"": ""https://www.pandanusresort.com/""}",missing_capacity,70,80,70,55
osm_node_3323121039,OpenStreetMap Overpass API,https://overpass-api.de/api/interpreter,2026-05-19T16:08:35.082804+00:00,on_demand_mvp,OpenStreetMap data under ODbL; attribution required.,Overpass around destination coordinates,mui_ne,Mui Ne,Khách sạn Đại Dương,hotel_osm,10.9429684,108.2769898,1.28,node,3323121039,"{""name"": ""Khách sạn Đại Dương"", ""tourism"": ""hotel""}",missing_capacity,70,80,70,55
osm_node_3323123236,OpenStreetMap Overpass API,https://overpass-api.de/api/interpreter,2026-05-19T16:08:35.082921+00:00,on_demand_mvp,OpenStreetMap data under ODbL; attribution required.,Overpass around destination coordinates,mui_ne,Mui Ne,Muine de Century Resort & Spa,hotel_osm,10.9520114,108.2526139,3.94,node,3323123236,"{""name"": ""Muine de Century Resort & Spa"", ""name:de"": ""Muine de Century Resort & Spa"", ""tourism"": ""hotel""}",missing_capacity,70,80,70,55
osm_node_3323123578,OpenStreetMap Overpass API,https://overpass-api.de/api/interpreter,2026-05-19T16:08:35.083012+00:00,on_demand_mvp,OpenStreetMap data under ODbL; attribution required.,Overpass around destination coordinates,mui_ne,Mui Ne,Mai Vy Guest House,hotel_osm,10.9550029,108.2389615,5.41,node,3323123578,"{""name"": ""Mai Vy Guest House"", ""tourism"": ""hotel""}",missing_capacity,70,80,70,55
osm_node_3323124137,OpenStreetMap Overpass API,https://overpass-api.de/api/interpreter,2026-05-19T16:08:35.083134+00:00,on_demand_mvp,OpenStreetMap data under ODbL; attribution required.,Overpass around destination coordinates,mui_ne,Mui Ne,Lucy Resort,hotel_osm,10.9506684,108.2580642,3.36,node,3323124137,"{""name"": ""Lucy Resort"", ""name:de"": ""Lucy Resort"", ""tourism"": ""hotel""}",missing_capacity,70,80,70,55
osm_node_3323124467,OpenStreetMap Overpass API,https://overpass-api.de/api/interpreter,2026-05-19T16:08:35.083242+00:00,on_demand_mvp,OpenStreetMap data under ODbL; attribution required.,Overpass around destination coordinates,mui_ne,Mui Ne,Nhà nghỉ Đức Thảo Guest House,hotel_osm,10.9502418,108.2588956,3.26,node,3323124467,"{""name"": ""Nhà nghỉ Đức Thảo Guest House"", ""tourism"": ""hotel""}",missing_capacity,70,80,70,55
osm_node_3323125049,OpenStreetMap Overpass API,https://overpass-api.de/api/interpreter,2026-05-19T16:08:35.083347+00:00,on_demand_mvp,OpenStreetMap data under ODbL; attribution required.,Overpass around destination coordinates,mui_ne,Mui Ne,Ngoc Lam Guest House,hotel_osm,10.9540707,108.2474533,4.54,node,3323125049,"{""name"": ""Ngoc Lam Guest House"", ""tourism"": ""hotel""}",missing_capacity,70,80,70,55
osm_node_3323125983,OpenStreetMap Overpass API,https://overpass-api.de/api/interpreter,2026-05-19T16:08:35.083433+00:00,on_demand_mvp,OpenStreetMap data under ODbL; attribution required.,Overpass around destination coordinates,mui_ne,Mui Ne,PhuongTay Guest House,hotel_osm,10.9524767,108.2508565,4.13,node,3323125983,"{""addr:city"": ""Phan Thiết"", ""addr:district"": ""Hàm Tiến"", ""addr:housenumber"": ""8"", ""addr:street"": ""Huỳnh Thúc Kháng"", ""internet_access"": ""wlan"", ""name"": ""PhuongTay Guest House"", ""phone"": ""0623743745"", ""tourism"": ""hotel"", ""website"": ""https://phuongtayguesthouse.webnode.vn/""}",missing_capacity,70,80,70,55
osm_node_3323126115,OpenStreetMap Overpass API,https://overpass-api.de/api/interpreter,2026-05-19T16:08:35.083562+00:00,on_demand_mvp,OpenStreetMap data under ODbL; attribution required.,Overpass around destination coordinates,mui_ne,Mui Ne,Little Muine Cottages Hotel,hotel_osm,10.9518494,108.2512228,4.06,node,3323126115,"{""internet_access"": ""wlan"", ""name"": ""Little Muine Cottages Hotel"", ""tourism"": ""hotel""}",missing_capacity,70,80,70,55
osm_node_3323126155,OpenStreetMap Overpass API,https://overpass-api.de/api/interpreter,2026-05-19T16:08:35.083858+00:00,on_demand_mvp,OpenStreetMap data under ODbL; attribution required.,Overpass around destination coordinates,mui_ne,Mui Ne,Sunrise Village Hotel,hotel_osm,10.9525486,108.2471744,4.49,node,3323126155,"{""name"": ""Sunrise Village Hotel"", ""name:ko"": ""선라이즈 빌리지 호텔"", ""tourism"": ""hotel""}",missing_capacity,70,80,70,55
osm_node_3323128242,OpenStreetMap Overpass API,https://overpass-api.de/api/interpreter,2026-05-19T16:08:35.084171+00:00,on_demand_mvp,OpenStreetMap data under ODbL; attribution required.,Overpass around destination coordinates,mui_ne,Mui Ne,Little Paris Resort & Spa,hotel_osm,10.9527224,108.2503609,4.19,node,3323128242,"{""name"": ""Little Paris Resort & Spa"", ""name:de"": ""Little Paris Resort & Spa"", ""tourism"": ""hotel""}",missing_capacity,70,80,70,55
osm_node_3323128894,OpenStreetMap Overpass API,https://overpass-api.de/api/interpreter,2026-05-19T16:08:35.084317+00:00,on_demand_mvp,OpenStreetMap data under ODbL; attribution required.,Overpass around destination coordinates,mui_ne,Mui Ne,Cham Villas Resort,hotel_osm,10.9527066,108.2449911,4.71,node,3323128894,"{""name"": ""Cham Villas Resort"", ""tourism"": ""hotel""}",missing_capacity,70,80,70,55
osm_node_3323130015,OpenStreetMap Overpass API,https://overpass-api.de/api/interpreter,2026-05-19T16:08:35.084427+00:00,on_demand_mvp,OpenStreetMap data under ODbL; attribution required.,Overpass around destination coordinates,mui_ne,Mui Ne,Resort Hoàng Ngọc,hotel_osm,10.9550187,108.2383177,5.47,node,3323130015,"{""name"": ""Resort Hoàng Ngọc"", ""tourism"": ""hotel""}",missing_capacity,70,80,70,55
osm_node_3323130842,OpenStreetMap Overpass API,https://overpass-api.de/api/interpreter,2026-05-19T16:08:35.084526+00:00,on_demand_mvp,OpenStreetMap data under ODbL; attribution required.,Overpass around destination coordinates,mui_ne,Mui Ne,Muine Watergate Resort,hotel_osm,10.9546711,108.2372502,5.56,node,3323130842,"{""name"": ""Muine Watergate Resort"", ""tourism"": ""hotel""}",missing_capacity,70,80,70,55
osm_node_3323132362,OpenStreetMap Overpass API,https://overpass-api.de/api/interpreter,2026-05-19T16:08:35.084618+00:00,on_demand_mvp,OpenStreetMap data under ODbL; attribution required.,Overpass around destination coordinates,mui_ne,Mui Ne,Mai Am Guest House,hotel_osm,10.9543709,108.2367245,5.6,node,3323132362,"{""name"": ""Mai Am Guest House"", ""tourism"": ""hotel""}",missing_capacity,70,80,70,55
osm_node_3323132608,OpenStreetMap Overpass API,https://overpass-api.de/api/interpreter,2026-05-19T16:08:35.084708+00:00,on_demand_mvp,OpenStreetMap data under ODbL; attribution required.,Overpass around destination coordinates,mui_ne,Mui Ne,Dynasty Beach Mui Ne Resort,hotel_osm,10.9548344,108.2342891,5.86,node,3323132608,"{""name"": ""Dynasty Beach Mui Ne Resort"", ""tourism"": ""hotel""}",missing_capacity,70,80,70,55
osm_node_3323133568,OpenStreetMap Overpass API,https://overpass-api.de/api/interpreter,2026-05-19T16:08:35.084808+00:00,on_demand_mvp,OpenStreetMap data under ODbL; attribution required.,Overpass around destination coordinates,mui_ne,Mui Ne,Pacific Beach Resort,hotel_osm,10.9549608,108.2335059,5.95,node,3323133568,"{""name"": ""Pacific Beach Resort"", ""tourism"": ""hotel""}",missing_capacity,70,80,70,55
osm_node_3323134379,OpenStreetMap Overpass API,https://overpass-api.de/api/interpreter,2026-05-19T16:08:35.084882+00:00,on_demand_mvp,OpenStreetMap data under ODbL; attribution required.,Overpass around destination coordinates,mui_ne,Mui Ne,Rang Garden Resort,hotel_osm,10.9553505,108.2329587,6.02,node,3323134379,"{""name"": ""Rang Garden Resort"", ""tourism"": ""hotel""}",missing_capacity,70,80,70,55
osm_node_3700486425,OpenStreetMap Overpass API,https://overpass-api.de/api/interpreter,2026-05-19T16:08:35.084967+00:00,on_demand_mvp,OpenStreetMap data under ODbL; attribution required.,Overpass around destination coordinates,mui_ne,Mui Ne,Sandy Foods & Drinks,restaurant,10.954317,108.245759,4.72,node,3700486425,"{""addr:housenumber"": ""230"", ""addr:street"": ""Nguyễn Đình Chiểu"", ""amenity"": ""restaurant"", ""internet_access"": ""wlan"", ""internet_access:fee"": ""no"", ""name"": ""Sandy Foods & Drinks"", ""name:vi"": ""yana food & drink""}",missing_capacity,70,80,70,55
osm_node_3700533525,OpenStreetMap Overpass API,https://overpass-api.de/api/interpreter,2026-05-19T16:08:35.085069+00:00,on_demand_mvp,OpenStreetMap data under ODbL; attribution required.,Overpass around destination coordinates,mui_ne,Mui Ne,Nhat Nam,restaurant,10.951093,108.256252,3.55,node,3700533525,"{""amenity"": ""restaurant"", ""cuisine"": ""vietnamese"", ""internet_access"": ""wlan"", ""internet_access:fee"": ""no"", ""name"": ""Nhat Nam"", ""name:de"": ""Nhat Nam"", ""name:ru"": ""Nhat Nam Вьетнамская кухня.. вкусно"", ""operator"": ""Nam""}",missing_capacity,70,80,70,55
osm_node_3768384489,OpenStreetMap Overpass API,https://overpass-api.de/api/interpreter,2026-05-19T16:08:35.085176+00:00,on_demand_mvp,OpenStreetMap data under ODbL; attribution required.,Overpass around destination coordinates,mui_ne,Mui Ne,Rids surf club,restaurant,10.9466694,108.3013058,2.46,node,3768384489,"{""addr:city"": ""Mui Ne"", ""addr:district"": ""Phan Tiet"", ""addr:street"": ""DT 716"", ""amenity"": ""cafe"", ""cuisine"": ""bakery"", ""internet_access"": ""wlan"", ""name"": ""Rids surf club"", ""opening_hours"": ""06:00-22:00""}",missing_capacity,70,80,70,55
osm_node_3852310928,OpenStreetMap Overpass API,https://overpass-api.de/api/interpreter,2026-05-19T16:08:35.086352+00:00,on_demand_mvp,OpenStreetMap data under ODbL; attribution required.,Overpass around destination coordinates,mui_ne,Mui Ne,Vita Garden Mini-Zoo,attraction,10.9543324,108.2587827,3.55,node,3852310928,"{""addr:city"": ""Phan Thiết"", ""addr:district"": ""Hàm Tiến"", ""addr:postcode"": ""801090"", ""addr:province"": ""Bình Thuận"", ""addr:subdistrict"": ""khu phố 4"", ""name"": ""Vita Garden Mini-Zoo"", ""name:de"": ""Vita Garden Mini-Zoo"", ""opening_hours"": ""Mo-Su 08:00-18:00"", ""phone"": ""+841286602806"", ""tourism"": ""zoo""}",missing_capacity,70,80,70,55
osm_node_3852310930,OpenStreetMap Overpass API,https://overpass-api.de/api/interpreter,2026-05-19T16:08:35.086631+00:00,on_demand_mvp,OpenStreetMap data under ODbL; attribution required.,Overpass around destination coordinates,mui_ne,Mui Ne,Vita Garden Mini-Zoo Cafe,restaurant,10.9545384,108.2584529,3.6,node,3852310930,"{""addr:city"": ""Phan Thiết"", ""addr:district"": ""Hàm Tiến"", ""addr:postcode"": ""801090"", ""addr:province"": ""Bình Thuận"", ""addr:subdistrict"": ""khu phố 4"", ""amenity"": ""cafe"", ""cuisine"": ""asian"", ""internet_access"": ""wlan"", ""name"": ""Vita Garden Mini-Zoo Cafe"", ""name:de"": ""Vita Garden Mini-Zoo Cafe"", ""opening_hours"": ""08*00-18*00"", ""phone"": ""+841286602806"", ""smoking"": ""yes""}",missing_capacity,70,80,70,55
osm_node_3856714735,OpenStreetMap Overpass API,https://overpass-api.de/api/interpreter,2026-05-19T16:08:35.088210+00:00,on_demand_mvp,OpenStreetMap data under ODbL; attribution required.,Overpass around destination coordinates,mui_ne,Mui Ne,Vi Dieu,restaurant,10.953239,108.2503143,4.23,node,3856714735,"{""addr:housenumber"": ""15B"", ""addr:street"": ""Huỳnh Thúc Kháng"", ""amenity"": ""restaurant"", ""cuisine"": ""vietnamese"", ""diet:vegan"": ""yes"", ""diet:vegetarian"": ""only"", ""name"": ""Vi Dieu"", ""name:en"": ""Vi Dieu Com Chay Vegetarian""}",missing_capacity,70,80,70,55
osm_node_3905920618,OpenStreetMap Overpass API,https://overpass-api.de/api/interpreter,2026-05-19T16:08:35.088579+00:00,on_demand_mvp,OpenStreetMap data under ODbL; attribution required.,Overpass around destination coordinates,mui_ne,Mui Ne,Diem Lien Guesthouse,hotel_osm,10.9499305,108.2595064,3.19,node,3905920618,"{""name"": ""Diem Lien Guesthouse"", ""tourism"": ""hotel""}",missing_capacity,70,80,70,55
osm_node_3910071079,OpenStreetMap Overpass API,https://overpass-api.de/api/interpreter,2026-05-19T16:08:35.088796+00:00,on_demand_mvp,OpenStreetMap data under ODbL; attribution required.,Overpass around destination coordinates,mui_ne,Mui Ne,Diem Lien Guesthouse,hotel_osm,10.9499785,108.2592827,3.21,node,3910071079,"{""name"": ""Diem Lien Guesthouse"", ""tourism"": ""hotel""}",missing_capacity,70,80,70,55
osm_node_3977376685,OpenStreetMap Overpass API,https://overpass-api.de/api/interpreter,2026-05-19T16:08:35.088960+00:00,on_demand_mvp,OpenStreetMap data under ODbL; attribution required.,Overpass around destination coordinates,mui_ne,Mui Ne,Hoang Nga Guesthouse,hotel_osm,10.9525467,108.2548339,3.77,node,3977376685,"{""name"": ""Hoang Nga Guesthouse"", ""name:de"": ""Hoang Nga Guesthouse"", ""tourism"": ""hostel""}",missing_capacity,70,80,70,55
osm_node_4007347502,OpenStreetMap Overpass API,https://overpass-api.de/api/interpreter,2026-05-19T16:08:35.089119+00:00,on_demand_mvp,OpenStreetMap data under ODbL; attribution required.,Overpass around destination coordinates,mui_ne,Mui Ne,Minh Tâm resort,hotel_osm,10.9550962,108.2313128,6.17,node,4007347502,"{""name"": ""Minh Tâm resort"", ""tourism"": ""hotel""}",missing_capacity,70,80,70,55
osm_node_4100263191,OpenStreetMap Overpass API,https://overpass-api.de/api/interpreter,2026-05-19T16:08:35.089226+00:00,on_demand_mvp,OpenStreetMap data under ODbL; attribution required.,Overpass around destination coordinates,mui_ne,Mui Ne,Surf4you Residence,hotel_osm,10.9473197,108.2643459,2.59,node,4100263191,"{""addr:housenumber"": ""90"", ""addr:street"": ""Huỳnh Thúc Kháng"", ""email"": ""surf4you.vietnam@gmail.con"", ""internet_access"": ""wlan"", ""name"": ""Surf4you Residence"", ""name:de"": ""Surf4you Residence"", ""opening_hours"": ""Mo-Su 09:00-19:00"", ""phone"": ""+841695838173"", ""tourism"": ""hotel"", ""website"": ""surf4you.ru""}",missing_capacity,70,80,70,55
osm_node_4101229290,OpenStreetMap Overpass API,https://overpass-api.de/api/interpreter,2026-05-19T16:08:35.089354+00:00,on_demand_mvp,OpenStreetMap data under ODbL; attribution required.,Overpass around destination coordinates,mui_ne,Mui Ne,Venus Mui Ne Hotel,hotel_osm,10.9532381,108.2428751,4.94,node,4101229290,"{""addr:street"": ""Nguyễn Đình Chiểu"", ""check_date"": ""2025-07-23"", ""internet_access"": ""wlan"", ""name"": ""Venus Mui Ne Hotel"", ""phone"": ""+841697711971"", ""tourism"": ""hotel""}",missing_capacity,70,80,70,55
osm_node_4192834198,OpenStreetMap Overpass API,https://overpass-api.de/api/interpreter,2026-05-19T16:08:35.089487+00:00,on_demand_mvp,OpenStreetMap data under ODbL; attribution required.,Overpass around destination coordinates,mui_ne,Mui Ne,Futa bus,transport_hub,10.9524554,108.2536384,3.88,node,4192834198,"{""amenity"": ""bus_station"", ""name"": ""Futa bus""}",missing_capacity,70,80,70,55
osm_node_4210802590,OpenStreetMap Overpass API,https://overpass-api.de/api/interpreter,2026-05-19T16:08:35.089585+00:00,on_demand_mvp,OpenStreetMap data under ODbL; attribution required.,Overpass around destination coordinates,mui_ne,Mui Ne,Fairy Stream,attraction,10.9520082,108.2567008,3.57,node,4210802590,"{""alt_name:ru"": ""Красный ручей"", ""name"": ""Fairy Stream"", ""name:ko"": ""요정의 샘"", ""name:ru"": ""Ручей Фей"", ""tourism"": ""attraction""}",missing_capacity,70,80,70,55
osm_node_4288352495,OpenStreetMap Overpass API,https://overpass-api.de/api/interpreter,2026-05-19T16:08:35.089694+00:00,on_demand_mvp,OpenStreetMap data under ODbL; attribution required.,Overpass around destination coordinates,mui_ne,Mui Ne,The Sinh Tourist,transport_hub,10.9549819,108.234586,5.84,node,4288352495,"{""addr:housenumber"": ""144"", ""addr:street"": ""Nguyễn Đình Chiểu"", ""amenity"": ""bus_station"", ""name"": ""The Sinh Tourist"", ""opening_hours"": ""Mo-Su 07:00-22:00""}",missing_capacity,70,80,70,55
osm_node_4288390992,OpenStreetMap Overpass API,https://overpass-api.de/api/interpreter,2026-05-19T16:08:35.090025+00:00,on_demand_mvp,OpenStreetMap data under ODbL; attribution required.,Overpass around destination coordinates,mui_ne,Mui Ne,La Marina,hotel_osm,10.952816,108.2472861,4.49,node,4288390992,"{""addr:housenumber"": ""246/2B"", ""addr:street"": ""Nguyễn Đình Chiểu"", ""internet_access"": ""wlan"", ""name"": ""La Marina"", ""tourism"": ""hotel""}",missing_capacity,70,80,70,55
osm_node_4290573291,OpenStreetMap Overpass API,https://overpass-api.de/api/interpreter,2026-05-19T16:08:35.090158+00:00,on_demand_mvp,OpenStreetMap data under ODbL; attribution required.,Overpass around destination coordinates,mui_ne,Mui Ne,Bus Station,transport_hub,10.955199,108.23304,6.0,node,4290573291,"{""amenity"": ""bus_station"", ""name"": ""Bus Station"", ""name:ko"": ""버스역"", ""name:ru"": ""Остановка автобусная""}",missing_capacity,70,80,70,55
osm_node_4290667290,OpenStreetMap Overpass API,https://overpass-api.de/api/interpreter,2026-05-19T16:08:35.090278+00:00,on_demand_mvp,OpenStreetMap data under ODbL; attribution required.,Overpass around destination coordinates,mui_ne,Mui Ne,Fairy Stream Waterfall,attraction,10.9582685,108.2624722,3.59,node,4290667290,"{""name"": ""Fairy Stream Waterfall"", ""name:de"": ""Fairy Stream Waterfall"", ""name:ru"": ""ручей фей"", ""name:vi"": ""Suối tiên Mũi Né"", ""tourism"": ""attraction""}",missing_capacity,70,80,70,55
osm_node_4338190395,OpenStreetMap Overpass API,https://overpass-api.de/api/interpreter,2026-05-19T16:08:35.090369+00:00,on_demand_mvp,OpenStreetMap data under ODbL; attribution required.,Overpass around destination coordinates,mui_ne,Mui Ne,Hai Yen Family Hotel,hotel_osm,10.9552817,108.2322306,6.09,node,4338190395,"{""name"": ""Hai Yen Family Hotel"", ""tourism"": ""hotel""}",missing_capacity,70,80,70,55
osm_node_4348159989,OpenStreetMap Overpass API,https://overpass-api.de/api/interpreter,2026-05-19T16:08:35.090452+00:00,on_demand_mvp,OpenStreetMap data under ODbL; attribution required.,Overpass around destination coordinates,mui_ne,Mui Ne,Sindbad,restaurant,10.9552197,108.2327195,6.04,node,4348159989,"{""addr:street"": ""Nguyễn Đình Chiểu"", ""amenity"": ""restaurant"", ""cuisine"": ""sandwich;kebab;italian"", ""internet_access"": ""wlan"", ""name"": ""Sindbad"", ""name:en"": ""오리지널 케밥""}",missing_capacity,70,80,70,55
osm_node_4394363291,OpenStreetMap Overpass API,https://overpass-api.de/api/interpreter,2026-05-19T16:08:35.090578+00:00,on_demand_mvp,OpenStreetMap data under ODbL; attribution required.,Overpass around destination coordinates,mui_ne,Mui Ne,coffee moon,restaurant,10.9349505,108.2862917,0.37,node,4394363291,"{""addr:housenumber"": ""356"", ""addr:street"": ""Huỳnh Thúc Kháng"", ""amenity"": ""cafe"", ""cuisine"": ""vietnamese"", ""internet_access"": ""wlan"", ""name"": ""coffee moon"", ""name:vi"": ""coffee moon""}",missing_capacity,70,80,70,55
osm_node_4394381989,OpenStreetMap Overpass API,https://overpass-api.de/api/interpreter,2026-05-19T16:08:35.090810+00:00,on_demand_mvp,OpenStreetMap data under ODbL; attribution required.,Overpass around destination coordinates,mui_ne,Mui Ne,Phat Hamburger,restaurant,10.9550715,108.2362572,5.68,node,4394381989,"{""addr:housenumber"": ""253"", ""addr:street"": ""Nguyễn Đình Chiểu"", ""amenity"": ""restaurant"", ""cuisine"": ""burger"", ""internet_access"": ""wlan"", ""name"": ""Phat Hamburger"", ""name:vi"": ""Phat Hamburger"", ""opening_hours"": ""10:00-21:30"", ""phone"": ""0986412733""}",missing_capacity,70,80,70,55
osm_node_4400705789,OpenStreetMap Overpass API,https://overpass-api.de/api/interpreter,2026-05-19T16:08:35.091163+00:00,on_demand_mvp,OpenStreetMap data under ODbL; attribution required.,Overpass around destination coordinates,mui_ne,Mui Ne,247 C/A Guesthouse,hotel_osm,10.9553173,108.2353672,5.78,node,4400705789,"{""internet_access"": ""wlan"", ""name:en"": ""247 C/A Guesthouse"", ""tourism"": ""guest_house""}",missing_capacity,70,80,70,55
osm_node_4455907490,OpenStreetMap Overpass API,https://overpass-api.de/api/interpreter,2026-05-19T16:08:35.091391+00:00,on_demand_mvp,OpenStreetMap data under ODbL; attribution required.,Overpass around destination coordinates,mui_ne,Mui Ne,Papaya Guesthouse,hotel_osm,10.9554458,108.228992,6.42,node,4455907490,"{""name:en"": ""Papaya Guesthouse"", ""name:ru"": ""Папайя"", ""tourism"": ""guest_house""}",missing_capacity,70,80,70,55
osm_node_4455907589,OpenStreetMap Overpass API,https://overpass-api.de/api/interpreter,2026-05-19T16:08:35.091554+00:00,on_demand_mvp,OpenStreetMap data under ODbL; attribution required.,Overpass around destination coordinates,mui_ne,Mui Ne,Pizzets,restaurant,10.9554455,108.2290523,6.41,node,4455907589,"{""addr:housenumber"": ""215"", ""addr:street"": ""Nguyễn Đình Chiểu"", ""amenity"": ""cafe"", ""cuisine"": ""pasta;russian;pizza"", ""email"": ""pbolkhovitinov@gmail.com"", ""internet_access"": ""wlan"", ""name:en"": ""Pizzets"", ""name:ru"": ""пиццерия"", ""opening_hours"": ""Mo-Su 12:00-22:00"", ""operator"": ""Bolkhovitinov Petr"", ""phone"": ""+841218668132"", ""website"": ""http://www.pizzets.com""}",missing_capacity,70,80,70,55
osm_node_4494173589,OpenStreetMap Overpass API,https://overpass-api.de/api/interpreter,2026-05-19T16:08:35.091699+00:00,on_demand_mvp,OpenStreetMap data under ODbL; attribution required.,Overpass around destination coordinates,mui_ne,Mui Ne,Red Canyon,attraction,10.9542482,108.3043247,3.27,node,4494173589,"{""name:en"": ""Red Canyon"", ""tourism"": ""attraction""}",missing_capacity,70,80,70,55
osm_node_4496714490,OpenStreetMap Overpass API,https://overpass-api.de/api/interpreter,2026-05-19T16:08:35.091815+00:00,on_demand_mvp,OpenStreetMap data under ODbL; attribution required.,Overpass around destination coordinates,mui_ne,Mui Ne,Thao Nu,restaurant,10.9485932,108.2626252,2.83,node,4496714490,"{""addr:housenumber"": ""76"", ""addr:street"": ""Huỳnh Thúc Kháng"", ""amenity"": ""restaurant"", ""name"": ""Thao Nu"", ""name:de"": ""Thao Nu"", ""name:en"": ""Thao Nu""}",missing_capacity,70,80,70,55
osm_node_4540904313,OpenStreetMap Overpass API,https://overpass-api.de/api/interpreter,2026-05-19T16:08:35.091914+00:00,on_demand_mvp,OpenStreetMap data under ODbL; attribution required.,Overpass around destination coordinates,mui_ne,Mui Ne,Góc Biển,hotel_osm,10.9378367,108.2952841,1.4,node,4540904313,"{""name"": ""Góc Biển"", ""phone"": ""0623748200"", ""tourism"": ""guest_house""}",missing_capacity,70,80,70,55
osm_node_4540904316,OpenStreetMap Overpass API,https://overpass-api.de/api/interpreter,2026-05-19T16:08:35.092028+00:00,on_demand_mvp,OpenStreetMap data under ODbL; attribution required.,Overpass around destination coordinates,mui_ne,Mui Ne,Coffee Nhà Hàng,restaurant,10.9380545,108.2886438,0.79,node,4540904316,"{""amenity"": ""cafe"", ""level"": ""0"", ""name"": ""Coffee Nhà Hàng""}",missing_capacity,70,80,70,55
osm_node_4540904320,OpenStreetMap Overpass API,https://overpass-api.de/api/interpreter,2026-05-19T16:08:35.092143+00:00,on_demand_mvp,OpenStreetMap data under ODbL; attribution required.,Overpass around destination coordinates,mui_ne,Mui Ne,Universe,tourism_motel,10.9403164,108.2956916,1.56,node,4540904320,"{""name"": ""Universe"", ""tourism"": ""motel""}",missing_capacity,70,80,70,55
osm_node_4540904323,OpenStreetMap Overpass API,https://overpass-api.de/api/interpreter,2026-05-19T16:08:35.092230+00:00,on_demand_mvp,OpenStreetMap data under ODbL; attribution required.,Overpass around destination coordinates,mui_ne,Mui Ne,Café Legend,restaurant,10.9395364,108.293659,1.33,node,4540904323,"{""amenity"": ""cafe"", ""level"": ""0"", ""name"": ""Café Legend"", ""name:de"": ""Café Legend""}",missing_capacity,70,80,70,55
osm_node_4540904324,OpenStreetMap Overpass API,https://overpass-api.de/api/interpreter,2026-05-19T16:08:35.092336+00:00,on_demand_mvp,OpenStreetMap data under ODbL; attribution required.,Overpass around destination coordinates,mui_ne,Mui Ne,Coffee Nike,restaurant,10.9383515,108.2889073,0.83,node,4540904324,"{""amenity"": ""cafe"", ""level"": ""0"", ""name"": ""Coffee Nike"", ""name:de"": ""Coffee Nike""}",missing_capacity,70,80,70,55
osm_node_4540969535,OpenStreetMap Overpass API,https://overpass-api.de/api/interpreter,2026-05-19T16:08:35.092441+00:00,on_demand_mvp,OpenStreetMap data under ODbL; attribution required.,Overpass around destination coordinates,mui_ne,Mui Ne,Hồng Anh,restaurant,10.9416056,108.2784563,1.06,node,4540969535,"{""addr:housenumber"": ""170"", ""addr:street"": ""Huỳnh Thúc Kháng"", ""amenity"": ""restaurant"", ""cuisine"": ""fish"", ""level"": ""0"", ""name"": ""Hồng Anh"", ""phone"": ""01662123279""}",missing_capacity,70,80,70,55
osm_node_4544553491,OpenStreetMap Overpass API,https://overpass-api.de/api/interpreter,2026-05-19T16:08:35.092532+00:00,on_demand_mvp,OpenStreetMap data under ODbL; attribution required.,Overpass around destination coordinates,mui_ne,Mui Ne,Gặp gỡ,restaurant,10.9550646,108.2368569,5.62,node,4544553491,"{""amenity"": ""restaurant"", ""cuisine"": ""italian_pizza;coffee_shop"", ""name"": ""Gặp gỡ"", ""name:vi"": ""Gặp gỡ""}",missing_capacity,70,80,70,55
osm_node_4605286292,OpenStreetMap Overpass API,https://overpass-api.de/api/interpreter,2026-05-19T16:08:35.092859+00:00,on_demand_mvp,OpenStreetMap data under ODbL; attribution required.,Overpass around destination coordinates,mui_ne,Mui Ne,The food Court Dong Vui,restaurant,10.9538485,108.2471868,4.56,node,4605286292,"{""addr:housenumber"": ""246"", ""addr:street"": ""Nguyễn Đình Chiểu"", ""amenity"": ""cafe"", ""cuisine"": ""vietnamese;russian"", ""diet:vegetarian"": ""yes"", ""name:en"": ""The food Court Dong Vui"", ""opening_hours"": ""Mo-Su 07:30-23:00""}",missing_capacity,70,80,70,55
osm_node_4624128289,OpenStreetMap Overpass API,https://overpass-api.de/api/interpreter,2026-05-19T16:08:35.093076+00:00,on_demand_mvp,OpenStreetMap data under ODbL; attribution required.,Overpass around destination coordinates,mui_ne,Mui Ne,Bang Lai Ten Canh,attraction,10.9553565,108.3069033,3.56,node,4624128289,"{""name"": ""Bang Lai Ten Canh"", ""name:en"": ""Red canyon"", ""name:vi"": ""Bang Lai Ten Canh"", ""tourism"": ""attraction""}",missing_capacity,70,80,70,55
osm_node_4650330095,OpenStreetMap Overpass API,https://overpass-api.de/api/interpreter,2026-05-19T16:08:35.093215+00:00,on_demand_mvp,OpenStreetMap data under ODbL; attribution required.,Overpass around destination coordinates,mui_ne,Mui Ne,Nhà Hàng Thanh Lan,restaurant,10.9500335,108.2588795,3.25,node,4650330095,"{""addr:housenumber"": ""58A"", ""addr:street"": ""Huỳnh Thúc Kháng"", ""amenity"": ""restaurant"", ""cuisine"": ""russian;vietnamese"", ""name"": ""Nhà Hàng Thanh Lan""}",missing_capacity,70,80,70,55
osm_node_4723495291,OpenStreetMap Overpass API,https://overpass-api.de/api/interpreter,2026-05-19T16:08:35.093360+00:00,on_demand_mvp,OpenStreetMap data under ODbL; attribution required.,Overpass around destination coordinates,mui_ne,Mui Ne,Thanh Trúc,hotel_osm,10.9549622,108.2350477,5.79,node,4723495291,"{""name"": ""Thanh Trúc"", ""name:en"": ""Thanh Trúc"", ""name:fr"": ""Thanh Trúc"", ""name:vi"": ""Thanh Trúc"", ""tourism"": ""hotel""}",missing_capacity,70,80,70,55
osm_node_4724072089,OpenStreetMap Overpass API,https://overpass-api.de/api/interpreter,2026-05-19T16:08:35.093478+00:00,on_demand_mvp,OpenStreetMap data under ODbL; attribution required.,Overpass around destination coordinates,mui_ne,Mui Ne,Russian cruise,restaurant,10.9526027,108.2539474,3.86,node,4724072089,"{""amenity"": ""restaurant"", ""cuisine"": ""russian;vietnamese"", ""internet_access"": ""wlan"", ""name:en"": ""Russian cruise"", ""name:ru"": ""Русская кухня""}",missing_capacity,70,80,70,55
osm_node_4735550321,OpenStreetMap Overpass API,https://overpass-api.de/api/interpreter,2026-05-19T16:08:35.093610+00:00,on_demand_mvp,OpenStreetMap data under ODbL; attribution required.,Overpass around destination coordinates,mui_ne,Mui Ne,Canh buồm vang7272,restaurant,10.94917,108.2614592,2.97,node,4735550321,"{""addr:housenumber"": ""72"", ""addr:street"": ""Huỳnh Thúc Kháng"", ""amenity"": ""restaurant"", ""name"": ""Canh buồm vang7272"", ""name:vi"": ""Canh buồm vang7272""}",missing_capacity,70,80,70,55
osm_node_4735557427,OpenStreetMap Overpass API,https://overpass-api.de/api/interpreter,2026-05-19T16:08:35.093720+00:00,on_demand_mvp,OpenStreetMap data under ODbL; attribution required.,Overpass around destination coordinates,mui_ne,Mui Ne,Nhật nam,restaurant,10.9510871,108.2562218,3.56,node,4735557427,"{""addr:street"": ""Huỳnh Thúc Kháng"", ""amenity"": ""restaurant"", ""name"": ""Nhật nam"", ""name:vi"": ""Nhật nam""}",missing_capacity,70,80,70,55
