run_time,timezone,step,status,rows,current_path,archive_path,google_sheets_summary_da_sync,note,error
20/05/2026 12:42,Việt Nam,national_destination_alerts,ok,24,datasets/gold/current/national_destination_alerts.csv,datasets/gold/archive/2026-05-20,chưa sync trong bản local; chỉ sync khi cấu hình GOOGLE_SHEETS_ID và connector/job tương ứng,"SEA operating pipeline: archive current cũ, rebuild KPI/forecast/ranking/recommendation/AI knowledge base.",
20/05/2026 12:42,Việt Nam,redistribution_features,ok,17,datasets/gold/current/redistribution_features.csv,datasets/gold/archive/2026-05-20,chưa sync trong bản local; chỉ sync khi cấu hình GOOGLE_SHEETS_ID và connector/job tương ứng,"SEA operating pipeline: archive current cũ, rebuild KPI/forecast/ranking/recommendation/AI knowledge base.",
20/05/2026 12:42,Việt Nam,forecast_demand_scores,ok,96,datasets/gold/current/forecast_demand_scores.csv,datasets/gold/archive/2026-05-20,chưa sync trong bản local; chỉ sync khi cấu hình GOOGLE_SHEETS_ID và connector/job tương ứng,"SEA operating pipeline: archive current cũ, rebuild KPI/forecast/ranking/recommendation/AI knowledge base.",
20/05/2026 12:42,Việt Nam,kpi_confidence_scores,ok,120,datasets/gold/current/kpi_confidence_scores.csv,datasets/gold/archive/2026-05-20,chưa sync trong bản local; chỉ sync khi cấu hình GOOGLE_SHEETS_ID và connector/job tương ứng,"SEA operating pipeline: archive current cũ, rebuild KPI/forecast/ranking/recommendation/AI knowledge base.",
20/05/2026 12:42,Việt Nam,proxy_vs_nearrealtime_comparison,ok,24,datasets/gold/current/proxy_vs_nearrealtime_comparison.csv,datasets/gold/archive/2026-05-20,chưa sync trong bản local; chỉ sync khi cấu hình GOOGLE_SHEETS_ID và connector/job tương ứng,"SEA operating pipeline: archive current cũ, rebuild KPI/forecast/ranking/recommendation/AI knowledge base.",
20/05/2026 12:42,Việt Nam,attraction_ticket_catalog,ok,52,datasets/gold/current/attraction_ticket_catalog.csv,datasets/gold/archive/2026-05-20,chưa sync trong bản local; chỉ sync khi cấu hình GOOGLE_SHEETS_ID và connector/job tương ứng,"SEA operating pipeline: archive current cũ, rebuild KPI/forecast/ranking/recommendation/AI knowledge base.",
20/05/2026 12:42,Việt Nam,local_spending_poi,ok,500,datasets/gold/current/local_spending_poi.csv,datasets/gold/archive/2026-05-20,chưa sync trong bản local; chỉ sync khi cấu hình GOOGLE_SHEETS_ID và connector/job tương ứng,"SEA operating pipeline: archive current cũ, rebuild KPI/forecast/ranking/recommendation/AI knowledge base.",
20/05/2026 12:42,Việt Nam,ticket_pressure_scores,ok,24,datasets/gold/current/ticket_pressure_scores.csv,datasets/gold/archive/2026-05-20,chưa sync trong bản local; chỉ sync khi cấu hình GOOGLE_SHEETS_ID và connector/job tương ứng,"SEA operating pipeline: archive current cũ, rebuild KPI/forecast/ranking/recommendation/AI knowledge base.",
20/05/2026 12:42,Việt Nam,hotel_price_pressure,ok,24,datasets/gold/current/hotel_price_pressure.csv,datasets/gold/archive/2026-05-20,chưa sync trong bản local; chỉ sync khi cấu hình GOOGLE_SHEETS_ID và connector/job tương ứng,"SEA operating pipeline: archive current cũ, rebuild KPI/forecast/ranking/recommendation/AI knowledge base.",
20/05/2026 12:42,Việt Nam,flight_price_signal,ok,24,datasets/gold/current/flight_price_signal.csv,datasets/gold/archive/2026-05-20,chưa sync trong bản local; chỉ sync khi cấu hình GOOGLE_SHEETS_ID và connector/job tương ứng,"SEA operating pipeline: archive current cũ, rebuild KPI/forecast/ranking/recommendation/AI knowledge base.",
20/05/2026 12:42,Việt Nam,economic_action_recommendations,ok,168,datasets/gold/current/economic_action_recommendations.csv,datasets/gold/archive/2026-05-20,chưa sync trong bản local; chỉ sync khi cấu hình GOOGLE_SHEETS_ID và connector/job tương ứng,"SEA operating pipeline: archive current cũ, rebuild KPI/forecast/ranking/recommendation/AI knowledge base.",
20/05/2026 12:42,Việt Nam,news_events,ok,12,datasets/gold/current/news_events.csv,datasets/gold/archive/2026-05-20,chưa sync trong bản local; chỉ sync khi cấu hình GOOGLE_SHEETS_ID và connector/job tương ứng,"SEA operating pipeline: archive current cũ, rebuild KPI/forecast/ranking/recommendation/AI knowledge base.",
20/05/2026 12:42,Việt Nam,news_risk_signals,ok,12,datasets/gold/current/news_risk_signals.csv,datasets/gold/archive/2026-05-20,chưa sync trong bản local; chỉ sync khi cấu hình GOOGLE_SHEETS_ID và connector/job tương ứng,"SEA operating pipeline: archive current cũ, rebuild KPI/forecast/ranking/recommendation/AI knowledge base.",
20/05/2026 12:42,Việt Nam,news_action_recommendations,ok,12,datasets/gold/current/news_action_recommendations.csv,datasets/gold/archive/2026-05-20,chưa sync trong bản local; chỉ sync khi cấu hình GOOGLE_SHEETS_ID và connector/job tương ứng,"SEA operating pipeline: archive current cũ, rebuild KPI/forecast/ranking/recommendation/AI knowledge base.",
20/05/2026 12:42,Việt Nam,news_seen_registry,ok,16,datasets/gold/current/news_seen_registry.csv,datasets/gold/archive/2026-05-20,chưa sync trong bản local; chỉ sync khi cấu hình GOOGLE_SHEETS_ID và connector/job tương ứng,"SEA operating pipeline: archive current cũ, rebuild KPI/forecast/ranking/recommendation/AI knowledge base.",
20/05/2026 12:42,Việt Nam,news_event_taxonomy,ok,8,datasets/gold/current/news_event_taxonomy.csv,datasets/gold/archive/2026-05-20,chưa sync trong bản local; chỉ sync khi cấu hình GOOGLE_SHEETS_ID và connector/job tương ứng,"SEA operating pipeline: archive current cũ, rebuild KPI/forecast/ranking/recommendation/AI knowledge base.",
20/05/2026 12:42,Việt Nam,kpi_scale_catalog,ok,10,datasets/gold/current/kpi_scale_catalog.csv,datasets/gold/archive/2026-05-20,chưa sync trong bản local; chỉ sync khi cấu hình GOOGLE_SHEETS_ID và connector/job tương ứng,"SEA operating pipeline: archive current cũ, rebuild KPI/forecast/ranking/recommendation/AI knowledge base.",
20/05/2026 12:42,Việt Nam,source_monitor_status,ok,17,datasets/gold/current/source_monitor_status.csv,datasets/gold/archive/2026-05-20,chưa sync trong bản local; chỉ sync khi cấu hình GOOGLE_SHEETS_ID và connector/job tương ứng,"SEA operating pipeline: archive current cũ, rebuild KPI/forecast/ranking/recommendation/AI knowledge base.",
20/05/2026 12:42,Việt Nam,update_queue,ok,1,datasets/gold/current/update_queue.csv,datasets/gold/archive/2026-05-20,chưa sync trong bản local; chỉ sync khi cấu hình GOOGLE_SHEETS_ID và connector/job tương ứng,"SEA operating pipeline: archive current cũ, rebuild KPI/forecast/ranking/recommendation/AI knowledge base.",
20/05/2026 14:38,Việt Nam,national_destination_alerts,ok,63,datasets/gold/current/national_destination_alerts.csv,datasets/gold/archive/2026-05-20,chưa sync trong bản local; chỉ sync khi cấu hình GOOGLE_SHEETS_ID và connector/job tương ứng,"SEA operating pipeline: archive current cũ, rebuild KPI/forecast/ranking/recommendation/AI knowledge base.",
20/05/2026 14:38,Việt Nam,redistribution_features,ok,17,datasets/gold/current/redistribution_features.csv,datasets/gold/archive/2026-05-20,chưa sync trong bản local; chỉ sync khi cấu hình GOOGLE_SHEETS_ID và connector/job tương ứng,"SEA operating pipeline: archive current cũ, rebuild KPI/forecast/ranking/recommendation/AI knowledge base.",
20/05/2026 14:38,Việt Nam,forecast_demand_scores,ok,252,datasets/gold/current/forecast_demand_scores.csv,datasets/gold/archive/2026-05-20,chưa sync trong bản local; chỉ sync khi cấu hình GOOGLE_SHEETS_ID và connector/job tương ứng,"SEA operating pipeline: archive current cũ, rebuild KPI/forecast/ranking/recommendation/AI knowledge base.",
20/05/2026 14:38,Việt Nam,kpi_confidence_scores,ok,315,datasets/gold/current/kpi_confidence_scores.csv,datasets/gold/archive/2026-05-20,chưa sync trong bản local; chỉ sync khi cấu hình GOOGLE_SHEETS_ID và connector/job tương ứng,"SEA operating pipeline: archive current cũ, rebuild KPI/forecast/ranking/recommendation/AI knowledge base.",
20/05/2026 14:38,Việt Nam,proxy_vs_nearrealtime_comparison,ok,63,datasets/gold/current/proxy_vs_nearrealtime_comparison.csv,datasets/gold/archive/2026-05-20,chưa sync trong bản local; chỉ sync khi cấu hình GOOGLE_SHEETS_ID và connector/job tương ứng,"SEA operating pipeline: archive current cũ, rebuild KPI/forecast/ranking/recommendation/AI knowledge base.",
20/05/2026 14:38,Việt Nam,attraction_ticket_catalog,ok,52,datasets/gold/current/attraction_ticket_catalog.csv,datasets/gold/archive/2026-05-20,chưa sync trong bản local; chỉ sync khi cấu hình GOOGLE_SHEETS_ID và connector/job tương ứng,"SEA operating pipeline: archive current cũ, rebuild KPI/forecast/ranking/recommendation/AI knowledge base.",
20/05/2026 14:38,Việt Nam,local_spending_poi,ok,500,datasets/gold/current/local_spending_poi.csv,datasets/gold/archive/2026-05-20,chưa sync trong bản local; chỉ sync khi cấu hình GOOGLE_SHEETS_ID và connector/job tương ứng,"SEA operating pipeline: archive current cũ, rebuild KPI/forecast/ranking/recommendation/AI knowledge base.",
20/05/2026 14:38,Việt Nam,ticket_pressure_scores,ok,63,datasets/gold/current/ticket_pressure_scores.csv,datasets/gold/archive/2026-05-20,chưa sync trong bản local; chỉ sync khi cấu hình GOOGLE_SHEETS_ID và connector/job tương ứng,"SEA operating pipeline: archive current cũ, rebuild KPI/forecast/ranking/recommendation/AI knowledge base.",
20/05/2026 14:38,Việt Nam,hotel_price_pressure,ok,63,datasets/gold/current/hotel_price_pressure.csv,datasets/gold/archive/2026-05-20,chưa sync trong bản local; chỉ sync khi cấu hình GOOGLE_SHEETS_ID và connector/job tương ứng,"SEA operating pipeline: archive current cũ, rebuild KPI/forecast/ranking/recommendation/AI knowledge base.",
20/05/2026 14:38,Việt Nam,flight_price_signal,ok,63,datasets/gold/current/flight_price_signal.csv,datasets/gold/archive/2026-05-20,chưa sync trong bản local; chỉ sync khi cấu hình GOOGLE_SHEETS_ID và connector/job tương ứng,"SEA operating pipeline: archive current cũ, rebuild KPI/forecast/ranking/recommendation/AI knowledge base.",
20/05/2026 14:38,Việt Nam,economic_action_recommendations,ok,441,datasets/gold/current/economic_action_recommendations.csv,datasets/gold/archive/2026-05-20,chưa sync trong bản local; chỉ sync khi cấu hình GOOGLE_SHEETS_ID và connector/job tương ứng,"SEA operating pipeline: archive current cũ, rebuild KPI/forecast/ranking/recommendation/AI knowledge base.",
20/05/2026 14:38,Việt Nam,news_events,ok,12,datasets/gold/current/news_events.csv,datasets/gold/archive/2026-05-20,chưa sync trong bản local; chỉ sync khi cấu hình GOOGLE_SHEETS_ID và connector/job tương ứng,"SEA operating pipeline: archive current cũ, rebuild KPI/forecast/ranking/recommendation/AI knowledge base.",
20/05/2026 14:38,Việt Nam,news_risk_signals,ok,12,datasets/gold/current/news_risk_signals.csv,datasets/gold/archive/2026-05-20,chưa sync trong bản local; chỉ sync khi cấu hình GOOGLE_SHEETS_ID và connector/job tương ứng,"SEA operating pipeline: archive current cũ, rebuild KPI/forecast/ranking/recommendation/AI knowledge base.",
20/05/2026 14:38,Việt Nam,news_action_recommendations,ok,12,datasets/gold/current/news_action_recommendations.csv,datasets/gold/archive/2026-05-20,chưa sync trong bản local; chỉ sync khi cấu hình GOOGLE_SHEETS_ID và connector/job tương ứng,"SEA operating pipeline: archive current cũ, rebuild KPI/forecast/ranking/recommendation/AI knowledge base.",
20/05/2026 14:38,Việt Nam,news_seen_registry,ok,16,datasets/gold/current/news_seen_registry.csv,datasets/gold/archive/2026-05-20,chưa sync trong bản local; chỉ sync khi cấu hình GOOGLE_SHEETS_ID và connector/job tương ứng,"SEA operating pipeline: archive current cũ, rebuild KPI/forecast/ranking/recommendation/AI knowledge base.",
20/05/2026 14:38,Việt Nam,news_event_taxonomy,ok,8,datasets/gold/current/news_event_taxonomy.csv,datasets/gold/archive/2026-05-20,chưa sync trong bản local; chỉ sync khi cấu hình GOOGLE_SHEETS_ID và connector/job tương ứng,"SEA operating pipeline: archive current cũ, rebuild KPI/forecast/ranking/recommendation/AI knowledge base.",
20/05/2026 14:38,Việt Nam,kpi_scale_catalog,ok,10,datasets/gold/current/kpi_scale_catalog.csv,datasets/gold/archive/2026-05-20,chưa sync trong bản local; chỉ sync khi cấu hình GOOGLE_SHEETS_ID và connector/job tương ứng,"SEA operating pipeline: archive current cũ, rebuild KPI/forecast/ranking/recommendation/AI knowledge base.",
20/05/2026 14:38,Việt Nam,source_monitor_status,ok,17,datasets/gold/current/source_monitor_status.csv,datasets/gold/archive/2026-05-20,chưa sync trong bản local; chỉ sync khi cấu hình GOOGLE_SHEETS_ID và connector/job tương ứng,"SEA operating pipeline: archive current cũ, rebuild KPI/forecast/ranking/recommendation/AI knowledge base.",
20/05/2026 14:38,Việt Nam,update_queue,ok,1,datasets/gold/current/update_queue.csv,datasets/gold/archive/2026-05-20,chưa sync trong bản local; chỉ sync khi cấu hình GOOGLE_SHEETS_ID và connector/job tương ứng,"SEA operating pipeline: archive current cũ, rebuild KPI/forecast/ranking/recommendation/AI knowledge base.",
20/05/2026 14:38,Việt Nam,danh_sach_diem_den_mo_rong,ok,63,datasets/gold/current/danh_sach_diem_den_mo_rong.csv,datasets/gold/archive/2026-05-20,chưa sync trong bản local; chỉ sync khi cấu hình GOOGLE_SHEETS_ID và connector/job tương ứng,"SEA operating pipeline: archive current cũ, rebuild KPI/forecast/ranking/recommendation/AI knowledge base.",
20/05/2026 14:38,Việt Nam,xep_hang_canh_bao_toan_quoc,ok,63,datasets/gold/current/xep_hang_canh_bao_toan_quoc.csv,datasets/gold/archive/2026-05-20,chưa sync trong bản local; chỉ sync khi cấu hình GOOGLE_SHEETS_ID và connector/job tương ứng,"SEA operating pipeline: archive current cũ, rebuild KPI/forecast/ranking/recommendation/AI knowledge base.",
20/05/2026 14:38,Việt Nam,kiem_dinh_proxy,ok,63,datasets/gold/current/kiem_dinh_proxy.csv,datasets/gold/archive/2026-05-20,chưa sync trong bản local; chỉ sync khi cấu hình GOOGLE_SHEETS_ID và connector/job tương ứng,"SEA operating pipeline: archive current cũ, rebuild KPI/forecast/ranking/recommendation/AI knowledge base.",
20/05/2026 14:38,Việt Nam,de_xuat_hieu_qua_kinh_te,ok,441,datasets/gold/current/de_xuat_hieu_qua_kinh_te.csv,datasets/gold/archive/2026-05-20,chưa sync trong bản local; chỉ sync khi cấu hình GOOGLE_SHEETS_ID và connector/job tương ứng,"SEA operating pipeline: archive current cũ, rebuild KPI/forecast/ranking/recommendation/AI knowledge base.",
20/05/2026 14:38,Việt Nam,trang_thai_nguon_du_lieu,ok,17,datasets/gold/current/trang_thai_nguon_du_lieu.csv,datasets/gold/archive/2026-05-20,chưa sync trong bản local; chỉ sync khi cấu hình GOOGLE_SHEETS_ID và connector/job tương ứng,"SEA operating pipeline: archive current cũ, rebuild KPI/forecast/ranking/recommendation/AI knowledge base.",
20/05/2026 14:38,Việt Nam,hang_cho_cap_nhat,ok,1,datasets/gold/current/hang_cho_cap_nhat.csv,datasets/gold/archive/2026-05-20,chưa sync trong bản local; chỉ sync khi cấu hình GOOGLE_SHEETS_ID và connector/job tương ứng,"SEA operating pipeline: archive current cũ, rebuild KPI/forecast/ranking/recommendation/AI knowledge base.",
20/05/2026 16:04,Việt Nam,national_destination_alerts,ok,63,datasets/gold/current/national_destination_alerts.csv,datasets/gold/archive/2026-05-20,chưa sync trong bản local; chỉ sync khi cấu hình GOOGLE_SHEETS_ID và connector/job tương ứng,"SEA operating pipeline: archive current cũ, rebuild KPI/forecast/ranking/recommendation/AI knowledge base.",
20/05/2026 16:04,Việt Nam,redistribution_features,ok,17,datasets/gold/current/redistribution_features.csv,datasets/gold/archive/2026-05-20,chưa sync trong bản local; chỉ sync khi cấu hình GOOGLE_SHEETS_ID và connector/job tương ứng,"SEA operating pipeline: archive current cũ, rebuild KPI/forecast/ranking/recommendation/AI knowledge base.",
20/05/2026 16:04,Việt Nam,forecast_demand_scores,ok,252,datasets/gold/current/forecast_demand_scores.csv,datasets/gold/archive/2026-05-20,chưa sync trong bản local; chỉ sync khi cấu hình GOOGLE_SHEETS_ID và connector/job tương ứng,"SEA operating pipeline: archive current cũ, rebuild KPI/forecast/ranking/recommendation/AI knowledge base.",
20/05/2026 16:04,Việt Nam,kpi_confidence_scores,ok,315,datasets/gold/current/kpi_confidence_scores.csv,datasets/gold/archive/2026-05-20,chưa sync trong bản local; chỉ sync khi cấu hình GOOGLE_SHEETS_ID và connector/job tương ứng,"SEA operating pipeline: archive current cũ, rebuild KPI/forecast/ranking/recommendation/AI knowledge base.",
20/05/2026 16:04,Việt Nam,proxy_vs_nearrealtime_comparison,ok,63,datasets/gold/current/proxy_vs_nearrealtime_comparison.csv,datasets/gold/archive/2026-05-20,chưa sync trong bản local; chỉ sync khi cấu hình GOOGLE_SHEETS_ID và connector/job tương ứng,"SEA operating pipeline: archive current cũ, rebuild KPI/forecast/ranking/recommendation/AI knowledge base.",
20/05/2026 16:04,Việt Nam,attraction_ticket_catalog,ok,52,datasets/gold/current/attraction_ticket_catalog.csv,datasets/gold/archive/2026-05-20,chưa sync trong bản local; chỉ sync khi cấu hình GOOGLE_SHEETS_ID và connector/job tương ứng,"SEA operating pipeline: archive current cũ, rebuild KPI/forecast/ranking/recommendation/AI knowledge base.",
20/05/2026 16:04,Việt Nam,local_spending_poi,ok,500,datasets/gold/current/local_spending_poi.csv,datasets/gold/archive/2026-05-20,chưa sync trong bản local; chỉ sync khi cấu hình GOOGLE_SHEETS_ID và connector/job tương ứng,"SEA operating pipeline: archive current cũ, rebuild KPI/forecast/ranking/recommendation/AI knowledge base.",
20/05/2026 16:04,Việt Nam,ticket_pressure_scores,ok,63,datasets/gold/current/ticket_pressure_scores.csv,datasets/gold/archive/2026-05-20,chưa sync trong bản local; chỉ sync khi cấu hình GOOGLE_SHEETS_ID và connector/job tương ứng,"SEA operating pipeline: archive current cũ, rebuild KPI/forecast/ranking/recommendation/AI knowledge base.",
20/05/2026 16:04,Việt Nam,hotel_price_pressure,ok,63,datasets/gold/current/hotel_price_pressure.csv,datasets/gold/archive/2026-05-20,chưa sync trong bản local; chỉ sync khi cấu hình GOOGLE_SHEETS_ID và connector/job tương ứng,"SEA operating pipeline: archive current cũ, rebuild KPI/forecast/ranking/recommendation/AI knowledge base.",
20/05/2026 16:04,Việt Nam,flight_price_signal,ok,63,datasets/gold/current/flight_price_signal.csv,datasets/gold/archive/2026-05-20,chưa sync trong bản local; chỉ sync khi cấu hình GOOGLE_SHEETS_ID và connector/job tương ứng,"SEA operating pipeline: archive current cũ, rebuild KPI/forecast/ranking/recommendation/AI knowledge base.",
20/05/2026 16:04,Việt Nam,economic_action_recommendations,ok,441,datasets/gold/current/economic_action_recommendations.csv,datasets/gold/archive/2026-05-20,chưa sync trong bản local; chỉ sync khi cấu hình GOOGLE_SHEETS_ID và connector/job tương ứng,"SEA operating pipeline: archive current cũ, rebuild KPI/forecast/ranking/recommendation/AI knowledge base.",
20/05/2026 16:04,Việt Nam,news_events,ok,12,datasets/gold/current/news_events.csv,datasets/gold/archive/2026-05-20,chưa sync trong bản local; chỉ sync khi cấu hình GOOGLE_SHEETS_ID và connector/job tương ứng,"SEA operating pipeline: archive current cũ, rebuild KPI/forecast/ranking/recommendation/AI knowledge base.",
20/05/2026 16:04,Việt Nam,news_risk_signals,ok,12,datasets/gold/current/news_risk_signals.csv,datasets/gold/archive/2026-05-20,chưa sync trong bản local; chỉ sync khi cấu hình GOOGLE_SHEETS_ID và connector/job tương ứng,"SEA operating pipeline: archive current cũ, rebuild KPI/forecast/ranking/recommendation/AI knowledge base.",
20/05/2026 16:04,Việt Nam,news_action_recommendations,ok,12,datasets/gold/current/news_action_recommendations.csv,datasets/gold/archive/2026-05-20,chưa sync trong bản local; chỉ sync khi cấu hình GOOGLE_SHEETS_ID và connector/job tương ứng,"SEA operating pipeline: archive current cũ, rebuild KPI/forecast/ranking/recommendation/AI knowledge base.",
20/05/2026 16:04,Việt Nam,news_seen_registry,ok,16,datasets/gold/current/news_seen_registry.csv,datasets/gold/archive/2026-05-20,chưa sync trong bản local; chỉ sync khi cấu hình GOOGLE_SHEETS_ID và connector/job tương ứng,"SEA operating pipeline: archive current cũ, rebuild KPI/forecast/ranking/recommendation/AI knowledge base.",
20/05/2026 16:04,Việt Nam,news_event_taxonomy,ok,8,datasets/gold/current/news_event_taxonomy.csv,datasets/gold/archive/2026-05-20,chưa sync trong bản local; chỉ sync khi cấu hình GOOGLE_SHEETS_ID và connector/job tương ứng,"SEA operating pipeline: archive current cũ, rebuild KPI/forecast/ranking/recommendation/AI knowledge base.",
20/05/2026 16:04,Việt Nam,kpi_scale_catalog,ok,10,datasets/gold/current/kpi_scale_catalog.csv,datasets/gold/archive/2026-05-20,chưa sync trong bản local; chỉ sync khi cấu hình GOOGLE_SHEETS_ID và connector/job tương ứng,"SEA operating pipeline: archive current cũ, rebuild KPI/forecast/ranking/recommendation/AI knowledge base.",
20/05/2026 16:04,Việt Nam,source_monitor_status,ok,17,datasets/gold/current/source_monitor_status.csv,datasets/gold/archive/2026-05-20,chưa sync trong bản local; chỉ sync khi cấu hình GOOGLE_SHEETS_ID và connector/job tương ứng,"SEA operating pipeline: archive current cũ, rebuild KPI/forecast/ranking/recommendation/AI knowledge base.",
20/05/2026 16:04,Việt Nam,update_queue,ok,1,datasets/gold/current/update_queue.csv,datasets/gold/archive/2026-05-20,chưa sync trong bản local; chỉ sync khi cấu hình GOOGLE_SHEETS_ID và connector/job tương ứng,"SEA operating pipeline: archive current cũ, rebuild KPI/forecast/ranking/recommendation/AI knowledge base.",
20/05/2026 16:04,Việt Nam,danh_sach_diem_den_mo_rong,ok,63,datasets/gold/current/danh_sach_diem_den_mo_rong.csv,datasets/gold/archive/2026-05-20,chưa sync trong bản local; chỉ sync khi cấu hình GOOGLE_SHEETS_ID và connector/job tương ứng,"SEA operating pipeline: archive current cũ, rebuild KPI/forecast/ranking/recommendation/AI knowledge base.",
20/05/2026 16:04,Việt Nam,xep_hang_canh_bao_toan_quoc,ok,63,datasets/gold/current/xep_hang_canh_bao_toan_quoc.csv,datasets/gold/archive/2026-05-20,chưa sync trong bản local; chỉ sync khi cấu hình GOOGLE_SHEETS_ID và connector/job tương ứng,"SEA operating pipeline: archive current cũ, rebuild KPI/forecast/ranking/recommendation/AI knowledge base.",
20/05/2026 16:04,Việt Nam,kiem_dinh_proxy,ok,63,datasets/gold/current/kiem_dinh_proxy.csv,datasets/gold/archive/2026-05-20,chưa sync trong bản local; chỉ sync khi cấu hình GOOGLE_SHEETS_ID và connector/job tương ứng,"SEA operating pipeline: archive current cũ, rebuild KPI/forecast/ranking/recommendation/AI knowledge base.",
20/05/2026 16:04,Việt Nam,de_xuat_hieu_qua_kinh_te,ok,441,datasets/gold/current/de_xuat_hieu_qua_kinh_te.csv,datasets/gold/archive/2026-05-20,chưa sync trong bản local; chỉ sync khi cấu hình GOOGLE_SHEETS_ID và connector/job tương ứng,"SEA operating pipeline: archive current cũ, rebuild KPI/forecast/ranking/recommendation/AI knowledge base.",
20/05/2026 16:04,Việt Nam,trang_thai_nguon_du_lieu,ok,17,datasets/gold/current/trang_thai_nguon_du_lieu.csv,datasets/gold/archive/2026-05-20,chưa sync trong bản local; chỉ sync khi cấu hình GOOGLE_SHEETS_ID và connector/job tương ứng,"SEA operating pipeline: archive current cũ, rebuild KPI/forecast/ranking/recommendation/AI knowledge base.",
20/05/2026 16:04,Việt Nam,hang_cho_cap_nhat,ok,1,datasets/gold/current/hang_cho_cap_nhat.csv,datasets/gold/archive/2026-05-20,chưa sync trong bản local; chỉ sync khi cấu hình GOOGLE_SHEETS_ID và connector/job tương ứng,"SEA operating pipeline: archive current cũ, rebuild KPI/forecast/ranking/recommendation/AI knowledge base.",
20/05/2026 16:23,Việt Nam,national_destination_alerts,ok,63,datasets/gold/current/national_destination_alerts.csv,datasets/gold/archive/2026-05-20,chưa sync trong bản local; chỉ sync khi cấu hình GOOGLE_SHEETS_ID và connector/job tương ứng,"SEA operating pipeline: archive current cũ, rebuild KPI/forecast/ranking/recommendation/AI knowledge base.",
20/05/2026 16:23,Việt Nam,redistribution_features,ok,17,datasets/gold/current/redistribution_features.csv,datasets/gold/archive/2026-05-20,chưa sync trong bản local; chỉ sync khi cấu hình GOOGLE_SHEETS_ID và connector/job tương ứng,"SEA operating pipeline: archive current cũ, rebuild KPI/forecast/ranking/recommendation/AI knowledge base.",
20/05/2026 16:23,Việt Nam,forecast_demand_scores,ok,252,datasets/gold/current/forecast_demand_scores.csv,datasets/gold/archive/2026-05-20,chưa sync trong bản local; chỉ sync khi cấu hình GOOGLE_SHEETS_ID và connector/job tương ứng,"SEA operating pipeline: archive current cũ, rebuild KPI/forecast/ranking/recommendation/AI knowledge base.",
20/05/2026 16:23,Việt Nam,kpi_confidence_scores,ok,315,datasets/gold/current/kpi_confidence_scores.csv,datasets/gold/archive/2026-05-20,chưa sync trong bản local; chỉ sync khi cấu hình GOOGLE_SHEETS_ID và connector/job tương ứng,"SEA operating pipeline: archive current cũ, rebuild KPI/forecast/ranking/recommendation/AI knowledge base.",
20/05/2026 16:23,Việt Nam,proxy_vs_nearrealtime_comparison,ok,63,datasets/gold/current/proxy_vs_nearrealtime_comparison.csv,datasets/gold/archive/2026-05-20,chưa sync trong bản local; chỉ sync khi cấu hình GOOGLE_SHEETS_ID và connector/job tương ứng,"SEA operating pipeline: archive current cũ, rebuild KPI/forecast/ranking/recommendation/AI knowledge base.",
20/05/2026 16:23,Việt Nam,attraction_ticket_catalog,ok,52,datasets/gold/current/attraction_ticket_catalog.csv,datasets/gold/archive/2026-05-20,chưa sync trong bản local; chỉ sync khi cấu hình GOOGLE_SHEETS_ID và connector/job tương ứng,"SEA operating pipeline: archive current cũ, rebuild KPI/forecast/ranking/recommendation/AI knowledge base.",
20/05/2026 16:23,Việt Nam,local_spending_poi,ok,500,datasets/gold/current/local_spending_poi.csv,datasets/gold/archive/2026-05-20,chưa sync trong bản local; chỉ sync khi cấu hình GOOGLE_SHEETS_ID và connector/job tương ứng,"SEA operating pipeline: archive current cũ, rebuild KPI/forecast/ranking/recommendation/AI knowledge base.",
20/05/2026 16:23,Việt Nam,ticket_pressure_scores,ok,63,datasets/gold/current/ticket_pressure_scores.csv,datasets/gold/archive/2026-05-20,chưa sync trong bản local; chỉ sync khi cấu hình GOOGLE_SHEETS_ID và connector/job tương ứng,"SEA operating pipeline: archive current cũ, rebuild KPI/forecast/ranking/recommendation/AI knowledge base.",
20/05/2026 16:23,Việt Nam,hotel_price_pressure,ok,63,datasets/gold/current/hotel_price_pressure.csv,datasets/gold/archive/2026-05-20,chưa sync trong bản local; chỉ sync khi cấu hình GOOGLE_SHEETS_ID và connector/job tương ứng,"SEA operating pipeline: archive current cũ, rebuild KPI/forecast/ranking/recommendation/AI knowledge base.",
20/05/2026 16:23,Việt Nam,flight_price_signal,ok,63,datasets/gold/current/flight_price_signal.csv,datasets/gold/archive/2026-05-20,chưa sync trong bản local; chỉ sync khi cấu hình GOOGLE_SHEETS_ID và connector/job tương ứng,"SEA operating pipeline: archive current cũ, rebuild KPI/forecast/ranking/recommendation/AI knowledge base.",
20/05/2026 16:23,Việt Nam,economic_action_recommendations,ok,441,datasets/gold/current/economic_action_recommendations.csv,datasets/gold/archive/2026-05-20,chưa sync trong bản local; chỉ sync khi cấu hình GOOGLE_SHEETS_ID và connector/job tương ứng,"SEA operating pipeline: archive current cũ, rebuild KPI/forecast/ranking/recommendation/AI knowledge base.",
20/05/2026 16:23,Việt Nam,news_events,ok,12,datasets/gold/current/news_events.csv,datasets/gold/archive/2026-05-20,chưa sync trong bản local; chỉ sync khi cấu hình GOOGLE_SHEETS_ID và connector/job tương ứng,"SEA operating pipeline: archive current cũ, rebuild KPI/forecast/ranking/recommendation/AI knowledge base.",
20/05/2026 16:23,Việt Nam,news_risk_signals,ok,12,datasets/gold/current/news_risk_signals.csv,datasets/gold/archive/2026-05-20,chưa sync trong bản local; chỉ sync khi cấu hình GOOGLE_SHEETS_ID và connector/job tương ứng,"SEA operating pipeline: archive current cũ, rebuild KPI/forecast/ranking/recommendation/AI knowledge base.",
20/05/2026 16:23,Việt Nam,news_action_recommendations,ok,12,datasets/gold/current/news_action_recommendations.csv,datasets/gold/archive/2026-05-20,chưa sync trong bản local; chỉ sync khi cấu hình GOOGLE_SHEETS_ID và connector/job tương ứng,"SEA operating pipeline: archive current cũ, rebuild KPI/forecast/ranking/recommendation/AI knowledge base.",
20/05/2026 16:23,Việt Nam,news_seen_registry,ok,16,datasets/gold/current/news_seen_registry.csv,datasets/gold/archive/2026-05-20,chưa sync trong bản local; chỉ sync khi cấu hình GOOGLE_SHEETS_ID và connector/job tương ứng,"SEA operating pipeline: archive current cũ, rebuild KPI/forecast/ranking/recommendation/AI knowledge base.",
20/05/2026 16:23,Việt Nam,news_event_taxonomy,ok,8,datasets/gold/current/news_event_taxonomy.csv,datasets/gold/archive/2026-05-20,chưa sync trong bản local; chỉ sync khi cấu hình GOOGLE_SHEETS_ID và connector/job tương ứng,"SEA operating pipeline: archive current cũ, rebuild KPI/forecast/ranking/recommendation/AI knowledge base.",
20/05/2026 16:23,Việt Nam,kpi_scale_catalog,ok,10,datasets/gold/current/kpi_scale_catalog.csv,datasets/gold/archive/2026-05-20,chưa sync trong bản local; chỉ sync khi cấu hình GOOGLE_SHEETS_ID và connector/job tương ứng,"SEA operating pipeline: archive current cũ, rebuild KPI/forecast/ranking/recommendation/AI knowledge base.",
20/05/2026 16:23,Việt Nam,source_monitor_status,ok,17,datasets/gold/current/source_monitor_status.csv,datasets/gold/archive/2026-05-20,chưa sync trong bản local; chỉ sync khi cấu hình GOOGLE_SHEETS_ID và connector/job tương ứng,"SEA operating pipeline: archive current cũ, rebuild KPI/forecast/ranking/recommendation/AI knowledge base.",
20/05/2026 16:23,Việt Nam,update_queue,ok,1,datasets/gold/current/update_queue.csv,datasets/gold/archive/2026-05-20,chưa sync trong bản local; chỉ sync khi cấu hình GOOGLE_SHEETS_ID và connector/job tương ứng,"SEA operating pipeline: archive current cũ, rebuild KPI/forecast/ranking/recommendation/AI knowledge base.",
20/05/2026 16:23,Việt Nam,danh_sach_diem_den_mo_rong,ok,63,datasets/gold/current/danh_sach_diem_den_mo_rong.csv,datasets/gold/archive/2026-05-20,chưa sync trong bản local; chỉ sync khi cấu hình GOOGLE_SHEETS_ID và connector/job tương ứng,"SEA operating pipeline: archive current cũ, rebuild KPI/forecast/ranking/recommendation/AI knowledge base.",
20/05/2026 16:23,Việt Nam,xep_hang_canh_bao_toan_quoc,ok,63,datasets/gold/current/xep_hang_canh_bao_toan_quoc.csv,datasets/gold/archive/2026-05-20,chưa sync trong bản local; chỉ sync khi cấu hình GOOGLE_SHEETS_ID và connector/job tương ứng,"SEA operating pipeline: archive current cũ, rebuild KPI/forecast/ranking/recommendation/AI knowledge base.",
20/05/2026 16:23,Việt Nam,kiem_dinh_proxy,ok,63,datasets/gold/current/kiem_dinh_proxy.csv,datasets/gold/archive/2026-05-20,chưa sync trong bản local; chỉ sync khi cấu hình GOOGLE_SHEETS_ID và connector/job tương ứng,"SEA operating pipeline: archive current cũ, rebuild KPI/forecast/ranking/recommendation/AI knowledge base.",
20/05/2026 16:23,Việt Nam,de_xuat_hieu_qua_kinh_te,ok,441,datasets/gold/current/de_xuat_hieu_qua_kinh_te.csv,datasets/gold/archive/2026-05-20,chưa sync trong bản local; chỉ sync khi cấu hình GOOGLE_SHEETS_ID và connector/job tương ứng,"SEA operating pipeline: archive current cũ, rebuild KPI/forecast/ranking/recommendation/AI knowledge base.",
20/05/2026 16:23,Việt Nam,trang_thai_nguon_du_lieu,ok,17,datasets/gold/current/trang_thai_nguon_du_lieu.csv,datasets/gold/archive/2026-05-20,chưa sync trong bản local; chỉ sync khi cấu hình GOOGLE_SHEETS_ID và connector/job tương ứng,"SEA operating pipeline: archive current cũ, rebuild KPI/forecast/ranking/recommendation/AI knowledge base.",
20/05/2026 16:23,Việt Nam,hang_cho_cap_nhat,ok,1,datasets/gold/current/hang_cho_cap_nhat.csv,datasets/gold/archive/2026-05-20,chưa sync trong bản local; chỉ sync khi cấu hình GOOGLE_SHEETS_ID và connector/job tương ứng,"SEA operating pipeline: archive current cũ, rebuild KPI/forecast/ranking/recommendation/AI knowledge base.",
20/05/2026 16:56,Việt Nam,national_destination_alerts,ok,63,datasets/gold/current/national_destination_alerts.csv,datasets/gold/archive/2026-05-20,chưa sync trong bản local; chỉ sync khi cấu hình GOOGLE_SHEETS_ID và connector/job tương ứng,"SEA operating pipeline: archive current cũ, rebuild KPI/forecast/ranking/recommendation/AI knowledge base.",
20/05/2026 16:56,Việt Nam,redistribution_features,ok,17,datasets/gold/current/redistribution_features.csv,datasets/gold/archive/2026-05-20,chưa sync trong bản local; chỉ sync khi cấu hình GOOGLE_SHEETS_ID và connector/job tương ứng,"SEA operating pipeline: archive current cũ, rebuild KPI/forecast/ranking/recommendation/AI knowledge base.",
20/05/2026 16:56,Việt Nam,forecast_demand_scores,ok,252,datasets/gold/current/forecast_demand_scores.csv,datasets/gold/archive/2026-05-20,chưa sync trong bản local; chỉ sync khi cấu hình GOOGLE_SHEETS_ID và connector/job tương ứng,"SEA operating pipeline: archive current cũ, rebuild KPI/forecast/ranking/recommendation/AI knowledge base.",
20/05/2026 16:56,Việt Nam,kpi_confidence_scores,ok,315,datasets/gold/current/kpi_confidence_scores.csv,datasets/gold/archive/2026-05-20,chưa sync trong bản local; chỉ sync khi cấu hình GOOGLE_SHEETS_ID và connector/job tương ứng,"SEA operating pipeline: archive current cũ, rebuild KPI/forecast/ranking/recommendation/AI knowledge base.",
20/05/2026 16:56,Việt Nam,proxy_vs_nearrealtime_comparison,ok,63,datasets/gold/current/proxy_vs_nearrealtime_comparison.csv,datasets/gold/archive/2026-05-20,chưa sync trong bản local; chỉ sync khi cấu hình GOOGLE_SHEETS_ID và connector/job tương ứng,"SEA operating pipeline: archive current cũ, rebuild KPI/forecast/ranking/recommendation/AI knowledge base.",
20/05/2026 16:56,Việt Nam,attraction_ticket_catalog,ok,52,datasets/gold/current/attraction_ticket_catalog.csv,datasets/gold/archive/2026-05-20,chưa sync trong bản local; chỉ sync khi cấu hình GOOGLE_SHEETS_ID và connector/job tương ứng,"SEA operating pipeline: archive current cũ, rebuild KPI/forecast/ranking/recommendation/AI knowledge base.",
20/05/2026 16:56,Việt Nam,local_spending_poi,ok,500,datasets/gold/current/local_spending_poi.csv,datasets/gold/archive/2026-05-20,chưa sync trong bản local; chỉ sync khi cấu hình GOOGLE_SHEETS_ID và connector/job tương ứng,"SEA operating pipeline: archive current cũ, rebuild KPI/forecast/ranking/recommendation/AI knowledge base.",
20/05/2026 16:56,Việt Nam,ticket_pressure_scores,ok,63,datasets/gold/current/ticket_pressure_scores.csv,datasets/gold/archive/2026-05-20,chưa sync trong bản local; chỉ sync khi cấu hình GOOGLE_SHEETS_ID và connector/job tương ứng,"SEA operating pipeline: archive current cũ, rebuild KPI/forecast/ranking/recommendation/AI knowledge base.",
20/05/2026 16:56,Việt Nam,hotel_price_pressure,ok,63,datasets/gold/current/hotel_price_pressure.csv,datasets/gold/archive/2026-05-20,chưa sync trong bản local; chỉ sync khi cấu hình GOOGLE_SHEETS_ID và connector/job tương ứng,"SEA operating pipeline: archive current cũ, rebuild KPI/forecast/ranking/recommendation/AI knowledge base.",
20/05/2026 16:56,Việt Nam,flight_price_signal,ok,63,datasets/gold/current/flight_price_signal.csv,datasets/gold/archive/2026-05-20,chưa sync trong bản local; chỉ sync khi cấu hình GOOGLE_SHEETS_ID và connector/job tương ứng,"SEA operating pipeline: archive current cũ, rebuild KPI/forecast/ranking/recommendation/AI knowledge base.",
20/05/2026 16:56,Việt Nam,economic_action_recommendations,ok,441,datasets/gold/current/economic_action_recommendations.csv,datasets/gold/archive/2026-05-20,chưa sync trong bản local; chỉ sync khi cấu hình GOOGLE_SHEETS_ID và connector/job tương ứng,"SEA operating pipeline: archive current cũ, rebuild KPI/forecast/ranking/recommendation/AI knowledge base.",
20/05/2026 16:56,Việt Nam,news_events,ok,12,datasets/gold/current/news_events.csv,datasets/gold/archive/2026-05-20,chưa sync trong bản local; chỉ sync khi cấu hình GOOGLE_SHEETS_ID và connector/job tương ứng,"SEA operating pipeline: archive current cũ, rebuild KPI/forecast/ranking/recommendation/AI knowledge base.",
20/05/2026 16:56,Việt Nam,news_risk_signals,ok,12,datasets/gold/current/news_risk_signals.csv,datasets/gold/archive/2026-05-20,chưa sync trong bản local; chỉ sync khi cấu hình GOOGLE_SHEETS_ID và connector/job tương ứng,"SEA operating pipeline: archive current cũ, rebuild KPI/forecast/ranking/recommendation/AI knowledge base.",
20/05/2026 16:56,Việt Nam,news_action_recommendations,ok,12,datasets/gold/current/news_action_recommendations.csv,datasets/gold/archive/2026-05-20,chưa sync trong bản local; chỉ sync khi cấu hình GOOGLE_SHEETS_ID và connector/job tương ứng,"SEA operating pipeline: archive current cũ, rebuild KPI/forecast/ranking/recommendation/AI knowledge base.",
20/05/2026 16:56,Việt Nam,news_seen_registry,ok,16,datasets/gold/current/news_seen_registry.csv,datasets/gold/archive/2026-05-20,chưa sync trong bản local; chỉ sync khi cấu hình GOOGLE_SHEETS_ID và connector/job tương ứng,"SEA operating pipeline: archive current cũ, rebuild KPI/forecast/ranking/recommendation/AI knowledge base.",
20/05/2026 16:56,Việt Nam,news_event_taxonomy,ok,8,datasets/gold/current/news_event_taxonomy.csv,datasets/gold/archive/2026-05-20,chưa sync trong bản local; chỉ sync khi cấu hình GOOGLE_SHEETS_ID và connector/job tương ứng,"SEA operating pipeline: archive current cũ, rebuild KPI/forecast/ranking/recommendation/AI knowledge base.",
20/05/2026 16:56,Việt Nam,kpi_scale_catalog,ok,10,datasets/gold/current/kpi_scale_catalog.csv,datasets/gold/archive/2026-05-20,chưa sync trong bản local; chỉ sync khi cấu hình GOOGLE_SHEETS_ID và connector/job tương ứng,"SEA operating pipeline: archive current cũ, rebuild KPI/forecast/ranking/recommendation/AI knowledge base.",
20/05/2026 16:56,Việt Nam,source_monitor_status,ok,19,datasets/gold/current/source_monitor_status.csv,datasets/gold/archive/2026-05-20,chưa sync trong bản local; chỉ sync khi cấu hình GOOGLE_SHEETS_ID và connector/job tương ứng,"SEA operating pipeline: archive current cũ, rebuild KPI/forecast/ranking/recommendation/AI knowledge base.",
20/05/2026 16:56,Việt Nam,update_queue,ok,1,datasets/gold/current/update_queue.csv,datasets/gold/archive/2026-05-20,chưa sync trong bản local; chỉ sync khi cấu hình GOOGLE_SHEETS_ID và connector/job tương ứng,"SEA operating pipeline: archive current cũ, rebuild KPI/forecast/ranking/recommendation/AI knowledge base.",
20/05/2026 16:56,Việt Nam,danh_sach_diem_den_mo_rong,ok,63,datasets/gold/current/danh_sach_diem_den_mo_rong.csv,datasets/gold/archive/2026-05-20,chưa sync trong bản local; chỉ sync khi cấu hình GOOGLE_SHEETS_ID và connector/job tương ứng,"SEA operating pipeline: archive current cũ, rebuild KPI/forecast/ranking/recommendation/AI knowledge base.",
20/05/2026 16:56,Việt Nam,xep_hang_canh_bao_toan_quoc,ok,63,datasets/gold/current/xep_hang_canh_bao_toan_quoc.csv,datasets/gold/archive/2026-05-20,chưa sync trong bản local; chỉ sync khi cấu hình GOOGLE_SHEETS_ID và connector/job tương ứng,"SEA operating pipeline: archive current cũ, rebuild KPI/forecast/ranking/recommendation/AI knowledge base.",
20/05/2026 16:56,Việt Nam,kiem_dinh_proxy,ok,63,datasets/gold/current/kiem_dinh_proxy.csv,datasets/gold/archive/2026-05-20,chưa sync trong bản local; chỉ sync khi cấu hình GOOGLE_SHEETS_ID và connector/job tương ứng,"SEA operating pipeline: archive current cũ, rebuild KPI/forecast/ranking/recommendation/AI knowledge base.",
20/05/2026 16:56,Việt Nam,de_xuat_hieu_qua_kinh_te,ok,441,datasets/gold/current/de_xuat_hieu_qua_kinh_te.csv,datasets/gold/archive/2026-05-20,chưa sync trong bản local; chỉ sync khi cấu hình GOOGLE_SHEETS_ID và connector/job tương ứng,"SEA operating pipeline: archive current cũ, rebuild KPI/forecast/ranking/recommendation/AI knowledge base.",
20/05/2026 16:56,Việt Nam,trang_thai_nguon_du_lieu,ok,19,datasets/gold/current/trang_thai_nguon_du_lieu.csv,datasets/gold/archive/2026-05-20,chưa sync trong bản local; chỉ sync khi cấu hình GOOGLE_SHEETS_ID và connector/job tương ứng,"SEA operating pipeline: archive current cũ, rebuild KPI/forecast/ranking/recommendation/AI knowledge base.",
20/05/2026 16:56,Việt Nam,hang_cho_cap_nhat,ok,1,datasets/gold/current/hang_cho_cap_nhat.csv,datasets/gold/archive/2026-05-20,chưa sync trong bản local; chỉ sync khi cấu hình GOOGLE_SHEETS_ID và connector/job tương ứng,"SEA operating pipeline: archive current cũ, rebuild KPI/forecast/ranking/recommendation/AI knowledge base.",
20/05/2026 17:21,Việt Nam,national_destination_alerts,ok,63,datasets/gold/current/national_destination_alerts.csv,datasets/gold/archive/2026-05-20,chưa sync trong bản local; chỉ sync khi cấu hình GOOGLE_SHEETS_ID và connector/job tương ứng,"SEA operating pipeline: archive current cũ, rebuild KPI/forecast/ranking/recommendation/AI knowledge base.",
20/05/2026 17:21,Việt Nam,redistribution_features,ok,17,datasets/gold/current/redistribution_features.csv,datasets/gold/archive/2026-05-20,chưa sync trong bản local; chỉ sync khi cấu hình GOOGLE_SHEETS_ID và connector/job tương ứng,"SEA operating pipeline: archive current cũ, rebuild KPI/forecast/ranking/recommendation/AI knowledge base.",
20/05/2026 17:21,Việt Nam,forecast_demand_scores,ok,252,datasets/gold/current/forecast_demand_scores.csv,datasets/gold/archive/2026-05-20,chưa sync trong bản local; chỉ sync khi cấu hình GOOGLE_SHEETS_ID và connector/job tương ứng,"SEA operating pipeline: archive current cũ, rebuild KPI/forecast/ranking/recommendation/AI knowledge base.",
20/05/2026 17:21,Việt Nam,kpi_confidence_scores,ok,315,datasets/gold/current/kpi_confidence_scores.csv,datasets/gold/archive/2026-05-20,chưa sync trong bản local; chỉ sync khi cấu hình GOOGLE_SHEETS_ID và connector/job tương ứng,"SEA operating pipeline: archive current cũ, rebuild KPI/forecast/ranking/recommendation/AI knowledge base.",
20/05/2026 17:21,Việt Nam,proxy_vs_nearrealtime_comparison,ok,63,datasets/gold/current/proxy_vs_nearrealtime_comparison.csv,datasets/gold/archive/2026-05-20,chưa sync trong bản local; chỉ sync khi cấu hình GOOGLE_SHEETS_ID và connector/job tương ứng,"SEA operating pipeline: archive current cũ, rebuild KPI/forecast/ranking/recommendation/AI knowledge base.",
20/05/2026 17:21,Việt Nam,attraction_ticket_catalog,ok,52,datasets/gold/current/attraction_ticket_catalog.csv,datasets/gold/archive/2026-05-20,chưa sync trong bản local; chỉ sync khi cấu hình GOOGLE_SHEETS_ID và connector/job tương ứng,"SEA operating pipeline: archive current cũ, rebuild KPI/forecast/ranking/recommendation/AI knowledge base.",
20/05/2026 17:21,Việt Nam,local_spending_poi,ok,500,datasets/gold/current/local_spending_poi.csv,datasets/gold/archive/2026-05-20,chưa sync trong bản local; chỉ sync khi cấu hình GOOGLE_SHEETS_ID và connector/job tương ứng,"SEA operating pipeline: archive current cũ, rebuild KPI/forecast/ranking/recommendation/AI knowledge base.",
20/05/2026 17:21,Việt Nam,ticket_pressure_scores,ok,63,datasets/gold/current/ticket_pressure_scores.csv,datasets/gold/archive/2026-05-20,chưa sync trong bản local; chỉ sync khi cấu hình GOOGLE_SHEETS_ID và connector/job tương ứng,"SEA operating pipeline: archive current cũ, rebuild KPI/forecast/ranking/recommendation/AI knowledge base.",
20/05/2026 17:21,Việt Nam,hotel_price_pressure,ok,63,datasets/gold/current/hotel_price_pressure.csv,datasets/gold/archive/2026-05-20,chưa sync trong bản local; chỉ sync khi cấu hình GOOGLE_SHEETS_ID và connector/job tương ứng,"SEA operating pipeline: archive current cũ, rebuild KPI/forecast/ranking/recommendation/AI knowledge base.",
20/05/2026 17:21,Việt Nam,flight_price_signal,ok,63,datasets/gold/current/flight_price_signal.csv,datasets/gold/archive/2026-05-20,chưa sync trong bản local; chỉ sync khi cấu hình GOOGLE_SHEETS_ID và connector/job tương ứng,"SEA operating pipeline: archive current cũ, rebuild KPI/forecast/ranking/recommendation/AI knowledge base.",
20/05/2026 17:21,Việt Nam,economic_action_recommendations,ok,441,datasets/gold/current/economic_action_recommendations.csv,datasets/gold/archive/2026-05-20,chưa sync trong bản local; chỉ sync khi cấu hình GOOGLE_SHEETS_ID và connector/job tương ứng,"SEA operating pipeline: archive current cũ, rebuild KPI/forecast/ranking/recommendation/AI knowledge base.",
20/05/2026 17:21,Việt Nam,news_events,ok,12,datasets/gold/current/news_events.csv,datasets/gold/archive/2026-05-20,chưa sync trong bản local; chỉ sync khi cấu hình GOOGLE_SHEETS_ID và connector/job tương ứng,"SEA operating pipeline: archive current cũ, rebuild KPI/forecast/ranking/recommendation/AI knowledge base.",
20/05/2026 17:21,Việt Nam,news_risk_signals,ok,12,datasets/gold/current/news_risk_signals.csv,datasets/gold/archive/2026-05-20,chưa sync trong bản local; chỉ sync khi cấu hình GOOGLE_SHEETS_ID và connector/job tương ứng,"SEA operating pipeline: archive current cũ, rebuild KPI/forecast/ranking/recommendation/AI knowledge base.",
20/05/2026 17:21,Việt Nam,news_action_recommendations,ok,12,datasets/gold/current/news_action_recommendations.csv,datasets/gold/archive/2026-05-20,chưa sync trong bản local; chỉ sync khi cấu hình GOOGLE_SHEETS_ID và connector/job tương ứng,"SEA operating pipeline: archive current cũ, rebuild KPI/forecast/ranking/recommendation/AI knowledge base.",
20/05/2026 17:21,Việt Nam,news_seen_registry,ok,16,datasets/gold/current/news_seen_registry.csv,datasets/gold/archive/2026-05-20,chưa sync trong bản local; chỉ sync khi cấu hình GOOGLE_SHEETS_ID và connector/job tương ứng,"SEA operating pipeline: archive current cũ, rebuild KPI/forecast/ranking/recommendation/AI knowledge base.",
20/05/2026 17:21,Việt Nam,news_event_taxonomy,ok,8,datasets/gold/current/news_event_taxonomy.csv,datasets/gold/archive/2026-05-20,chưa sync trong bản local; chỉ sync khi cấu hình GOOGLE_SHEETS_ID và connector/job tương ứng,"SEA operating pipeline: archive current cũ, rebuild KPI/forecast/ranking/recommendation/AI knowledge base.",
20/05/2026 17:21,Việt Nam,kpi_scale_catalog,ok,10,datasets/gold/current/kpi_scale_catalog.csv,datasets/gold/archive/2026-05-20,chưa sync trong bản local; chỉ sync khi cấu hình GOOGLE_SHEETS_ID và connector/job tương ứng,"SEA operating pipeline: archive current cũ, rebuild KPI/forecast/ranking/recommendation/AI knowledge base.",
20/05/2026 17:21,Việt Nam,source_monitor_status,ok,19,datasets/gold/current/source_monitor_status.csv,datasets/gold/archive/2026-05-20,chưa sync trong bản local; chỉ sync khi cấu hình GOOGLE_SHEETS_ID và connector/job tương ứng,"SEA operating pipeline: archive current cũ, rebuild KPI/forecast/ranking/recommendation/AI knowledge base.",
20/05/2026 17:21,Việt Nam,update_queue,ok,1,datasets/gold/current/update_queue.csv,datasets/gold/archive/2026-05-20,chưa sync trong bản local; chỉ sync khi cấu hình GOOGLE_SHEETS_ID và connector/job tương ứng,"SEA operating pipeline: archive current cũ, rebuild KPI/forecast/ranking/recommendation/AI knowledge base.",
20/05/2026 17:21,Việt Nam,danh_sach_diem_den_mo_rong,ok,63,datasets/gold/current/danh_sach_diem_den_mo_rong.csv,datasets/gold/archive/2026-05-20,chưa sync trong bản local; chỉ sync khi cấu hình GOOGLE_SHEETS_ID và connector/job tương ứng,"SEA operating pipeline: archive current cũ, rebuild KPI/forecast/ranking/recommendation/AI knowledge base.",
20/05/2026 17:21,Việt Nam,xep_hang_canh_bao_toan_quoc,ok,63,datasets/gold/current/xep_hang_canh_bao_toan_quoc.csv,datasets/gold/archive/2026-05-20,chưa sync trong bản local; chỉ sync khi cấu hình GOOGLE_SHEETS_ID và connector/job tương ứng,"SEA operating pipeline: archive current cũ, rebuild KPI/forecast/ranking/recommendation/AI knowledge base.",
20/05/2026 17:21,Việt Nam,kiem_dinh_proxy,ok,63,datasets/gold/current/kiem_dinh_proxy.csv,datasets/gold/archive/2026-05-20,chưa sync trong bản local; chỉ sync khi cấu hình GOOGLE_SHEETS_ID và connector/job tương ứng,"SEA operating pipeline: archive current cũ, rebuild KPI/forecast/ranking/recommendation/AI knowledge base.",
20/05/2026 17:21,Việt Nam,de_xuat_hieu_qua_kinh_te,ok,441,datasets/gold/current/de_xuat_hieu_qua_kinh_te.csv,datasets/gold/archive/2026-05-20,chưa sync trong bản local; chỉ sync khi cấu hình GOOGLE_SHEETS_ID và connector/job tương ứng,"SEA operating pipeline: archive current cũ, rebuild KPI/forecast/ranking/recommendation/AI knowledge base.",
20/05/2026 17:21,Việt Nam,trang_thai_nguon_du_lieu,ok,19,datasets/gold/current/trang_thai_nguon_du_lieu.csv,datasets/gold/archive/2026-05-20,chưa sync trong bản local; chỉ sync khi cấu hình GOOGLE_SHEETS_ID và connector/job tương ứng,"SEA operating pipeline: archive current cũ, rebuild KPI/forecast/ranking/recommendation/AI knowledge base.",
20/05/2026 17:21,Việt Nam,hang_cho_cap_nhat,ok,1,datasets/gold/current/hang_cho_cap_nhat.csv,datasets/gold/archive/2026-05-20,chưa sync trong bản local; chỉ sync khi cấu hình GOOGLE_SHEETS_ID và connector/job tương ứng,"SEA operating pipeline: archive current cũ, rebuild KPI/forecast/ranking/recommendation/AI knowledge base.",
20/05/2026 17:50,Việt Nam,national_destination_alerts,ok,63,datasets/gold/current/national_destination_alerts.csv,datasets/gold/archive/2026-05-20,chưa sync trong bản local; chỉ sync khi cấu hình GOOGLE_SHEETS_ID và connector/job tương ứng,"SEA operating pipeline: archive current cũ, rebuild KPI/forecast/ranking/recommendation/AI knowledge base.",
20/05/2026 17:50,Việt Nam,redistribution_features,ok,17,datasets/gold/current/redistribution_features.csv,datasets/gold/archive/2026-05-20,chưa sync trong bản local; chỉ sync khi cấu hình GOOGLE_SHEETS_ID và connector/job tương ứng,"SEA operating pipeline: archive current cũ, rebuild KPI/forecast/ranking/recommendation/AI knowledge base.",
20/05/2026 17:50,Việt Nam,forecast_demand_scores,ok,252,datasets/gold/current/forecast_demand_scores.csv,datasets/gold/archive/2026-05-20,chưa sync trong bản local; chỉ sync khi cấu hình GOOGLE_SHEETS_ID và connector/job tương ứng,"SEA operating pipeline: archive current cũ, rebuild KPI/forecast/ranking/recommendation/AI knowledge base.",
20/05/2026 17:50,Việt Nam,kpi_confidence_scores,ok,315,datasets/gold/current/kpi_confidence_scores.csv,datasets/gold/archive/2026-05-20,chưa sync trong bản local; chỉ sync khi cấu hình GOOGLE_SHEETS_ID và connector/job tương ứng,"SEA operating pipeline: archive current cũ, rebuild KPI/forecast/ranking/recommendation/AI knowledge base.",
20/05/2026 17:50,Việt Nam,proxy_vs_nearrealtime_comparison,ok,63,datasets/gold/current/proxy_vs_nearrealtime_comparison.csv,datasets/gold/archive/2026-05-20,chưa sync trong bản local; chỉ sync khi cấu hình GOOGLE_SHEETS_ID và connector/job tương ứng,"SEA operating pipeline: archive current cũ, rebuild KPI/forecast/ranking/recommendation/AI knowledge base.",
20/05/2026 17:50,Việt Nam,attraction_ticket_catalog,ok,52,datasets/gold/current/attraction_ticket_catalog.csv,datasets/gold/archive/2026-05-20,chưa sync trong bản local; chỉ sync khi cấu hình GOOGLE_SHEETS_ID và connector/job tương ứng,"SEA operating pipeline: archive current cũ, rebuild KPI/forecast/ranking/recommendation/AI knowledge base.",
20/05/2026 17:50,Việt Nam,local_spending_poi,ok,500,datasets/gold/current/local_spending_poi.csv,datasets/gold/archive/2026-05-20,chưa sync trong bản local; chỉ sync khi cấu hình GOOGLE_SHEETS_ID và connector/job tương ứng,"SEA operating pipeline: archive current cũ, rebuild KPI/forecast/ranking/recommendation/AI knowledge base.",
20/05/2026 17:50,Việt Nam,ticket_pressure_scores,ok,63,datasets/gold/current/ticket_pressure_scores.csv,datasets/gold/archive/2026-05-20,chưa sync trong bản local; chỉ sync khi cấu hình GOOGLE_SHEETS_ID và connector/job tương ứng,"SEA operating pipeline: archive current cũ, rebuild KPI/forecast/ranking/recommendation/AI knowledge base.",
20/05/2026 17:50,Việt Nam,hotel_price_pressure,ok,63,datasets/gold/current/hotel_price_pressure.csv,datasets/gold/archive/2026-05-20,chưa sync trong bản local; chỉ sync khi cấu hình GOOGLE_SHEETS_ID và connector/job tương ứng,"SEA operating pipeline: archive current cũ, rebuild KPI/forecast/ranking/recommendation/AI knowledge base.",
20/05/2026 17:50,Việt Nam,flight_price_signal,ok,63,datasets/gold/current/flight_price_signal.csv,datasets/gold/archive/2026-05-20,chưa sync trong bản local; chỉ sync khi cấu hình GOOGLE_SHEETS_ID và connector/job tương ứng,"SEA operating pipeline: archive current cũ, rebuild KPI/forecast/ranking/recommendation/AI knowledge base.",
20/05/2026 17:50,Việt Nam,economic_action_recommendations,ok,441,datasets/gold/current/economic_action_recommendations.csv,datasets/gold/archive/2026-05-20,chưa sync trong bản local; chỉ sync khi cấu hình GOOGLE_SHEETS_ID và connector/job tương ứng,"SEA operating pipeline: archive current cũ, rebuild KPI/forecast/ranking/recommendation/AI knowledge base.",
20/05/2026 17:50,Việt Nam,news_events,ok,12,datasets/gold/current/news_events.csv,datasets/gold/archive/2026-05-20,chưa sync trong bản local; chỉ sync khi cấu hình GOOGLE_SHEETS_ID và connector/job tương ứng,"SEA operating pipeline: archive current cũ, rebuild KPI/forecast/ranking/recommendation/AI knowledge base.",
20/05/2026 17:50,Việt Nam,news_risk_signals,ok,12,datasets/gold/current/news_risk_signals.csv,datasets/gold/archive/2026-05-20,chưa sync trong bản local; chỉ sync khi cấu hình GOOGLE_SHEETS_ID và connector/job tương ứng,"SEA operating pipeline: archive current cũ, rebuild KPI/forecast/ranking/recommendation/AI knowledge base.",
20/05/2026 17:50,Việt Nam,news_action_recommendations,ok,12,datasets/gold/current/news_action_recommendations.csv,datasets/gold/archive/2026-05-20,chưa sync trong bản local; chỉ sync khi cấu hình GOOGLE_SHEETS_ID và connector/job tương ứng,"SEA operating pipeline: archive current cũ, rebuild KPI/forecast/ranking/recommendation/AI knowledge base.",
20/05/2026 17:50,Việt Nam,news_seen_registry,ok,16,datasets/gold/current/news_seen_registry.csv,datasets/gold/archive/2026-05-20,chưa sync trong bản local; chỉ sync khi cấu hình GOOGLE_SHEETS_ID và connector/job tương ứng,"SEA operating pipeline: archive current cũ, rebuild KPI/forecast/ranking/recommendation/AI knowledge base.",
20/05/2026 17:50,Việt Nam,news_event_taxonomy,ok,8,datasets/gold/current/news_event_taxonomy.csv,datasets/gold/archive/2026-05-20,chưa sync trong bản local; chỉ sync khi cấu hình GOOGLE_SHEETS_ID và connector/job tương ứng,"SEA operating pipeline: archive current cũ, rebuild KPI/forecast/ranking/recommendation/AI knowledge base.",
20/05/2026 17:50,Việt Nam,kpi_scale_catalog,ok,10,datasets/gold/current/kpi_scale_catalog.csv,datasets/gold/archive/2026-05-20,chưa sync trong bản local; chỉ sync khi cấu hình GOOGLE_SHEETS_ID và connector/job tương ứng,"SEA operating pipeline: archive current cũ, rebuild KPI/forecast/ranking/recommendation/AI knowledge base.",
20/05/2026 17:50,Việt Nam,source_monitor_status,ok,19,datasets/gold/current/source_monitor_status.csv,datasets/gold/archive/2026-05-20,chưa sync trong bản local; chỉ sync khi cấu hình GOOGLE_SHEETS_ID và connector/job tương ứng,"SEA operating pipeline: archive current cũ, rebuild KPI/forecast/ranking/recommendation/AI knowledge base.",
20/05/2026 17:50,Việt Nam,update_queue,ok,1,datasets/gold/current/update_queue.csv,datasets/gold/archive/2026-05-20,chưa sync trong bản local; chỉ sync khi cấu hình GOOGLE_SHEETS_ID và connector/job tương ứng,"SEA operating pipeline: archive current cũ, rebuild KPI/forecast/ranking/recommendation/AI knowledge base.",
20/05/2026 17:50,Việt Nam,danh_sach_diem_den_mo_rong,ok,63,datasets/gold/current/danh_sach_diem_den_mo_rong.csv,datasets/gold/archive/2026-05-20,chưa sync trong bản local; chỉ sync khi cấu hình GOOGLE_SHEETS_ID và connector/job tương ứng,"SEA operating pipeline: archive current cũ, rebuild KPI/forecast/ranking/recommendation/AI knowledge base.",
20/05/2026 17:50,Việt Nam,xep_hang_canh_bao_toan_quoc,ok,63,datasets/gold/current/xep_hang_canh_bao_toan_quoc.csv,datasets/gold/archive/2026-05-20,chưa sync trong bản local; chỉ sync khi cấu hình GOOGLE_SHEETS_ID và connector/job tương ứng,"SEA operating pipeline: archive current cũ, rebuild KPI/forecast/ranking/recommendation/AI knowledge base.",
20/05/2026 17:50,Việt Nam,kiem_dinh_proxy,ok,63,datasets/gold/current/kiem_dinh_proxy.csv,datasets/gold/archive/2026-05-20,chưa sync trong bản local; chỉ sync khi cấu hình GOOGLE_SHEETS_ID và connector/job tương ứng,"SEA operating pipeline: archive current cũ, rebuild KPI/forecast/ranking/recommendation/AI knowledge base.",
20/05/2026 17:50,Việt Nam,de_xuat_hieu_qua_kinh_te,ok,441,datasets/gold/current/de_xuat_hieu_qua_kinh_te.csv,datasets/gold/archive/2026-05-20,chưa sync trong bản local; chỉ sync khi cấu hình GOOGLE_SHEETS_ID và connector/job tương ứng,"SEA operating pipeline: archive current cũ, rebuild KPI/forecast/ranking/recommendation/AI knowledge base.",
20/05/2026 17:50,Việt Nam,trang_thai_nguon_du_lieu,ok,19,datasets/gold/current/trang_thai_nguon_du_lieu.csv,datasets/gold/archive/2026-05-20,chưa sync trong bản local; chỉ sync khi cấu hình GOOGLE_SHEETS_ID và connector/job tương ứng,"SEA operating pipeline: archive current cũ, rebuild KPI/forecast/ranking/recommendation/AI knowledge base.",
20/05/2026 17:50,Việt Nam,hang_cho_cap_nhat,ok,1,datasets/gold/current/hang_cho_cap_nhat.csv,datasets/gold/archive/2026-05-20,chưa sync trong bản local; chỉ sync khi cấu hình GOOGLE_SHEETS_ID và connector/job tương ứng,"SEA operating pipeline: archive current cũ, rebuild KPI/forecast/ranking/recommendation/AI knowledge base.",
20/05/2026 21:35,Việt Nam,national_destination_alerts,ok,63,datasets/gold/current/national_destination_alerts.csv,datasets/gold/archive/2026-05-20,chưa sync trong bản local; chỉ sync khi cấu hình GOOGLE_SHEETS_ID và connector/job tương ứng,"SEA operating pipeline: archive current cũ, rebuild KPI/forecast/ranking/recommendation/AI knowledge base.",
20/05/2026 21:35,Việt Nam,redistribution_features,ok,17,datasets/gold/current/redistribution_features.csv,datasets/gold/archive/2026-05-20,chưa sync trong bản local; chỉ sync khi cấu hình GOOGLE_SHEETS_ID và connector/job tương ứng,"SEA operating pipeline: archive current cũ, rebuild KPI/forecast/ranking/recommendation/AI knowledge base.",
20/05/2026 21:35,Việt Nam,forecast_demand_scores,ok,252,datasets/gold/current/forecast_demand_scores.csv,datasets/gold/archive/2026-05-20,chưa sync trong bản local; chỉ sync khi cấu hình GOOGLE_SHEETS_ID và connector/job tương ứng,"SEA operating pipeline: archive current cũ, rebuild KPI/forecast/ranking/recommendation/AI knowledge base.",
20/05/2026 21:35,Việt Nam,kpi_confidence_scores,ok,315,datasets/gold/current/kpi_confidence_scores.csv,datasets/gold/archive/2026-05-20,chưa sync trong bản local; chỉ sync khi cấu hình GOOGLE_SHEETS_ID và connector/job tương ứng,"SEA operating pipeline: archive current cũ, rebuild KPI/forecast/ranking/recommendation/AI knowledge base.",
20/05/2026 21:35,Việt Nam,proxy_vs_nearrealtime_comparison,ok,63,datasets/gold/current/proxy_vs_nearrealtime_comparison.csv,datasets/gold/archive/2026-05-20,chưa sync trong bản local; chỉ sync khi cấu hình GOOGLE_SHEETS_ID và connector/job tương ứng,"SEA operating pipeline: archive current cũ, rebuild KPI/forecast/ranking/recommendation/AI knowledge base.",
20/05/2026 21:35,Việt Nam,attraction_ticket_catalog,ok,52,datasets/gold/current/attraction_ticket_catalog.csv,datasets/gold/archive/2026-05-20,chưa sync trong bản local; chỉ sync khi cấu hình GOOGLE_SHEETS_ID và connector/job tương ứng,"SEA operating pipeline: archive current cũ, rebuild KPI/forecast/ranking/recommendation/AI knowledge base.",
20/05/2026 21:35,Việt Nam,local_spending_poi,ok,500,datasets/gold/current/local_spending_poi.csv,datasets/gold/archive/2026-05-20,chưa sync trong bản local; chỉ sync khi cấu hình GOOGLE_SHEETS_ID và connector/job tương ứng,"SEA operating pipeline: archive current cũ, rebuild KPI/forecast/ranking/recommendation/AI knowledge base.",
20/05/2026 21:35,Việt Nam,ticket_pressure_scores,ok,63,datasets/gold/current/ticket_pressure_scores.csv,datasets/gold/archive/2026-05-20,chưa sync trong bản local; chỉ sync khi cấu hình GOOGLE_SHEETS_ID và connector/job tương ứng,"SEA operating pipeline: archive current cũ, rebuild KPI/forecast/ranking/recommendation/AI knowledge base.",
20/05/2026 21:35,Việt Nam,hotel_price_pressure,ok,63,datasets/gold/current/hotel_price_pressure.csv,datasets/gold/archive/2026-05-20,chưa sync trong bản local; chỉ sync khi cấu hình GOOGLE_SHEETS_ID và connector/job tương ứng,"SEA operating pipeline: archive current cũ, rebuild KPI/forecast/ranking/recommendation/AI knowledge base.",
20/05/2026 21:35,Việt Nam,flight_price_signal,ok,63,datasets/gold/current/flight_price_signal.csv,datasets/gold/archive/2026-05-20,chưa sync trong bản local; chỉ sync khi cấu hình GOOGLE_SHEETS_ID và connector/job tương ứng,"SEA operating pipeline: archive current cũ, rebuild KPI/forecast/ranking/recommendation/AI knowledge base.",
20/05/2026 21:35,Việt Nam,economic_action_recommendations,ok,441,datasets/gold/current/economic_action_recommendations.csv,datasets/gold/archive/2026-05-20,chưa sync trong bản local; chỉ sync khi cấu hình GOOGLE_SHEETS_ID và connector/job tương ứng,"SEA operating pipeline: archive current cũ, rebuild KPI/forecast/ranking/recommendation/AI knowledge base.",
20/05/2026 21:35,Việt Nam,news_events,ok,12,datasets/gold/current/news_events.csv,datasets/gold/archive/2026-05-20,chưa sync trong bản local; chỉ sync khi cấu hình GOOGLE_SHEETS_ID và connector/job tương ứng,"SEA operating pipeline: archive current cũ, rebuild KPI/forecast/ranking/recommendation/AI knowledge base.",
20/05/2026 21:35,Việt Nam,news_risk_signals,ok,12,datasets/gold/current/news_risk_signals.csv,datasets/gold/archive/2026-05-20,chưa sync trong bản local; chỉ sync khi cấu hình GOOGLE_SHEETS_ID và connector/job tương ứng,"SEA operating pipeline: archive current cũ, rebuild KPI/forecast/ranking/recommendation/AI knowledge base.",
20/05/2026 21:35,Việt Nam,news_action_recommendations,ok,12,datasets/gold/current/news_action_recommendations.csv,datasets/gold/archive/2026-05-20,chưa sync trong bản local; chỉ sync khi cấu hình GOOGLE_SHEETS_ID và connector/job tương ứng,"SEA operating pipeline: archive current cũ, rebuild KPI/forecast/ranking/recommendation/AI knowledge base.",
20/05/2026 21:35,Việt Nam,news_seen_registry,ok,16,datasets/gold/current/news_seen_registry.csv,datasets/gold/archive/2026-05-20,chưa sync trong bản local; chỉ sync khi cấu hình GOOGLE_SHEETS_ID và connector/job tương ứng,"SEA operating pipeline: archive current cũ, rebuild KPI/forecast/ranking/recommendation/AI knowledge base.",
20/05/2026 21:35,Việt Nam,news_event_taxonomy,ok,8,datasets/gold/current/news_event_taxonomy.csv,datasets/gold/archive/2026-05-20,chưa sync trong bản local; chỉ sync khi cấu hình GOOGLE_SHEETS_ID và connector/job tương ứng,"SEA operating pipeline: archive current cũ, rebuild KPI/forecast/ranking/recommendation/AI knowledge base.",
20/05/2026 21:35,Việt Nam,kpi_scale_catalog,ok,10,datasets/gold/current/kpi_scale_catalog.csv,datasets/gold/archive/2026-05-20,chưa sync trong bản local; chỉ sync khi cấu hình GOOGLE_SHEETS_ID và connector/job tương ứng,"SEA operating pipeline: archive current cũ, rebuild KPI/forecast/ranking/recommendation/AI knowledge base.",
20/05/2026 21:35,Việt Nam,source_monitor_status,ok,19,datasets/gold/current/source_monitor_status.csv,datasets/gold/archive/2026-05-20,chưa sync trong bản local; chỉ sync khi cấu hình GOOGLE_SHEETS_ID và connector/job tương ứng,"SEA operating pipeline: archive current cũ, rebuild KPI/forecast/ranking/recommendation/AI knowledge base.",
20/05/2026 21:35,Việt Nam,update_queue,ok,2,datasets/gold/current/update_queue.csv,datasets/gold/archive/2026-05-20,chưa sync trong bản local; chỉ sync khi cấu hình GOOGLE_SHEETS_ID và connector/job tương ứng,"SEA operating pipeline: archive current cũ, rebuild KPI/forecast/ranking/recommendation/AI knowledge base.",
20/05/2026 21:35,Việt Nam,danh_sach_diem_den_mo_rong,ok,63,datasets/gold/current/danh_sach_diem_den_mo_rong.csv,datasets/gold/archive/2026-05-20,chưa sync trong bản local; chỉ sync khi cấu hình GOOGLE_SHEETS_ID và connector/job tương ứng,"SEA operating pipeline: archive current cũ, rebuild KPI/forecast/ranking/recommendation/AI knowledge base.",
20/05/2026 21:35,Việt Nam,xep_hang_canh_bao_toan_quoc,ok,63,datasets/gold/current/xep_hang_canh_bao_toan_quoc.csv,datasets/gold/archive/2026-05-20,chưa sync trong bản local; chỉ sync khi cấu hình GOOGLE_SHEETS_ID và connector/job tương ứng,"SEA operating pipeline: archive current cũ, rebuild KPI/forecast/ranking/recommendation/AI knowledge base.",
20/05/2026 21:35,Việt Nam,kiem_dinh_proxy,ok,63,datasets/gold/current/kiem_dinh_proxy.csv,datasets/gold/archive/2026-05-20,chưa sync trong bản local; chỉ sync khi cấu hình GOOGLE_SHEETS_ID và connector/job tương ứng,"SEA operating pipeline: archive current cũ, rebuild KPI/forecast/ranking/recommendation/AI knowledge base.",
20/05/2026 21:35,Việt Nam,de_xuat_hieu_qua_kinh_te,ok,441,datasets/gold/current/de_xuat_hieu_qua_kinh_te.csv,datasets/gold/archive/2026-05-20,chưa sync trong bản local; chỉ sync khi cấu hình GOOGLE_SHEETS_ID và connector/job tương ứng,"SEA operating pipeline: archive current cũ, rebuild KPI/forecast/ranking/recommendation/AI knowledge base.",
20/05/2026 21:35,Việt Nam,trang_thai_nguon_du_lieu,ok,19,datasets/gold/current/trang_thai_nguon_du_lieu.csv,datasets/gold/archive/2026-05-20,chưa sync trong bản local; chỉ sync khi cấu hình GOOGLE_SHEETS_ID và connector/job tương ứng,"SEA operating pipeline: archive current cũ, rebuild KPI/forecast/ranking/recommendation/AI knowledge base.",
20/05/2026 21:35,Việt Nam,hang_cho_cap_nhat,ok,2,datasets/gold/current/hang_cho_cap_nhat.csv,datasets/gold/archive/2026-05-20,chưa sync trong bản local; chỉ sync khi cấu hình GOOGLE_SHEETS_ID và connector/job tương ứng,"SEA operating pipeline: archive current cũ, rebuild KPI/forecast/ranking/recommendation/AI knowledge base.",
20/05/2026 22:18,Việt Nam,national_destination_alerts,ok,63,datasets/gold/current/national_destination_alerts.csv,datasets/gold/archive/2026-05-20,chưa sync trong bản local; chỉ sync khi cấu hình GOOGLE_SHEETS_ID và connector/job tương ứng,"SEA operating pipeline: archive current cũ, rebuild KPI/forecast/ranking/recommendation/AI knowledge base.",
20/05/2026 22:18,Việt Nam,redistribution_features,ok,17,datasets/gold/current/redistribution_features.csv,datasets/gold/archive/2026-05-20,chưa sync trong bản local; chỉ sync khi cấu hình GOOGLE_SHEETS_ID và connector/job tương ứng,"SEA operating pipeline: archive current cũ, rebuild KPI/forecast/ranking/recommendation/AI knowledge base.",
20/05/2026 22:18,Việt Nam,forecast_demand_scores,ok,252,datasets/gold/current/forecast_demand_scores.csv,datasets/gold/archive/2026-05-20,chưa sync trong bản local; chỉ sync khi cấu hình GOOGLE_SHEETS_ID và connector/job tương ứng,"SEA operating pipeline: archive current cũ, rebuild KPI/forecast/ranking/recommendation/AI knowledge base.",
20/05/2026 22:18,Việt Nam,thoi_tiet_hien_tai,ok,63,datasets/gold/current/thoi_tiet_hien_tai.csv,datasets/gold/archive/2026-05-20,chưa sync trong bản local; chỉ sync khi cấu hình GOOGLE_SHEETS_ID và connector/job tương ứng,"SEA operating pipeline: archive current cũ, rebuild KPI/forecast/ranking/recommendation/AI knowledge base.",
20/05/2026 22:18,Việt Nam,du_bao_thoi_tiet_7_ngay,ok,63,datasets/gold/current/du_bao_thoi_tiet_7_ngay.csv,datasets/gold/archive/2026-05-20,chưa sync trong bản local; chỉ sync khi cấu hình GOOGLE_SHEETS_ID và connector/job tương ứng,"SEA operating pipeline: archive current cũ, rebuild KPI/forecast/ranking/recommendation/AI knowledge base.",
20/05/2026 22:18,Việt Nam,kpi_confidence_scores,ok,315,datasets/gold/current/kpi_confidence_scores.csv,datasets/gold/archive/2026-05-20,chưa sync trong bản local; chỉ sync khi cấu hình GOOGLE_SHEETS_ID và connector/job tương ứng,"SEA operating pipeline: archive current cũ, rebuild KPI/forecast/ranking/recommendation/AI knowledge base.",
20/05/2026 22:18,Việt Nam,proxy_vs_nearrealtime_comparison,ok,63,datasets/gold/current/proxy_vs_nearrealtime_comparison.csv,datasets/gold/archive/2026-05-20,chưa sync trong bản local; chỉ sync khi cấu hình GOOGLE_SHEETS_ID và connector/job tương ứng,"SEA operating pipeline: archive current cũ, rebuild KPI/forecast/ranking/recommendation/AI knowledge base.",
20/05/2026 22:18,Việt Nam,attraction_ticket_catalog,ok,52,datasets/gold/current/attraction_ticket_catalog.csv,datasets/gold/archive/2026-05-20,chưa sync trong bản local; chỉ sync khi cấu hình GOOGLE_SHEETS_ID và connector/job tương ứng,"SEA operating pipeline: archive current cũ, rebuild KPI/forecast/ranking/recommendation/AI knowledge base.",
20/05/2026 22:18,Việt Nam,local_spending_poi,ok,500,datasets/gold/current/local_spending_poi.csv,datasets/gold/archive/2026-05-20,chưa sync trong bản local; chỉ sync khi cấu hình GOOGLE_SHEETS_ID và connector/job tương ứng,"SEA operating pipeline: archive current cũ, rebuild KPI/forecast/ranking/recommendation/AI knowledge base.",
20/05/2026 22:18,Việt Nam,ticket_pressure_scores,ok,63,datasets/gold/current/ticket_pressure_scores.csv,datasets/gold/archive/2026-05-20,chưa sync trong bản local; chỉ sync khi cấu hình GOOGLE_SHEETS_ID và connector/job tương ứng,"SEA operating pipeline: archive current cũ, rebuild KPI/forecast/ranking/recommendation/AI knowledge base.",
20/05/2026 22:18,Việt Nam,hotel_price_pressure,ok,63,datasets/gold/current/hotel_price_pressure.csv,datasets/gold/archive/2026-05-20,chưa sync trong bản local; chỉ sync khi cấu hình GOOGLE_SHEETS_ID và connector/job tương ứng,"SEA operating pipeline: archive current cũ, rebuild KPI/forecast/ranking/recommendation/AI knowledge base.",
20/05/2026 22:18,Việt Nam,flight_price_signal,ok,63,datasets/gold/current/flight_price_signal.csv,datasets/gold/archive/2026-05-20,chưa sync trong bản local; chỉ sync khi cấu hình GOOGLE_SHEETS_ID và connector/job tương ứng,"SEA operating pipeline: archive current cũ, rebuild KPI/forecast/ranking/recommendation/AI knowledge base.",
20/05/2026 22:18,Việt Nam,economic_action_recommendations,ok,441,datasets/gold/current/economic_action_recommendations.csv,datasets/gold/archive/2026-05-20,chưa sync trong bản local; chỉ sync khi cấu hình GOOGLE_SHEETS_ID và connector/job tương ứng,"SEA operating pipeline: archive current cũ, rebuild KPI/forecast/ranking/recommendation/AI knowledge base.",
20/05/2026 22:18,Việt Nam,news_events,ok,12,datasets/gold/current/news_events.csv,datasets/gold/archive/2026-05-20,chưa sync trong bản local; chỉ sync khi cấu hình GOOGLE_SHEETS_ID và connector/job tương ứng,"SEA operating pipeline: archive current cũ, rebuild KPI/forecast/ranking/recommendation/AI knowledge base.",
20/05/2026 22:18,Việt Nam,news_risk_signals,ok,12,datasets/gold/current/news_risk_signals.csv,datasets/gold/archive/2026-05-20,chưa sync trong bản local; chỉ sync khi cấu hình GOOGLE_SHEETS_ID và connector/job tương ứng,"SEA operating pipeline: archive current cũ, rebuild KPI/forecast/ranking/recommendation/AI knowledge base.",
20/05/2026 22:18,Việt Nam,news_action_recommendations,ok,12,datasets/gold/current/news_action_recommendations.csv,datasets/gold/archive/2026-05-20,chưa sync trong bản local; chỉ sync khi cấu hình GOOGLE_SHEETS_ID và connector/job tương ứng,"SEA operating pipeline: archive current cũ, rebuild KPI/forecast/ranking/recommendation/AI knowledge base.",
20/05/2026 22:18,Việt Nam,news_seen_registry,ok,16,datasets/gold/current/news_seen_registry.csv,datasets/gold/archive/2026-05-20,chưa sync trong bản local; chỉ sync khi cấu hình GOOGLE_SHEETS_ID và connector/job tương ứng,"SEA operating pipeline: archive current cũ, rebuild KPI/forecast/ranking/recommendation/AI knowledge base.",
20/05/2026 22:18,Việt Nam,news_event_taxonomy,ok,8,datasets/gold/current/news_event_taxonomy.csv,datasets/gold/archive/2026-05-20,chưa sync trong bản local; chỉ sync khi cấu hình GOOGLE_SHEETS_ID và connector/job tương ứng,"SEA operating pipeline: archive current cũ, rebuild KPI/forecast/ranking/recommendation/AI knowledge base.",
20/05/2026 22:18,Việt Nam,kpi_scale_catalog,ok,10,datasets/gold/current/kpi_scale_catalog.csv,datasets/gold/archive/2026-05-20,chưa sync trong bản local; chỉ sync khi cấu hình GOOGLE_SHEETS_ID và connector/job tương ứng,"SEA operating pipeline: archive current cũ, rebuild KPI/forecast/ranking/recommendation/AI knowledge base.",
20/05/2026 22:18,Việt Nam,source_monitor_status,ok,19,datasets/gold/current/source_monitor_status.csv,datasets/gold/archive/2026-05-20,chưa sync trong bản local; chỉ sync khi cấu hình GOOGLE_SHEETS_ID và connector/job tương ứng,"SEA operating pipeline: archive current cũ, rebuild KPI/forecast/ranking/recommendation/AI knowledge base.",
20/05/2026 22:18,Việt Nam,update_queue,ok,2,datasets/gold/current/update_queue.csv,datasets/gold/archive/2026-05-20,chưa sync trong bản local; chỉ sync khi cấu hình GOOGLE_SHEETS_ID và connector/job tương ứng,"SEA operating pipeline: archive current cũ, rebuild KPI/forecast/ranking/recommendation/AI knowledge base.",
20/05/2026 22:18,Việt Nam,danh_sach_diem_den_mo_rong,ok,63,datasets/gold/current/danh_sach_diem_den_mo_rong.csv,datasets/gold/archive/2026-05-20,chưa sync trong bản local; chỉ sync khi cấu hình GOOGLE_SHEETS_ID và connector/job tương ứng,"SEA operating pipeline: archive current cũ, rebuild KPI/forecast/ranking/recommendation/AI knowledge base.",
20/05/2026 22:18,Việt Nam,xep_hang_canh_bao_toan_quoc,ok,63,datasets/gold/current/xep_hang_canh_bao_toan_quoc.csv,datasets/gold/archive/2026-05-20,chưa sync trong bản local; chỉ sync khi cấu hình GOOGLE_SHEETS_ID và connector/job tương ứng,"SEA operating pipeline: archive current cũ, rebuild KPI/forecast/ranking/recommendation/AI knowledge base.",
20/05/2026 22:18,Việt Nam,kiem_dinh_proxy,ok,63,datasets/gold/current/kiem_dinh_proxy.csv,datasets/gold/archive/2026-05-20,chưa sync trong bản local; chỉ sync khi cấu hình GOOGLE_SHEETS_ID và connector/job tương ứng,"SEA operating pipeline: archive current cũ, rebuild KPI/forecast/ranking/recommendation/AI knowledge base.",
20/05/2026 22:18,Việt Nam,de_xuat_hieu_qua_kinh_te,ok,441,datasets/gold/current/de_xuat_hieu_qua_kinh_te.csv,datasets/gold/archive/2026-05-20,chưa sync trong bản local; chỉ sync khi cấu hình GOOGLE_SHEETS_ID và connector/job tương ứng,"SEA operating pipeline: archive current cũ, rebuild KPI/forecast/ranking/recommendation/AI knowledge base.",
20/05/2026 22:18,Việt Nam,trang_thai_nguon_du_lieu,ok,19,datasets/gold/current/trang_thai_nguon_du_lieu.csv,datasets/gold/archive/2026-05-20,chưa sync trong bản local; chỉ sync khi cấu hình GOOGLE_SHEETS_ID và connector/job tương ứng,"SEA operating pipeline: archive current cũ, rebuild KPI/forecast/ranking/recommendation/AI knowledge base.",
20/05/2026 22:18,Việt Nam,hang_cho_cap_nhat,ok,2,datasets/gold/current/hang_cho_cap_nhat.csv,datasets/gold/archive/2026-05-20,chưa sync trong bản local; chỉ sync khi cấu hình GOOGLE_SHEETS_ID và connector/job tương ứng,"SEA operating pipeline: archive current cũ, rebuild KPI/forecast/ranking/recommendation/AI knowledge base.",
21/05/2026 14:39,Viá»‡t Nam,national_destination_alerts,ok,63,datasets/gold/current/national_destination_alerts.csv,datasets/gold/archive/2026-05-21,sync sau khi rebuild náº¿u cáº¥u hÃ¬nh Google Sheets; fallback CSV local náº¿u lá»—i,"SEA operating pipeline: archive current cÅ©, rebuild CSV/Parquet, KPI/forecast/ranking/recommendation/AI knowledge base, sync Google Sheets summary náº¿u cÃ³ cáº¥u hÃ¬nh.",
21/05/2026 14:39,Viá»‡t Nam,redistribution_features,ok,17,datasets/gold/current/redistribution_features.csv,datasets/gold/archive/2026-05-21,sync sau khi rebuild náº¿u cáº¥u hÃ¬nh Google Sheets; fallback CSV local náº¿u lá»—i,"SEA operating pipeline: archive current cÅ©, rebuild CSV/Parquet, KPI/forecast/ranking/recommendation/AI knowledge base, sync Google Sheets summary náº¿u cÃ³ cáº¥u hÃ¬nh.",
21/05/2026 14:39,Viá»‡t Nam,forecast_demand_scores,ok,252,datasets/gold/current/forecast_demand_scores.csv,datasets/gold/archive/2026-05-21,sync sau khi rebuild náº¿u cáº¥u hÃ¬nh Google Sheets; fallback CSV local náº¿u lá»—i,"SEA operating pipeline: archive current cÅ©, rebuild CSV/Parquet, KPI/forecast/ranking/recommendation/AI knowledge base, sync Google Sheets summary náº¿u cÃ³ cáº¥u hÃ¬nh.",
21/05/2026 14:39,Viá»‡t Nam,thoi_tiet_hien_tai,ok,63,datasets/gold/current/thoi_tiet_hien_tai.csv,datasets/gold/archive/2026-05-21,sync sau khi rebuild náº¿u cáº¥u hÃ¬nh Google Sheets; fallback CSV local náº¿u lá»—i,"SEA operating pipeline: archive current cÅ©, rebuild CSV/Parquet, KPI/forecast/ranking/recommendation/AI knowledge base, sync Google Sheets summary náº¿u cÃ³ cáº¥u hÃ¬nh.",
21/05/2026 14:39,Viá»‡t Nam,du_bao_thoi_tiet_7_ngay,ok,63,datasets/gold/current/du_bao_thoi_tiet_7_ngay.csv,datasets/gold/archive/2026-05-21,sync sau khi rebuild náº¿u cáº¥u hÃ¬nh Google Sheets; fallback CSV local náº¿u lá»—i,"SEA operating pipeline: archive current cÅ©, rebuild CSV/Parquet, KPI/forecast/ranking/recommendation/AI knowledge base, sync Google Sheets summary náº¿u cÃ³ cáº¥u hÃ¬nh.",
21/05/2026 14:39,Viá»‡t Nam,kpi_confidence_scores,ok,315,datasets/gold/current/kpi_confidence_scores.csv,datasets/gold/archive/2026-05-21,sync sau khi rebuild náº¿u cáº¥u hÃ¬nh Google Sheets; fallback CSV local náº¿u lá»—i,"SEA operating pipeline: archive current cÅ©, rebuild CSV/Parquet, KPI/forecast/ranking/recommendation/AI knowledge base, sync Google Sheets summary náº¿u cÃ³ cáº¥u hÃ¬nh.",
21/05/2026 14:39,Viá»‡t Nam,proxy_vs_nearrealtime_comparison,ok,63,datasets/gold/current/proxy_vs_nearrealtime_comparison.csv,datasets/gold/archive/2026-05-21,sync sau khi rebuild náº¿u cáº¥u hÃ¬nh Google Sheets; fallback CSV local náº¿u lá»—i,"SEA operating pipeline: archive current cÅ©, rebuild CSV/Parquet, KPI/forecast/ranking/recommendation/AI knowledge base, sync Google Sheets summary náº¿u cÃ³ cáº¥u hÃ¬nh.",
21/05/2026 14:39,Viá»‡t Nam,attraction_ticket_catalog,ok,52,datasets/gold/current/attraction_ticket_catalog.csv,datasets/gold/archive/2026-05-21,sync sau khi rebuild náº¿u cáº¥u hÃ¬nh Google Sheets; fallback CSV local náº¿u lá»—i,"SEA operating pipeline: archive current cÅ©, rebuild CSV/Parquet, KPI/forecast/ranking/recommendation/AI knowledge base, sync Google Sheets summary náº¿u cÃ³ cáº¥u hÃ¬nh.",
21/05/2026 14:39,Viá»‡t Nam,local_spending_poi,ok,500,datasets/gold/current/local_spending_poi.csv,datasets/gold/archive/2026-05-21,sync sau khi rebuild náº¿u cáº¥u hÃ¬nh Google Sheets; fallback CSV local náº¿u lá»—i,"SEA operating pipeline: archive current cÅ©, rebuild CSV/Parquet, KPI/forecast/ranking/recommendation/AI knowledge base, sync Google Sheets summary náº¿u cÃ³ cáº¥u hÃ¬nh.",
21/05/2026 14:39,Viá»‡t Nam,ticket_pressure_scores,ok,63,datasets/gold/current/ticket_pressure_scores.csv,datasets/gold/archive/2026-05-21,sync sau khi rebuild náº¿u cáº¥u hÃ¬nh Google Sheets; fallback CSV local náº¿u lá»—i,"SEA operating pipeline: archive current cÅ©, rebuild CSV/Parquet, KPI/forecast/ranking/recommendation/AI knowledge base, sync Google Sheets summary náº¿u cÃ³ cáº¥u hÃ¬nh.",
21/05/2026 14:39,Viá»‡t Nam,hotel_price_pressure,ok,63,datasets/gold/current/hotel_price_pressure.csv,datasets/gold/archive/2026-05-21,sync sau khi rebuild náº¿u cáº¥u hÃ¬nh Google Sheets; fallback CSV local náº¿u lá»—i,"SEA operating pipeline: archive current cÅ©, rebuild CSV/Parquet, KPI/forecast/ranking/recommendation/AI knowledge base, sync Google Sheets summary náº¿u cÃ³ cáº¥u hÃ¬nh.",
21/05/2026 14:39,Viá»‡t Nam,flight_price_signal,ok,63,datasets/gold/current/flight_price_signal.csv,datasets/gold/archive/2026-05-21,sync sau khi rebuild náº¿u cáº¥u hÃ¬nh Google Sheets; fallback CSV local náº¿u lá»—i,"SEA operating pipeline: archive current cÅ©, rebuild CSV/Parquet, KPI/forecast/ranking/recommendation/AI knowledge base, sync Google Sheets summary náº¿u cÃ³ cáº¥u hÃ¬nh.",
21/05/2026 14:39,Viá»‡t Nam,economic_action_recommendations,ok,441,datasets/gold/current/economic_action_recommendations.csv,datasets/gold/archive/2026-05-21,sync sau khi rebuild náº¿u cáº¥u hÃ¬nh Google Sheets; fallback CSV local náº¿u lá»—i,"SEA operating pipeline: archive current cÅ©, rebuild CSV/Parquet, KPI/forecast/ranking/recommendation/AI knowledge base, sync Google Sheets summary náº¿u cÃ³ cáº¥u hÃ¬nh.",
21/05/2026 14:39,Viá»‡t Nam,news_events,ok,12,datasets/gold/current/news_events.csv,datasets/gold/archive/2026-05-21,sync sau khi rebuild náº¿u cáº¥u hÃ¬nh Google Sheets; fallback CSV local náº¿u lá»—i,"SEA operating pipeline: archive current cÅ©, rebuild CSV/Parquet, KPI/forecast/ranking/recommendation/AI knowledge base, sync Google Sheets summary náº¿u cÃ³ cáº¥u hÃ¬nh.",
21/05/2026 14:39,Viá»‡t Nam,news_risk_signals,ok,12,datasets/gold/current/news_risk_signals.csv,datasets/gold/archive/2026-05-21,sync sau khi rebuild náº¿u cáº¥u hÃ¬nh Google Sheets; fallback CSV local náº¿u lá»—i,"SEA operating pipeline: archive current cÅ©, rebuild CSV/Parquet, KPI/forecast/ranking/recommendation/AI knowledge base, sync Google Sheets summary náº¿u cÃ³ cáº¥u hÃ¬nh.",
21/05/2026 14:39,Viá»‡t Nam,news_action_recommendations,ok,12,datasets/gold/current/news_action_recommendations.csv,datasets/gold/archive/2026-05-21,sync sau khi rebuild náº¿u cáº¥u hÃ¬nh Google Sheets; fallback CSV local náº¿u lá»—i,"SEA operating pipeline: archive current cÅ©, rebuild CSV/Parquet, KPI/forecast/ranking/recommendation/AI knowledge base, sync Google Sheets summary náº¿u cÃ³ cáº¥u hÃ¬nh.",
21/05/2026 14:39,Viá»‡t Nam,news_seen_registry,ok,16,datasets/gold/current/news_seen_registry.csv,datasets/gold/archive/2026-05-21,sync sau khi rebuild náº¿u cáº¥u hÃ¬nh Google Sheets; fallback CSV local náº¿u lá»—i,"SEA operating pipeline: archive current cÅ©, rebuild CSV/Parquet, KPI/forecast/ranking/recommendation/AI knowledge base, sync Google Sheets summary náº¿u cÃ³ cáº¥u hÃ¬nh.",
21/05/2026 14:39,Viá»‡t Nam,news_event_taxonomy,ok,8,datasets/gold/current/news_event_taxonomy.csv,datasets/gold/archive/2026-05-21,sync sau khi rebuild náº¿u cáº¥u hÃ¬nh Google Sheets; fallback CSV local náº¿u lá»—i,"SEA operating pipeline: archive current cÅ©, rebuild CSV/Parquet, KPI/forecast/ranking/recommendation/AI knowledge base, sync Google Sheets summary náº¿u cÃ³ cáº¥u hÃ¬nh.",
21/05/2026 14:39,Viá»‡t Nam,kpi_scale_catalog,ok,10,datasets/gold/current/kpi_scale_catalog.csv,datasets/gold/archive/2026-05-21,sync sau khi rebuild náº¿u cáº¥u hÃ¬nh Google Sheets; fallback CSV local náº¿u lá»—i,"SEA operating pipeline: archive current cÅ©, rebuild CSV/Parquet, KPI/forecast/ranking/recommendation/AI knowledge base, sync Google Sheets summary náº¿u cÃ³ cáº¥u hÃ¬nh.",
21/05/2026 14:39,Viá»‡t Nam,source_monitor_status,ok,19,datasets/gold/current/source_monitor_status.csv,datasets/gold/archive/2026-05-21,sync sau khi rebuild náº¿u cáº¥u hÃ¬nh Google Sheets; fallback CSV local náº¿u lá»—i,"SEA operating pipeline: archive current cÅ©, rebuild CSV/Parquet, KPI/forecast/ranking/recommendation/AI knowledge base, sync Google Sheets summary náº¿u cÃ³ cáº¥u hÃ¬nh.",
21/05/2026 14:39,Viá»‡t Nam,update_queue,ok,2,datasets/gold/current/update_queue.csv,datasets/gold/archive/2026-05-21,sync sau khi rebuild náº¿u cáº¥u hÃ¬nh Google Sheets; fallback CSV local náº¿u lá»—i,"SEA operating pipeline: archive current cÅ©, rebuild CSV/Parquet, KPI/forecast/ranking/recommendation/AI knowledge base, sync Google Sheets summary náº¿u cÃ³ cáº¥u hÃ¬nh.",
21/05/2026 14:39,Viá»‡t Nam,danh_sach_diem_den_mo_rong,ok,63,datasets/gold/current/danh_sach_diem_den_mo_rong.csv,datasets/gold/archive/2026-05-21,sync sau khi rebuild náº¿u cáº¥u hÃ¬nh Google Sheets; fallback CSV local náº¿u lá»—i,"SEA operating pipeline: archive current cÅ©, rebuild CSV/Parquet, KPI/forecast/ranking/recommendation/AI knowledge base, sync Google Sheets summary náº¿u cÃ³ cáº¥u hÃ¬nh.",
21/05/2026 14:39,Viá»‡t Nam,xep_hang_canh_bao_toan_quoc,ok,63,datasets/gold/current/xep_hang_canh_bao_toan_quoc.csv,datasets/gold/archive/2026-05-21,sync sau khi rebuild náº¿u cáº¥u hÃ¬nh Google Sheets; fallback CSV local náº¿u lá»—i,"SEA operating pipeline: archive current cÅ©, rebuild CSV/Parquet, KPI/forecast/ranking/recommendation/AI knowledge base, sync Google Sheets summary náº¿u cÃ³ cáº¥u hÃ¬nh.",
21/05/2026 14:39,Viá»‡t Nam,kiem_dinh_proxy,ok,63,datasets/gold/current/kiem_dinh_proxy.csv,datasets/gold/archive/2026-05-21,sync sau khi rebuild náº¿u cáº¥u hÃ¬nh Google Sheets; fallback CSV local náº¿u lá»—i,"SEA operating pipeline: archive current cÅ©, rebuild CSV/Parquet, KPI/forecast/ranking/recommendation/AI knowledge base, sync Google Sheets summary náº¿u cÃ³ cáº¥u hÃ¬nh.",
21/05/2026 14:39,Viá»‡t Nam,de_xuat_hieu_qua_kinh_te,ok,441,datasets/gold/current/de_xuat_hieu_qua_kinh_te.csv,datasets/gold/archive/2026-05-21,sync sau khi rebuild náº¿u cáº¥u hÃ¬nh Google Sheets; fallback CSV local náº¿u lá»—i,"SEA operating pipeline: archive current cÅ©, rebuild CSV/Parquet, KPI/forecast/ranking/recommendation/AI knowledge base, sync Google Sheets summary náº¿u cÃ³ cáº¥u hÃ¬nh.",
21/05/2026 14:39,Viá»‡t Nam,trang_thai_nguon_du_lieu,ok,19,datasets/gold/current/trang_thai_nguon_du_lieu.csv,datasets/gold/archive/2026-05-21,sync sau khi rebuild náº¿u cáº¥u hÃ¬nh Google Sheets; fallback CSV local náº¿u lá»—i,"SEA operating pipeline: archive current cÅ©, rebuild CSV/Parquet, KPI/forecast/ranking/recommendation/AI knowledge base, sync Google Sheets summary náº¿u cÃ³ cáº¥u hÃ¬nh.",
21/05/2026 14:39,Viá»‡t Nam,hang_cho_cap_nhat,ok,2,datasets/gold/current/hang_cho_cap_nhat.csv,datasets/gold/archive/2026-05-21,sync sau khi rebuild náº¿u cáº¥u hÃ¬nh Google Sheets; fallback CSV local náº¿u lá»—i,"SEA operating pipeline: archive current cÅ©, rebuild CSV/Parquet, KPI/forecast/ranking/recommendation/AI knowledge base, sync Google Sheets summary náº¿u cÃ³ cáº¥u hÃ¬nh.",
21/05/2026 14:39,Viá»‡t Nam,google_sheets_sync_status,ok,7,datasets/gold/current/google_sheets_sync_status.csv,datasets/gold/archive/2026-05-21,sync sau khi rebuild náº¿u cáº¥u hÃ¬nh Google Sheets; fallback CSV local náº¿u lá»—i,"SEA operating pipeline: archive current cÅ©, rebuild CSV/Parquet, KPI/forecast/ranking/recommendation/AI knowledge base, sync Google Sheets summary náº¿u cÃ³ cáº¥u hÃ¬nh.",
21/05/2026 14:41,Viá»‡t Nam,national_destination_alerts,ok,63,datasets/gold/current/national_destination_alerts.csv,datasets/gold/archive/2026-05-21,sync sau khi rebuild náº¿u cáº¥u hÃ¬nh Google Sheets; fallback CSV local náº¿u lá»—i,"SEA operating pipeline: archive current cÅ©, rebuild CSV/Parquet, KPI/forecast/ranking/recommendation/AI knowledge base, sync Google Sheets summary náº¿u cÃ³ cáº¥u hÃ¬nh.",
21/05/2026 14:41,Viá»‡t Nam,redistribution_features,ok,17,datasets/gold/current/redistribution_features.csv,datasets/gold/archive/2026-05-21,sync sau khi rebuild náº¿u cáº¥u hÃ¬nh Google Sheets; fallback CSV local náº¿u lá»—i,"SEA operating pipeline: archive current cÅ©, rebuild CSV/Parquet, KPI/forecast/ranking/recommendation/AI knowledge base, sync Google Sheets summary náº¿u cÃ³ cáº¥u hÃ¬nh.",
21/05/2026 14:41,Viá»‡t Nam,forecast_demand_scores,ok,252,datasets/gold/current/forecast_demand_scores.csv,datasets/gold/archive/2026-05-21,sync sau khi rebuild náº¿u cáº¥u hÃ¬nh Google Sheets; fallback CSV local náº¿u lá»—i,"SEA operating pipeline: archive current cÅ©, rebuild CSV/Parquet, KPI/forecast/ranking/recommendation/AI knowledge base, sync Google Sheets summary náº¿u cÃ³ cáº¥u hÃ¬nh.",
21/05/2026 14:41,Viá»‡t Nam,thoi_tiet_hien_tai,ok,63,datasets/gold/current/thoi_tiet_hien_tai.csv,datasets/gold/archive/2026-05-21,sync sau khi rebuild náº¿u cáº¥u hÃ¬nh Google Sheets; fallback CSV local náº¿u lá»—i,"SEA operating pipeline: archive current cÅ©, rebuild CSV/Parquet, KPI/forecast/ranking/recommendation/AI knowledge base, sync Google Sheets summary náº¿u cÃ³ cáº¥u hÃ¬nh.",
21/05/2026 14:41,Viá»‡t Nam,du_bao_thoi_tiet_7_ngay,ok,63,datasets/gold/current/du_bao_thoi_tiet_7_ngay.csv,datasets/gold/archive/2026-05-21,sync sau khi rebuild náº¿u cáº¥u hÃ¬nh Google Sheets; fallback CSV local náº¿u lá»—i,"SEA operating pipeline: archive current cÅ©, rebuild CSV/Parquet, KPI/forecast/ranking/recommendation/AI knowledge base, sync Google Sheets summary náº¿u cÃ³ cáº¥u hÃ¬nh.",
21/05/2026 14:41,Viá»‡t Nam,kpi_confidence_scores,ok,315,datasets/gold/current/kpi_confidence_scores.csv,datasets/gold/archive/2026-05-21,sync sau khi rebuild náº¿u cáº¥u hÃ¬nh Google Sheets; fallback CSV local náº¿u lá»—i,"SEA operating pipeline: archive current cÅ©, rebuild CSV/Parquet, KPI/forecast/ranking/recommendation/AI knowledge base, sync Google Sheets summary náº¿u cÃ³ cáº¥u hÃ¬nh.",
21/05/2026 14:41,Viá»‡t Nam,proxy_vs_nearrealtime_comparison,ok,63,datasets/gold/current/proxy_vs_nearrealtime_comparison.csv,datasets/gold/archive/2026-05-21,sync sau khi rebuild náº¿u cáº¥u hÃ¬nh Google Sheets; fallback CSV local náº¿u lá»—i,"SEA operating pipeline: archive current cÅ©, rebuild CSV/Parquet, KPI/forecast/ranking/recommendation/AI knowledge base, sync Google Sheets summary náº¿u cÃ³ cáº¥u hÃ¬nh.",
21/05/2026 14:41,Viá»‡t Nam,attraction_ticket_catalog,ok,52,datasets/gold/current/attraction_ticket_catalog.csv,datasets/gold/archive/2026-05-21,sync sau khi rebuild náº¿u cáº¥u hÃ¬nh Google Sheets; fallback CSV local náº¿u lá»—i,"SEA operating pipeline: archive current cÅ©, rebuild CSV/Parquet, KPI/forecast/ranking/recommendation/AI knowledge base, sync Google Sheets summary náº¿u cÃ³ cáº¥u hÃ¬nh.",
21/05/2026 14:41,Viá»‡t Nam,local_spending_poi,ok,500,datasets/gold/current/local_spending_poi.csv,datasets/gold/archive/2026-05-21,sync sau khi rebuild náº¿u cáº¥u hÃ¬nh Google Sheets; fallback CSV local náº¿u lá»—i,"SEA operating pipeline: archive current cÅ©, rebuild CSV/Parquet, KPI/forecast/ranking/recommendation/AI knowledge base, sync Google Sheets summary náº¿u cÃ³ cáº¥u hÃ¬nh.",
21/05/2026 14:41,Viá»‡t Nam,ticket_pressure_scores,ok,63,datasets/gold/current/ticket_pressure_scores.csv,datasets/gold/archive/2026-05-21,sync sau khi rebuild náº¿u cáº¥u hÃ¬nh Google Sheets; fallback CSV local náº¿u lá»—i,"SEA operating pipeline: archive current cÅ©, rebuild CSV/Parquet, KPI/forecast/ranking/recommendation/AI knowledge base, sync Google Sheets summary náº¿u cÃ³ cáº¥u hÃ¬nh.",
21/05/2026 14:41,Viá»‡t Nam,hotel_price_pressure,ok,63,datasets/gold/current/hotel_price_pressure.csv,datasets/gold/archive/2026-05-21,sync sau khi rebuild náº¿u cáº¥u hÃ¬nh Google Sheets; fallback CSV local náº¿u lá»—i,"SEA operating pipeline: archive current cÅ©, rebuild CSV/Parquet, KPI/forecast/ranking/recommendation/AI knowledge base, sync Google Sheets summary náº¿u cÃ³ cáº¥u hÃ¬nh.",
21/05/2026 14:41,Viá»‡t Nam,flight_price_signal,ok,63,datasets/gold/current/flight_price_signal.csv,datasets/gold/archive/2026-05-21,sync sau khi rebuild náº¿u cáº¥u hÃ¬nh Google Sheets; fallback CSV local náº¿u lá»—i,"SEA operating pipeline: archive current cÅ©, rebuild CSV/Parquet, KPI/forecast/ranking/recommendation/AI knowledge base, sync Google Sheets summary náº¿u cÃ³ cáº¥u hÃ¬nh.",
21/05/2026 14:41,Viá»‡t Nam,economic_action_recommendations,ok,441,datasets/gold/current/economic_action_recommendations.csv,datasets/gold/archive/2026-05-21,sync sau khi rebuild náº¿u cáº¥u hÃ¬nh Google Sheets; fallback CSV local náº¿u lá»—i,"SEA operating pipeline: archive current cÅ©, rebuild CSV/Parquet, KPI/forecast/ranking/recommendation/AI knowledge base, sync Google Sheets summary náº¿u cÃ³ cáº¥u hÃ¬nh.",
21/05/2026 14:41,Viá»‡t Nam,news_events,ok,12,datasets/gold/current/news_events.csv,datasets/gold/archive/2026-05-21,sync sau khi rebuild náº¿u cáº¥u hÃ¬nh Google Sheets; fallback CSV local náº¿u lá»—i,"SEA operating pipeline: archive current cÅ©, rebuild CSV/Parquet, KPI/forecast/ranking/recommendation/AI knowledge base, sync Google Sheets summary náº¿u cÃ³ cáº¥u hÃ¬nh.",
21/05/2026 14:41,Viá»‡t Nam,news_risk_signals,ok,12,datasets/gold/current/news_risk_signals.csv,datasets/gold/archive/2026-05-21,sync sau khi rebuild náº¿u cáº¥u hÃ¬nh Google Sheets; fallback CSV local náº¿u lá»—i,"SEA operating pipeline: archive current cÅ©, rebuild CSV/Parquet, KPI/forecast/ranking/recommendation/AI knowledge base, sync Google Sheets summary náº¿u cÃ³ cáº¥u hÃ¬nh.",
21/05/2026 14:41,Viá»‡t Nam,news_action_recommendations,ok,12,datasets/gold/current/news_action_recommendations.csv,datasets/gold/archive/2026-05-21,sync sau khi rebuild náº¿u cáº¥u hÃ¬nh Google Sheets; fallback CSV local náº¿u lá»—i,"SEA operating pipeline: archive current cÅ©, rebuild CSV/Parquet, KPI/forecast/ranking/recommendation/AI knowledge base, sync Google Sheets summary náº¿u cÃ³ cáº¥u hÃ¬nh.",
21/05/2026 14:41,Viá»‡t Nam,news_seen_registry,ok,16,datasets/gold/current/news_seen_registry.csv,datasets/gold/archive/2026-05-21,sync sau khi rebuild náº¿u cáº¥u hÃ¬nh Google Sheets; fallback CSV local náº¿u lá»—i,"SEA operating pipeline: archive current cÅ©, rebuild CSV/Parquet, KPI/forecast/ranking/recommendation/AI knowledge base, sync Google Sheets summary náº¿u cÃ³ cáº¥u hÃ¬nh.",
21/05/2026 14:41,Viá»‡t Nam,news_event_taxonomy,ok,8,datasets/gold/current/news_event_taxonomy.csv,datasets/gold/archive/2026-05-21,sync sau khi rebuild náº¿u cáº¥u hÃ¬nh Google Sheets; fallback CSV local náº¿u lá»—i,"SEA operating pipeline: archive current cÅ©, rebuild CSV/Parquet, KPI/forecast/ranking/recommendation/AI knowledge base, sync Google Sheets summary náº¿u cÃ³ cáº¥u hÃ¬nh.",
21/05/2026 14:41,Viá»‡t Nam,kpi_scale_catalog,ok,10,datasets/gold/current/kpi_scale_catalog.csv,datasets/gold/archive/2026-05-21,sync sau khi rebuild náº¿u cáº¥u hÃ¬nh Google Sheets; fallback CSV local náº¿u lá»—i,"SEA operating pipeline: archive current cÅ©, rebuild CSV/Parquet, KPI/forecast/ranking/recommendation/AI knowledge base, sync Google Sheets summary náº¿u cÃ³ cáº¥u hÃ¬nh.",
21/05/2026 14:41,Viá»‡t Nam,source_monitor_status,ok,19,datasets/gold/current/source_monitor_status.csv,datasets/gold/archive/2026-05-21,sync sau khi rebuild náº¿u cáº¥u hÃ¬nh Google Sheets; fallback CSV local náº¿u lá»—i,"SEA operating pipeline: archive current cÅ©, rebuild CSV/Parquet, KPI/forecast/ranking/recommendation/AI knowledge base, sync Google Sheets summary náº¿u cÃ³ cáº¥u hÃ¬nh.",
21/05/2026 14:41,Viá»‡t Nam,update_queue,ok,2,datasets/gold/current/update_queue.csv,datasets/gold/archive/2026-05-21,sync sau khi rebuild náº¿u cáº¥u hÃ¬nh Google Sheets; fallback CSV local náº¿u lá»—i,"SEA operating pipeline: archive current cÅ©, rebuild CSV/Parquet, KPI/forecast/ranking/recommendation/AI knowledge base, sync Google Sheets summary náº¿u cÃ³ cáº¥u hÃ¬nh.",
21/05/2026 14:41,Viá»‡t Nam,danh_sach_diem_den_mo_rong,ok,63,datasets/gold/current/danh_sach_diem_den_mo_rong.csv,datasets/gold/archive/2026-05-21,sync sau khi rebuild náº¿u cáº¥u hÃ¬nh Google Sheets; fallback CSV local náº¿u lá»—i,"SEA operating pipeline: archive current cÅ©, rebuild CSV/Parquet, KPI/forecast/ranking/recommendation/AI knowledge base, sync Google Sheets summary náº¿u cÃ³ cáº¥u hÃ¬nh.",
21/05/2026 14:41,Viá»‡t Nam,xep_hang_canh_bao_toan_quoc,ok,63,datasets/gold/current/xep_hang_canh_bao_toan_quoc.csv,datasets/gold/archive/2026-05-21,sync sau khi rebuild náº¿u cáº¥u hÃ¬nh Google Sheets; fallback CSV local náº¿u lá»—i,"SEA operating pipeline: archive current cÅ©, rebuild CSV/Parquet, KPI/forecast/ranking/recommendation/AI knowledge base, sync Google Sheets summary náº¿u cÃ³ cáº¥u hÃ¬nh.",
21/05/2026 14:41,Viá»‡t Nam,kiem_dinh_proxy,ok,63,datasets/gold/current/kiem_dinh_proxy.csv,datasets/gold/archive/2026-05-21,sync sau khi rebuild náº¿u cáº¥u hÃ¬nh Google Sheets; fallback CSV local náº¿u lá»—i,"SEA operating pipeline: archive current cÅ©, rebuild CSV/Parquet, KPI/forecast/ranking/recommendation/AI knowledge base, sync Google Sheets summary náº¿u cÃ³ cáº¥u hÃ¬nh.",
21/05/2026 14:41,Viá»‡t Nam,de_xuat_hieu_qua_kinh_te,ok,441,datasets/gold/current/de_xuat_hieu_qua_kinh_te.csv,datasets/gold/archive/2026-05-21,sync sau khi rebuild náº¿u cáº¥u hÃ¬nh Google Sheets; fallback CSV local náº¿u lá»—i,"SEA operating pipeline: archive current cÅ©, rebuild CSV/Parquet, KPI/forecast/ranking/recommendation/AI knowledge base, sync Google Sheets summary náº¿u cÃ³ cáº¥u hÃ¬nh.",
21/05/2026 14:41,Viá»‡t Nam,trang_thai_nguon_du_lieu,ok,19,datasets/gold/current/trang_thai_nguon_du_lieu.csv,datasets/gold/archive/2026-05-21,sync sau khi rebuild náº¿u cáº¥u hÃ¬nh Google Sheets; fallback CSV local náº¿u lá»—i,"SEA operating pipeline: archive current cÅ©, rebuild CSV/Parquet, KPI/forecast/ranking/recommendation/AI knowledge base, sync Google Sheets summary náº¿u cÃ³ cáº¥u hÃ¬nh.",
21/05/2026 14:41,Viá»‡t Nam,hang_cho_cap_nhat,ok,2,datasets/gold/current/hang_cho_cap_nhat.csv,datasets/gold/archive/2026-05-21,sync sau khi rebuild náº¿u cáº¥u hÃ¬nh Google Sheets; fallback CSV local náº¿u lá»—i,"SEA operating pipeline: archive current cÅ©, rebuild CSV/Parquet, KPI/forecast/ranking/recommendation/AI knowledge base, sync Google Sheets summary náº¿u cÃ³ cáº¥u hÃ¬nh.",
21/05/2026 14:41,Viá»‡t Nam,google_sheets_sync_status,ok,7,datasets/gold/current/google_sheets_sync_status.csv,datasets/gold/archive/2026-05-21,sync sau khi rebuild náº¿u cáº¥u hÃ¬nh Google Sheets; fallback CSV local náº¿u lá»—i,"SEA operating pipeline: archive current cÅ©, rebuild CSV/Parquet, KPI/forecast/ranking/recommendation/AI knowledge base, sync Google Sheets summary náº¿u cÃ³ cáº¥u hÃ¬nh.",
21/05/2026 14:55,Viá»‡t Nam,national_destination_alerts,ok,63,datasets/gold/current/national_destination_alerts.csv,datasets/gold/archive/2026-05-21,sync sau khi rebuild náº¿u cáº¥u hÃ¬nh Google Sheets; fallback CSV local náº¿u lá»—i,"SEA operating pipeline: archive current cÅ©, rebuild CSV/Parquet, KPI/forecast/ranking/recommendation/AI knowledge base, sync Google Sheets summary náº¿u cÃ³ cáº¥u hÃ¬nh.",
21/05/2026 14:55,Viá»‡t Nam,redistribution_features,ok,17,datasets/gold/current/redistribution_features.csv,datasets/gold/archive/2026-05-21,sync sau khi rebuild náº¿u cáº¥u hÃ¬nh Google Sheets; fallback CSV local náº¿u lá»—i,"SEA operating pipeline: archive current cÅ©, rebuild CSV/Parquet, KPI/forecast/ranking/recommendation/AI knowledge base, sync Google Sheets summary náº¿u cÃ³ cáº¥u hÃ¬nh.",
21/05/2026 14:55,Viá»‡t Nam,forecast_demand_scores,ok,252,datasets/gold/current/forecast_demand_scores.csv,datasets/gold/archive/2026-05-21,sync sau khi rebuild náº¿u cáº¥u hÃ¬nh Google Sheets; fallback CSV local náº¿u lá»—i,"SEA operating pipeline: archive current cÅ©, rebuild CSV/Parquet, KPI/forecast/ranking/recommendation/AI knowledge base, sync Google Sheets summary náº¿u cÃ³ cáº¥u hÃ¬nh.",
21/05/2026 14:55,Viá»‡t Nam,thoi_tiet_hien_tai,ok,63,datasets/gold/current/thoi_tiet_hien_tai.csv,datasets/gold/archive/2026-05-21,sync sau khi rebuild náº¿u cáº¥u hÃ¬nh Google Sheets; fallback CSV local náº¿u lá»—i,"SEA operating pipeline: archive current cÅ©, rebuild CSV/Parquet, KPI/forecast/ranking/recommendation/AI knowledge base, sync Google Sheets summary náº¿u cÃ³ cáº¥u hÃ¬nh.",
21/05/2026 14:55,Viá»‡t Nam,du_bao_thoi_tiet_7_ngay,ok,63,datasets/gold/current/du_bao_thoi_tiet_7_ngay.csv,datasets/gold/archive/2026-05-21,sync sau khi rebuild náº¿u cáº¥u hÃ¬nh Google Sheets; fallback CSV local náº¿u lá»—i,"SEA operating pipeline: archive current cÅ©, rebuild CSV/Parquet, KPI/forecast/ranking/recommendation/AI knowledge base, sync Google Sheets summary náº¿u cÃ³ cáº¥u hÃ¬nh.",
21/05/2026 14:55,Viá»‡t Nam,kpi_confidence_scores,ok,315,datasets/gold/current/kpi_confidence_scores.csv,datasets/gold/archive/2026-05-21,sync sau khi rebuild náº¿u cáº¥u hÃ¬nh Google Sheets; fallback CSV local náº¿u lá»—i,"SEA operating pipeline: archive current cÅ©, rebuild CSV/Parquet, KPI/forecast/ranking/recommendation/AI knowledge base, sync Google Sheets summary náº¿u cÃ³ cáº¥u hÃ¬nh.",
21/05/2026 14:55,Viá»‡t Nam,proxy_vs_nearrealtime_comparison,ok,63,datasets/gold/current/proxy_vs_nearrealtime_comparison.csv,datasets/gold/archive/2026-05-21,sync sau khi rebuild náº¿u cáº¥u hÃ¬nh Google Sheets; fallback CSV local náº¿u lá»—i,"SEA operating pipeline: archive current cÅ©, rebuild CSV/Parquet, KPI/forecast/ranking/recommendation/AI knowledge base, sync Google Sheets summary náº¿u cÃ³ cáº¥u hÃ¬nh.",
21/05/2026 14:55,Viá»‡t Nam,attraction_ticket_catalog,ok,52,datasets/gold/current/attraction_ticket_catalog.csv,datasets/gold/archive/2026-05-21,sync sau khi rebuild náº¿u cáº¥u hÃ¬nh Google Sheets; fallback CSV local náº¿u lá»—i,"SEA operating pipeline: archive current cÅ©, rebuild CSV/Parquet, KPI/forecast/ranking/recommendation/AI knowledge base, sync Google Sheets summary náº¿u cÃ³ cáº¥u hÃ¬nh.",
21/05/2026 14:55,Viá»‡t Nam,local_spending_poi,ok,500,datasets/gold/current/local_spending_poi.csv,datasets/gold/archive/2026-05-21,sync sau khi rebuild náº¿u cáº¥u hÃ¬nh Google Sheets; fallback CSV local náº¿u lá»—i,"SEA operating pipeline: archive current cÅ©, rebuild CSV/Parquet, KPI/forecast/ranking/recommendation/AI knowledge base, sync Google Sheets summary náº¿u cÃ³ cáº¥u hÃ¬nh.",
21/05/2026 14:55,Viá»‡t Nam,ticket_pressure_scores,ok,63,datasets/gold/current/ticket_pressure_scores.csv,datasets/gold/archive/2026-05-21,sync sau khi rebuild náº¿u cáº¥u hÃ¬nh Google Sheets; fallback CSV local náº¿u lá»—i,"SEA operating pipeline: archive current cÅ©, rebuild CSV/Parquet, KPI/forecast/ranking/recommendation/AI knowledge base, sync Google Sheets summary náº¿u cÃ³ cáº¥u hÃ¬nh.",
21/05/2026 14:55,Viá»‡t Nam,hotel_price_pressure,ok,63,datasets/gold/current/hotel_price_pressure.csv,datasets/gold/archive/2026-05-21,sync sau khi rebuild náº¿u cáº¥u hÃ¬nh Google Sheets; fallback CSV local náº¿u lá»—i,"SEA operating pipeline: archive current cÅ©, rebuild CSV/Parquet, KPI/forecast/ranking/recommendation/AI knowledge base, sync Google Sheets summary náº¿u cÃ³ cáº¥u hÃ¬nh.",
21/05/2026 14:55,Viá»‡t Nam,flight_price_signal,ok,63,datasets/gold/current/flight_price_signal.csv,datasets/gold/archive/2026-05-21,sync sau khi rebuild náº¿u cáº¥u hÃ¬nh Google Sheets; fallback CSV local náº¿u lá»—i,"SEA operating pipeline: archive current cÅ©, rebuild CSV/Parquet, KPI/forecast/ranking/recommendation/AI knowledge base, sync Google Sheets summary náº¿u cÃ³ cáº¥u hÃ¬nh.",
21/05/2026 14:55,Viá»‡t Nam,economic_action_recommendations,ok,441,datasets/gold/current/economic_action_recommendations.csv,datasets/gold/archive/2026-05-21,sync sau khi rebuild náº¿u cáº¥u hÃ¬nh Google Sheets; fallback CSV local náº¿u lá»—i,"SEA operating pipeline: archive current cÅ©, rebuild CSV/Parquet, KPI/forecast/ranking/recommendation/AI knowledge base, sync Google Sheets summary náº¿u cÃ³ cáº¥u hÃ¬nh.",
21/05/2026 14:55,Viá»‡t Nam,news_events,ok,12,datasets/gold/current/news_events.csv,datasets/gold/archive/2026-05-21,sync sau khi rebuild náº¿u cáº¥u hÃ¬nh Google Sheets; fallback CSV local náº¿u lá»—i,"SEA operating pipeline: archive current cÅ©, rebuild CSV/Parquet, KPI/forecast/ranking/recommendation/AI knowledge base, sync Google Sheets summary náº¿u cÃ³ cáº¥u hÃ¬nh.",
21/05/2026 14:55,Viá»‡t Nam,news_risk_signals,ok,12,datasets/gold/current/news_risk_signals.csv,datasets/gold/archive/2026-05-21,sync sau khi rebuild náº¿u cáº¥u hÃ¬nh Google Sheets; fallback CSV local náº¿u lá»—i,"SEA operating pipeline: archive current cÅ©, rebuild CSV/Parquet, KPI/forecast/ranking/recommendation/AI knowledge base, sync Google Sheets summary náº¿u cÃ³ cáº¥u hÃ¬nh.",
21/05/2026 14:55,Viá»‡t Nam,news_action_recommendations,ok,12,datasets/gold/current/news_action_recommendations.csv,datasets/gold/archive/2026-05-21,sync sau khi rebuild náº¿u cáº¥u hÃ¬nh Google Sheets; fallback CSV local náº¿u lá»—i,"SEA operating pipeline: archive current cÅ©, rebuild CSV/Parquet, KPI/forecast/ranking/recommendation/AI knowledge base, sync Google Sheets summary náº¿u cÃ³ cáº¥u hÃ¬nh.",
21/05/2026 14:55,Viá»‡t Nam,news_seen_registry,ok,16,datasets/gold/current/news_seen_registry.csv,datasets/gold/archive/2026-05-21,sync sau khi rebuild náº¿u cáº¥u hÃ¬nh Google Sheets; fallback CSV local náº¿u lá»—i,"SEA operating pipeline: archive current cÅ©, rebuild CSV/Parquet, KPI/forecast/ranking/recommendation/AI knowledge base, sync Google Sheets summary náº¿u cÃ³ cáº¥u hÃ¬nh.",
21/05/2026 14:55,Viá»‡t Nam,news_event_taxonomy,ok,8,datasets/gold/current/news_event_taxonomy.csv,datasets/gold/archive/2026-05-21,sync sau khi rebuild náº¿u cáº¥u hÃ¬nh Google Sheets; fallback CSV local náº¿u lá»—i,"SEA operating pipeline: archive current cÅ©, rebuild CSV/Parquet, KPI/forecast/ranking/recommendation/AI knowledge base, sync Google Sheets summary náº¿u cÃ³ cáº¥u hÃ¬nh.",
21/05/2026 14:55,Viá»‡t Nam,kpi_scale_catalog,ok,10,datasets/gold/current/kpi_scale_catalog.csv,datasets/gold/archive/2026-05-21,sync sau khi rebuild náº¿u cáº¥u hÃ¬nh Google Sheets; fallback CSV local náº¿u lá»—i,"SEA operating pipeline: archive current cÅ©, rebuild CSV/Parquet, KPI/forecast/ranking/recommendation/AI knowledge base, sync Google Sheets summary náº¿u cÃ³ cáº¥u hÃ¬nh.",
21/05/2026 14:55,Viá»‡t Nam,source_monitor_status,ok,19,datasets/gold/current/source_monitor_status.csv,datasets/gold/archive/2026-05-21,sync sau khi rebuild náº¿u cáº¥u hÃ¬nh Google Sheets; fallback CSV local náº¿u lá»—i,"SEA operating pipeline: archive current cÅ©, rebuild CSV/Parquet, KPI/forecast/ranking/recommendation/AI knowledge base, sync Google Sheets summary náº¿u cÃ³ cáº¥u hÃ¬nh.",
21/05/2026 14:55,Viá»‡t Nam,update_queue,ok,2,datasets/gold/current/update_queue.csv,datasets/gold/archive/2026-05-21,sync sau khi rebuild náº¿u cáº¥u hÃ¬nh Google Sheets; fallback CSV local náº¿u lá»—i,"SEA operating pipeline: archive current cÅ©, rebuild CSV/Parquet, KPI/forecast/ranking/recommendation/AI knowledge base, sync Google Sheets summary náº¿u cÃ³ cáº¥u hÃ¬nh.",
21/05/2026 14:55,Viá»‡t Nam,danh_sach_diem_den_mo_rong,ok,63,datasets/gold/current/danh_sach_diem_den_mo_rong.csv,datasets/gold/archive/2026-05-21,sync sau khi rebuild náº¿u cáº¥u hÃ¬nh Google Sheets; fallback CSV local náº¿u lá»—i,"SEA operating pipeline: archive current cÅ©, rebuild CSV/Parquet, KPI/forecast/ranking/recommendation/AI knowledge base, sync Google Sheets summary náº¿u cÃ³ cáº¥u hÃ¬nh.",
21/05/2026 14:55,Viá»‡t Nam,xep_hang_canh_bao_toan_quoc,ok,63,datasets/gold/current/xep_hang_canh_bao_toan_quoc.csv,datasets/gold/archive/2026-05-21,sync sau khi rebuild náº¿u cáº¥u hÃ¬nh Google Sheets; fallback CSV local náº¿u lá»—i,"SEA operating pipeline: archive current cÅ©, rebuild CSV/Parquet, KPI/forecast/ranking/recommendation/AI knowledge base, sync Google Sheets summary náº¿u cÃ³ cáº¥u hÃ¬nh.",
21/05/2026 14:55,Viá»‡t Nam,kiem_dinh_proxy,ok,63,datasets/gold/current/kiem_dinh_proxy.csv,datasets/gold/archive/2026-05-21,sync sau khi rebuild náº¿u cáº¥u hÃ¬nh Google Sheets; fallback CSV local náº¿u lá»—i,"SEA operating pipeline: archive current cÅ©, rebuild CSV/Parquet, KPI/forecast/ranking/recommendation/AI knowledge base, sync Google Sheets summary náº¿u cÃ³ cáº¥u hÃ¬nh.",
21/05/2026 14:55,Viá»‡t Nam,de_xuat_hieu_qua_kinh_te,ok,441,datasets/gold/current/de_xuat_hieu_qua_kinh_te.csv,datasets/gold/archive/2026-05-21,sync sau khi rebuild náº¿u cáº¥u hÃ¬nh Google Sheets; fallback CSV local náº¿u lá»—i,"SEA operating pipeline: archive current cÅ©, rebuild CSV/Parquet, KPI/forecast/ranking/recommendation/AI knowledge base, sync Google Sheets summary náº¿u cÃ³ cáº¥u hÃ¬nh.",
21/05/2026 14:55,Viá»‡t Nam,trang_thai_nguon_du_lieu,ok,19,datasets/gold/current/trang_thai_nguon_du_lieu.csv,datasets/gold/archive/2026-05-21,sync sau khi rebuild náº¿u cáº¥u hÃ¬nh Google Sheets; fallback CSV local náº¿u lá»—i,"SEA operating pipeline: archive current cÅ©, rebuild CSV/Parquet, KPI/forecast/ranking/recommendation/AI knowledge base, sync Google Sheets summary náº¿u cÃ³ cáº¥u hÃ¬nh.",
21/05/2026 14:55,Viá»‡t Nam,hang_cho_cap_nhat,ok,2,datasets/gold/current/hang_cho_cap_nhat.csv,datasets/gold/archive/2026-05-21,sync sau khi rebuild náº¿u cáº¥u hÃ¬nh Google Sheets; fallback CSV local náº¿u lá»—i,"SEA operating pipeline: archive current cÅ©, rebuild CSV/Parquet, KPI/forecast/ranking/recommendation/AI knowledge base, sync Google Sheets summary náº¿u cÃ³ cáº¥u hÃ¬nh.",
21/05/2026 14:55,Viá»‡t Nam,google_sheets_sync_status,ok,7,datasets/gold/current/google_sheets_sync_status.csv,datasets/gold/archive/2026-05-21,sync sau khi rebuild náº¿u cáº¥u hÃ¬nh Google Sheets; fallback CSV local náº¿u lá»—i,"SEA operating pipeline: archive current cÅ©, rebuild CSV/Parquet, KPI/forecast/ranking/recommendation/AI knowledge base, sync Google Sheets summary náº¿u cÃ³ cáº¥u hÃ¬nh.",
21/05/2026 22:29,Viá»‡t Nam,national_destination_alerts,ok,63,datasets/gold/current/national_destination_alerts.csv,datasets/gold/archive/2026-05-21,sync sau khi rebuild náº¿u cáº¥u hÃ¬nh Google Sheets; fallback CSV local náº¿u lá»—i,"SEA operating pipeline: archive current cÅ©, rebuild CSV/Parquet, KPI/forecast/ranking/recommendation/AI knowledge base, sync Google Sheets summary náº¿u cÃ³ cáº¥u hÃ¬nh.",
21/05/2026 22:29,Viá»‡t Nam,redistribution_features,ok,17,datasets/gold/current/redistribution_features.csv,datasets/gold/archive/2026-05-21,sync sau khi rebuild náº¿u cáº¥u hÃ¬nh Google Sheets; fallback CSV local náº¿u lá»—i,"SEA operating pipeline: archive current cÅ©, rebuild CSV/Parquet, KPI/forecast/ranking/recommendation/AI knowledge base, sync Google Sheets summary náº¿u cÃ³ cáº¥u hÃ¬nh.",
21/05/2026 22:29,Viá»‡t Nam,forecast_demand_scores,ok,252,datasets/gold/current/forecast_demand_scores.csv,datasets/gold/archive/2026-05-21,sync sau khi rebuild náº¿u cáº¥u hÃ¬nh Google Sheets; fallback CSV local náº¿u lá»—i,"SEA operating pipeline: archive current cÅ©, rebuild CSV/Parquet, KPI/forecast/ranking/recommendation/AI knowledge base, sync Google Sheets summary náº¿u cÃ³ cáº¥u hÃ¬nh.",
21/05/2026 22:29,Viá»‡t Nam,thoi_tiet_hien_tai,ok,63,datasets/gold/current/thoi_tiet_hien_tai.csv,datasets/gold/archive/2026-05-21,sync sau khi rebuild náº¿u cáº¥u hÃ¬nh Google Sheets; fallback CSV local náº¿u lá»—i,"SEA operating pipeline: archive current cÅ©, rebuild CSV/Parquet, KPI/forecast/ranking/recommendation/AI knowledge base, sync Google Sheets summary náº¿u cÃ³ cáº¥u hÃ¬nh.",
21/05/2026 22:29,Viá»‡t Nam,du_bao_thoi_tiet_7_ngay,ok,63,datasets/gold/current/du_bao_thoi_tiet_7_ngay.csv,datasets/gold/archive/2026-05-21,sync sau khi rebuild náº¿u cáº¥u hÃ¬nh Google Sheets; fallback CSV local náº¿u lá»—i,"SEA operating pipeline: archive current cÅ©, rebuild CSV/Parquet, KPI/forecast/ranking/recommendation/AI knowledge base, sync Google Sheets summary náº¿u cÃ³ cáº¥u hÃ¬nh.",
21/05/2026 22:29,Viá»‡t Nam,kpi_confidence_scores,ok,315,datasets/gold/current/kpi_confidence_scores.csv,datasets/gold/archive/2026-05-21,sync sau khi rebuild náº¿u cáº¥u hÃ¬nh Google Sheets; fallback CSV local náº¿u lá»—i,"SEA operating pipeline: archive current cÅ©, rebuild CSV/Parquet, KPI/forecast/ranking/recommendation/AI knowledge base, sync Google Sheets summary náº¿u cÃ³ cáº¥u hÃ¬nh.",
21/05/2026 22:29,Viá»‡t Nam,proxy_vs_nearrealtime_comparison,ok,63,datasets/gold/current/proxy_vs_nearrealtime_comparison.csv,datasets/gold/archive/2026-05-21,sync sau khi rebuild náº¿u cáº¥u hÃ¬nh Google Sheets; fallback CSV local náº¿u lá»—i,"SEA operating pipeline: archive current cÅ©, rebuild CSV/Parquet, KPI/forecast/ranking/recommendation/AI knowledge base, sync Google Sheets summary náº¿u cÃ³ cáº¥u hÃ¬nh.",
21/05/2026 22:29,Viá»‡t Nam,attraction_ticket_catalog,ok,52,datasets/gold/current/attraction_ticket_catalog.csv,datasets/gold/archive/2026-05-21,sync sau khi rebuild náº¿u cáº¥u hÃ¬nh Google Sheets; fallback CSV local náº¿u lá»—i,"SEA operating pipeline: archive current cÅ©, rebuild CSV/Parquet, KPI/forecast/ranking/recommendation/AI knowledge base, sync Google Sheets summary náº¿u cÃ³ cáº¥u hÃ¬nh.",
21/05/2026 22:29,Viá»‡t Nam,local_spending_poi,ok,500,datasets/gold/current/local_spending_poi.csv,datasets/gold/archive/2026-05-21,sync sau khi rebuild náº¿u cáº¥u hÃ¬nh Google Sheets; fallback CSV local náº¿u lá»—i,"SEA operating pipeline: archive current cÅ©, rebuild CSV/Parquet, KPI/forecast/ranking/recommendation/AI knowledge base, sync Google Sheets summary náº¿u cÃ³ cáº¥u hÃ¬nh.",
21/05/2026 22:29,Viá»‡t Nam,ticket_pressure_scores,ok,63,datasets/gold/current/ticket_pressure_scores.csv,datasets/gold/archive/2026-05-21,sync sau khi rebuild náº¿u cáº¥u hÃ¬nh Google Sheets; fallback CSV local náº¿u lá»—i,"SEA operating pipeline: archive current cÅ©, rebuild CSV/Parquet, KPI/forecast/ranking/recommendation/AI knowledge base, sync Google Sheets summary náº¿u cÃ³ cáº¥u hÃ¬nh.",
21/05/2026 22:29,Viá»‡t Nam,hotel_price_pressure,ok,63,datasets/gold/current/hotel_price_pressure.csv,datasets/gold/archive/2026-05-21,sync sau khi rebuild náº¿u cáº¥u hÃ¬nh Google Sheets; fallback CSV local náº¿u lá»—i,"SEA operating pipeline: archive current cÅ©, rebuild CSV/Parquet, KPI/forecast/ranking/recommendation/AI knowledge base, sync Google Sheets summary náº¿u cÃ³ cáº¥u hÃ¬nh.",
21/05/2026 22:29,Viá»‡t Nam,flight_price_signal,ok,63,datasets/gold/current/flight_price_signal.csv,datasets/gold/archive/2026-05-21,sync sau khi rebuild náº¿u cáº¥u hÃ¬nh Google Sheets; fallback CSV local náº¿u lá»—i,"SEA operating pipeline: archive current cÅ©, rebuild CSV/Parquet, KPI/forecast/ranking/recommendation/AI knowledge base, sync Google Sheets summary náº¿u cÃ³ cáº¥u hÃ¬nh.",
21/05/2026 22:29,Viá»‡t Nam,economic_action_recommendations,ok,441,datasets/gold/current/economic_action_recommendations.csv,datasets/gold/archive/2026-05-21,sync sau khi rebuild náº¿u cáº¥u hÃ¬nh Google Sheets; fallback CSV local náº¿u lá»—i,"SEA operating pipeline: archive current cÅ©, rebuild CSV/Parquet, KPI/forecast/ranking/recommendation/AI knowledge base, sync Google Sheets summary náº¿u cÃ³ cáº¥u hÃ¬nh.",
21/05/2026 22:29,Viá»‡t Nam,news_events,ok,12,datasets/gold/current/news_events.csv,datasets/gold/archive/2026-05-21,sync sau khi rebuild náº¿u cáº¥u hÃ¬nh Google Sheets; fallback CSV local náº¿u lá»—i,"SEA operating pipeline: archive current cÅ©, rebuild CSV/Parquet, KPI/forecast/ranking/recommendation/AI knowledge base, sync Google Sheets summary náº¿u cÃ³ cáº¥u hÃ¬nh.",
21/05/2026 22:29,Viá»‡t Nam,news_risk_signals,ok,12,datasets/gold/current/news_risk_signals.csv,datasets/gold/archive/2026-05-21,sync sau khi rebuild náº¿u cáº¥u hÃ¬nh Google Sheets; fallback CSV local náº¿u lá»—i,"SEA operating pipeline: archive current cÅ©, rebuild CSV/Parquet, KPI/forecast/ranking/recommendation/AI knowledge base, sync Google Sheets summary náº¿u cÃ³ cáº¥u hÃ¬nh.",
21/05/2026 22:29,Viá»‡t Nam,news_action_recommendations,ok,12,datasets/gold/current/news_action_recommendations.csv,datasets/gold/archive/2026-05-21,sync sau khi rebuild náº¿u cáº¥u hÃ¬nh Google Sheets; fallback CSV local náº¿u lá»—i,"SEA operating pipeline: archive current cÅ©, rebuild CSV/Parquet, KPI/forecast/ranking/recommendation/AI knowledge base, sync Google Sheets summary náº¿u cÃ³ cáº¥u hÃ¬nh.",
21/05/2026 22:29,Viá»‡t Nam,news_seen_registry,ok,16,datasets/gold/current/news_seen_registry.csv,datasets/gold/archive/2026-05-21,sync sau khi rebuild náº¿u cáº¥u hÃ¬nh Google Sheets; fallback CSV local náº¿u lá»—i,"SEA operating pipeline: archive current cÅ©, rebuild CSV/Parquet, KPI/forecast/ranking/recommendation/AI knowledge base, sync Google Sheets summary náº¿u cÃ³ cáº¥u hÃ¬nh.",
21/05/2026 22:29,Viá»‡t Nam,news_event_taxonomy,ok,8,datasets/gold/current/news_event_taxonomy.csv,datasets/gold/archive/2026-05-21,sync sau khi rebuild náº¿u cáº¥u hÃ¬nh Google Sheets; fallback CSV local náº¿u lá»—i,"SEA operating pipeline: archive current cÅ©, rebuild CSV/Parquet, KPI/forecast/ranking/recommendation/AI knowledge base, sync Google Sheets summary náº¿u cÃ³ cáº¥u hÃ¬nh.",
21/05/2026 22:29,Viá»‡t Nam,kpi_scale_catalog,ok,10,datasets/gold/current/kpi_scale_catalog.csv,datasets/gold/archive/2026-05-21,sync sau khi rebuild náº¿u cáº¥u hÃ¬nh Google Sheets; fallback CSV local náº¿u lá»—i,"SEA operating pipeline: archive current cÅ©, rebuild CSV/Parquet, KPI/forecast/ranking/recommendation/AI knowledge base, sync Google Sheets summary náº¿u cÃ³ cáº¥u hÃ¬nh.",
21/05/2026 22:29,Viá»‡t Nam,source_monitor_status,ok,19,datasets/gold/current/source_monitor_status.csv,datasets/gold/archive/2026-05-21,sync sau khi rebuild náº¿u cáº¥u hÃ¬nh Google Sheets; fallback CSV local náº¿u lá»—i,"SEA operating pipeline: archive current cÅ©, rebuild CSV/Parquet, KPI/forecast/ranking/recommendation/AI knowledge base, sync Google Sheets summary náº¿u cÃ³ cáº¥u hÃ¬nh.",
21/05/2026 22:29,Viá»‡t Nam,update_queue,ok,2,datasets/gold/current/update_queue.csv,datasets/gold/archive/2026-05-21,sync sau khi rebuild náº¿u cáº¥u hÃ¬nh Google Sheets; fallback CSV local náº¿u lá»—i,"SEA operating pipeline: archive current cÅ©, rebuild CSV/Parquet, KPI/forecast/ranking/recommendation/AI knowledge base, sync Google Sheets summary náº¿u cÃ³ cáº¥u hÃ¬nh.",
21/05/2026 22:29,Viá»‡t Nam,danh_sach_diem_den_mo_rong,ok,63,datasets/gold/current/danh_sach_diem_den_mo_rong.csv,datasets/gold/archive/2026-05-21,sync sau khi rebuild náº¿u cáº¥u hÃ¬nh Google Sheets; fallback CSV local náº¿u lá»—i,"SEA operating pipeline: archive current cÅ©, rebuild CSV/Parquet, KPI/forecast/ranking/recommendation/AI knowledge base, sync Google Sheets summary náº¿u cÃ³ cáº¥u hÃ¬nh.",
21/05/2026 22:29,Viá»‡t Nam,xep_hang_canh_bao_toan_quoc,ok,63,datasets/gold/current/xep_hang_canh_bao_toan_quoc.csv,datasets/gold/archive/2026-05-21,sync sau khi rebuild náº¿u cáº¥u hÃ¬nh Google Sheets; fallback CSV local náº¿u lá»—i,"SEA operating pipeline: archive current cÅ©, rebuild CSV/Parquet, KPI/forecast/ranking/recommendation/AI knowledge base, sync Google Sheets summary náº¿u cÃ³ cáº¥u hÃ¬nh.",
21/05/2026 22:29,Viá»‡t Nam,kiem_dinh_proxy,ok,63,datasets/gold/current/kiem_dinh_proxy.csv,datasets/gold/archive/2026-05-21,sync sau khi rebuild náº¿u cáº¥u hÃ¬nh Google Sheets; fallback CSV local náº¿u lá»—i,"SEA operating pipeline: archive current cÅ©, rebuild CSV/Parquet, KPI/forecast/ranking/recommendation/AI knowledge base, sync Google Sheets summary náº¿u cÃ³ cáº¥u hÃ¬nh.",
21/05/2026 22:29,Viá»‡t Nam,de_xuat_hieu_qua_kinh_te,ok,441,datasets/gold/current/de_xuat_hieu_qua_kinh_te.csv,datasets/gold/archive/2026-05-21,sync sau khi rebuild náº¿u cáº¥u hÃ¬nh Google Sheets; fallback CSV local náº¿u lá»—i,"SEA operating pipeline: archive current cÅ©, rebuild CSV/Parquet, KPI/forecast/ranking/recommendation/AI knowledge base, sync Google Sheets summary náº¿u cÃ³ cáº¥u hÃ¬nh.",
21/05/2026 22:29,Viá»‡t Nam,trang_thai_nguon_du_lieu,ok,19,datasets/gold/current/trang_thai_nguon_du_lieu.csv,datasets/gold/archive/2026-05-21,sync sau khi rebuild náº¿u cáº¥u hÃ¬nh Google Sheets; fallback CSV local náº¿u lá»—i,"SEA operating pipeline: archive current cÅ©, rebuild CSV/Parquet, KPI/forecast/ranking/recommendation/AI knowledge base, sync Google Sheets summary náº¿u cÃ³ cáº¥u hÃ¬nh.",
21/05/2026 22:29,Viá»‡t Nam,hang_cho_cap_nhat,ok,2,datasets/gold/current/hang_cho_cap_nhat.csv,datasets/gold/archive/2026-05-21,sync sau khi rebuild náº¿u cáº¥u hÃ¬nh Google Sheets; fallback CSV local náº¿u lá»—i,"SEA operating pipeline: archive current cÅ©, rebuild CSV/Parquet, KPI/forecast/ranking/recommendation/AI knowledge base, sync Google Sheets summary náº¿u cÃ³ cáº¥u hÃ¬nh.",
21/05/2026 22:29,Viá»‡t Nam,google_sheets_sync_status,ok,7,datasets/gold/current/google_sheets_sync_status.csv,datasets/gold/archive/2026-05-21,sync sau khi rebuild náº¿u cáº¥u hÃ¬nh Google Sheets; fallback CSV local náº¿u lá»—i,"SEA operating pipeline: archive current cÅ©, rebuild CSV/Parquet, KPI/forecast/ranking/recommendation/AI knowledge base, sync Google Sheets summary náº¿u cÃ³ cáº¥u hÃ¬nh.",
22/05/2026 02:54,Viá»‡t Nam,national_destination_alerts,ok,63,datasets/gold/current/national_destination_alerts.csv,datasets/gold/archive/2026-05-22,sync sau khi rebuild náº¿u cáº¥u hÃ¬nh Google Sheets; fallback CSV local náº¿u lá»—i,"SEA operating pipeline: archive current cÅ©, rebuild CSV/Parquet, KPI/forecast/ranking/recommendation/AI knowledge base, sync Google Sheets summary náº¿u cÃ³ cáº¥u hÃ¬nh.",
22/05/2026 02:54,Viá»‡t Nam,redistribution_features,ok,17,datasets/gold/current/redistribution_features.csv,datasets/gold/archive/2026-05-22,sync sau khi rebuild náº¿u cáº¥u hÃ¬nh Google Sheets; fallback CSV local náº¿u lá»—i,"SEA operating pipeline: archive current cÅ©, rebuild CSV/Parquet, KPI/forecast/ranking/recommendation/AI knowledge base, sync Google Sheets summary náº¿u cÃ³ cáº¥u hÃ¬nh.",
22/05/2026 02:54,Viá»‡t Nam,forecast_demand_scores,ok,252,datasets/gold/current/forecast_demand_scores.csv,datasets/gold/archive/2026-05-22,sync sau khi rebuild náº¿u cáº¥u hÃ¬nh Google Sheets; fallback CSV local náº¿u lá»—i,"SEA operating pipeline: archive current cÅ©, rebuild CSV/Parquet, KPI/forecast/ranking/recommendation/AI knowledge base, sync Google Sheets summary náº¿u cÃ³ cáº¥u hÃ¬nh.",
22/05/2026 02:54,Viá»‡t Nam,thoi_tiet_hien_tai,ok,63,datasets/gold/current/thoi_tiet_hien_tai.csv,datasets/gold/archive/2026-05-22,sync sau khi rebuild náº¿u cáº¥u hÃ¬nh Google Sheets; fallback CSV local náº¿u lá»—i,"SEA operating pipeline: archive current cÅ©, rebuild CSV/Parquet, KPI/forecast/ranking/recommendation/AI knowledge base, sync Google Sheets summary náº¿u cÃ³ cáº¥u hÃ¬nh.",
22/05/2026 02:54,Viá»‡t Nam,du_bao_thoi_tiet_7_ngay,ok,63,datasets/gold/current/du_bao_thoi_tiet_7_ngay.csv,datasets/gold/archive/2026-05-22,sync sau khi rebuild náº¿u cáº¥u hÃ¬nh Google Sheets; fallback CSV local náº¿u lá»—i,"SEA operating pipeline: archive current cÅ©, rebuild CSV/Parquet, KPI/forecast/ranking/recommendation/AI knowledge base, sync Google Sheets summary náº¿u cÃ³ cáº¥u hÃ¬nh.",
22/05/2026 02:54,Viá»‡t Nam,kpi_confidence_scores,ok,315,datasets/gold/current/kpi_confidence_scores.csv,datasets/gold/archive/2026-05-22,sync sau khi rebuild náº¿u cáº¥u hÃ¬nh Google Sheets; fallback CSV local náº¿u lá»—i,"SEA operating pipeline: archive current cÅ©, rebuild CSV/Parquet, KPI/forecast/ranking/recommendation/AI knowledge base, sync Google Sheets summary náº¿u cÃ³ cáº¥u hÃ¬nh.",
22/05/2026 02:54,Viá»‡t Nam,proxy_vs_nearrealtime_comparison,ok,63,datasets/gold/current/proxy_vs_nearrealtime_comparison.csv,datasets/gold/archive/2026-05-22,sync sau khi rebuild náº¿u cáº¥u hÃ¬nh Google Sheets; fallback CSV local náº¿u lá»—i,"SEA operating pipeline: archive current cÅ©, rebuild CSV/Parquet, KPI/forecast/ranking/recommendation/AI knowledge base, sync Google Sheets summary náº¿u cÃ³ cáº¥u hÃ¬nh.",
22/05/2026 02:54,Viá»‡t Nam,attraction_ticket_catalog,ok,52,datasets/gold/current/attraction_ticket_catalog.csv,datasets/gold/archive/2026-05-22,sync sau khi rebuild náº¿u cáº¥u hÃ¬nh Google Sheets; fallback CSV local náº¿u lá»—i,"SEA operating pipeline: archive current cÅ©, rebuild CSV/Parquet, KPI/forecast/ranking/recommendation/AI knowledge base, sync Google Sheets summary náº¿u cÃ³ cáº¥u hÃ¬nh.",
22/05/2026 02:54,Viá»‡t Nam,local_spending_poi,ok,500,datasets/gold/current/local_spending_poi.csv,datasets/gold/archive/2026-05-22,sync sau khi rebuild náº¿u cáº¥u hÃ¬nh Google Sheets; fallback CSV local náº¿u lá»—i,"SEA operating pipeline: archive current cÅ©, rebuild CSV/Parquet, KPI/forecast/ranking/recommendation/AI knowledge base, sync Google Sheets summary náº¿u cÃ³ cáº¥u hÃ¬nh.",
22/05/2026 02:54,Viá»‡t Nam,ticket_pressure_scores,ok,63,datasets/gold/current/ticket_pressure_scores.csv,datasets/gold/archive/2026-05-22,sync sau khi rebuild náº¿u cáº¥u hÃ¬nh Google Sheets; fallback CSV local náº¿u lá»—i,"SEA operating pipeline: archive current cÅ©, rebuild CSV/Parquet, KPI/forecast/ranking/recommendation/AI knowledge base, sync Google Sheets summary náº¿u cÃ³ cáº¥u hÃ¬nh.",
22/05/2026 02:54,Viá»‡t Nam,hotel_price_pressure,ok,63,datasets/gold/current/hotel_price_pressure.csv,datasets/gold/archive/2026-05-22,sync sau khi rebuild náº¿u cáº¥u hÃ¬nh Google Sheets; fallback CSV local náº¿u lá»—i,"SEA operating pipeline: archive current cÅ©, rebuild CSV/Parquet, KPI/forecast/ranking/recommendation/AI knowledge base, sync Google Sheets summary náº¿u cÃ³ cáº¥u hÃ¬nh.",
22/05/2026 02:54,Viá»‡t Nam,flight_price_signal,ok,63,datasets/gold/current/flight_price_signal.csv,datasets/gold/archive/2026-05-22,sync sau khi rebuild náº¿u cáº¥u hÃ¬nh Google Sheets; fallback CSV local náº¿u lá»—i,"SEA operating pipeline: archive current cÅ©, rebuild CSV/Parquet, KPI/forecast/ranking/recommendation/AI knowledge base, sync Google Sheets summary náº¿u cÃ³ cáº¥u hÃ¬nh.",
22/05/2026 02:54,Viá»‡t Nam,economic_action_recommendations,ok,441,datasets/gold/current/economic_action_recommendations.csv,datasets/gold/archive/2026-05-22,sync sau khi rebuild náº¿u cáº¥u hÃ¬nh Google Sheets; fallback CSV local náº¿u lá»—i,"SEA operating pipeline: archive current cÅ©, rebuild CSV/Parquet, KPI/forecast/ranking/recommendation/AI knowledge base, sync Google Sheets summary náº¿u cÃ³ cáº¥u hÃ¬nh.",
22/05/2026 02:54,Viá»‡t Nam,news_events,ok,12,datasets/gold/current/news_events.csv,datasets/gold/archive/2026-05-22,sync sau khi rebuild náº¿u cáº¥u hÃ¬nh Google Sheets; fallback CSV local náº¿u lá»—i,"SEA operating pipeline: archive current cÅ©, rebuild CSV/Parquet, KPI/forecast/ranking/recommendation/AI knowledge base, sync Google Sheets summary náº¿u cÃ³ cáº¥u hÃ¬nh.",
22/05/2026 02:54,Viá»‡t Nam,news_risk_signals,ok,12,datasets/gold/current/news_risk_signals.csv,datasets/gold/archive/2026-05-22,sync sau khi rebuild náº¿u cáº¥u hÃ¬nh Google Sheets; fallback CSV local náº¿u lá»—i,"SEA operating pipeline: archive current cÅ©, rebuild CSV/Parquet, KPI/forecast/ranking/recommendation/AI knowledge base, sync Google Sheets summary náº¿u cÃ³ cáº¥u hÃ¬nh.",
22/05/2026 02:54,Viá»‡t Nam,news_action_recommendations,ok,12,datasets/gold/current/news_action_recommendations.csv,datasets/gold/archive/2026-05-22,sync sau khi rebuild náº¿u cáº¥u hÃ¬nh Google Sheets; fallback CSV local náº¿u lá»—i,"SEA operating pipeline: archive current cÅ©, rebuild CSV/Parquet, KPI/forecast/ranking/recommendation/AI knowledge base, sync Google Sheets summary náº¿u cÃ³ cáº¥u hÃ¬nh.",
22/05/2026 02:54,Viá»‡t Nam,news_seen_registry,ok,16,datasets/gold/current/news_seen_registry.csv,datasets/gold/archive/2026-05-22,sync sau khi rebuild náº¿u cáº¥u hÃ¬nh Google Sheets; fallback CSV local náº¿u lá»—i,"SEA operating pipeline: archive current cÅ©, rebuild CSV/Parquet, KPI/forecast/ranking/recommendation/AI knowledge base, sync Google Sheets summary náº¿u cÃ³ cáº¥u hÃ¬nh.",
22/05/2026 02:54,Viá»‡t Nam,news_event_taxonomy,ok,8,datasets/gold/current/news_event_taxonomy.csv,datasets/gold/archive/2026-05-22,sync sau khi rebuild náº¿u cáº¥u hÃ¬nh Google Sheets; fallback CSV local náº¿u lá»—i,"SEA operating pipeline: archive current cÅ©, rebuild CSV/Parquet, KPI/forecast/ranking/recommendation/AI knowledge base, sync Google Sheets summary náº¿u cÃ³ cáº¥u hÃ¬nh.",
22/05/2026 02:54,Viá»‡t Nam,kpi_scale_catalog,ok,10,datasets/gold/current/kpi_scale_catalog.csv,datasets/gold/archive/2026-05-22,sync sau khi rebuild náº¿u cáº¥u hÃ¬nh Google Sheets; fallback CSV local náº¿u lá»—i,"SEA operating pipeline: archive current cÅ©, rebuild CSV/Parquet, KPI/forecast/ranking/recommendation/AI knowledge base, sync Google Sheets summary náº¿u cÃ³ cáº¥u hÃ¬nh.",
22/05/2026 02:54,Viá»‡t Nam,source_monitor_status,ok,19,datasets/gold/current/source_monitor_status.csv,datasets/gold/archive/2026-05-22,sync sau khi rebuild náº¿u cáº¥u hÃ¬nh Google Sheets; fallback CSV local náº¿u lá»—i,"SEA operating pipeline: archive current cÅ©, rebuild CSV/Parquet, KPI/forecast/ranking/recommendation/AI knowledge base, sync Google Sheets summary náº¿u cÃ³ cáº¥u hÃ¬nh.",
22/05/2026 02:54,Viá»‡t Nam,update_queue,ok,2,datasets/gold/current/update_queue.csv,datasets/gold/archive/2026-05-22,sync sau khi rebuild náº¿u cáº¥u hÃ¬nh Google Sheets; fallback CSV local náº¿u lá»—i,"SEA operating pipeline: archive current cÅ©, rebuild CSV/Parquet, KPI/forecast/ranking/recommendation/AI knowledge base, sync Google Sheets summary náº¿u cÃ³ cáº¥u hÃ¬nh.",
22/05/2026 02:54,Viá»‡t Nam,danh_sach_diem_den_mo_rong,ok,63,datasets/gold/current/danh_sach_diem_den_mo_rong.csv,datasets/gold/archive/2026-05-22,sync sau khi rebuild náº¿u cáº¥u hÃ¬nh Google Sheets; fallback CSV local náº¿u lá»—i,"SEA operating pipeline: archive current cÅ©, rebuild CSV/Parquet, KPI/forecast/ranking/recommendation/AI knowledge base, sync Google Sheets summary náº¿u cÃ³ cáº¥u hÃ¬nh.",
22/05/2026 02:54,Viá»‡t Nam,xep_hang_canh_bao_toan_quoc,ok,63,datasets/gold/current/xep_hang_canh_bao_toan_quoc.csv,datasets/gold/archive/2026-05-22,sync sau khi rebuild náº¿u cáº¥u hÃ¬nh Google Sheets; fallback CSV local náº¿u lá»—i,"SEA operating pipeline: archive current cÅ©, rebuild CSV/Parquet, KPI/forecast/ranking/recommendation/AI knowledge base, sync Google Sheets summary náº¿u cÃ³ cáº¥u hÃ¬nh.",
22/05/2026 02:54,Viá»‡t Nam,kiem_dinh_proxy,ok,63,datasets/gold/current/kiem_dinh_proxy.csv,datasets/gold/archive/2026-05-22,sync sau khi rebuild náº¿u cáº¥u hÃ¬nh Google Sheets; fallback CSV local náº¿u lá»—i,"SEA operating pipeline: archive current cÅ©, rebuild CSV/Parquet, KPI/forecast/ranking/recommendation/AI knowledge base, sync Google Sheets summary náº¿u cÃ³ cáº¥u hÃ¬nh.",
22/05/2026 02:54,Viá»‡t Nam,de_xuat_hieu_qua_kinh_te,ok,441,datasets/gold/current/de_xuat_hieu_qua_kinh_te.csv,datasets/gold/archive/2026-05-22,sync sau khi rebuild náº¿u cáº¥u hÃ¬nh Google Sheets; fallback CSV local náº¿u lá»—i,"SEA operating pipeline: archive current cÅ©, rebuild CSV/Parquet, KPI/forecast/ranking/recommendation/AI knowledge base, sync Google Sheets summary náº¿u cÃ³ cáº¥u hÃ¬nh.",
22/05/2026 02:54,Viá»‡t Nam,trang_thai_nguon_du_lieu,ok,19,datasets/gold/current/trang_thai_nguon_du_lieu.csv,datasets/gold/archive/2026-05-22,sync sau khi rebuild náº¿u cáº¥u hÃ¬nh Google Sheets; fallback CSV local náº¿u lá»—i,"SEA operating pipeline: archive current cÅ©, rebuild CSV/Parquet, KPI/forecast/ranking/recommendation/AI knowledge base, sync Google Sheets summary náº¿u cÃ³ cáº¥u hÃ¬nh.",
22/05/2026 02:54,Viá»‡t Nam,hang_cho_cap_nhat,ok,2,datasets/gold/current/hang_cho_cap_nhat.csv,datasets/gold/archive/2026-05-22,sync sau khi rebuild náº¿u cáº¥u hÃ¬nh Google Sheets; fallback CSV local náº¿u lá»—i,"SEA operating pipeline: archive current cÅ©, rebuild CSV/Parquet, KPI/forecast/ranking/recommendation/AI knowledge base, sync Google Sheets summary náº¿u cÃ³ cáº¥u hÃ¬nh.",
22/05/2026 02:54,Viá»‡t Nam,google_sheets_sync_status,ok,7,datasets/gold/current/google_sheets_sync_status.csv,datasets/gold/archive/2026-05-22,sync sau khi rebuild náº¿u cáº¥u hÃ¬nh Google Sheets; fallback CSV local náº¿u lá»—i,"SEA operating pipeline: archive current cÅ©, rebuild CSV/Parquet, KPI/forecast/ranking/recommendation/AI knowledge base, sync Google Sheets summary náº¿u cÃ³ cáº¥u hÃ¬nh.",
22/05/2026 10:43,Viá»‡t Nam,national_destination_alerts,ok,63,datasets/gold/current/national_destination_alerts.csv,datasets/gold/archive/2026-05-22,sync sau khi rebuild náº¿u cáº¥u hÃ¬nh Google Sheets; fallback CSV local náº¿u lá»—i,"SEA operating pipeline: archive current cÅ©, rebuild CSV/Parquet, KPI/forecast/ranking/recommendation/AI knowledge base, sync Google Sheets summary náº¿u cÃ³ cáº¥u hÃ¬nh.",
22/05/2026 10:43,Viá»‡t Nam,redistribution_features,ok,17,datasets/gold/current/redistribution_features.csv,datasets/gold/archive/2026-05-22,sync sau khi rebuild náº¿u cáº¥u hÃ¬nh Google Sheets; fallback CSV local náº¿u lá»—i,"SEA operating pipeline: archive current cÅ©, rebuild CSV/Parquet, KPI/forecast/ranking/recommendation/AI knowledge base, sync Google Sheets summary náº¿u cÃ³ cáº¥u hÃ¬nh.",
22/05/2026 10:43,Viá»‡t Nam,forecast_demand_scores,ok,252,datasets/gold/current/forecast_demand_scores.csv,datasets/gold/archive/2026-05-22,sync sau khi rebuild náº¿u cáº¥u hÃ¬nh Google Sheets; fallback CSV local náº¿u lá»—i,"SEA operating pipeline: archive current cÅ©, rebuild CSV/Parquet, KPI/forecast/ranking/recommendation/AI knowledge base, sync Google Sheets summary náº¿u cÃ³ cáº¥u hÃ¬nh.",
22/05/2026 10:43,Viá»‡t Nam,thoi_tiet_hien_tai,ok,63,datasets/gold/current/thoi_tiet_hien_tai.csv,datasets/gold/archive/2026-05-22,sync sau khi rebuild náº¿u cáº¥u hÃ¬nh Google Sheets; fallback CSV local náº¿u lá»—i,"SEA operating pipeline: archive current cÅ©, rebuild CSV/Parquet, KPI/forecast/ranking/recommendation/AI knowledge base, sync Google Sheets summary náº¿u cÃ³ cáº¥u hÃ¬nh.",
22/05/2026 10:43,Viá»‡t Nam,du_bao_thoi_tiet_7_ngay,ok,63,datasets/gold/current/du_bao_thoi_tiet_7_ngay.csv,datasets/gold/archive/2026-05-22,sync sau khi rebuild náº¿u cáº¥u hÃ¬nh Google Sheets; fallback CSV local náº¿u lá»—i,"SEA operating pipeline: archive current cÅ©, rebuild CSV/Parquet, KPI/forecast/ranking/recommendation/AI knowledge base, sync Google Sheets summary náº¿u cÃ³ cáº¥u hÃ¬nh.",
22/05/2026 10:43,Viá»‡t Nam,kpi_confidence_scores,ok,315,datasets/gold/current/kpi_confidence_scores.csv,datasets/gold/archive/2026-05-22,sync sau khi rebuild náº¿u cáº¥u hÃ¬nh Google Sheets; fallback CSV local náº¿u lá»—i,"SEA operating pipeline: archive current cÅ©, rebuild CSV/Parquet, KPI/forecast/ranking/recommendation/AI knowledge base, sync Google Sheets summary náº¿u cÃ³ cáº¥u hÃ¬nh.",
22/05/2026 10:43,Viá»‡t Nam,proxy_vs_nearrealtime_comparison,ok,63,datasets/gold/current/proxy_vs_nearrealtime_comparison.csv,datasets/gold/archive/2026-05-22,sync sau khi rebuild náº¿u cáº¥u hÃ¬nh Google Sheets; fallback CSV local náº¿u lá»—i,"SEA operating pipeline: archive current cÅ©, rebuild CSV/Parquet, KPI/forecast/ranking/recommendation/AI knowledge base, sync Google Sheets summary náº¿u cÃ³ cáº¥u hÃ¬nh.",
22/05/2026 10:43,Viá»‡t Nam,attraction_ticket_catalog,ok,52,datasets/gold/current/attraction_ticket_catalog.csv,datasets/gold/archive/2026-05-22,sync sau khi rebuild náº¿u cáº¥u hÃ¬nh Google Sheets; fallback CSV local náº¿u lá»—i,"SEA operating pipeline: archive current cÅ©, rebuild CSV/Parquet, KPI/forecast/ranking/recommendation/AI knowledge base, sync Google Sheets summary náº¿u cÃ³ cáº¥u hÃ¬nh.",
22/05/2026 10:43,Viá»‡t Nam,local_spending_poi,ok,500,datasets/gold/current/local_spending_poi.csv,datasets/gold/archive/2026-05-22,sync sau khi rebuild náº¿u cáº¥u hÃ¬nh Google Sheets; fallback CSV local náº¿u lá»—i,"SEA operating pipeline: archive current cÅ©, rebuild CSV/Parquet, KPI/forecast/ranking/recommendation/AI knowledge base, sync Google Sheets summary náº¿u cÃ³ cáº¥u hÃ¬nh.",
22/05/2026 10:43,Viá»‡t Nam,ticket_pressure_scores,ok,63,datasets/gold/current/ticket_pressure_scores.csv,datasets/gold/archive/2026-05-22,sync sau khi rebuild náº¿u cáº¥u hÃ¬nh Google Sheets; fallback CSV local náº¿u lá»—i,"SEA operating pipeline: archive current cÅ©, rebuild CSV/Parquet, KPI/forecast/ranking/recommendation/AI knowledge base, sync Google Sheets summary náº¿u cÃ³ cáº¥u hÃ¬nh.",
22/05/2026 10:43,Viá»‡t Nam,hotel_price_pressure,ok,63,datasets/gold/current/hotel_price_pressure.csv,datasets/gold/archive/2026-05-22,sync sau khi rebuild náº¿u cáº¥u hÃ¬nh Google Sheets; fallback CSV local náº¿u lá»—i,"SEA operating pipeline: archive current cÅ©, rebuild CSV/Parquet, KPI/forecast/ranking/recommendation/AI knowledge base, sync Google Sheets summary náº¿u cÃ³ cáº¥u hÃ¬nh.",
22/05/2026 10:43,Viá»‡t Nam,flight_price_signal,ok,63,datasets/gold/current/flight_price_signal.csv,datasets/gold/archive/2026-05-22,sync sau khi rebuild náº¿u cáº¥u hÃ¬nh Google Sheets; fallback CSV local náº¿u lá»—i,"SEA operating pipeline: archive current cÅ©, rebuild CSV/Parquet, KPI/forecast/ranking/recommendation/AI knowledge base, sync Google Sheets summary náº¿u cÃ³ cáº¥u hÃ¬nh.",
22/05/2026 10:43,Viá»‡t Nam,economic_action_recommendations,ok,441,datasets/gold/current/economic_action_recommendations.csv,datasets/gold/archive/2026-05-22,sync sau khi rebuild náº¿u cáº¥u hÃ¬nh Google Sheets; fallback CSV local náº¿u lá»—i,"SEA operating pipeline: archive current cÅ©, rebuild CSV/Parquet, KPI/forecast/ranking/recommendation/AI knowledge base, sync Google Sheets summary náº¿u cÃ³ cáº¥u hÃ¬nh.",
22/05/2026 10:43,Viá»‡t Nam,news_events,ok,12,datasets/gold/current/news_events.csv,datasets/gold/archive/2026-05-22,sync sau khi rebuild náº¿u cáº¥u hÃ¬nh Google Sheets; fallback CSV local náº¿u lá»—i,"SEA operating pipeline: archive current cÅ©, rebuild CSV/Parquet, KPI/forecast/ranking/recommendation/AI knowledge base, sync Google Sheets summary náº¿u cÃ³ cáº¥u hÃ¬nh.",
22/05/2026 10:43,Viá»‡t Nam,news_risk_signals,ok,12,datasets/gold/current/news_risk_signals.csv,datasets/gold/archive/2026-05-22,sync sau khi rebuild náº¿u cáº¥u hÃ¬nh Google Sheets; fallback CSV local náº¿u lá»—i,"SEA operating pipeline: archive current cÅ©, rebuild CSV/Parquet, KPI/forecast/ranking/recommendation/AI knowledge base, sync Google Sheets summary náº¿u cÃ³ cáº¥u hÃ¬nh.",
22/05/2026 10:43,Viá»‡t Nam,news_action_recommendations,ok,12,datasets/gold/current/news_action_recommendations.csv,datasets/gold/archive/2026-05-22,sync sau khi rebuild náº¿u cáº¥u hÃ¬nh Google Sheets; fallback CSV local náº¿u lá»—i,"SEA operating pipeline: archive current cÅ©, rebuild CSV/Parquet, KPI/forecast/ranking/recommendation/AI knowledge base, sync Google Sheets summary náº¿u cÃ³ cáº¥u hÃ¬nh.",
22/05/2026 10:43,Viá»‡t Nam,news_seen_registry,ok,16,datasets/gold/current/news_seen_registry.csv,datasets/gold/archive/2026-05-22,sync sau khi rebuild náº¿u cáº¥u hÃ¬nh Google Sheets; fallback CSV local náº¿u lá»—i,"SEA operating pipeline: archive current cÅ©, rebuild CSV/Parquet, KPI/forecast/ranking/recommendation/AI knowledge base, sync Google Sheets summary náº¿u cÃ³ cáº¥u hÃ¬nh.",
22/05/2026 10:43,Viá»‡t Nam,news_event_taxonomy,ok,8,datasets/gold/current/news_event_taxonomy.csv,datasets/gold/archive/2026-05-22,sync sau khi rebuild náº¿u cáº¥u hÃ¬nh Google Sheets; fallback CSV local náº¿u lá»—i,"SEA operating pipeline: archive current cÅ©, rebuild CSV/Parquet, KPI/forecast/ranking/recommendation/AI knowledge base, sync Google Sheets summary náº¿u cÃ³ cáº¥u hÃ¬nh.",
22/05/2026 10:43,Viá»‡t Nam,kpi_scale_catalog,ok,10,datasets/gold/current/kpi_scale_catalog.csv,datasets/gold/archive/2026-05-22,sync sau khi rebuild náº¿u cáº¥u hÃ¬nh Google Sheets; fallback CSV local náº¿u lá»—i,"SEA operating pipeline: archive current cÅ©, rebuild CSV/Parquet, KPI/forecast/ranking/recommendation/AI knowledge base, sync Google Sheets summary náº¿u cÃ³ cáº¥u hÃ¬nh.",
22/05/2026 10:43,Viá»‡t Nam,source_monitor_status,ok,19,datasets/gold/current/source_monitor_status.csv,datasets/gold/archive/2026-05-22,sync sau khi rebuild náº¿u cáº¥u hÃ¬nh Google Sheets; fallback CSV local náº¿u lá»—i,"SEA operating pipeline: archive current cÅ©, rebuild CSV/Parquet, KPI/forecast/ranking/recommendation/AI knowledge base, sync Google Sheets summary náº¿u cÃ³ cáº¥u hÃ¬nh.",
22/05/2026 10:43,Viá»‡t Nam,update_queue,ok,2,datasets/gold/current/update_queue.csv,datasets/gold/archive/2026-05-22,sync sau khi rebuild náº¿u cáº¥u hÃ¬nh Google Sheets; fallback CSV local náº¿u lá»—i,"SEA operating pipeline: archive current cÅ©, rebuild CSV/Parquet, KPI/forecast/ranking/recommendation/AI knowledge base, sync Google Sheets summary náº¿u cÃ³ cáº¥u hÃ¬nh.",
22/05/2026 10:43,Viá»‡t Nam,danh_sach_diem_den_mo_rong,ok,63,datasets/gold/current/danh_sach_diem_den_mo_rong.csv,datasets/gold/archive/2026-05-22,sync sau khi rebuild náº¿u cáº¥u hÃ¬nh Google Sheets; fallback CSV local náº¿u lá»—i,"SEA operating pipeline: archive current cÅ©, rebuild CSV/Parquet, KPI/forecast/ranking/recommendation/AI knowledge base, sync Google Sheets summary náº¿u cÃ³ cáº¥u hÃ¬nh.",
22/05/2026 10:43,Viá»‡t Nam,xep_hang_canh_bao_toan_quoc,ok,63,datasets/gold/current/xep_hang_canh_bao_toan_quoc.csv,datasets/gold/archive/2026-05-22,sync sau khi rebuild náº¿u cáº¥u hÃ¬nh Google Sheets; fallback CSV local náº¿u lá»—i,"SEA operating pipeline: archive current cÅ©, rebuild CSV/Parquet, KPI/forecast/ranking/recommendation/AI knowledge base, sync Google Sheets summary náº¿u cÃ³ cáº¥u hÃ¬nh.",
22/05/2026 10:43,Viá»‡t Nam,kiem_dinh_proxy,ok,63,datasets/gold/current/kiem_dinh_proxy.csv,datasets/gold/archive/2026-05-22,sync sau khi rebuild náº¿u cáº¥u hÃ¬nh Google Sheets; fallback CSV local náº¿u lá»—i,"SEA operating pipeline: archive current cÅ©, rebuild CSV/Parquet, KPI/forecast/ranking/recommendation/AI knowledge base, sync Google Sheets summary náº¿u cÃ³ cáº¥u hÃ¬nh.",
22/05/2026 10:43,Viá»‡t Nam,de_xuat_hieu_qua_kinh_te,ok,441,datasets/gold/current/de_xuat_hieu_qua_kinh_te.csv,datasets/gold/archive/2026-05-22,sync sau khi rebuild náº¿u cáº¥u hÃ¬nh Google Sheets; fallback CSV local náº¿u lá»—i,"SEA operating pipeline: archive current cÅ©, rebuild CSV/Parquet, KPI/forecast/ranking/recommendation/AI knowledge base, sync Google Sheets summary náº¿u cÃ³ cáº¥u hÃ¬nh.",
22/05/2026 10:43,Viá»‡t Nam,trang_thai_nguon_du_lieu,ok,19,datasets/gold/current/trang_thai_nguon_du_lieu.csv,datasets/gold/archive/2026-05-22,sync sau khi rebuild náº¿u cáº¥u hÃ¬nh Google Sheets; fallback CSV local náº¿u lá»—i,"SEA operating pipeline: archive current cÅ©, rebuild CSV/Parquet, KPI/forecast/ranking/recommendation/AI knowledge base, sync Google Sheets summary náº¿u cÃ³ cáº¥u hÃ¬nh.",
22/05/2026 10:43,Viá»‡t Nam,hang_cho_cap_nhat,ok,2,datasets/gold/current/hang_cho_cap_nhat.csv,datasets/gold/archive/2026-05-22,sync sau khi rebuild náº¿u cáº¥u hÃ¬nh Google Sheets; fallback CSV local náº¿u lá»—i,"SEA operating pipeline: archive current cÅ©, rebuild CSV/Parquet, KPI/forecast/ranking/recommendation/AI knowledge base, sync Google Sheets summary náº¿u cÃ³ cáº¥u hÃ¬nh.",
22/05/2026 10:43,Viá»‡t Nam,google_sheets_sync_status,ok,7,datasets/gold/current/google_sheets_sync_status.csv,datasets/gold/archive/2026-05-22,sync sau khi rebuild náº¿u cáº¥u hÃ¬nh Google Sheets; fallback CSV local náº¿u lá»—i,"SEA operating pipeline: archive current cÅ©, rebuild CSV/Parquet, KPI/forecast/ranking/recommendation/AI knowledge base, sync Google Sheets summary náº¿u cÃ³ cáº¥u hÃ¬nh.",
22/05/2026 16:26,Viá»‡t Nam,national_destination_alerts,ok,63,datasets/gold/current/national_destination_alerts.csv,datasets/gold/archive/2026-05-22,sync sau khi rebuild náº¿u cáº¥u hÃ¬nh Google Sheets; fallback CSV local náº¿u lá»—i,"SEA operating pipeline: archive current cÅ©, rebuild CSV/Parquet, KPI/forecast/ranking/recommendation/AI knowledge base, sync Google Sheets summary náº¿u cÃ³ cáº¥u hÃ¬nh.",
22/05/2026 16:26,Viá»‡t Nam,redistribution_features,ok,17,datasets/gold/current/redistribution_features.csv,datasets/gold/archive/2026-05-22,sync sau khi rebuild náº¿u cáº¥u hÃ¬nh Google Sheets; fallback CSV local náº¿u lá»—i,"SEA operating pipeline: archive current cÅ©, rebuild CSV/Parquet, KPI/forecast/ranking/recommendation/AI knowledge base, sync Google Sheets summary náº¿u cÃ³ cáº¥u hÃ¬nh.",
22/05/2026 16:26,Viá»‡t Nam,forecast_demand_scores,ok,252,datasets/gold/current/forecast_demand_scores.csv,datasets/gold/archive/2026-05-22,sync sau khi rebuild náº¿u cáº¥u hÃ¬nh Google Sheets; fallback CSV local náº¿u lá»—i,"SEA operating pipeline: archive current cÅ©, rebuild CSV/Parquet, KPI/forecast/ranking/recommendation/AI knowledge base, sync Google Sheets summary náº¿u cÃ³ cáº¥u hÃ¬nh.",
22/05/2026 16:26,Viá»‡t Nam,thoi_tiet_hien_tai,ok,63,datasets/gold/current/thoi_tiet_hien_tai.csv,datasets/gold/archive/2026-05-22,sync sau khi rebuild náº¿u cáº¥u hÃ¬nh Google Sheets; fallback CSV local náº¿u lá»—i,"SEA operating pipeline: archive current cÅ©, rebuild CSV/Parquet, KPI/forecast/ranking/recommendation/AI knowledge base, sync Google Sheets summary náº¿u cÃ³ cáº¥u hÃ¬nh.",
22/05/2026 16:26,Viá»‡t Nam,du_bao_thoi_tiet_7_ngay,ok,63,datasets/gold/current/du_bao_thoi_tiet_7_ngay.csv,datasets/gold/archive/2026-05-22,sync sau khi rebuild náº¿u cáº¥u hÃ¬nh Google Sheets; fallback CSV local náº¿u lá»—i,"SEA operating pipeline: archive current cÅ©, rebuild CSV/Parquet, KPI/forecast/ranking/recommendation/AI knowledge base, sync Google Sheets summary náº¿u cÃ³ cáº¥u hÃ¬nh.",
22/05/2026 16:26,Viá»‡t Nam,kpi_confidence_scores,ok,315,datasets/gold/current/kpi_confidence_scores.csv,datasets/gold/archive/2026-05-22,sync sau khi rebuild náº¿u cáº¥u hÃ¬nh Google Sheets; fallback CSV local náº¿u lá»—i,"SEA operating pipeline: archive current cÅ©, rebuild CSV/Parquet, KPI/forecast/ranking/recommendation/AI knowledge base, sync Google Sheets summary náº¿u cÃ³ cáº¥u hÃ¬nh.",
22/05/2026 16:26,Viá»‡t Nam,proxy_vs_nearrealtime_comparison,ok,63,datasets/gold/current/proxy_vs_nearrealtime_comparison.csv,datasets/gold/archive/2026-05-22,sync sau khi rebuild náº¿u cáº¥u hÃ¬nh Google Sheets; fallback CSV local náº¿u lá»—i,"SEA operating pipeline: archive current cÅ©, rebuild CSV/Parquet, KPI/forecast/ranking/recommendation/AI knowledge base, sync Google Sheets summary náº¿u cÃ³ cáº¥u hÃ¬nh.",
22/05/2026 16:26,Viá»‡t Nam,attraction_ticket_catalog,ok,52,datasets/gold/current/attraction_ticket_catalog.csv,datasets/gold/archive/2026-05-22,sync sau khi rebuild náº¿u cáº¥u hÃ¬nh Google Sheets; fallback CSV local náº¿u lá»—i,"SEA operating pipeline: archive current cÅ©, rebuild CSV/Parquet, KPI/forecast/ranking/recommendation/AI knowledge base, sync Google Sheets summary náº¿u cÃ³ cáº¥u hÃ¬nh.",
22/05/2026 16:26,Viá»‡t Nam,local_spending_poi,ok,500,datasets/gold/current/local_spending_poi.csv,datasets/gold/archive/2026-05-22,sync sau khi rebuild náº¿u cáº¥u hÃ¬nh Google Sheets; fallback CSV local náº¿u lá»—i,"SEA operating pipeline: archive current cÅ©, rebuild CSV/Parquet, KPI/forecast/ranking/recommendation/AI knowledge base, sync Google Sheets summary náº¿u cÃ³ cáº¥u hÃ¬nh.",
22/05/2026 16:26,Viá»‡t Nam,ticket_pressure_scores,ok,63,datasets/gold/current/ticket_pressure_scores.csv,datasets/gold/archive/2026-05-22,sync sau khi rebuild náº¿u cáº¥u hÃ¬nh Google Sheets; fallback CSV local náº¿u lá»—i,"SEA operating pipeline: archive current cÅ©, rebuild CSV/Parquet, KPI/forecast/ranking/recommendation/AI knowledge base, sync Google Sheets summary náº¿u cÃ³ cáº¥u hÃ¬nh.",
22/05/2026 16:26,Viá»‡t Nam,hotel_price_pressure,ok,63,datasets/gold/current/hotel_price_pressure.csv,datasets/gold/archive/2026-05-22,sync sau khi rebuild náº¿u cáº¥u hÃ¬nh Google Sheets; fallback CSV local náº¿u lá»—i,"SEA operating pipeline: archive current cÅ©, rebuild CSV/Parquet, KPI/forecast/ranking/recommendation/AI knowledge base, sync Google Sheets summary náº¿u cÃ³ cáº¥u hÃ¬nh.",
22/05/2026 16:26,Viá»‡t Nam,flight_price_signal,ok,63,datasets/gold/current/flight_price_signal.csv,datasets/gold/archive/2026-05-22,sync sau khi rebuild náº¿u cáº¥u hÃ¬nh Google Sheets; fallback CSV local náº¿u lá»—i,"SEA operating pipeline: archive current cÅ©, rebuild CSV/Parquet, KPI/forecast/ranking/recommendation/AI knowledge base, sync Google Sheets summary náº¿u cÃ³ cáº¥u hÃ¬nh.",
22/05/2026 16:26,Viá»‡t Nam,economic_action_recommendations,ok,441,datasets/gold/current/economic_action_recommendations.csv,datasets/gold/archive/2026-05-22,sync sau khi rebuild náº¿u cáº¥u hÃ¬nh Google Sheets; fallback CSV local náº¿u lá»—i,"SEA operating pipeline: archive current cÅ©, rebuild CSV/Parquet, KPI/forecast/ranking/recommendation/AI knowledge base, sync Google Sheets summary náº¿u cÃ³ cáº¥u hÃ¬nh.",
22/05/2026 16:26,Viá»‡t Nam,news_events,ok,12,datasets/gold/current/news_events.csv,datasets/gold/archive/2026-05-22,sync sau khi rebuild náº¿u cáº¥u hÃ¬nh Google Sheets; fallback CSV local náº¿u lá»—i,"SEA operating pipeline: archive current cÅ©, rebuild CSV/Parquet, KPI/forecast/ranking/recommendation/AI knowledge base, sync Google Sheets summary náº¿u cÃ³ cáº¥u hÃ¬nh.",
22/05/2026 16:26,Viá»‡t Nam,news_risk_signals,ok,12,datasets/gold/current/news_risk_signals.csv,datasets/gold/archive/2026-05-22,sync sau khi rebuild náº¿u cáº¥u hÃ¬nh Google Sheets; fallback CSV local náº¿u lá»—i,"SEA operating pipeline: archive current cÅ©, rebuild CSV/Parquet, KPI/forecast/ranking/recommendation/AI knowledge base, sync Google Sheets summary náº¿u cÃ³ cáº¥u hÃ¬nh.",
22/05/2026 16:26,Viá»‡t Nam,news_action_recommendations,ok,12,datasets/gold/current/news_action_recommendations.csv,datasets/gold/archive/2026-05-22,sync sau khi rebuild náº¿u cáº¥u hÃ¬nh Google Sheets; fallback CSV local náº¿u lá»—i,"SEA operating pipeline: archive current cÅ©, rebuild CSV/Parquet, KPI/forecast/ranking/recommendation/AI knowledge base, sync Google Sheets summary náº¿u cÃ³ cáº¥u hÃ¬nh.",
22/05/2026 16:26,Viá»‡t Nam,news_seen_registry,ok,16,datasets/gold/current/news_seen_registry.csv,datasets/gold/archive/2026-05-22,sync sau khi rebuild náº¿u cáº¥u hÃ¬nh Google Sheets; fallback CSV local náº¿u lá»—i,"SEA operating pipeline: archive current cÅ©, rebuild CSV/Parquet, KPI/forecast/ranking/recommendation/AI knowledge base, sync Google Sheets summary náº¿u cÃ³ cáº¥u hÃ¬nh.",
22/05/2026 16:26,Viá»‡t Nam,news_event_taxonomy,ok,8,datasets/gold/current/news_event_taxonomy.csv,datasets/gold/archive/2026-05-22,sync sau khi rebuild náº¿u cáº¥u hÃ¬nh Google Sheets; fallback CSV local náº¿u lá»—i,"SEA operating pipeline: archive current cÅ©, rebuild CSV/Parquet, KPI/forecast/ranking/recommendation/AI knowledge base, sync Google Sheets summary náº¿u cÃ³ cáº¥u hÃ¬nh.",
22/05/2026 16:26,Viá»‡t Nam,kpi_scale_catalog,ok,10,datasets/gold/current/kpi_scale_catalog.csv,datasets/gold/archive/2026-05-22,sync sau khi rebuild náº¿u cáº¥u hÃ¬nh Google Sheets; fallback CSV local náº¿u lá»—i,"SEA operating pipeline: archive current cÅ©, rebuild CSV/Parquet, KPI/forecast/ranking/recommendation/AI knowledge base, sync Google Sheets summary náº¿u cÃ³ cáº¥u hÃ¬nh.",
22/05/2026 16:26,Viá»‡t Nam,source_monitor_status,ok,19,datasets/gold/current/source_monitor_status.csv,datasets/gold/archive/2026-05-22,sync sau khi rebuild náº¿u cáº¥u hÃ¬nh Google Sheets; fallback CSV local náº¿u lá»—i,"SEA operating pipeline: archive current cÅ©, rebuild CSV/Parquet, KPI/forecast/ranking/recommendation/AI knowledge base, sync Google Sheets summary náº¿u cÃ³ cáº¥u hÃ¬nh.",
22/05/2026 16:26,Viá»‡t Nam,update_queue,ok,2,datasets/gold/current/update_queue.csv,datasets/gold/archive/2026-05-22,sync sau khi rebuild náº¿u cáº¥u hÃ¬nh Google Sheets; fallback CSV local náº¿u lá»—i,"SEA operating pipeline: archive current cÅ©, rebuild CSV/Parquet, KPI/forecast/ranking/recommendation/AI knowledge base, sync Google Sheets summary náº¿u cÃ³ cáº¥u hÃ¬nh.",
22/05/2026 16:26,Viá»‡t Nam,danh_sach_diem_den_mo_rong,ok,63,datasets/gold/current/danh_sach_diem_den_mo_rong.csv,datasets/gold/archive/2026-05-22,sync sau khi rebuild náº¿u cáº¥u hÃ¬nh Google Sheets; fallback CSV local náº¿u lá»—i,"SEA operating pipeline: archive current cÅ©, rebuild CSV/Parquet, KPI/forecast/ranking/recommendation/AI knowledge base, sync Google Sheets summary náº¿u cÃ³ cáº¥u hÃ¬nh.",
22/05/2026 16:26,Viá»‡t Nam,xep_hang_canh_bao_toan_quoc,ok,63,datasets/gold/current/xep_hang_canh_bao_toan_quoc.csv,datasets/gold/archive/2026-05-22,sync sau khi rebuild náº¿u cáº¥u hÃ¬nh Google Sheets; fallback CSV local náº¿u lá»—i,"SEA operating pipeline: archive current cÅ©, rebuild CSV/Parquet, KPI/forecast/ranking/recommendation/AI knowledge base, sync Google Sheets summary náº¿u cÃ³ cáº¥u hÃ¬nh.",
22/05/2026 16:26,Viá»‡t Nam,kiem_dinh_proxy,ok,63,datasets/gold/current/kiem_dinh_proxy.csv,datasets/gold/archive/2026-05-22,sync sau khi rebuild náº¿u cáº¥u hÃ¬nh Google Sheets; fallback CSV local náº¿u lá»—i,"SEA operating pipeline: archive current cÅ©, rebuild CSV/Parquet, KPI/forecast/ranking/recommendation/AI knowledge base, sync Google Sheets summary náº¿u cÃ³ cáº¥u hÃ¬nh.",
22/05/2026 16:26,Viá»‡t Nam,de_xuat_hieu_qua_kinh_te,ok,441,datasets/gold/current/de_xuat_hieu_qua_kinh_te.csv,datasets/gold/archive/2026-05-22,sync sau khi rebuild náº¿u cáº¥u hÃ¬nh Google Sheets; fallback CSV local náº¿u lá»—i,"SEA operating pipeline: archive current cÅ©, rebuild CSV/Parquet, KPI/forecast/ranking/recommendation/AI knowledge base, sync Google Sheets summary náº¿u cÃ³ cáº¥u hÃ¬nh.",
22/05/2026 16:26,Viá»‡t Nam,trang_thai_nguon_du_lieu,ok,19,datasets/gold/current/trang_thai_nguon_du_lieu.csv,datasets/gold/archive/2026-05-22,sync sau khi rebuild náº¿u cáº¥u hÃ¬nh Google Sheets; fallback CSV local náº¿u lá»—i,"SEA operating pipeline: archive current cÅ©, rebuild CSV/Parquet, KPI/forecast/ranking/recommendation/AI knowledge base, sync Google Sheets summary náº¿u cÃ³ cáº¥u hÃ¬nh.",
22/05/2026 16:26,Viá»‡t Nam,hang_cho_cap_nhat,ok,2,datasets/gold/current/hang_cho_cap_nhat.csv,datasets/gold/archive/2026-05-22,sync sau khi rebuild náº¿u cáº¥u hÃ¬nh Google Sheets; fallback CSV local náº¿u lá»—i,"SEA operating pipeline: archive current cÅ©, rebuild CSV/Parquet, KPI/forecast/ranking/recommendation/AI knowledge base, sync Google Sheets summary náº¿u cÃ³ cáº¥u hÃ¬nh.",
22/05/2026 16:26,Viá»‡t Nam,google_sheets_sync_status,ok,7,datasets/gold/current/google_sheets_sync_status.csv,datasets/gold/archive/2026-05-22,sync sau khi rebuild náº¿u cáº¥u hÃ¬nh Google Sheets; fallback CSV local náº¿u lá»—i,"SEA operating pipeline: archive current cÅ©, rebuild CSV/Parquet, KPI/forecast/ranking/recommendation/AI knowledge base, sync Google Sheets summary náº¿u cÃ³ cáº¥u hÃ¬nh.",
22/05/2026 21:41,Viá»‡t Nam,national_destination_alerts,ok,63,datasets/gold/current/national_destination_alerts.csv,datasets/gold/archive/2026-05-22,sync sau khi rebuild náº¿u cáº¥u hÃ¬nh Google Sheets; fallback CSV local náº¿u lá»—i,"SEA operating pipeline: archive current cÅ©, rebuild CSV/Parquet, KPI/forecast/ranking/recommendation/AI knowledge base, sync Google Sheets summary náº¿u cÃ³ cáº¥u hÃ¬nh.",
22/05/2026 21:41,Viá»‡t Nam,redistribution_features,ok,17,datasets/gold/current/redistribution_features.csv,datasets/gold/archive/2026-05-22,sync sau khi rebuild náº¿u cáº¥u hÃ¬nh Google Sheets; fallback CSV local náº¿u lá»—i,"SEA operating pipeline: archive current cÅ©, rebuild CSV/Parquet, KPI/forecast/ranking/recommendation/AI knowledge base, sync Google Sheets summary náº¿u cÃ³ cáº¥u hÃ¬nh.",
22/05/2026 21:41,Viá»‡t Nam,forecast_demand_scores,ok,252,datasets/gold/current/forecast_demand_scores.csv,datasets/gold/archive/2026-05-22,sync sau khi rebuild náº¿u cáº¥u hÃ¬nh Google Sheets; fallback CSV local náº¿u lá»—i,"SEA operating pipeline: archive current cÅ©, rebuild CSV/Parquet, KPI/forecast/ranking/recommendation/AI knowledge base, sync Google Sheets summary náº¿u cÃ³ cáº¥u hÃ¬nh.",
22/05/2026 21:41,Viá»‡t Nam,thoi_tiet_hien_tai,ok,63,datasets/gold/current/thoi_tiet_hien_tai.csv,datasets/gold/archive/2026-05-22,sync sau khi rebuild náº¿u cáº¥u hÃ¬nh Google Sheets; fallback CSV local náº¿u lá»—i,"SEA operating pipeline: archive current cÅ©, rebuild CSV/Parquet, KPI/forecast/ranking/recommendation/AI knowledge base, sync Google Sheets summary náº¿u cÃ³ cáº¥u hÃ¬nh.",
22/05/2026 21:41,Viá»‡t Nam,du_bao_thoi_tiet_7_ngay,ok,63,datasets/gold/current/du_bao_thoi_tiet_7_ngay.csv,datasets/gold/archive/2026-05-22,sync sau khi rebuild náº¿u cáº¥u hÃ¬nh Google Sheets; fallback CSV local náº¿u lá»—i,"SEA operating pipeline: archive current cÅ©, rebuild CSV/Parquet, KPI/forecast/ranking/recommendation/AI knowledge base, sync Google Sheets summary náº¿u cÃ³ cáº¥u hÃ¬nh.",
22/05/2026 21:41,Viá»‡t Nam,kpi_confidence_scores,ok,315,datasets/gold/current/kpi_confidence_scores.csv,datasets/gold/archive/2026-05-22,sync sau khi rebuild náº¿u cáº¥u hÃ¬nh Google Sheets; fallback CSV local náº¿u lá»—i,"SEA operating pipeline: archive current cÅ©, rebuild CSV/Parquet, KPI/forecast/ranking/recommendation/AI knowledge base, sync Google Sheets summary náº¿u cÃ³ cáº¥u hÃ¬nh.",
22/05/2026 21:41,Viá»‡t Nam,proxy_vs_nearrealtime_comparison,ok,63,datasets/gold/current/proxy_vs_nearrealtime_comparison.csv,datasets/gold/archive/2026-05-22,sync sau khi rebuild náº¿u cáº¥u hÃ¬nh Google Sheets; fallback CSV local náº¿u lá»—i,"SEA operating pipeline: archive current cÅ©, rebuild CSV/Parquet, KPI/forecast/ranking/recommendation/AI knowledge base, sync Google Sheets summary náº¿u cÃ³ cáº¥u hÃ¬nh.",
22/05/2026 21:41,Viá»‡t Nam,attraction_ticket_catalog,ok,52,datasets/gold/current/attraction_ticket_catalog.csv,datasets/gold/archive/2026-05-22,sync sau khi rebuild náº¿u cáº¥u hÃ¬nh Google Sheets; fallback CSV local náº¿u lá»—i,"SEA operating pipeline: archive current cÅ©, rebuild CSV/Parquet, KPI/forecast/ranking/recommendation/AI knowledge base, sync Google Sheets summary náº¿u cÃ³ cáº¥u hÃ¬nh.",
22/05/2026 21:41,Viá»‡t Nam,local_spending_poi,ok,500,datasets/gold/current/local_spending_poi.csv,datasets/gold/archive/2026-05-22,sync sau khi rebuild náº¿u cáº¥u hÃ¬nh Google Sheets; fallback CSV local náº¿u lá»—i,"SEA operating pipeline: archive current cÅ©, rebuild CSV/Parquet, KPI/forecast/ranking/recommendation/AI knowledge base, sync Google Sheets summary náº¿u cÃ³ cáº¥u hÃ¬nh.",
22/05/2026 21:41,Viá»‡t Nam,ticket_pressure_scores,ok,63,datasets/gold/current/ticket_pressure_scores.csv,datasets/gold/archive/2026-05-22,sync sau khi rebuild náº¿u cáº¥u hÃ¬nh Google Sheets; fallback CSV local náº¿u lá»—i,"SEA operating pipeline: archive current cÅ©, rebuild CSV/Parquet, KPI/forecast/ranking/recommendation/AI knowledge base, sync Google Sheets summary náº¿u cÃ³ cáº¥u hÃ¬nh.",
22/05/2026 21:41,Viá»‡t Nam,hotel_price_pressure,ok,63,datasets/gold/current/hotel_price_pressure.csv,datasets/gold/archive/2026-05-22,sync sau khi rebuild náº¿u cáº¥u hÃ¬nh Google Sheets; fallback CSV local náº¿u lá»—i,"SEA operating pipeline: archive current cÅ©, rebuild CSV/Parquet, KPI/forecast/ranking/recommendation/AI knowledge base, sync Google Sheets summary náº¿u cÃ³ cáº¥u hÃ¬nh.",
22/05/2026 21:41,Viá»‡t Nam,flight_price_signal,ok,63,datasets/gold/current/flight_price_signal.csv,datasets/gold/archive/2026-05-22,sync sau khi rebuild náº¿u cáº¥u hÃ¬nh Google Sheets; fallback CSV local náº¿u lá»—i,"SEA operating pipeline: archive current cÅ©, rebuild CSV/Parquet, KPI/forecast/ranking/recommendation/AI knowledge base, sync Google Sheets summary náº¿u cÃ³ cáº¥u hÃ¬nh.",
22/05/2026 21:41,Viá»‡t Nam,economic_action_recommendations,ok,441,datasets/gold/current/economic_action_recommendations.csv,datasets/gold/archive/2026-05-22,sync sau khi rebuild náº¿u cáº¥u hÃ¬nh Google Sheets; fallback CSV local náº¿u lá»—i,"SEA operating pipeline: archive current cÅ©, rebuild CSV/Parquet, KPI/forecast/ranking/recommendation/AI knowledge base, sync Google Sheets summary náº¿u cÃ³ cáº¥u hÃ¬nh.",
22/05/2026 21:41,Viá»‡t Nam,news_events,ok,12,datasets/gold/current/news_events.csv,datasets/gold/archive/2026-05-22,sync sau khi rebuild náº¿u cáº¥u hÃ¬nh Google Sheets; fallback CSV local náº¿u lá»—i,"SEA operating pipeline: archive current cÅ©, rebuild CSV/Parquet, KPI/forecast/ranking/recommendation/AI knowledge base, sync Google Sheets summary náº¿u cÃ³ cáº¥u hÃ¬nh.",
22/05/2026 21:41,Viá»‡t Nam,news_risk_signals,ok,12,datasets/gold/current/news_risk_signals.csv,datasets/gold/archive/2026-05-22,sync sau khi rebuild náº¿u cáº¥u hÃ¬nh Google Sheets; fallback CSV local náº¿u lá»—i,"SEA operating pipeline: archive current cÅ©, rebuild CSV/Parquet, KPI/forecast/ranking/recommendation/AI knowledge base, sync Google Sheets summary náº¿u cÃ³ cáº¥u hÃ¬nh.",
22/05/2026 21:41,Viá»‡t Nam,news_action_recommendations,ok,12,datasets/gold/current/news_action_recommendations.csv,datasets/gold/archive/2026-05-22,sync sau khi rebuild náº¿u cáº¥u hÃ¬nh Google Sheets; fallback CSV local náº¿u lá»—i,"SEA operating pipeline: archive current cÅ©, rebuild CSV/Parquet, KPI/forecast/ranking/recommendation/AI knowledge base, sync Google Sheets summary náº¿u cÃ³ cáº¥u hÃ¬nh.",
22/05/2026 21:41,Viá»‡t Nam,news_seen_registry,ok,16,datasets/gold/current/news_seen_registry.csv,datasets/gold/archive/2026-05-22,sync sau khi rebuild náº¿u cáº¥u hÃ¬nh Google Sheets; fallback CSV local náº¿u lá»—i,"SEA operating pipeline: archive current cÅ©, rebuild CSV/Parquet, KPI/forecast/ranking/recommendation/AI knowledge base, sync Google Sheets summary náº¿u cÃ³ cáº¥u hÃ¬nh.",
22/05/2026 21:41,Viá»‡t Nam,news_event_taxonomy,ok,8,datasets/gold/current/news_event_taxonomy.csv,datasets/gold/archive/2026-05-22,sync sau khi rebuild náº¿u cáº¥u hÃ¬nh Google Sheets; fallback CSV local náº¿u lá»—i,"SEA operating pipeline: archive current cÅ©, rebuild CSV/Parquet, KPI/forecast/ranking/recommendation/AI knowledge base, sync Google Sheets summary náº¿u cÃ³ cáº¥u hÃ¬nh.",
22/05/2026 21:41,Viá»‡t Nam,kpi_scale_catalog,ok,10,datasets/gold/current/kpi_scale_catalog.csv,datasets/gold/archive/2026-05-22,sync sau khi rebuild náº¿u cáº¥u hÃ¬nh Google Sheets; fallback CSV local náº¿u lá»—i,"SEA operating pipeline: archive current cÅ©, rebuild CSV/Parquet, KPI/forecast/ranking/recommendation/AI knowledge base, sync Google Sheets summary náº¿u cÃ³ cáº¥u hÃ¬nh.",
22/05/2026 21:41,Viá»‡t Nam,source_monitor_status,ok,19,datasets/gold/current/source_monitor_status.csv,datasets/gold/archive/2026-05-22,sync sau khi rebuild náº¿u cáº¥u hÃ¬nh Google Sheets; fallback CSV local náº¿u lá»—i,"SEA operating pipeline: archive current cÅ©, rebuild CSV/Parquet, KPI/forecast/ranking/recommendation/AI knowledge base, sync Google Sheets summary náº¿u cÃ³ cáº¥u hÃ¬nh.",
22/05/2026 21:41,Viá»‡t Nam,update_queue,ok,2,datasets/gold/current/update_queue.csv,datasets/gold/archive/2026-05-22,sync sau khi rebuild náº¿u cáº¥u hÃ¬nh Google Sheets; fallback CSV local náº¿u lá»—i,"SEA operating pipeline: archive current cÅ©, rebuild CSV/Parquet, KPI/forecast/ranking/recommendation/AI knowledge base, sync Google Sheets summary náº¿u cÃ³ cáº¥u hÃ¬nh.",
22/05/2026 21:41,Viá»‡t Nam,danh_sach_diem_den_mo_rong,ok,63,datasets/gold/current/danh_sach_diem_den_mo_rong.csv,datasets/gold/archive/2026-05-22,sync sau khi rebuild náº¿u cáº¥u hÃ¬nh Google Sheets; fallback CSV local náº¿u lá»—i,"SEA operating pipeline: archive current cÅ©, rebuild CSV/Parquet, KPI/forecast/ranking/recommendation/AI knowledge base, sync Google Sheets summary náº¿u cÃ³ cáº¥u hÃ¬nh.",
22/05/2026 21:41,Viá»‡t Nam,xep_hang_canh_bao_toan_quoc,ok,63,datasets/gold/current/xep_hang_canh_bao_toan_quoc.csv,datasets/gold/archive/2026-05-22,sync sau khi rebuild náº¿u cáº¥u hÃ¬nh Google Sheets; fallback CSV local náº¿u lá»—i,"SEA operating pipeline: archive current cÅ©, rebuild CSV/Parquet, KPI/forecast/ranking/recommendation/AI knowledge base, sync Google Sheets summary náº¿u cÃ³ cáº¥u hÃ¬nh.",
22/05/2026 21:41,Viá»‡t Nam,kiem_dinh_proxy,ok,63,datasets/gold/current/kiem_dinh_proxy.csv,datasets/gold/archive/2026-05-22,sync sau khi rebuild náº¿u cáº¥u hÃ¬nh Google Sheets; fallback CSV local náº¿u lá»—i,"SEA operating pipeline: archive current cÅ©, rebuild CSV/Parquet, KPI/forecast/ranking/recommendation/AI knowledge base, sync Google Sheets summary náº¿u cÃ³ cáº¥u hÃ¬nh.",
22/05/2026 21:41,Viá»‡t Nam,de_xuat_hieu_qua_kinh_te,ok,441,datasets/gold/current/de_xuat_hieu_qua_kinh_te.csv,datasets/gold/archive/2026-05-22,sync sau khi rebuild náº¿u cáº¥u hÃ¬nh Google Sheets; fallback CSV local náº¿u lá»—i,"SEA operating pipeline: archive current cÅ©, rebuild CSV/Parquet, KPI/forecast/ranking/recommendation/AI knowledge base, sync Google Sheets summary náº¿u cÃ³ cáº¥u hÃ¬nh.",
22/05/2026 21:41,Viá»‡t Nam,trang_thai_nguon_du_lieu,ok,19,datasets/gold/current/trang_thai_nguon_du_lieu.csv,datasets/gold/archive/2026-05-22,sync sau khi rebuild náº¿u cáº¥u hÃ¬nh Google Sheets; fallback CSV local náº¿u lá»—i,"SEA operating pipeline: archive current cÅ©, rebuild CSV/Parquet, KPI/forecast/ranking/recommendation/AI knowledge base, sync Google Sheets summary náº¿u cÃ³ cáº¥u hÃ¬nh.",
22/05/2026 21:41,Viá»‡t Nam,hang_cho_cap_nhat,ok,2,datasets/gold/current/hang_cho_cap_nhat.csv,datasets/gold/archive/2026-05-22,sync sau khi rebuild náº¿u cáº¥u hÃ¬nh Google Sheets; fallback CSV local náº¿u lá»—i,"SEA operating pipeline: archive current cÅ©, rebuild CSV/Parquet, KPI/forecast/ranking/recommendation/AI knowledge base, sync Google Sheets summary náº¿u cÃ³ cáº¥u hÃ¬nh.",
22/05/2026 21:41,Viá»‡t Nam,google_sheets_sync_status,ok,7,datasets/gold/current/google_sheets_sync_status.csv,datasets/gold/archive/2026-05-22,sync sau khi rebuild náº¿u cáº¥u hÃ¬nh Google Sheets; fallback CSV local náº¿u lá»—i,"SEA operating pipeline: archive current cÅ©, rebuild CSV/Parquet, KPI/forecast/ranking/recommendation/AI knowledge base, sync Google Sheets summary náº¿u cÃ³ cáº¥u hÃ¬nh.",
23/05/2026 02:47,Viá»‡t Nam,national_destination_alerts,ok,63,datasets/gold/current/national_destination_alerts.csv,datasets/gold/archive/2026-05-23,sync sau khi rebuild náº¿u cáº¥u hÃ¬nh Google Sheets; fallback CSV local náº¿u lá»—i,"SEA operating pipeline: archive current cÅ©, rebuild CSV/Parquet, KPI/forecast/ranking/recommendation/AI knowledge base, sync Google Sheets summary náº¿u cÃ³ cáº¥u hÃ¬nh.",
23/05/2026 02:47,Viá»‡t Nam,redistribution_features,ok,17,datasets/gold/current/redistribution_features.csv,datasets/gold/archive/2026-05-23,sync sau khi rebuild náº¿u cáº¥u hÃ¬nh Google Sheets; fallback CSV local náº¿u lá»—i,"SEA operating pipeline: archive current cÅ©, rebuild CSV/Parquet, KPI/forecast/ranking/recommendation/AI knowledge base, sync Google Sheets summary náº¿u cÃ³ cáº¥u hÃ¬nh.",
23/05/2026 02:47,Viá»‡t Nam,forecast_demand_scores,ok,252,datasets/gold/current/forecast_demand_scores.csv,datasets/gold/archive/2026-05-23,sync sau khi rebuild náº¿u cáº¥u hÃ¬nh Google Sheets; fallback CSV local náº¿u lá»—i,"SEA operating pipeline: archive current cÅ©, rebuild CSV/Parquet, KPI/forecast/ranking/recommendation/AI knowledge base, sync Google Sheets summary náº¿u cÃ³ cáº¥u hÃ¬nh.",
23/05/2026 02:47,Viá»‡t Nam,thoi_tiet_hien_tai,ok,63,datasets/gold/current/thoi_tiet_hien_tai.csv,datasets/gold/archive/2026-05-23,sync sau khi rebuild náº¿u cáº¥u hÃ¬nh Google Sheets; fallback CSV local náº¿u lá»—i,"SEA operating pipeline: archive current cÅ©, rebuild CSV/Parquet, KPI/forecast/ranking/recommendation/AI knowledge base, sync Google Sheets summary náº¿u cÃ³ cáº¥u hÃ¬nh.",
23/05/2026 02:47,Viá»‡t Nam,du_bao_thoi_tiet_7_ngay,ok,63,datasets/gold/current/du_bao_thoi_tiet_7_ngay.csv,datasets/gold/archive/2026-05-23,sync sau khi rebuild náº¿u cáº¥u hÃ¬nh Google Sheets; fallback CSV local náº¿u lá»—i,"SEA operating pipeline: archive current cÅ©, rebuild CSV/Parquet, KPI/forecast/ranking/recommendation/AI knowledge base, sync Google Sheets summary náº¿u cÃ³ cáº¥u hÃ¬nh.",
23/05/2026 02:47,Viá»‡t Nam,kpi_confidence_scores,ok,315,datasets/gold/current/kpi_confidence_scores.csv,datasets/gold/archive/2026-05-23,sync sau khi rebuild náº¿u cáº¥u hÃ¬nh Google Sheets; fallback CSV local náº¿u lá»—i,"SEA operating pipeline: archive current cÅ©, rebuild CSV/Parquet, KPI/forecast/ranking/recommendation/AI knowledge base, sync Google Sheets summary náº¿u cÃ³ cáº¥u hÃ¬nh.",
23/05/2026 02:47,Viá»‡t Nam,proxy_vs_nearrealtime_comparison,ok,63,datasets/gold/current/proxy_vs_nearrealtime_comparison.csv,datasets/gold/archive/2026-05-23,sync sau khi rebuild náº¿u cáº¥u hÃ¬nh Google Sheets; fallback CSV local náº¿u lá»—i,"SEA operating pipeline: archive current cÅ©, rebuild CSV/Parquet, KPI/forecast/ranking/recommendation/AI knowledge base, sync Google Sheets summary náº¿u cÃ³ cáº¥u hÃ¬nh.",
23/05/2026 02:47,Viá»‡t Nam,attraction_ticket_catalog,ok,52,datasets/gold/current/attraction_ticket_catalog.csv,datasets/gold/archive/2026-05-23,sync sau khi rebuild náº¿u cáº¥u hÃ¬nh Google Sheets; fallback CSV local náº¿u lá»—i,"SEA operating pipeline: archive current cÅ©, rebuild CSV/Parquet, KPI/forecast/ranking/recommendation/AI knowledge base, sync Google Sheets summary náº¿u cÃ³ cáº¥u hÃ¬nh.",
23/05/2026 02:47,Viá»‡t Nam,local_spending_poi,ok,500,datasets/gold/current/local_spending_poi.csv,datasets/gold/archive/2026-05-23,sync sau khi rebuild náº¿u cáº¥u hÃ¬nh Google Sheets; fallback CSV local náº¿u lá»—i,"SEA operating pipeline: archive current cÅ©, rebuild CSV/Parquet, KPI/forecast/ranking/recommendation/AI knowledge base, sync Google Sheets summary náº¿u cÃ³ cáº¥u hÃ¬nh.",
23/05/2026 02:47,Viá»‡t Nam,ticket_pressure_scores,ok,63,datasets/gold/current/ticket_pressure_scores.csv,datasets/gold/archive/2026-05-23,sync sau khi rebuild náº¿u cáº¥u hÃ¬nh Google Sheets; fallback CSV local náº¿u lá»—i,"SEA operating pipeline: archive current cÅ©, rebuild CSV/Parquet, KPI/forecast/ranking/recommendation/AI knowledge base, sync Google Sheets summary náº¿u cÃ³ cáº¥u hÃ¬nh.",
23/05/2026 02:47,Viá»‡t Nam,hotel_price_pressure,ok,63,datasets/gold/current/hotel_price_pressure.csv,datasets/gold/archive/2026-05-23,sync sau khi rebuild náº¿u cáº¥u hÃ¬nh Google Sheets; fallback CSV local náº¿u lá»—i,"SEA operating pipeline: archive current cÅ©, rebuild CSV/Parquet, KPI/forecast/ranking/recommendation/AI knowledge base, sync Google Sheets summary náº¿u cÃ³ cáº¥u hÃ¬nh.",
23/05/2026 02:47,Viá»‡t Nam,flight_price_signal,ok,63,datasets/gold/current/flight_price_signal.csv,datasets/gold/archive/2026-05-23,sync sau khi rebuild náº¿u cáº¥u hÃ¬nh Google Sheets; fallback CSV local náº¿u lá»—i,"SEA operating pipeline: archive current cÅ©, rebuild CSV/Parquet, KPI/forecast/ranking/recommendation/AI knowledge base, sync Google Sheets summary náº¿u cÃ³ cáº¥u hÃ¬nh.",
23/05/2026 02:47,Viá»‡t Nam,economic_action_recommendations,ok,441,datasets/gold/current/economic_action_recommendations.csv,datasets/gold/archive/2026-05-23,sync sau khi rebuild náº¿u cáº¥u hÃ¬nh Google Sheets; fallback CSV local náº¿u lá»—i,"SEA operating pipeline: archive current cÅ©, rebuild CSV/Parquet, KPI/forecast/ranking/recommendation/AI knowledge base, sync Google Sheets summary náº¿u cÃ³ cáº¥u hÃ¬nh.",
23/05/2026 02:47,Viá»‡t Nam,news_events,ok,12,datasets/gold/current/news_events.csv,datasets/gold/archive/2026-05-23,sync sau khi rebuild náº¿u cáº¥u hÃ¬nh Google Sheets; fallback CSV local náº¿u lá»—i,"SEA operating pipeline: archive current cÅ©, rebuild CSV/Parquet, KPI/forecast/ranking/recommendation/AI knowledge base, sync Google Sheets summary náº¿u cÃ³ cáº¥u hÃ¬nh.",
23/05/2026 02:47,Viá»‡t Nam,news_risk_signals,ok,12,datasets/gold/current/news_risk_signals.csv,datasets/gold/archive/2026-05-23,sync sau khi rebuild náº¿u cáº¥u hÃ¬nh Google Sheets; fallback CSV local náº¿u lá»—i,"SEA operating pipeline: archive current cÅ©, rebuild CSV/Parquet, KPI/forecast/ranking/recommendation/AI knowledge base, sync Google Sheets summary náº¿u cÃ³ cáº¥u hÃ¬nh.",
23/05/2026 02:47,Viá»‡t Nam,news_action_recommendations,ok,12,datasets/gold/current/news_action_recommendations.csv,datasets/gold/archive/2026-05-23,sync sau khi rebuild náº¿u cáº¥u hÃ¬nh Google Sheets; fallback CSV local náº¿u lá»—i,"SEA operating pipeline: archive current cÅ©, rebuild CSV/Parquet, KPI/forecast/ranking/recommendation/AI knowledge base, sync Google Sheets summary náº¿u cÃ³ cáº¥u hÃ¬nh.",
23/05/2026 02:47,Viá»‡t Nam,news_seen_registry,ok,16,datasets/gold/current/news_seen_registry.csv,datasets/gold/archive/2026-05-23,sync sau khi rebuild náº¿u cáº¥u hÃ¬nh Google Sheets; fallback CSV local náº¿u lá»—i,"SEA operating pipeline: archive current cÅ©, rebuild CSV/Parquet, KPI/forecast/ranking/recommendation/AI knowledge base, sync Google Sheets summary náº¿u cÃ³ cáº¥u hÃ¬nh.",
23/05/2026 02:47,Viá»‡t Nam,news_event_taxonomy,ok,8,datasets/gold/current/news_event_taxonomy.csv,datasets/gold/archive/2026-05-23,sync sau khi rebuild náº¿u cáº¥u hÃ¬nh Google Sheets; fallback CSV local náº¿u lá»—i,"SEA operating pipeline: archive current cÅ©, rebuild CSV/Parquet, KPI/forecast/ranking/recommendation/AI knowledge base, sync Google Sheets summary náº¿u cÃ³ cáº¥u hÃ¬nh.",
23/05/2026 02:47,Viá»‡t Nam,kpi_scale_catalog,ok,10,datasets/gold/current/kpi_scale_catalog.csv,datasets/gold/archive/2026-05-23,sync sau khi rebuild náº¿u cáº¥u hÃ¬nh Google Sheets; fallback CSV local náº¿u lá»—i,"SEA operating pipeline: archive current cÅ©, rebuild CSV/Parquet, KPI/forecast/ranking/recommendation/AI knowledge base, sync Google Sheets summary náº¿u cÃ³ cáº¥u hÃ¬nh.",
23/05/2026 02:47,Viá»‡t Nam,source_monitor_status,ok,19,datasets/gold/current/source_monitor_status.csv,datasets/gold/archive/2026-05-23,sync sau khi rebuild náº¿u cáº¥u hÃ¬nh Google Sheets; fallback CSV local náº¿u lá»—i,"SEA operating pipeline: archive current cÅ©, rebuild CSV/Parquet, KPI/forecast/ranking/recommendation/AI knowledge base, sync Google Sheets summary náº¿u cÃ³ cáº¥u hÃ¬nh.",
23/05/2026 02:47,Viá»‡t Nam,update_queue,ok,2,datasets/gold/current/update_queue.csv,datasets/gold/archive/2026-05-23,sync sau khi rebuild náº¿u cáº¥u hÃ¬nh Google Sheets; fallback CSV local náº¿u lá»—i,"SEA operating pipeline: archive current cÅ©, rebuild CSV/Parquet, KPI/forecast/ranking/recommendation/AI knowledge base, sync Google Sheets summary náº¿u cÃ³ cáº¥u hÃ¬nh.",
23/05/2026 02:47,Viá»‡t Nam,danh_sach_diem_den_mo_rong,ok,63,datasets/gold/current/danh_sach_diem_den_mo_rong.csv,datasets/gold/archive/2026-05-23,sync sau khi rebuild náº¿u cáº¥u hÃ¬nh Google Sheets; fallback CSV local náº¿u lá»—i,"SEA operating pipeline: archive current cÅ©, rebuild CSV/Parquet, KPI/forecast/ranking/recommendation/AI knowledge base, sync Google Sheets summary náº¿u cÃ³ cáº¥u hÃ¬nh.",
23/05/2026 02:47,Viá»‡t Nam,xep_hang_canh_bao_toan_quoc,ok,63,datasets/gold/current/xep_hang_canh_bao_toan_quoc.csv,datasets/gold/archive/2026-05-23,sync sau khi rebuild náº¿u cáº¥u hÃ¬nh Google Sheets; fallback CSV local náº¿u lá»—i,"SEA operating pipeline: archive current cÅ©, rebuild CSV/Parquet, KPI/forecast/ranking/recommendation/AI knowledge base, sync Google Sheets summary náº¿u cÃ³ cáº¥u hÃ¬nh.",
23/05/2026 02:47,Viá»‡t Nam,kiem_dinh_proxy,ok,63,datasets/gold/current/kiem_dinh_proxy.csv,datasets/gold/archive/2026-05-23,sync sau khi rebuild náº¿u cáº¥u hÃ¬nh Google Sheets; fallback CSV local náº¿u lá»—i,"SEA operating pipeline: archive current cÅ©, rebuild CSV/Parquet, KPI/forecast/ranking/recommendation/AI knowledge base, sync Google Sheets summary náº¿u cÃ³ cáº¥u hÃ¬nh.",
23/05/2026 02:47,Viá»‡t Nam,de_xuat_hieu_qua_kinh_te,ok,441,datasets/gold/current/de_xuat_hieu_qua_kinh_te.csv,datasets/gold/archive/2026-05-23,sync sau khi rebuild náº¿u cáº¥u hÃ¬nh Google Sheets; fallback CSV local náº¿u lá»—i,"SEA operating pipeline: archive current cÅ©, rebuild CSV/Parquet, KPI/forecast/ranking/recommendation/AI knowledge base, sync Google Sheets summary náº¿u cÃ³ cáº¥u hÃ¬nh.",
23/05/2026 02:47,Viá»‡t Nam,trang_thai_nguon_du_lieu,ok,19,datasets/gold/current/trang_thai_nguon_du_lieu.csv,datasets/gold/archive/2026-05-23,sync sau khi rebuild náº¿u cáº¥u hÃ¬nh Google Sheets; fallback CSV local náº¿u lá»—i,"SEA operating pipeline: archive current cÅ©, rebuild CSV/Parquet, KPI/forecast/ranking/recommendation/AI knowledge base, sync Google Sheets summary náº¿u cÃ³ cáº¥u hÃ¬nh.",
23/05/2026 02:47,Viá»‡t Nam,hang_cho_cap_nhat,ok,2,datasets/gold/current/hang_cho_cap_nhat.csv,datasets/gold/archive/2026-05-23,sync sau khi rebuild náº¿u cáº¥u hÃ¬nh Google Sheets; fallback CSV local náº¿u lá»—i,"SEA operating pipeline: archive current cÅ©, rebuild CSV/Parquet, KPI/forecast/ranking/recommendation/AI knowledge base, sync Google Sheets summary náº¿u cÃ³ cáº¥u hÃ¬nh.",
23/05/2026 02:47,Viá»‡t Nam,google_sheets_sync_status,ok,7,datasets/gold/current/google_sheets_sync_status.csv,datasets/gold/archive/2026-05-23,sync sau khi rebuild náº¿u cáº¥u hÃ¬nh Google Sheets; fallback CSV local náº¿u lá»—i,"SEA operating pipeline: archive current cÅ©, rebuild CSV/Parquet, KPI/forecast/ranking/recommendation/AI knowledge base, sync Google Sheets summary náº¿u cÃ³ cáº¥u hÃ¬nh.",
23/05/2026 10:21,Viá»‡t Nam,national_destination_alerts,ok,63,datasets/gold/current/national_destination_alerts.csv,datasets/gold/archive/2026-05-23,sync sau khi rebuild náº¿u cáº¥u hÃ¬nh Google Sheets; fallback CSV local náº¿u lá»—i,"SEA operating pipeline: archive current cÅ©, rebuild CSV/Parquet, KPI/forecast/ranking/recommendation/AI knowledge base, sync Google Sheets summary náº¿u cÃ³ cáº¥u hÃ¬nh.",
23/05/2026 10:21,Viá»‡t Nam,redistribution_features,ok,17,datasets/gold/current/redistribution_features.csv,datasets/gold/archive/2026-05-23,sync sau khi rebuild náº¿u cáº¥u hÃ¬nh Google Sheets; fallback CSV local náº¿u lá»—i,"SEA operating pipeline: archive current cÅ©, rebuild CSV/Parquet, KPI/forecast/ranking/recommendation/AI knowledge base, sync Google Sheets summary náº¿u cÃ³ cáº¥u hÃ¬nh.",
23/05/2026 10:21,Viá»‡t Nam,forecast_demand_scores,ok,252,datasets/gold/current/forecast_demand_scores.csv,datasets/gold/archive/2026-05-23,sync sau khi rebuild náº¿u cáº¥u hÃ¬nh Google Sheets; fallback CSV local náº¿u lá»—i,"SEA operating pipeline: archive current cÅ©, rebuild CSV/Parquet, KPI/forecast/ranking/recommendation/AI knowledge base, sync Google Sheets summary náº¿u cÃ³ cáº¥u hÃ¬nh.",
23/05/2026 10:21,Viá»‡t Nam,thoi_tiet_hien_tai,ok,63,datasets/gold/current/thoi_tiet_hien_tai.csv,datasets/gold/archive/2026-05-23,sync sau khi rebuild náº¿u cáº¥u hÃ¬nh Google Sheets; fallback CSV local náº¿u lá»—i,"SEA operating pipeline: archive current cÅ©, rebuild CSV/Parquet, KPI/forecast/ranking/recommendation/AI knowledge base, sync Google Sheets summary náº¿u cÃ³ cáº¥u hÃ¬nh.",
23/05/2026 10:21,Viá»‡t Nam,du_bao_thoi_tiet_7_ngay,ok,63,datasets/gold/current/du_bao_thoi_tiet_7_ngay.csv,datasets/gold/archive/2026-05-23,sync sau khi rebuild náº¿u cáº¥u hÃ¬nh Google Sheets; fallback CSV local náº¿u lá»—i,"SEA operating pipeline: archive current cÅ©, rebuild CSV/Parquet, KPI/forecast/ranking/recommendation/AI knowledge base, sync Google Sheets summary náº¿u cÃ³ cáº¥u hÃ¬nh.",
23/05/2026 10:21,Viá»‡t Nam,kpi_confidence_scores,ok,315,datasets/gold/current/kpi_confidence_scores.csv,datasets/gold/archive/2026-05-23,sync sau khi rebuild náº¿u cáº¥u hÃ¬nh Google Sheets; fallback CSV local náº¿u lá»—i,"SEA operating pipeline: archive current cÅ©, rebuild CSV/Parquet, KPI/forecast/ranking/recommendation/AI knowledge base, sync Google Sheets summary náº¿u cÃ³ cáº¥u hÃ¬nh.",
23/05/2026 10:21,Viá»‡t Nam,proxy_vs_nearrealtime_comparison,ok,63,datasets/gold/current/proxy_vs_nearrealtime_comparison.csv,datasets/gold/archive/2026-05-23,sync sau khi rebuild náº¿u cáº¥u hÃ¬nh Google Sheets; fallback CSV local náº¿u lá»—i,"SEA operating pipeline: archive current cÅ©, rebuild CSV/Parquet, KPI/forecast/ranking/recommendation/AI knowledge base, sync Google Sheets summary náº¿u cÃ³ cáº¥u hÃ¬nh.",
23/05/2026 10:21,Viá»‡t Nam,attraction_ticket_catalog,ok,52,datasets/gold/current/attraction_ticket_catalog.csv,datasets/gold/archive/2026-05-23,sync sau khi rebuild náº¿u cáº¥u hÃ¬nh Google Sheets; fallback CSV local náº¿u lá»—i,"SEA operating pipeline: archive current cÅ©, rebuild CSV/Parquet, KPI/forecast/ranking/recommendation/AI knowledge base, sync Google Sheets summary náº¿u cÃ³ cáº¥u hÃ¬nh.",
23/05/2026 10:21,Viá»‡t Nam,local_spending_poi,ok,500,datasets/gold/current/local_spending_poi.csv,datasets/gold/archive/2026-05-23,sync sau khi rebuild náº¿u cáº¥u hÃ¬nh Google Sheets; fallback CSV local náº¿u lá»—i,"SEA operating pipeline: archive current cÅ©, rebuild CSV/Parquet, KPI/forecast/ranking/recommendation/AI knowledge base, sync Google Sheets summary náº¿u cÃ³ cáº¥u hÃ¬nh.",
23/05/2026 10:21,Viá»‡t Nam,ticket_pressure_scores,ok,63,datasets/gold/current/ticket_pressure_scores.csv,datasets/gold/archive/2026-05-23,sync sau khi rebuild náº¿u cáº¥u hÃ¬nh Google Sheets; fallback CSV local náº¿u lá»—i,"SEA operating pipeline: archive current cÅ©, rebuild CSV/Parquet, KPI/forecast/ranking/recommendation/AI knowledge base, sync Google Sheets summary náº¿u cÃ³ cáº¥u hÃ¬nh.",
23/05/2026 10:21,Viá»‡t Nam,hotel_price_pressure,ok,63,datasets/gold/current/hotel_price_pressure.csv,datasets/gold/archive/2026-05-23,sync sau khi rebuild náº¿u cáº¥u hÃ¬nh Google Sheets; fallback CSV local náº¿u lá»—i,"SEA operating pipeline: archive current cÅ©, rebuild CSV/Parquet, KPI/forecast/ranking/recommendation/AI knowledge base, sync Google Sheets summary náº¿u cÃ³ cáº¥u hÃ¬nh.",
23/05/2026 10:21,Viá»‡t Nam,flight_price_signal,ok,63,datasets/gold/current/flight_price_signal.csv,datasets/gold/archive/2026-05-23,sync sau khi rebuild náº¿u cáº¥u hÃ¬nh Google Sheets; fallback CSV local náº¿u lá»—i,"SEA operating pipeline: archive current cÅ©, rebuild CSV/Parquet, KPI/forecast/ranking/recommendation/AI knowledge base, sync Google Sheets summary náº¿u cÃ³ cáº¥u hÃ¬nh.",
23/05/2026 10:21,Viá»‡t Nam,economic_action_recommendations,ok,441,datasets/gold/current/economic_action_recommendations.csv,datasets/gold/archive/2026-05-23,sync sau khi rebuild náº¿u cáº¥u hÃ¬nh Google Sheets; fallback CSV local náº¿u lá»—i,"SEA operating pipeline: archive current cÅ©, rebuild CSV/Parquet, KPI/forecast/ranking/recommendation/AI knowledge base, sync Google Sheets summary náº¿u cÃ³ cáº¥u hÃ¬nh.",
23/05/2026 10:21,Viá»‡t Nam,news_events,ok,12,datasets/gold/current/news_events.csv,datasets/gold/archive/2026-05-23,sync sau khi rebuild náº¿u cáº¥u hÃ¬nh Google Sheets; fallback CSV local náº¿u lá»—i,"SEA operating pipeline: archive current cÅ©, rebuild CSV/Parquet, KPI/forecast/ranking/recommendation/AI knowledge base, sync Google Sheets summary náº¿u cÃ³ cáº¥u hÃ¬nh.",
23/05/2026 10:21,Viá»‡t Nam,news_risk_signals,ok,12,datasets/gold/current/news_risk_signals.csv,datasets/gold/archive/2026-05-23,sync sau khi rebuild náº¿u cáº¥u hÃ¬nh Google Sheets; fallback CSV local náº¿u lá»—i,"SEA operating pipeline: archive current cÅ©, rebuild CSV/Parquet, KPI/forecast/ranking/recommendation/AI knowledge base, sync Google Sheets summary náº¿u cÃ³ cáº¥u hÃ¬nh.",
23/05/2026 10:21,Viá»‡t Nam,news_action_recommendations,ok,12,datasets/gold/current/news_action_recommendations.csv,datasets/gold/archive/2026-05-23,sync sau khi rebuild náº¿u cáº¥u hÃ¬nh Google Sheets; fallback CSV local náº¿u lá»—i,"SEA operating pipeline: archive current cÅ©, rebuild CSV/Parquet, KPI/forecast/ranking/recommendation/AI knowledge base, sync Google Sheets summary náº¿u cÃ³ cáº¥u hÃ¬nh.",
23/05/2026 10:21,Viá»‡t Nam,news_seen_registry,ok,16,datasets/gold/current/news_seen_registry.csv,datasets/gold/archive/2026-05-23,sync sau khi rebuild náº¿u cáº¥u hÃ¬nh Google Sheets; fallback CSV local náº¿u lá»—i,"SEA operating pipeline: archive current cÅ©, rebuild CSV/Parquet, KPI/forecast/ranking/recommendation/AI knowledge base, sync Google Sheets summary náº¿u cÃ³ cáº¥u hÃ¬nh.",
23/05/2026 10:21,Viá»‡t Nam,news_event_taxonomy,ok,8,datasets/gold/current/news_event_taxonomy.csv,datasets/gold/archive/2026-05-23,sync sau khi rebuild náº¿u cáº¥u hÃ¬nh Google Sheets; fallback CSV local náº¿u lá»—i,"SEA operating pipeline: archive current cÅ©, rebuild CSV/Parquet, KPI/forecast/ranking/recommendation/AI knowledge base, sync Google Sheets summary náº¿u cÃ³ cáº¥u hÃ¬nh.",
23/05/2026 10:21,Viá»‡t Nam,kpi_scale_catalog,ok,10,datasets/gold/current/kpi_scale_catalog.csv,datasets/gold/archive/2026-05-23,sync sau khi rebuild náº¿u cáº¥u hÃ¬nh Google Sheets; fallback CSV local náº¿u lá»—i,"SEA operating pipeline: archive current cÅ©, rebuild CSV/Parquet, KPI/forecast/ranking/recommendation/AI knowledge base, sync Google Sheets summary náº¿u cÃ³ cáº¥u hÃ¬nh.",
23/05/2026 10:21,Viá»‡t Nam,source_monitor_status,ok,19,datasets/gold/current/source_monitor_status.csv,datasets/gold/archive/2026-05-23,sync sau khi rebuild náº¿u cáº¥u hÃ¬nh Google Sheets; fallback CSV local náº¿u lá»—i,"SEA operating pipeline: archive current cÅ©, rebuild CSV/Parquet, KPI/forecast/ranking/recommendation/AI knowledge base, sync Google Sheets summary náº¿u cÃ³ cáº¥u hÃ¬nh.",
23/05/2026 10:21,Viá»‡t Nam,update_queue,ok,2,datasets/gold/current/update_queue.csv,datasets/gold/archive/2026-05-23,sync sau khi rebuild náº¿u cáº¥u hÃ¬nh Google Sheets; fallback CSV local náº¿u lá»—i,"SEA operating pipeline: archive current cÅ©, rebuild CSV/Parquet, KPI/forecast/ranking/recommendation/AI knowledge base, sync Google Sheets summary náº¿u cÃ³ cáº¥u hÃ¬nh.",
23/05/2026 10:21,Viá»‡t Nam,danh_sach_diem_den_mo_rong,ok,63,datasets/gold/current/danh_sach_diem_den_mo_rong.csv,datasets/gold/archive/2026-05-23,sync sau khi rebuild náº¿u cáº¥u hÃ¬nh Google Sheets; fallback CSV local náº¿u lá»—i,"SEA operating pipeline: archive current cÅ©, rebuild CSV/Parquet, KPI/forecast/ranking/recommendation/AI knowledge base, sync Google Sheets summary náº¿u cÃ³ cáº¥u hÃ¬nh.",
23/05/2026 10:21,Viá»‡t Nam,xep_hang_canh_bao_toan_quoc,ok,63,datasets/gold/current/xep_hang_canh_bao_toan_quoc.csv,datasets/gold/archive/2026-05-23,sync sau khi rebuild náº¿u cáº¥u hÃ¬nh Google Sheets; fallback CSV local náº¿u lá»—i,"SEA operating pipeline: archive current cÅ©, rebuild CSV/Parquet, KPI/forecast/ranking/recommendation/AI knowledge base, sync Google Sheets summary náº¿u cÃ³ cáº¥u hÃ¬nh.",
23/05/2026 10:21,Viá»‡t Nam,kiem_dinh_proxy,ok,63,datasets/gold/current/kiem_dinh_proxy.csv,datasets/gold/archive/2026-05-23,sync sau khi rebuild náº¿u cáº¥u hÃ¬nh Google Sheets; fallback CSV local náº¿u lá»—i,"SEA operating pipeline: archive current cÅ©, rebuild CSV/Parquet, KPI/forecast/ranking/recommendation/AI knowledge base, sync Google Sheets summary náº¿u cÃ³ cáº¥u hÃ¬nh.",
23/05/2026 10:21,Viá»‡t Nam,de_xuat_hieu_qua_kinh_te,ok,441,datasets/gold/current/de_xuat_hieu_qua_kinh_te.csv,datasets/gold/archive/2026-05-23,sync sau khi rebuild náº¿u cáº¥u hÃ¬nh Google Sheets; fallback CSV local náº¿u lá»—i,"SEA operating pipeline: archive current cÅ©, rebuild CSV/Parquet, KPI/forecast/ranking/recommendation/AI knowledge base, sync Google Sheets summary náº¿u cÃ³ cáº¥u hÃ¬nh.",
23/05/2026 10:21,Viá»‡t Nam,trang_thai_nguon_du_lieu,ok,19,datasets/gold/current/trang_thai_nguon_du_lieu.csv,datasets/gold/archive/2026-05-23,sync sau khi rebuild náº¿u cáº¥u hÃ¬nh Google Sheets; fallback CSV local náº¿u lá»—i,"SEA operating pipeline: archive current cÅ©, rebuild CSV/Parquet, KPI/forecast/ranking/recommendation/AI knowledge base, sync Google Sheets summary náº¿u cÃ³ cáº¥u hÃ¬nh.",
23/05/2026 10:21,Viá»‡t Nam,hang_cho_cap_nhat,ok,2,datasets/gold/current/hang_cho_cap_nhat.csv,datasets/gold/archive/2026-05-23,sync sau khi rebuild náº¿u cáº¥u hÃ¬nh Google Sheets; fallback CSV local náº¿u lá»—i,"SEA operating pipeline: archive current cÅ©, rebuild CSV/Parquet, KPI/forecast/ranking/recommendation/AI knowledge base, sync Google Sheets summary náº¿u cÃ³ cáº¥u hÃ¬nh.",
23/05/2026 10:21,Viá»‡t Nam,google_sheets_sync_status,ok,7,datasets/gold/current/google_sheets_sync_status.csv,datasets/gold/archive/2026-05-23,sync sau khi rebuild náº¿u cáº¥u hÃ¬nh Google Sheets; fallback CSV local náº¿u lá»—i,"SEA operating pipeline: archive current cÅ©, rebuild CSV/Parquet, KPI/forecast/ranking/recommendation/AI knowledge base, sync Google Sheets summary náº¿u cÃ³ cáº¥u hÃ¬nh.",
23/05/2026 15:21,Viá»‡t Nam,national_destination_alerts,ok,63,datasets/gold/current/national_destination_alerts.csv,datasets/gold/archive/2026-05-23,sync sau khi rebuild náº¿u cáº¥u hÃ¬nh Google Sheets; fallback CSV local náº¿u lá»—i,"SEA operating pipeline: archive current cÅ©, rebuild CSV/Parquet, KPI/forecast/ranking/recommendation/AI knowledge base, sync Google Sheets summary náº¿u cÃ³ cáº¥u hÃ¬nh.",
23/05/2026 15:21,Viá»‡t Nam,redistribution_features,ok,17,datasets/gold/current/redistribution_features.csv,datasets/gold/archive/2026-05-23,sync sau khi rebuild náº¿u cáº¥u hÃ¬nh Google Sheets; fallback CSV local náº¿u lá»—i,"SEA operating pipeline: archive current cÅ©, rebuild CSV/Parquet, KPI/forecast/ranking/recommendation/AI knowledge base, sync Google Sheets summary náº¿u cÃ³ cáº¥u hÃ¬nh.",
23/05/2026 15:21,Viá»‡t Nam,forecast_demand_scores,ok,252,datasets/gold/current/forecast_demand_scores.csv,datasets/gold/archive/2026-05-23,sync sau khi rebuild náº¿u cáº¥u hÃ¬nh Google Sheets; fallback CSV local náº¿u lá»—i,"SEA operating pipeline: archive current cÅ©, rebuild CSV/Parquet, KPI/forecast/ranking/recommendation/AI knowledge base, sync Google Sheets summary náº¿u cÃ³ cáº¥u hÃ¬nh.",
23/05/2026 15:21,Viá»‡t Nam,thoi_tiet_hien_tai,ok,63,datasets/gold/current/thoi_tiet_hien_tai.csv,datasets/gold/archive/2026-05-23,sync sau khi rebuild náº¿u cáº¥u hÃ¬nh Google Sheets; fallback CSV local náº¿u lá»—i,"SEA operating pipeline: archive current cÅ©, rebuild CSV/Parquet, KPI/forecast/ranking/recommendation/AI knowledge base, sync Google Sheets summary náº¿u cÃ³ cáº¥u hÃ¬nh.",
23/05/2026 15:21,Viá»‡t Nam,du_bao_thoi_tiet_7_ngay,ok,63,datasets/gold/current/du_bao_thoi_tiet_7_ngay.csv,datasets/gold/archive/2026-05-23,sync sau khi rebuild náº¿u cáº¥u hÃ¬nh Google Sheets; fallback CSV local náº¿u lá»—i,"SEA operating pipeline: archive current cÅ©, rebuild CSV/Parquet, KPI/forecast/ranking/recommendation/AI knowledge base, sync Google Sheets summary náº¿u cÃ³ cáº¥u hÃ¬nh.",
23/05/2026 15:21,Viá»‡t Nam,kpi_confidence_scores,ok,315,datasets/gold/current/kpi_confidence_scores.csv,datasets/gold/archive/2026-05-23,sync sau khi rebuild náº¿u cáº¥u hÃ¬nh Google Sheets; fallback CSV local náº¿u lá»—i,"SEA operating pipeline: archive current cÅ©, rebuild CSV/Parquet, KPI/forecast/ranking/recommendation/AI knowledge base, sync Google Sheets summary náº¿u cÃ³ cáº¥u hÃ¬nh.",
23/05/2026 15:21,Viá»‡t Nam,proxy_vs_nearrealtime_comparison,ok,63,datasets/gold/current/proxy_vs_nearrealtime_comparison.csv,datasets/gold/archive/2026-05-23,sync sau khi rebuild náº¿u cáº¥u hÃ¬nh Google Sheets; fallback CSV local náº¿u lá»—i,"SEA operating pipeline: archive current cÅ©, rebuild CSV/Parquet, KPI/forecast/ranking/recommendation/AI knowledge base, sync Google Sheets summary náº¿u cÃ³ cáº¥u hÃ¬nh.",
23/05/2026 15:21,Viá»‡t Nam,attraction_ticket_catalog,ok,52,datasets/gold/current/attraction_ticket_catalog.csv,datasets/gold/archive/2026-05-23,sync sau khi rebuild náº¿u cáº¥u hÃ¬nh Google Sheets; fallback CSV local náº¿u lá»—i,"SEA operating pipeline: archive current cÅ©, rebuild CSV/Parquet, KPI/forecast/ranking/recommendation/AI knowledge base, sync Google Sheets summary náº¿u cÃ³ cáº¥u hÃ¬nh.",
23/05/2026 15:21,Viá»‡t Nam,local_spending_poi,ok,500,datasets/gold/current/local_spending_poi.csv,datasets/gold/archive/2026-05-23,sync sau khi rebuild náº¿u cáº¥u hÃ¬nh Google Sheets; fallback CSV local náº¿u lá»—i,"SEA operating pipeline: archive current cÅ©, rebuild CSV/Parquet, KPI/forecast/ranking/recommendation/AI knowledge base, sync Google Sheets summary náº¿u cÃ³ cáº¥u hÃ¬nh.",
23/05/2026 15:21,Viá»‡t Nam,ticket_pressure_scores,ok,63,datasets/gold/current/ticket_pressure_scores.csv,datasets/gold/archive/2026-05-23,sync sau khi rebuild náº¿u cáº¥u hÃ¬nh Google Sheets; fallback CSV local náº¿u lá»—i,"SEA operating pipeline: archive current cÅ©, rebuild CSV/Parquet, KPI/forecast/ranking/recommendation/AI knowledge base, sync Google Sheets summary náº¿u cÃ³ cáº¥u hÃ¬nh.",
23/05/2026 15:21,Viá»‡t Nam,hotel_price_pressure,ok,63,datasets/gold/current/hotel_price_pressure.csv,datasets/gold/archive/2026-05-23,sync sau khi rebuild náº¿u cáº¥u hÃ¬nh Google Sheets; fallback CSV local náº¿u lá»—i,"SEA operating pipeline: archive current cÅ©, rebuild CSV/Parquet, KPI/forecast/ranking/recommendation/AI knowledge base, sync Google Sheets summary náº¿u cÃ³ cáº¥u hÃ¬nh.",
23/05/2026 15:21,Viá»‡t Nam,flight_price_signal,ok,63,datasets/gold/current/flight_price_signal.csv,datasets/gold/archive/2026-05-23,sync sau khi rebuild náº¿u cáº¥u hÃ¬nh Google Sheets; fallback CSV local náº¿u lá»—i,"SEA operating pipeline: archive current cÅ©, rebuild CSV/Parquet, KPI/forecast/ranking/recommendation/AI knowledge base, sync Google Sheets summary náº¿u cÃ³ cáº¥u hÃ¬nh.",
23/05/2026 15:21,Viá»‡t Nam,economic_action_recommendations,ok,441,datasets/gold/current/economic_action_recommendations.csv,datasets/gold/archive/2026-05-23,sync sau khi rebuild náº¿u cáº¥u hÃ¬nh Google Sheets; fallback CSV local náº¿u lá»—i,"SEA operating pipeline: archive current cÅ©, rebuild CSV/Parquet, KPI/forecast/ranking/recommendation/AI knowledge base, sync Google Sheets summary náº¿u cÃ³ cáº¥u hÃ¬nh.",
23/05/2026 15:21,Viá»‡t Nam,news_events,ok,12,datasets/gold/current/news_events.csv,datasets/gold/archive/2026-05-23,sync sau khi rebuild náº¿u cáº¥u hÃ¬nh Google Sheets; fallback CSV local náº¿u lá»—i,"SEA operating pipeline: archive current cÅ©, rebuild CSV/Parquet, KPI/forecast/ranking/recommendation/AI knowledge base, sync Google Sheets summary náº¿u cÃ³ cáº¥u hÃ¬nh.",
23/05/2026 15:21,Viá»‡t Nam,news_risk_signals,ok,12,datasets/gold/current/news_risk_signals.csv,datasets/gold/archive/2026-05-23,sync sau khi rebuild náº¿u cáº¥u hÃ¬nh Google Sheets; fallback CSV local náº¿u lá»—i,"SEA operating pipeline: archive current cÅ©, rebuild CSV/Parquet, KPI/forecast/ranking/recommendation/AI knowledge base, sync Google Sheets summary náº¿u cÃ³ cáº¥u hÃ¬nh.",
23/05/2026 15:21,Viá»‡t Nam,news_action_recommendations,ok,12,datasets/gold/current/news_action_recommendations.csv,datasets/gold/archive/2026-05-23,sync sau khi rebuild náº¿u cáº¥u hÃ¬nh Google Sheets; fallback CSV local náº¿u lá»—i,"SEA operating pipeline: archive current cÅ©, rebuild CSV/Parquet, KPI/forecast/ranking/recommendation/AI knowledge base, sync Google Sheets summary náº¿u cÃ³ cáº¥u hÃ¬nh.",
23/05/2026 15:21,Viá»‡t Nam,news_seen_registry,ok,16,datasets/gold/current/news_seen_registry.csv,datasets/gold/archive/2026-05-23,sync sau khi rebuild náº¿u cáº¥u hÃ¬nh Google Sheets; fallback CSV local náº¿u lá»—i,"SEA operating pipeline: archive current cÅ©, rebuild CSV/Parquet, KPI/forecast/ranking/recommendation/AI knowledge base, sync Google Sheets summary náº¿u cÃ³ cáº¥u hÃ¬nh.",
23/05/2026 15:21,Viá»‡t Nam,news_event_taxonomy,ok,8,datasets/gold/current/news_event_taxonomy.csv,datasets/gold/archive/2026-05-23,sync sau khi rebuild náº¿u cáº¥u hÃ¬nh Google Sheets; fallback CSV local náº¿u lá»—i,"SEA operating pipeline: archive current cÅ©, rebuild CSV/Parquet, KPI/forecast/ranking/recommendation/AI knowledge base, sync Google Sheets summary náº¿u cÃ³ cáº¥u hÃ¬nh.",
23/05/2026 15:21,Viá»‡t Nam,kpi_scale_catalog,ok,10,datasets/gold/current/kpi_scale_catalog.csv,datasets/gold/archive/2026-05-23,sync sau khi rebuild náº¿u cáº¥u hÃ¬nh Google Sheets; fallback CSV local náº¿u lá»—i,"SEA operating pipeline: archive current cÅ©, rebuild CSV/Parquet, KPI/forecast/ranking/recommendation/AI knowledge base, sync Google Sheets summary náº¿u cÃ³ cáº¥u hÃ¬nh.",
23/05/2026 15:21,Viá»‡t Nam,source_monitor_status,ok,19,datasets/gold/current/source_monitor_status.csv,datasets/gold/archive/2026-05-23,sync sau khi rebuild náº¿u cáº¥u hÃ¬nh Google Sheets; fallback CSV local náº¿u lá»—i,"SEA operating pipeline: archive current cÅ©, rebuild CSV/Parquet, KPI/forecast/ranking/recommendation/AI knowledge base, sync Google Sheets summary náº¿u cÃ³ cáº¥u hÃ¬nh.",
23/05/2026 15:21,Viá»‡t Nam,update_queue,ok,2,datasets/gold/current/update_queue.csv,datasets/gold/archive/2026-05-23,sync sau khi rebuild náº¿u cáº¥u hÃ¬nh Google Sheets; fallback CSV local náº¿u lá»—i,"SEA operating pipeline: archive current cÅ©, rebuild CSV/Parquet, KPI/forecast/ranking/recommendation/AI knowledge base, sync Google Sheets summary náº¿u cÃ³ cáº¥u hÃ¬nh.",
23/05/2026 15:21,Viá»‡t Nam,danh_sach_diem_den_mo_rong,ok,63,datasets/gold/current/danh_sach_diem_den_mo_rong.csv,datasets/gold/archive/2026-05-23,sync sau khi rebuild náº¿u cáº¥u hÃ¬nh Google Sheets; fallback CSV local náº¿u lá»—i,"SEA operating pipeline: archive current cÅ©, rebuild CSV/Parquet, KPI/forecast/ranking/recommendation/AI knowledge base, sync Google Sheets summary náº¿u cÃ³ cáº¥u hÃ¬nh.",
23/05/2026 15:21,Viá»‡t Nam,xep_hang_canh_bao_toan_quoc,ok,63,datasets/gold/current/xep_hang_canh_bao_toan_quoc.csv,datasets/gold/archive/2026-05-23,sync sau khi rebuild náº¿u cáº¥u hÃ¬nh Google Sheets; fallback CSV local náº¿u lá»—i,"SEA operating pipeline: archive current cÅ©, rebuild CSV/Parquet, KPI/forecast/ranking/recommendation/AI knowledge base, sync Google Sheets summary náº¿u cÃ³ cáº¥u hÃ¬nh.",
23/05/2026 15:21,Viá»‡t Nam,kiem_dinh_proxy,ok,63,datasets/gold/current/kiem_dinh_proxy.csv,datasets/gold/archive/2026-05-23,sync sau khi rebuild náº¿u cáº¥u hÃ¬nh Google Sheets; fallback CSV local náº¿u lá»—i,"SEA operating pipeline: archive current cÅ©, rebuild CSV/Parquet, KPI/forecast/ranking/recommendation/AI knowledge base, sync Google Sheets summary náº¿u cÃ³ cáº¥u hÃ¬nh.",
23/05/2026 15:21,Viá»‡t Nam,de_xuat_hieu_qua_kinh_te,ok,441,datasets/gold/current/de_xuat_hieu_qua_kinh_te.csv,datasets/gold/archive/2026-05-23,sync sau khi rebuild náº¿u cáº¥u hÃ¬nh Google Sheets; fallback CSV local náº¿u lá»—i,"SEA operating pipeline: archive current cÅ©, rebuild CSV/Parquet, KPI/forecast/ranking/recommendation/AI knowledge base, sync Google Sheets summary náº¿u cÃ³ cáº¥u hÃ¬nh.",
23/05/2026 15:21,Viá»‡t Nam,trang_thai_nguon_du_lieu,ok,19,datasets/gold/current/trang_thai_nguon_du_lieu.csv,datasets/gold/archive/2026-05-23,sync sau khi rebuild náº¿u cáº¥u hÃ¬nh Google Sheets; fallback CSV local náº¿u lá»—i,"SEA operating pipeline: archive current cÅ©, rebuild CSV/Parquet, KPI/forecast/ranking/recommendation/AI knowledge base, sync Google Sheets summary náº¿u cÃ³ cáº¥u hÃ¬nh.",
23/05/2026 15:21,Viá»‡t Nam,hang_cho_cap_nhat,ok,2,datasets/gold/current/hang_cho_cap_nhat.csv,datasets/gold/archive/2026-05-23,sync sau khi rebuild náº¿u cáº¥u hÃ¬nh Google Sheets; fallback CSV local náº¿u lá»—i,"SEA operating pipeline: archive current cÅ©, rebuild CSV/Parquet, KPI/forecast/ranking/recommendation/AI knowledge base, sync Google Sheets summary náº¿u cÃ³ cáº¥u hÃ¬nh.",
23/05/2026 15:21,Viá»‡t Nam,google_sheets_sync_status,ok,7,datasets/gold/current/google_sheets_sync_status.csv,datasets/gold/archive/2026-05-23,sync sau khi rebuild náº¿u cáº¥u hÃ¬nh Google Sheets; fallback CSV local náº¿u lá»—i,"SEA operating pipeline: archive current cÅ©, rebuild CSV/Parquet, KPI/forecast/ranking/recommendation/AI knowledge base, sync Google Sheets summary náº¿u cÃ³ cáº¥u hÃ¬nh.",
23/05/2026 20:26,Viá»‡t Nam,national_destination_alerts,ok,63,datasets/gold/current/national_destination_alerts.csv,datasets/gold/archive/2026-05-23,sync sau khi rebuild náº¿u cáº¥u hÃ¬nh Google Sheets; fallback CSV local náº¿u lá»—i,"SEA operating pipeline: archive current cÅ©, rebuild CSV/Parquet, KPI/forecast/ranking/recommendation/AI knowledge base, sync Google Sheets summary náº¿u cÃ³ cáº¥u hÃ¬nh.",
23/05/2026 20:26,Viá»‡t Nam,redistribution_features,ok,17,datasets/gold/current/redistribution_features.csv,datasets/gold/archive/2026-05-23,sync sau khi rebuild náº¿u cáº¥u hÃ¬nh Google Sheets; fallback CSV local náº¿u lá»—i,"SEA operating pipeline: archive current cÅ©, rebuild CSV/Parquet, KPI/forecast/ranking/recommendation/AI knowledge base, sync Google Sheets summary náº¿u cÃ³ cáº¥u hÃ¬nh.",
23/05/2026 20:26,Viá»‡t Nam,forecast_demand_scores,ok,252,datasets/gold/current/forecast_demand_scores.csv,datasets/gold/archive/2026-05-23,sync sau khi rebuild náº¿u cáº¥u hÃ¬nh Google Sheets; fallback CSV local náº¿u lá»—i,"SEA operating pipeline: archive current cÅ©, rebuild CSV/Parquet, KPI/forecast/ranking/recommendation/AI knowledge base, sync Google Sheets summary náº¿u cÃ³ cáº¥u hÃ¬nh.",
23/05/2026 20:26,Viá»‡t Nam,thoi_tiet_hien_tai,ok,63,datasets/gold/current/thoi_tiet_hien_tai.csv,datasets/gold/archive/2026-05-23,sync sau khi rebuild náº¿u cáº¥u hÃ¬nh Google Sheets; fallback CSV local náº¿u lá»—i,"SEA operating pipeline: archive current cÅ©, rebuild CSV/Parquet, KPI/forecast/ranking/recommendation/AI knowledge base, sync Google Sheets summary náº¿u cÃ³ cáº¥u hÃ¬nh.",
23/05/2026 20:26,Viá»‡t Nam,du_bao_thoi_tiet_7_ngay,ok,63,datasets/gold/current/du_bao_thoi_tiet_7_ngay.csv,datasets/gold/archive/2026-05-23,sync sau khi rebuild náº¿u cáº¥u hÃ¬nh Google Sheets; fallback CSV local náº¿u lá»—i,"SEA operating pipeline: archive current cÅ©, rebuild CSV/Parquet, KPI/forecast/ranking/recommendation/AI knowledge base, sync Google Sheets summary náº¿u cÃ³ cáº¥u hÃ¬nh.",
23/05/2026 20:26,Viá»‡t Nam,kpi_confidence_scores,ok,315,datasets/gold/current/kpi_confidence_scores.csv,datasets/gold/archive/2026-05-23,sync sau khi rebuild náº¿u cáº¥u hÃ¬nh Google Sheets; fallback CSV local náº¿u lá»—i,"SEA operating pipeline: archive current cÅ©, rebuild CSV/Parquet, KPI/forecast/ranking/recommendation/AI knowledge base, sync Google Sheets summary náº¿u cÃ³ cáº¥u hÃ¬nh.",
23/05/2026 20:26,Viá»‡t Nam,proxy_vs_nearrealtime_comparison,ok,63,datasets/gold/current/proxy_vs_nearrealtime_comparison.csv,datasets/gold/archive/2026-05-23,sync sau khi rebuild náº¿u cáº¥u hÃ¬nh Google Sheets; fallback CSV local náº¿u lá»—i,"SEA operating pipeline: archive current cÅ©, rebuild CSV/Parquet, KPI/forecast/ranking/recommendation/AI knowledge base, sync Google Sheets summary náº¿u cÃ³ cáº¥u hÃ¬nh.",
23/05/2026 20:26,Viá»‡t Nam,attraction_ticket_catalog,ok,52,datasets/gold/current/attraction_ticket_catalog.csv,datasets/gold/archive/2026-05-23,sync sau khi rebuild náº¿u cáº¥u hÃ¬nh Google Sheets; fallback CSV local náº¿u lá»—i,"SEA operating pipeline: archive current cÅ©, rebuild CSV/Parquet, KPI/forecast/ranking/recommendation/AI knowledge base, sync Google Sheets summary náº¿u cÃ³ cáº¥u hÃ¬nh.",
23/05/2026 20:26,Viá»‡t Nam,local_spending_poi,ok,500,datasets/gold/current/local_spending_poi.csv,datasets/gold/archive/2026-05-23,sync sau khi rebuild náº¿u cáº¥u hÃ¬nh Google Sheets; fallback CSV local náº¿u lá»—i,"SEA operating pipeline: archive current cÅ©, rebuild CSV/Parquet, KPI/forecast/ranking/recommendation/AI knowledge base, sync Google Sheets summary náº¿u cÃ³ cáº¥u hÃ¬nh.",
23/05/2026 20:26,Viá»‡t Nam,ticket_pressure_scores,ok,63,datasets/gold/current/ticket_pressure_scores.csv,datasets/gold/archive/2026-05-23,sync sau khi rebuild náº¿u cáº¥u hÃ¬nh Google Sheets; fallback CSV local náº¿u lá»—i,"SEA operating pipeline: archive current cÅ©, rebuild CSV/Parquet, KPI/forecast/ranking/recommendation/AI knowledge base, sync Google Sheets summary náº¿u cÃ³ cáº¥u hÃ¬nh.",
23/05/2026 20:26,Viá»‡t Nam,hotel_price_pressure,ok,63,datasets/gold/current/hotel_price_pressure.csv,datasets/gold/archive/2026-05-23,sync sau khi rebuild náº¿u cáº¥u hÃ¬nh Google Sheets; fallback CSV local náº¿u lá»—i,"SEA operating pipeline: archive current cÅ©, rebuild CSV/Parquet, KPI/forecast/ranking/recommendation/AI knowledge base, sync Google Sheets summary náº¿u cÃ³ cáº¥u hÃ¬nh.",
23/05/2026 20:26,Viá»‡t Nam,flight_price_signal,ok,63,datasets/gold/current/flight_price_signal.csv,datasets/gold/archive/2026-05-23,sync sau khi rebuild náº¿u cáº¥u hÃ¬nh Google Sheets; fallback CSV local náº¿u lá»—i,"SEA operating pipeline: archive current cÅ©, rebuild CSV/Parquet, KPI/forecast/ranking/recommendation/AI knowledge base, sync Google Sheets summary náº¿u cÃ³ cáº¥u hÃ¬nh.",
23/05/2026 20:26,Viá»‡t Nam,economic_action_recommendations,ok,441,datasets/gold/current/economic_action_recommendations.csv,datasets/gold/archive/2026-05-23,sync sau khi rebuild náº¿u cáº¥u hÃ¬nh Google Sheets; fallback CSV local náº¿u lá»—i,"SEA operating pipeline: archive current cÅ©, rebuild CSV/Parquet, KPI/forecast/ranking/recommendation/AI knowledge base, sync Google Sheets summary náº¿u cÃ³ cáº¥u hÃ¬nh.",
23/05/2026 20:26,Viá»‡t Nam,news_events,ok,12,datasets/gold/current/news_events.csv,datasets/gold/archive/2026-05-23,sync sau khi rebuild náº¿u cáº¥u hÃ¬nh Google Sheets; fallback CSV local náº¿u lá»—i,"SEA operating pipeline: archive current cÅ©, rebuild CSV/Parquet, KPI/forecast/ranking/recommendation/AI knowledge base, sync Google Sheets summary náº¿u cÃ³ cáº¥u hÃ¬nh.",
23/05/2026 20:26,Viá»‡t Nam,news_risk_signals,ok,12,datasets/gold/current/news_risk_signals.csv,datasets/gold/archive/2026-05-23,sync sau khi rebuild náº¿u cáº¥u hÃ¬nh Google Sheets; fallback CSV local náº¿u lá»—i,"SEA operating pipeline: archive current cÅ©, rebuild CSV/Parquet, KPI/forecast/ranking/recommendation/AI knowledge base, sync Google Sheets summary náº¿u cÃ³ cáº¥u hÃ¬nh.",
23/05/2026 20:26,Viá»‡t Nam,news_action_recommendations,ok,12,datasets/gold/current/news_action_recommendations.csv,datasets/gold/archive/2026-05-23,sync sau khi rebuild náº¿u cáº¥u hÃ¬nh Google Sheets; fallback CSV local náº¿u lá»—i,"SEA operating pipeline: archive current cÅ©, rebuild CSV/Parquet, KPI/forecast/ranking/recommendation/AI knowledge base, sync Google Sheets summary náº¿u cÃ³ cáº¥u hÃ¬nh.",
23/05/2026 20:26,Viá»‡t Nam,news_seen_registry,ok,16,datasets/gold/current/news_seen_registry.csv,datasets/gold/archive/2026-05-23,sync sau khi rebuild náº¿u cáº¥u hÃ¬nh Google Sheets; fallback CSV local náº¿u lá»—i,"SEA operating pipeline: archive current cÅ©, rebuild CSV/Parquet, KPI/forecast/ranking/recommendation/AI knowledge base, sync Google Sheets summary náº¿u cÃ³ cáº¥u hÃ¬nh.",
23/05/2026 20:26,Viá»‡t Nam,news_event_taxonomy,ok,8,datasets/gold/current/news_event_taxonomy.csv,datasets/gold/archive/2026-05-23,sync sau khi rebuild náº¿u cáº¥u hÃ¬nh Google Sheets; fallback CSV local náº¿u lá»—i,"SEA operating pipeline: archive current cÅ©, rebuild CSV/Parquet, KPI/forecast/ranking/recommendation/AI knowledge base, sync Google Sheets summary náº¿u cÃ³ cáº¥u hÃ¬nh.",
23/05/2026 20:26,Viá»‡t Nam,kpi_scale_catalog,ok,10,datasets/gold/current/kpi_scale_catalog.csv,datasets/gold/archive/2026-05-23,sync sau khi rebuild náº¿u cáº¥u hÃ¬nh Google Sheets; fallback CSV local náº¿u lá»—i,"SEA operating pipeline: archive current cÅ©, rebuild CSV/Parquet, KPI/forecast/ranking/recommendation/AI knowledge base, sync Google Sheets summary náº¿u cÃ³ cáº¥u hÃ¬nh.",
23/05/2026 20:26,Viá»‡t Nam,source_monitor_status,ok,19,datasets/gold/current/source_monitor_status.csv,datasets/gold/archive/2026-05-23,sync sau khi rebuild náº¿u cáº¥u hÃ¬nh Google Sheets; fallback CSV local náº¿u lá»—i,"SEA operating pipeline: archive current cÅ©, rebuild CSV/Parquet, KPI/forecast/ranking/recommendation/AI knowledge base, sync Google Sheets summary náº¿u cÃ³ cáº¥u hÃ¬nh.",
23/05/2026 20:26,Viá»‡t Nam,update_queue,ok,2,datasets/gold/current/update_queue.csv,datasets/gold/archive/2026-05-23,sync sau khi rebuild náº¿u cáº¥u hÃ¬nh Google Sheets; fallback CSV local náº¿u lá»—i,"SEA operating pipeline: archive current cÅ©, rebuild CSV/Parquet, KPI/forecast/ranking/recommendation/AI knowledge base, sync Google Sheets summary náº¿u cÃ³ cáº¥u hÃ¬nh.",
23/05/2026 20:26,Viá»‡t Nam,danh_sach_diem_den_mo_rong,ok,63,datasets/gold/current/danh_sach_diem_den_mo_rong.csv,datasets/gold/archive/2026-05-23,sync sau khi rebuild náº¿u cáº¥u hÃ¬nh Google Sheets; fallback CSV local náº¿u lá»—i,"SEA operating pipeline: archive current cÅ©, rebuild CSV/Parquet, KPI/forecast/ranking/recommendation/AI knowledge base, sync Google Sheets summary náº¿u cÃ³ cáº¥u hÃ¬nh.",
23/05/2026 20:26,Viá»‡t Nam,xep_hang_canh_bao_toan_quoc,ok,63,datasets/gold/current/xep_hang_canh_bao_toan_quoc.csv,datasets/gold/archive/2026-05-23,sync sau khi rebuild náº¿u cáº¥u hÃ¬nh Google Sheets; fallback CSV local náº¿u lá»—i,"SEA operating pipeline: archive current cÅ©, rebuild CSV/Parquet, KPI/forecast/ranking/recommendation/AI knowledge base, sync Google Sheets summary náº¿u cÃ³ cáº¥u hÃ¬nh.",
23/05/2026 20:26,Viá»‡t Nam,kiem_dinh_proxy,ok,63,datasets/gold/current/kiem_dinh_proxy.csv,datasets/gold/archive/2026-05-23,sync sau khi rebuild náº¿u cáº¥u hÃ¬nh Google Sheets; fallback CSV local náº¿u lá»—i,"SEA operating pipeline: archive current cÅ©, rebuild CSV/Parquet, KPI/forecast/ranking/recommendation/AI knowledge base, sync Google Sheets summary náº¿u cÃ³ cáº¥u hÃ¬nh.",
23/05/2026 20:26,Viá»‡t Nam,de_xuat_hieu_qua_kinh_te,ok,441,datasets/gold/current/de_xuat_hieu_qua_kinh_te.csv,datasets/gold/archive/2026-05-23,sync sau khi rebuild náº¿u cáº¥u hÃ¬nh Google Sheets; fallback CSV local náº¿u lá»—i,"SEA operating pipeline: archive current cÅ©, rebuild CSV/Parquet, KPI/forecast/ranking/recommendation/AI knowledge base, sync Google Sheets summary náº¿u cÃ³ cáº¥u hÃ¬nh.",
23/05/2026 20:26,Viá»‡t Nam,trang_thai_nguon_du_lieu,ok,19,datasets/gold/current/trang_thai_nguon_du_lieu.csv,datasets/gold/archive/2026-05-23,sync sau khi rebuild náº¿u cáº¥u hÃ¬nh Google Sheets; fallback CSV local náº¿u lá»—i,"SEA operating pipeline: archive current cÅ©, rebuild CSV/Parquet, KPI/forecast/ranking/recommendation/AI knowledge base, sync Google Sheets summary náº¿u cÃ³ cáº¥u hÃ¬nh.",
23/05/2026 20:26,Viá»‡t Nam,hang_cho_cap_nhat,ok,2,datasets/gold/current/hang_cho_cap_nhat.csv,datasets/gold/archive/2026-05-23,sync sau khi rebuild náº¿u cáº¥u hÃ¬nh Google Sheets; fallback CSV local náº¿u lá»—i,"SEA operating pipeline: archive current cÅ©, rebuild CSV/Parquet, KPI/forecast/ranking/recommendation/AI knowledge base, sync Google Sheets summary náº¿u cÃ³ cáº¥u hÃ¬nh.",
23/05/2026 20:26,Viá»‡t Nam,google_sheets_sync_status,ok,7,datasets/gold/current/google_sheets_sync_status.csv,datasets/gold/archive/2026-05-23,sync sau khi rebuild náº¿u cáº¥u hÃ¬nh Google Sheets; fallback CSV local náº¿u lá»—i,"SEA operating pipeline: archive current cÅ©, rebuild CSV/Parquet, KPI/forecast/ranking/recommendation/AI knowledge base, sync Google Sheets summary náº¿u cÃ³ cáº¥u hÃ¬nh.",
24/05/2026 02:11,Viá»‡t Nam,national_destination_alerts,ok,63,datasets/gold/current/national_destination_alerts.csv,datasets/gold/archive/2026-05-24,sync sau khi rebuild náº¿u cáº¥u hÃ¬nh Google Sheets; fallback CSV local náº¿u lá»—i,"SEA operating pipeline: archive current cÅ©, rebuild CSV/Parquet, KPI/forecast/ranking/recommendation/AI knowledge base, sync Google Sheets summary náº¿u cÃ³ cáº¥u hÃ¬nh.",
24/05/2026 02:11,Viá»‡t Nam,redistribution_features,ok,17,datasets/gold/current/redistribution_features.csv,datasets/gold/archive/2026-05-24,sync sau khi rebuild náº¿u cáº¥u hÃ¬nh Google Sheets; fallback CSV local náº¿u lá»—i,"SEA operating pipeline: archive current cÅ©, rebuild CSV/Parquet, KPI/forecast/ranking/recommendation/AI knowledge base, sync Google Sheets summary náº¿u cÃ³ cáº¥u hÃ¬nh.",
24/05/2026 02:11,Viá»‡t Nam,forecast_demand_scores,ok,252,datasets/gold/current/forecast_demand_scores.csv,datasets/gold/archive/2026-05-24,sync sau khi rebuild náº¿u cáº¥u hÃ¬nh Google Sheets; fallback CSV local náº¿u lá»—i,"SEA operating pipeline: archive current cÅ©, rebuild CSV/Parquet, KPI/forecast/ranking/recommendation/AI knowledge base, sync Google Sheets summary náº¿u cÃ³ cáº¥u hÃ¬nh.",
24/05/2026 02:11,Viá»‡t Nam,thoi_tiet_hien_tai,ok,63,datasets/gold/current/thoi_tiet_hien_tai.csv,datasets/gold/archive/2026-05-24,sync sau khi rebuild náº¿u cáº¥u hÃ¬nh Google Sheets; fallback CSV local náº¿u lá»—i,"SEA operating pipeline: archive current cÅ©, rebuild CSV/Parquet, KPI/forecast/ranking/recommendation/AI knowledge base, sync Google Sheets summary náº¿u cÃ³ cáº¥u hÃ¬nh.",
24/05/2026 02:11,Viá»‡t Nam,du_bao_thoi_tiet_7_ngay,ok,63,datasets/gold/current/du_bao_thoi_tiet_7_ngay.csv,datasets/gold/archive/2026-05-24,sync sau khi rebuild náº¿u cáº¥u hÃ¬nh Google Sheets; fallback CSV local náº¿u lá»—i,"SEA operating pipeline: archive current cÅ©, rebuild CSV/Parquet, KPI/forecast/ranking/recommendation/AI knowledge base, sync Google Sheets summary náº¿u cÃ³ cáº¥u hÃ¬nh.",
24/05/2026 02:11,Viá»‡t Nam,kpi_confidence_scores,ok,315,datasets/gold/current/kpi_confidence_scores.csv,datasets/gold/archive/2026-05-24,sync sau khi rebuild náº¿u cáº¥u hÃ¬nh Google Sheets; fallback CSV local náº¿u lá»—i,"SEA operating pipeline: archive current cÅ©, rebuild CSV/Parquet, KPI/forecast/ranking/recommendation/AI knowledge base, sync Google Sheets summary náº¿u cÃ³ cáº¥u hÃ¬nh.",
24/05/2026 02:11,Viá»‡t Nam,proxy_vs_nearrealtime_comparison,ok,63,datasets/gold/current/proxy_vs_nearrealtime_comparison.csv,datasets/gold/archive/2026-05-24,sync sau khi rebuild náº¿u cáº¥u hÃ¬nh Google Sheets; fallback CSV local náº¿u lá»—i,"SEA operating pipeline: archive current cÅ©, rebuild CSV/Parquet, KPI/forecast/ranking/recommendation/AI knowledge base, sync Google Sheets summary náº¿u cÃ³ cáº¥u hÃ¬nh.",
24/05/2026 02:11,Viá»‡t Nam,attraction_ticket_catalog,ok,52,datasets/gold/current/attraction_ticket_catalog.csv,datasets/gold/archive/2026-05-24,sync sau khi rebuild náº¿u cáº¥u hÃ¬nh Google Sheets; fallback CSV local náº¿u lá»—i,"SEA operating pipeline: archive current cÅ©, rebuild CSV/Parquet, KPI/forecast/ranking/recommendation/AI knowledge base, sync Google Sheets summary náº¿u cÃ³ cáº¥u hÃ¬nh.",
24/05/2026 02:11,Viá»‡t Nam,local_spending_poi,ok,500,datasets/gold/current/local_spending_poi.csv,datasets/gold/archive/2026-05-24,sync sau khi rebuild náº¿u cáº¥u hÃ¬nh Google Sheets; fallback CSV local náº¿u lá»—i,"SEA operating pipeline: archive current cÅ©, rebuild CSV/Parquet, KPI/forecast/ranking/recommendation/AI knowledge base, sync Google Sheets summary náº¿u cÃ³ cáº¥u hÃ¬nh.",
24/05/2026 02:11,Viá»‡t Nam,ticket_pressure_scores,ok,63,datasets/gold/current/ticket_pressure_scores.csv,datasets/gold/archive/2026-05-24,sync sau khi rebuild náº¿u cáº¥u hÃ¬nh Google Sheets; fallback CSV local náº¿u lá»—i,"SEA operating pipeline: archive current cÅ©, rebuild CSV/Parquet, KPI/forecast/ranking/recommendation/AI knowledge base, sync Google Sheets summary náº¿u cÃ³ cáº¥u hÃ¬nh.",
24/05/2026 02:11,Viá»‡t Nam,hotel_price_pressure,ok,63,datasets/gold/current/hotel_price_pressure.csv,datasets/gold/archive/2026-05-24,sync sau khi rebuild náº¿u cáº¥u hÃ¬nh Google Sheets; fallback CSV local náº¿u lá»—i,"SEA operating pipeline: archive current cÅ©, rebuild CSV/Parquet, KPI/forecast/ranking/recommendation/AI knowledge base, sync Google Sheets summary náº¿u cÃ³ cáº¥u hÃ¬nh.",
24/05/2026 02:11,Viá»‡t Nam,flight_price_signal,ok,63,datasets/gold/current/flight_price_signal.csv,datasets/gold/archive/2026-05-24,sync sau khi rebuild náº¿u cáº¥u hÃ¬nh Google Sheets; fallback CSV local náº¿u lá»—i,"SEA operating pipeline: archive current cÅ©, rebuild CSV/Parquet, KPI/forecast/ranking/recommendation/AI knowledge base, sync Google Sheets summary náº¿u cÃ³ cáº¥u hÃ¬nh.",
24/05/2026 02:11,Viá»‡t Nam,economic_action_recommendations,ok,441,datasets/gold/current/economic_action_recommendations.csv,datasets/gold/archive/2026-05-24,sync sau khi rebuild náº¿u cáº¥u hÃ¬nh Google Sheets; fallback CSV local náº¿u lá»—i,"SEA operating pipeline: archive current cÅ©, rebuild CSV/Parquet, KPI/forecast/ranking/recommendation/AI knowledge base, sync Google Sheets summary náº¿u cÃ³ cáº¥u hÃ¬nh.",
24/05/2026 02:11,Viá»‡t Nam,news_events,ok,12,datasets/gold/current/news_events.csv,datasets/gold/archive/2026-05-24,sync sau khi rebuild náº¿u cáº¥u hÃ¬nh Google Sheets; fallback CSV local náº¿u lá»—i,"SEA operating pipeline: archive current cÅ©, rebuild CSV/Parquet, KPI/forecast/ranking/recommendation/AI knowledge base, sync Google Sheets summary náº¿u cÃ³ cáº¥u hÃ¬nh.",
24/05/2026 02:11,Viá»‡t Nam,news_risk_signals,ok,12,datasets/gold/current/news_risk_signals.csv,datasets/gold/archive/2026-05-24,sync sau khi rebuild náº¿u cáº¥u hÃ¬nh Google Sheets; fallback CSV local náº¿u lá»—i,"SEA operating pipeline: archive current cÅ©, rebuild CSV/Parquet, KPI/forecast/ranking/recommendation/AI knowledge base, sync Google Sheets summary náº¿u cÃ³ cáº¥u hÃ¬nh.",
24/05/2026 02:11,Viá»‡t Nam,news_action_recommendations,ok,12,datasets/gold/current/news_action_recommendations.csv,datasets/gold/archive/2026-05-24,sync sau khi rebuild náº¿u cáº¥u hÃ¬nh Google Sheets; fallback CSV local náº¿u lá»—i,"SEA operating pipeline: archive current cÅ©, rebuild CSV/Parquet, KPI/forecast/ranking/recommendation/AI knowledge base, sync Google Sheets summary náº¿u cÃ³ cáº¥u hÃ¬nh.",
24/05/2026 02:11,Viá»‡t Nam,news_seen_registry,ok,16,datasets/gold/current/news_seen_registry.csv,datasets/gold/archive/2026-05-24,sync sau khi rebuild náº¿u cáº¥u hÃ¬nh Google Sheets; fallback CSV local náº¿u lá»—i,"SEA operating pipeline: archive current cÅ©, rebuild CSV/Parquet, KPI/forecast/ranking/recommendation/AI knowledge base, sync Google Sheets summary náº¿u cÃ³ cáº¥u hÃ¬nh.",
24/05/2026 02:11,Viá»‡t Nam,news_event_taxonomy,ok,8,datasets/gold/current/news_event_taxonomy.csv,datasets/gold/archive/2026-05-24,sync sau khi rebuild náº¿u cáº¥u hÃ¬nh Google Sheets; fallback CSV local náº¿u lá»—i,"SEA operating pipeline: archive current cÅ©, rebuild CSV/Parquet, KPI/forecast/ranking/recommendation/AI knowledge base, sync Google Sheets summary náº¿u cÃ³ cáº¥u hÃ¬nh.",
24/05/2026 02:11,Viá»‡t Nam,kpi_scale_catalog,ok,10,datasets/gold/current/kpi_scale_catalog.csv,datasets/gold/archive/2026-05-24,sync sau khi rebuild náº¿u cáº¥u hÃ¬nh Google Sheets; fallback CSV local náº¿u lá»—i,"SEA operating pipeline: archive current cÅ©, rebuild CSV/Parquet, KPI/forecast/ranking/recommendation/AI knowledge base, sync Google Sheets summary náº¿u cÃ³ cáº¥u hÃ¬nh.",
24/05/2026 02:11,Viá»‡t Nam,source_monitor_status,ok,19,datasets/gold/current/source_monitor_status.csv,datasets/gold/archive/2026-05-24,sync sau khi rebuild náº¿u cáº¥u hÃ¬nh Google Sheets; fallback CSV local náº¿u lá»—i,"SEA operating pipeline: archive current cÅ©, rebuild CSV/Parquet, KPI/forecast/ranking/recommendation/AI knowledge base, sync Google Sheets summary náº¿u cÃ³ cáº¥u hÃ¬nh.",
24/05/2026 02:11,Viá»‡t Nam,update_queue,ok,2,datasets/gold/current/update_queue.csv,datasets/gold/archive/2026-05-24,sync sau khi rebuild náº¿u cáº¥u hÃ¬nh Google Sheets; fallback CSV local náº¿u lá»—i,"SEA operating pipeline: archive current cÅ©, rebuild CSV/Parquet, KPI/forecast/ranking/recommendation/AI knowledge base, sync Google Sheets summary náº¿u cÃ³ cáº¥u hÃ¬nh.",
24/05/2026 02:11,Viá»‡t Nam,danh_sach_diem_den_mo_rong,ok,63,datasets/gold/current/danh_sach_diem_den_mo_rong.csv,datasets/gold/archive/2026-05-24,sync sau khi rebuild náº¿u cáº¥u hÃ¬nh Google Sheets; fallback CSV local náº¿u lá»—i,"SEA operating pipeline: archive current cÅ©, rebuild CSV/Parquet, KPI/forecast/ranking/recommendation/AI knowledge base, sync Google Sheets summary náº¿u cÃ³ cáº¥u hÃ¬nh.",
24/05/2026 02:11,Viá»‡t Nam,xep_hang_canh_bao_toan_quoc,ok,63,datasets/gold/current/xep_hang_canh_bao_toan_quoc.csv,datasets/gold/archive/2026-05-24,sync sau khi rebuild náº¿u cáº¥u hÃ¬nh Google Sheets; fallback CSV local náº¿u lá»—i,"SEA operating pipeline: archive current cÅ©, rebuild CSV/Parquet, KPI/forecast/ranking/recommendation/AI knowledge base, sync Google Sheets summary náº¿u cÃ³ cáº¥u hÃ¬nh.",
24/05/2026 02:11,Viá»‡t Nam,kiem_dinh_proxy,ok,63,datasets/gold/current/kiem_dinh_proxy.csv,datasets/gold/archive/2026-05-24,sync sau khi rebuild náº¿u cáº¥u hÃ¬nh Google Sheets; fallback CSV local náº¿u lá»—i,"SEA operating pipeline: archive current cÅ©, rebuild CSV/Parquet, KPI/forecast/ranking/recommendation/AI knowledge base, sync Google Sheets summary náº¿u cÃ³ cáº¥u hÃ¬nh.",
24/05/2026 02:11,Viá»‡t Nam,de_xuat_hieu_qua_kinh_te,ok,441,datasets/gold/current/de_xuat_hieu_qua_kinh_te.csv,datasets/gold/archive/2026-05-24,sync sau khi rebuild náº¿u cáº¥u hÃ¬nh Google Sheets; fallback CSV local náº¿u lá»—i,"SEA operating pipeline: archive current cÅ©, rebuild CSV/Parquet, KPI/forecast/ranking/recommendation/AI knowledge base, sync Google Sheets summary náº¿u cÃ³ cáº¥u hÃ¬nh.",
24/05/2026 02:11,Viá»‡t Nam,trang_thai_nguon_du_lieu,ok,19,datasets/gold/current/trang_thai_nguon_du_lieu.csv,datasets/gold/archive/2026-05-24,sync sau khi rebuild náº¿u cáº¥u hÃ¬nh Google Sheets; fallback CSV local náº¿u lá»—i,"SEA operating pipeline: archive current cÅ©, rebuild CSV/Parquet, KPI/forecast/ranking/recommendation/AI knowledge base, sync Google Sheets summary náº¿u cÃ³ cáº¥u hÃ¬nh.",
24/05/2026 02:11,Viá»‡t Nam,hang_cho_cap_nhat,ok,2,datasets/gold/current/hang_cho_cap_nhat.csv,datasets/gold/archive/2026-05-24,sync sau khi rebuild náº¿u cáº¥u hÃ¬nh Google Sheets; fallback CSV local náº¿u lá»—i,"SEA operating pipeline: archive current cÅ©, rebuild CSV/Parquet, KPI/forecast/ranking/recommendation/AI knowledge base, sync Google Sheets summary náº¿u cÃ³ cáº¥u hÃ¬nh.",
24/05/2026 02:11,Viá»‡t Nam,google_sheets_sync_status,ok,7,datasets/gold/current/google_sheets_sync_status.csv,datasets/gold/archive/2026-05-24,sync sau khi rebuild náº¿u cáº¥u hÃ¬nh Google Sheets; fallback CSV local náº¿u lá»—i,"SEA operating pipeline: archive current cÅ©, rebuild CSV/Parquet, KPI/forecast/ranking/recommendation/AI knowledge base, sync Google Sheets summary náº¿u cÃ³ cáº¥u hÃ¬nh.",
24/05/2026 10:40,Viá»‡t Nam,national_destination_alerts,ok,63,datasets/gold/current/national_destination_alerts.csv,datasets/gold/archive/2026-05-24,sync sau khi rebuild náº¿u cáº¥u hÃ¬nh Google Sheets; fallback CSV local náº¿u lá»—i,"SEA operating pipeline: archive current cÅ©, rebuild CSV/Parquet, KPI/forecast/ranking/recommendation/AI knowledge base, sync Google Sheets summary náº¿u cÃ³ cáº¥u hÃ¬nh.",
24/05/2026 10:40,Viá»‡t Nam,redistribution_features,ok,17,datasets/gold/current/redistribution_features.csv,datasets/gold/archive/2026-05-24,sync sau khi rebuild náº¿u cáº¥u hÃ¬nh Google Sheets; fallback CSV local náº¿u lá»—i,"SEA operating pipeline: archive current cÅ©, rebuild CSV/Parquet, KPI/forecast/ranking/recommendation/AI knowledge base, sync Google Sheets summary náº¿u cÃ³ cáº¥u hÃ¬nh.",
24/05/2026 10:40,Viá»‡t Nam,forecast_demand_scores,ok,252,datasets/gold/current/forecast_demand_scores.csv,datasets/gold/archive/2026-05-24,sync sau khi rebuild náº¿u cáº¥u hÃ¬nh Google Sheets; fallback CSV local náº¿u lá»—i,"SEA operating pipeline: archive current cÅ©, rebuild CSV/Parquet, KPI/forecast/ranking/recommendation/AI knowledge base, sync Google Sheets summary náº¿u cÃ³ cáº¥u hÃ¬nh.",
24/05/2026 10:40,Viá»‡t Nam,thoi_tiet_hien_tai,ok,63,datasets/gold/current/thoi_tiet_hien_tai.csv,datasets/gold/archive/2026-05-24,sync sau khi rebuild náº¿u cáº¥u hÃ¬nh Google Sheets; fallback CSV local náº¿u lá»—i,"SEA operating pipeline: archive current cÅ©, rebuild CSV/Parquet, KPI/forecast/ranking/recommendation/AI knowledge base, sync Google Sheets summary náº¿u cÃ³ cáº¥u hÃ¬nh.",
24/05/2026 10:40,Viá»‡t Nam,du_bao_thoi_tiet_7_ngay,ok,63,datasets/gold/current/du_bao_thoi_tiet_7_ngay.csv,datasets/gold/archive/2026-05-24,sync sau khi rebuild náº¿u cáº¥u hÃ¬nh Google Sheets; fallback CSV local náº¿u lá»—i,"SEA operating pipeline: archive current cÅ©, rebuild CSV/Parquet, KPI/forecast/ranking/recommendation/AI knowledge base, sync Google Sheets summary náº¿u cÃ³ cáº¥u hÃ¬nh.",
24/05/2026 10:40,Viá»‡t Nam,kpi_confidence_scores,ok,315,datasets/gold/current/kpi_confidence_scores.csv,datasets/gold/archive/2026-05-24,sync sau khi rebuild náº¿u cáº¥u hÃ¬nh Google Sheets; fallback CSV local náº¿u lá»—i,"SEA operating pipeline: archive current cÅ©, rebuild CSV/Parquet, KPI/forecast/ranking/recommendation/AI knowledge base, sync Google Sheets summary náº¿u cÃ³ cáº¥u hÃ¬nh.",
24/05/2026 10:40,Viá»‡t Nam,proxy_vs_nearrealtime_comparison,ok,63,datasets/gold/current/proxy_vs_nearrealtime_comparison.csv,datasets/gold/archive/2026-05-24,sync sau khi rebuild náº¿u cáº¥u hÃ¬nh Google Sheets; fallback CSV local náº¿u lá»—i,"SEA operating pipeline: archive current cÅ©, rebuild CSV/Parquet, KPI/forecast/ranking/recommendation/AI knowledge base, sync Google Sheets summary náº¿u cÃ³ cáº¥u hÃ¬nh.",
24/05/2026 10:40,Viá»‡t Nam,attraction_ticket_catalog,ok,52,datasets/gold/current/attraction_ticket_catalog.csv,datasets/gold/archive/2026-05-24,sync sau khi rebuild náº¿u cáº¥u hÃ¬nh Google Sheets; fallback CSV local náº¿u lá»—i,"SEA operating pipeline: archive current cÅ©, rebuild CSV/Parquet, KPI/forecast/ranking/recommendation/AI knowledge base, sync Google Sheets summary náº¿u cÃ³ cáº¥u hÃ¬nh.",
24/05/2026 10:40,Viá»‡t Nam,local_spending_poi,ok,500,datasets/gold/current/local_spending_poi.csv,datasets/gold/archive/2026-05-24,sync sau khi rebuild náº¿u cáº¥u hÃ¬nh Google Sheets; fallback CSV local náº¿u lá»—i,"SEA operating pipeline: archive current cÅ©, rebuild CSV/Parquet, KPI/forecast/ranking/recommendation/AI knowledge base, sync Google Sheets summary náº¿u cÃ³ cáº¥u hÃ¬nh.",
24/05/2026 10:40,Viá»‡t Nam,ticket_pressure_scores,ok,63,datasets/gold/current/ticket_pressure_scores.csv,datasets/gold/archive/2026-05-24,sync sau khi rebuild náº¿u cáº¥u hÃ¬nh Google Sheets; fallback CSV local náº¿u lá»—i,"SEA operating pipeline: archive current cÅ©, rebuild CSV/Parquet, KPI/forecast/ranking/recommendation/AI knowledge base, sync Google Sheets summary náº¿u cÃ³ cáº¥u hÃ¬nh.",
24/05/2026 10:40,Viá»‡t Nam,hotel_price_pressure,ok,63,datasets/gold/current/hotel_price_pressure.csv,datasets/gold/archive/2026-05-24,sync sau khi rebuild náº¿u cáº¥u hÃ¬nh Google Sheets; fallback CSV local náº¿u lá»—i,"SEA operating pipeline: archive current cÅ©, rebuild CSV/Parquet, KPI/forecast/ranking/recommendation/AI knowledge base, sync Google Sheets summary náº¿u cÃ³ cáº¥u hÃ¬nh.",
24/05/2026 10:40,Viá»‡t Nam,flight_price_signal,ok,63,datasets/gold/current/flight_price_signal.csv,datasets/gold/archive/2026-05-24,sync sau khi rebuild náº¿u cáº¥u hÃ¬nh Google Sheets; fallback CSV local náº¿u lá»—i,"SEA operating pipeline: archive current cÅ©, rebuild CSV/Parquet, KPI/forecast/ranking/recommendation/AI knowledge base, sync Google Sheets summary náº¿u cÃ³ cáº¥u hÃ¬nh.",
24/05/2026 10:40,Viá»‡t Nam,economic_action_recommendations,ok,441,datasets/gold/current/economic_action_recommendations.csv,datasets/gold/archive/2026-05-24,sync sau khi rebuild náº¿u cáº¥u hÃ¬nh Google Sheets; fallback CSV local náº¿u lá»—i,"SEA operating pipeline: archive current cÅ©, rebuild CSV/Parquet, KPI/forecast/ranking/recommendation/AI knowledge base, sync Google Sheets summary náº¿u cÃ³ cáº¥u hÃ¬nh.",
24/05/2026 10:40,Viá»‡t Nam,news_events,ok,12,datasets/gold/current/news_events.csv,datasets/gold/archive/2026-05-24,sync sau khi rebuild náº¿u cáº¥u hÃ¬nh Google Sheets; fallback CSV local náº¿u lá»—i,"SEA operating pipeline: archive current cÅ©, rebuild CSV/Parquet, KPI/forecast/ranking/recommendation/AI knowledge base, sync Google Sheets summary náº¿u cÃ³ cáº¥u hÃ¬nh.",
24/05/2026 10:40,Viá»‡t Nam,news_risk_signals,ok,12,datasets/gold/current/news_risk_signals.csv,datasets/gold/archive/2026-05-24,sync sau khi rebuild náº¿u cáº¥u hÃ¬nh Google Sheets; fallback CSV local náº¿u lá»—i,"SEA operating pipeline: archive current cÅ©, rebuild CSV/Parquet, KPI/forecast/ranking/recommendation/AI knowledge base, sync Google Sheets summary náº¿u cÃ³ cáº¥u hÃ¬nh.",
24/05/2026 10:40,Viá»‡t Nam,news_action_recommendations,ok,12,datasets/gold/current/news_action_recommendations.csv,datasets/gold/archive/2026-05-24,sync sau khi rebuild náº¿u cáº¥u hÃ¬nh Google Sheets; fallback CSV local náº¿u lá»—i,"SEA operating pipeline: archive current cÅ©, rebuild CSV/Parquet, KPI/forecast/ranking/recommendation/AI knowledge base, sync Google Sheets summary náº¿u cÃ³ cáº¥u hÃ¬nh.",
24/05/2026 10:40,Viá»‡t Nam,news_seen_registry,ok,16,datasets/gold/current/news_seen_registry.csv,datasets/gold/archive/2026-05-24,sync sau khi rebuild náº¿u cáº¥u hÃ¬nh Google Sheets; fallback CSV local náº¿u lá»—i,"SEA operating pipeline: archive current cÅ©, rebuild CSV/Parquet, KPI/forecast/ranking/recommendation/AI knowledge base, sync Google Sheets summary náº¿u cÃ³ cáº¥u hÃ¬nh.",
24/05/2026 10:40,Viá»‡t Nam,news_event_taxonomy,ok,8,datasets/gold/current/news_event_taxonomy.csv,datasets/gold/archive/2026-05-24,sync sau khi rebuild náº¿u cáº¥u hÃ¬nh Google Sheets; fallback CSV local náº¿u lá»—i,"SEA operating pipeline: archive current cÅ©, rebuild CSV/Parquet, KPI/forecast/ranking/recommendation/AI knowledge base, sync Google Sheets summary náº¿u cÃ³ cáº¥u hÃ¬nh.",
24/05/2026 10:40,Viá»‡t Nam,kpi_scale_catalog,ok,10,datasets/gold/current/kpi_scale_catalog.csv,datasets/gold/archive/2026-05-24,sync sau khi rebuild náº¿u cáº¥u hÃ¬nh Google Sheets; fallback CSV local náº¿u lá»—i,"SEA operating pipeline: archive current cÅ©, rebuild CSV/Parquet, KPI/forecast/ranking/recommendation/AI knowledge base, sync Google Sheets summary náº¿u cÃ³ cáº¥u hÃ¬nh.",
24/05/2026 10:40,Viá»‡t Nam,source_monitor_status,ok,19,datasets/gold/current/source_monitor_status.csv,datasets/gold/archive/2026-05-24,sync sau khi rebuild náº¿u cáº¥u hÃ¬nh Google Sheets; fallback CSV local náº¿u lá»—i,"SEA operating pipeline: archive current cÅ©, rebuild CSV/Parquet, KPI/forecast/ranking/recommendation/AI knowledge base, sync Google Sheets summary náº¿u cÃ³ cáº¥u hÃ¬nh.",
24/05/2026 10:40,Viá»‡t Nam,update_queue,ok,2,datasets/gold/current/update_queue.csv,datasets/gold/archive/2026-05-24,sync sau khi rebuild náº¿u cáº¥u hÃ¬nh Google Sheets; fallback CSV local náº¿u lá»—i,"SEA operating pipeline: archive current cÅ©, rebuild CSV/Parquet, KPI/forecast/ranking/recommendation/AI knowledge base, sync Google Sheets summary náº¿u cÃ³ cáº¥u hÃ¬nh.",
24/05/2026 10:40,Viá»‡t Nam,danh_sach_diem_den_mo_rong,ok,63,datasets/gold/current/danh_sach_diem_den_mo_rong.csv,datasets/gold/archive/2026-05-24,sync sau khi rebuild náº¿u cáº¥u hÃ¬nh Google Sheets; fallback CSV local náº¿u lá»—i,"SEA operating pipeline: archive current cÅ©, rebuild CSV/Parquet, KPI/forecast/ranking/recommendation/AI knowledge base, sync Google Sheets summary náº¿u cÃ³ cáº¥u hÃ¬nh.",
24/05/2026 10:40,Viá»‡t Nam,xep_hang_canh_bao_toan_quoc,ok,63,datasets/gold/current/xep_hang_canh_bao_toan_quoc.csv,datasets/gold/archive/2026-05-24,sync sau khi rebuild náº¿u cáº¥u hÃ¬nh Google Sheets; fallback CSV local náº¿u lá»—i,"SEA operating pipeline: archive current cÅ©, rebuild CSV/Parquet, KPI/forecast/ranking/recommendation/AI knowledge base, sync Google Sheets summary náº¿u cÃ³ cáº¥u hÃ¬nh.",
24/05/2026 10:40,Viá»‡t Nam,kiem_dinh_proxy,ok,63,datasets/gold/current/kiem_dinh_proxy.csv,datasets/gold/archive/2026-05-24,sync sau khi rebuild náº¿u cáº¥u hÃ¬nh Google Sheets; fallback CSV local náº¿u lá»—i,"SEA operating pipeline: archive current cÅ©, rebuild CSV/Parquet, KPI/forecast/ranking/recommendation/AI knowledge base, sync Google Sheets summary náº¿u cÃ³ cáº¥u hÃ¬nh.",
24/05/2026 10:40,Viá»‡t Nam,de_xuat_hieu_qua_kinh_te,ok,441,datasets/gold/current/de_xuat_hieu_qua_kinh_te.csv,datasets/gold/archive/2026-05-24,sync sau khi rebuild náº¿u cáº¥u hÃ¬nh Google Sheets; fallback CSV local náº¿u lá»—i,"SEA operating pipeline: archive current cÅ©, rebuild CSV/Parquet, KPI/forecast/ranking/recommendation/AI knowledge base, sync Google Sheets summary náº¿u cÃ³ cáº¥u hÃ¬nh.",
24/05/2026 10:40,Viá»‡t Nam,trang_thai_nguon_du_lieu,ok,19,datasets/gold/current/trang_thai_nguon_du_lieu.csv,datasets/gold/archive/2026-05-24,sync sau khi rebuild náº¿u cáº¥u hÃ¬nh Google Sheets; fallback CSV local náº¿u lá»—i,"SEA operating pipeline: archive current cÅ©, rebuild CSV/Parquet, KPI/forecast/ranking/recommendation/AI knowledge base, sync Google Sheets summary náº¿u cÃ³ cáº¥u hÃ¬nh.",
24/05/2026 10:40,Viá»‡t Nam,hang_cho_cap_nhat,ok,2,datasets/gold/current/hang_cho_cap_nhat.csv,datasets/gold/archive/2026-05-24,sync sau khi rebuild náº¿u cáº¥u hÃ¬nh Google Sheets; fallback CSV local náº¿u lá»—i,"SEA operating pipeline: archive current cÅ©, rebuild CSV/Parquet, KPI/forecast/ranking/recommendation/AI knowledge base, sync Google Sheets summary náº¿u cÃ³ cáº¥u hÃ¬nh.",
24/05/2026 10:40,Viá»‡t Nam,google_sheets_sync_status,ok,7,datasets/gold/current/google_sheets_sync_status.csv,datasets/gold/archive/2026-05-24,sync sau khi rebuild náº¿u cáº¥u hÃ¬nh Google Sheets; fallback CSV local náº¿u lá»—i,"SEA operating pipeline: archive current cÅ©, rebuild CSV/Parquet, KPI/forecast/ranking/recommendation/AI knowledge base, sync Google Sheets summary náº¿u cÃ³ cáº¥u hÃ¬nh.",
24/05/2026 15:30,Viá»‡t Nam,national_destination_alerts,ok,63,datasets/gold/current/national_destination_alerts.csv,datasets/gold/archive/2026-05-24,sync sau khi rebuild náº¿u cáº¥u hÃ¬nh Google Sheets; fallback CSV local náº¿u lá»—i,"SEA operating pipeline: archive current cÅ©, rebuild CSV/Parquet, KPI/forecast/ranking/recommendation/AI knowledge base, sync Google Sheets summary náº¿u cÃ³ cáº¥u hÃ¬nh.",
24/05/2026 15:30,Viá»‡t Nam,redistribution_features,ok,17,datasets/gold/current/redistribution_features.csv,datasets/gold/archive/2026-05-24,sync sau khi rebuild náº¿u cáº¥u hÃ¬nh Google Sheets; fallback CSV local náº¿u lá»—i,"SEA operating pipeline: archive current cÅ©, rebuild CSV/Parquet, KPI/forecast/ranking/recommendation/AI knowledge base, sync Google Sheets summary náº¿u cÃ³ cáº¥u hÃ¬nh.",
24/05/2026 15:30,Viá»‡t Nam,forecast_demand_scores,ok,252,datasets/gold/current/forecast_demand_scores.csv,datasets/gold/archive/2026-05-24,sync sau khi rebuild náº¿u cáº¥u hÃ¬nh Google Sheets; fallback CSV local náº¿u lá»—i,"SEA operating pipeline: archive current cÅ©, rebuild CSV/Parquet, KPI/forecast/ranking/recommendation/AI knowledge base, sync Google Sheets summary náº¿u cÃ³ cáº¥u hÃ¬nh.",
24/05/2026 15:30,Viá»‡t Nam,thoi_tiet_hien_tai,ok,63,datasets/gold/current/thoi_tiet_hien_tai.csv,datasets/gold/archive/2026-05-24,sync sau khi rebuild náº¿u cáº¥u hÃ¬nh Google Sheets; fallback CSV local náº¿u lá»—i,"SEA operating pipeline: archive current cÅ©, rebuild CSV/Parquet, KPI/forecast/ranking/recommendation/AI knowledge base, sync Google Sheets summary náº¿u cÃ³ cáº¥u hÃ¬nh.",
24/05/2026 15:30,Viá»‡t Nam,du_bao_thoi_tiet_7_ngay,ok,63,datasets/gold/current/du_bao_thoi_tiet_7_ngay.csv,datasets/gold/archive/2026-05-24,sync sau khi rebuild náº¿u cáº¥u hÃ¬nh Google Sheets; fallback CSV local náº¿u lá»—i,"SEA operating pipeline: archive current cÅ©, rebuild CSV/Parquet, KPI/forecast/ranking/recommendation/AI knowledge base, sync Google Sheets summary náº¿u cÃ³ cáº¥u hÃ¬nh.",
24/05/2026 15:30,Viá»‡t Nam,kpi_confidence_scores,ok,315,datasets/gold/current/kpi_confidence_scores.csv,datasets/gold/archive/2026-05-24,sync sau khi rebuild náº¿u cáº¥u hÃ¬nh Google Sheets; fallback CSV local náº¿u lá»—i,"SEA operating pipeline: archive current cÅ©, rebuild CSV/Parquet, KPI/forecast/ranking/recommendation/AI knowledge base, sync Google Sheets summary náº¿u cÃ³ cáº¥u hÃ¬nh.",
24/05/2026 15:30,Viá»‡t Nam,proxy_vs_nearrealtime_comparison,ok,63,datasets/gold/current/proxy_vs_nearrealtime_comparison.csv,datasets/gold/archive/2026-05-24,sync sau khi rebuild náº¿u cáº¥u hÃ¬nh Google Sheets; fallback CSV local náº¿u lá»—i,"SEA operating pipeline: archive current cÅ©, rebuild CSV/Parquet, KPI/forecast/ranking/recommendation/AI knowledge base, sync Google Sheets summary náº¿u cÃ³ cáº¥u hÃ¬nh.",
24/05/2026 15:30,Viá»‡t Nam,attraction_ticket_catalog,ok,52,datasets/gold/current/attraction_ticket_catalog.csv,datasets/gold/archive/2026-05-24,sync sau khi rebuild náº¿u cáº¥u hÃ¬nh Google Sheets; fallback CSV local náº¿u lá»—i,"SEA operating pipeline: archive current cÅ©, rebuild CSV/Parquet, KPI/forecast/ranking/recommendation/AI knowledge base, sync Google Sheets summary náº¿u cÃ³ cáº¥u hÃ¬nh.",
24/05/2026 15:30,Viá»‡t Nam,local_spending_poi,ok,500,datasets/gold/current/local_spending_poi.csv,datasets/gold/archive/2026-05-24,sync sau khi rebuild náº¿u cáº¥u hÃ¬nh Google Sheets; fallback CSV local náº¿u lá»—i,"SEA operating pipeline: archive current cÅ©, rebuild CSV/Parquet, KPI/forecast/ranking/recommendation/AI knowledge base, sync Google Sheets summary náº¿u cÃ³ cáº¥u hÃ¬nh.",
24/05/2026 15:30,Viá»‡t Nam,ticket_pressure_scores,ok,63,datasets/gold/current/ticket_pressure_scores.csv,datasets/gold/archive/2026-05-24,sync sau khi rebuild náº¿u cáº¥u hÃ¬nh Google Sheets; fallback CSV local náº¿u lá»—i,"SEA operating pipeline: archive current cÅ©, rebuild CSV/Parquet, KPI/forecast/ranking/recommendation/AI knowledge base, sync Google Sheets summary náº¿u cÃ³ cáº¥u hÃ¬nh.",
24/05/2026 15:30,Viá»‡t Nam,hotel_price_pressure,ok,63,datasets/gold/current/hotel_price_pressure.csv,datasets/gold/archive/2026-05-24,sync sau khi rebuild náº¿u cáº¥u hÃ¬nh Google Sheets; fallback CSV local náº¿u lá»—i,"SEA operating pipeline: archive current cÅ©, rebuild CSV/Parquet, KPI/forecast/ranking/recommendation/AI knowledge base, sync Google Sheets summary náº¿u cÃ³ cáº¥u hÃ¬nh.",
24/05/2026 15:30,Viá»‡t Nam,flight_price_signal,ok,63,datasets/gold/current/flight_price_signal.csv,datasets/gold/archive/2026-05-24,sync sau khi rebuild náº¿u cáº¥u hÃ¬nh Google Sheets; fallback CSV local náº¿u lá»—i,"SEA operating pipeline: archive current cÅ©, rebuild CSV/Parquet, KPI/forecast/ranking/recommendation/AI knowledge base, sync Google Sheets summary náº¿u cÃ³ cáº¥u hÃ¬nh.",
24/05/2026 15:30,Viá»‡t Nam,economic_action_recommendations,ok,441,datasets/gold/current/economic_action_recommendations.csv,datasets/gold/archive/2026-05-24,sync sau khi rebuild náº¿u cáº¥u hÃ¬nh Google Sheets; fallback CSV local náº¿u lá»—i,"SEA operating pipeline: archive current cÅ©, rebuild CSV/Parquet, KPI/forecast/ranking/recommendation/AI knowledge base, sync Google Sheets summary náº¿u cÃ³ cáº¥u hÃ¬nh.",
24/05/2026 15:30,Viá»‡t Nam,news_events,ok,12,datasets/gold/current/news_events.csv,datasets/gold/archive/2026-05-24,sync sau khi rebuild náº¿u cáº¥u hÃ¬nh Google Sheets; fallback CSV local náº¿u lá»—i,"SEA operating pipeline: archive current cÅ©, rebuild CSV/Parquet, KPI/forecast/ranking/recommendation/AI knowledge base, sync Google Sheets summary náº¿u cÃ³ cáº¥u hÃ¬nh.",
24/05/2026 15:30,Viá»‡t Nam,news_risk_signals,ok,12,datasets/gold/current/news_risk_signals.csv,datasets/gold/archive/2026-05-24,sync sau khi rebuild náº¿u cáº¥u hÃ¬nh Google Sheets; fallback CSV local náº¿u lá»—i,"SEA operating pipeline: archive current cÅ©, rebuild CSV/Parquet, KPI/forecast/ranking/recommendation/AI knowledge base, sync Google Sheets summary náº¿u cÃ³ cáº¥u hÃ¬nh.",
24/05/2026 15:30,Viá»‡t Nam,news_action_recommendations,ok,12,datasets/gold/current/news_action_recommendations.csv,datasets/gold/archive/2026-05-24,sync sau khi rebuild náº¿u cáº¥u hÃ¬nh Google Sheets; fallback CSV local náº¿u lá»—i,"SEA operating pipeline: archive current cÅ©, rebuild CSV/Parquet, KPI/forecast/ranking/recommendation/AI knowledge base, sync Google Sheets summary náº¿u cÃ³ cáº¥u hÃ¬nh.",
24/05/2026 15:30,Viá»‡t Nam,news_seen_registry,ok,16,datasets/gold/current/news_seen_registry.csv,datasets/gold/archive/2026-05-24,sync sau khi rebuild náº¿u cáº¥u hÃ¬nh Google Sheets; fallback CSV local náº¿u lá»—i,"SEA operating pipeline: archive current cÅ©, rebuild CSV/Parquet, KPI/forecast/ranking/recommendation/AI knowledge base, sync Google Sheets summary náº¿u cÃ³ cáº¥u hÃ¬nh.",
24/05/2026 15:30,Viá»‡t Nam,news_event_taxonomy,ok,8,datasets/gold/current/news_event_taxonomy.csv,datasets/gold/archive/2026-05-24,sync sau khi rebuild náº¿u cáº¥u hÃ¬nh Google Sheets; fallback CSV local náº¿u lá»—i,"SEA operating pipeline: archive current cÅ©, rebuild CSV/Parquet, KPI/forecast/ranking/recommendation/AI knowledge base, sync Google Sheets summary náº¿u cÃ³ cáº¥u hÃ¬nh.",
24/05/2026 15:30,Viá»‡t Nam,kpi_scale_catalog,ok,10,datasets/gold/current/kpi_scale_catalog.csv,datasets/gold/archive/2026-05-24,sync sau khi rebuild náº¿u cáº¥u hÃ¬nh Google Sheets; fallback CSV local náº¿u lá»—i,"SEA operating pipeline: archive current cÅ©, rebuild CSV/Parquet, KPI/forecast/ranking/recommendation/AI knowledge base, sync Google Sheets summary náº¿u cÃ³ cáº¥u hÃ¬nh.",
24/05/2026 15:30,Viá»‡t Nam,source_monitor_status,ok,19,datasets/gold/current/source_monitor_status.csv,datasets/gold/archive/2026-05-24,sync sau khi rebuild náº¿u cáº¥u hÃ¬nh Google Sheets; fallback CSV local náº¿u lá»—i,"SEA operating pipeline: archive current cÅ©, rebuild CSV/Parquet, KPI/forecast/ranking/recommendation/AI knowledge base, sync Google Sheets summary náº¿u cÃ³ cáº¥u hÃ¬nh.",
24/05/2026 15:30,Viá»‡t Nam,update_queue,ok,2,datasets/gold/current/update_queue.csv,datasets/gold/archive/2026-05-24,sync sau khi rebuild náº¿u cáº¥u hÃ¬nh Google Sheets; fallback CSV local náº¿u lá»—i,"SEA operating pipeline: archive current cÅ©, rebuild CSV/Parquet, KPI/forecast/ranking/recommendation/AI knowledge base, sync Google Sheets summary náº¿u cÃ³ cáº¥u hÃ¬nh.",
24/05/2026 15:30,Viá»‡t Nam,danh_sach_diem_den_mo_rong,ok,63,datasets/gold/current/danh_sach_diem_den_mo_rong.csv,datasets/gold/archive/2026-05-24,sync sau khi rebuild náº¿u cáº¥u hÃ¬nh Google Sheets; fallback CSV local náº¿u lá»—i,"SEA operating pipeline: archive current cÅ©, rebuild CSV/Parquet, KPI/forecast/ranking/recommendation/AI knowledge base, sync Google Sheets summary náº¿u cÃ³ cáº¥u hÃ¬nh.",
24/05/2026 15:30,Viá»‡t Nam,xep_hang_canh_bao_toan_quoc,ok,63,datasets/gold/current/xep_hang_canh_bao_toan_quoc.csv,datasets/gold/archive/2026-05-24,sync sau khi rebuild náº¿u cáº¥u hÃ¬nh Google Sheets; fallback CSV local náº¿u lá»—i,"SEA operating pipeline: archive current cÅ©, rebuild CSV/Parquet, KPI/forecast/ranking/recommendation/AI knowledge base, sync Google Sheets summary náº¿u cÃ³ cáº¥u hÃ¬nh.",
24/05/2026 15:30,Viá»‡t Nam,kiem_dinh_proxy,ok,63,datasets/gold/current/kiem_dinh_proxy.csv,datasets/gold/archive/2026-05-24,sync sau khi rebuild náº¿u cáº¥u hÃ¬nh Google Sheets; fallback CSV local náº¿u lá»—i,"SEA operating pipeline: archive current cÅ©, rebuild CSV/Parquet, KPI/forecast/ranking/recommendation/AI knowledge base, sync Google Sheets summary náº¿u cÃ³ cáº¥u hÃ¬nh.",
24/05/2026 15:30,Viá»‡t Nam,de_xuat_hieu_qua_kinh_te,ok,441,datasets/gold/current/de_xuat_hieu_qua_kinh_te.csv,datasets/gold/archive/2026-05-24,sync sau khi rebuild náº¿u cáº¥u hÃ¬nh Google Sheets; fallback CSV local náº¿u lá»—i,"SEA operating pipeline: archive current cÅ©, rebuild CSV/Parquet, KPI/forecast/ranking/recommendation/AI knowledge base, sync Google Sheets summary náº¿u cÃ³ cáº¥u hÃ¬nh.",
24/05/2026 15:30,Viá»‡t Nam,trang_thai_nguon_du_lieu,ok,19,datasets/gold/current/trang_thai_nguon_du_lieu.csv,datasets/gold/archive/2026-05-24,sync sau khi rebuild náº¿u cáº¥u hÃ¬nh Google Sheets; fallback CSV local náº¿u lá»—i,"SEA operating pipeline: archive current cÅ©, rebuild CSV/Parquet, KPI/forecast/ranking/recommendation/AI knowledge base, sync Google Sheets summary náº¿u cÃ³ cáº¥u hÃ¬nh.",
24/05/2026 15:30,Viá»‡t Nam,hang_cho_cap_nhat,ok,2,datasets/gold/current/hang_cho_cap_nhat.csv,datasets/gold/archive/2026-05-24,sync sau khi rebuild náº¿u cáº¥u hÃ¬nh Google Sheets; fallback CSV local náº¿u lá»—i,"SEA operating pipeline: archive current cÅ©, rebuild CSV/Parquet, KPI/forecast/ranking/recommendation/AI knowledge base, sync Google Sheets summary náº¿u cÃ³ cáº¥u hÃ¬nh.",
24/05/2026 15:30,Viá»‡t Nam,google_sheets_sync_status,ok,7,datasets/gold/current/google_sheets_sync_status.csv,datasets/gold/archive/2026-05-24,sync sau khi rebuild náº¿u cáº¥u hÃ¬nh Google Sheets; fallback CSV local náº¿u lá»—i,"SEA operating pipeline: archive current cÅ©, rebuild CSV/Parquet, KPI/forecast/ranking/recommendation/AI knowledge base, sync Google Sheets summary náº¿u cÃ³ cáº¥u hÃ¬nh.",
24/05/2026 20:27,Viá»‡t Nam,national_destination_alerts,ok,63,datasets/gold/current/national_destination_alerts.csv,datasets/gold/archive/2026-05-24,sync sau khi rebuild náº¿u cáº¥u hÃ¬nh Google Sheets; fallback CSV local náº¿u lá»—i,"SEA operating pipeline: archive current cÅ©, rebuild CSV/Parquet, KPI/forecast/ranking/recommendation/AI knowledge base, sync Google Sheets summary náº¿u cÃ³ cáº¥u hÃ¬nh.",
24/05/2026 20:27,Viá»‡t Nam,redistribution_features,ok,17,datasets/gold/current/redistribution_features.csv,datasets/gold/archive/2026-05-24,sync sau khi rebuild náº¿u cáº¥u hÃ¬nh Google Sheets; fallback CSV local náº¿u lá»—i,"SEA operating pipeline: archive current cÅ©, rebuild CSV/Parquet, KPI/forecast/ranking/recommendation/AI knowledge base, sync Google Sheets summary náº¿u cÃ³ cáº¥u hÃ¬nh.",
24/05/2026 20:27,Viá»‡t Nam,forecast_demand_scores,ok,252,datasets/gold/current/forecast_demand_scores.csv,datasets/gold/archive/2026-05-24,sync sau khi rebuild náº¿u cáº¥u hÃ¬nh Google Sheets; fallback CSV local náº¿u lá»—i,"SEA operating pipeline: archive current cÅ©, rebuild CSV/Parquet, KPI/forecast/ranking/recommendation/AI knowledge base, sync Google Sheets summary náº¿u cÃ³ cáº¥u hÃ¬nh.",
24/05/2026 20:27,Viá»‡t Nam,thoi_tiet_hien_tai,ok,63,datasets/gold/current/thoi_tiet_hien_tai.csv,datasets/gold/archive/2026-05-24,sync sau khi rebuild náº¿u cáº¥u hÃ¬nh Google Sheets; fallback CSV local náº¿u lá»—i,"SEA operating pipeline: archive current cÅ©, rebuild CSV/Parquet, KPI/forecast/ranking/recommendation/AI knowledge base, sync Google Sheets summary náº¿u cÃ³ cáº¥u hÃ¬nh.",
24/05/2026 20:27,Viá»‡t Nam,du_bao_thoi_tiet_7_ngay,ok,63,datasets/gold/current/du_bao_thoi_tiet_7_ngay.csv,datasets/gold/archive/2026-05-24,sync sau khi rebuild náº¿u cáº¥u hÃ¬nh Google Sheets; fallback CSV local náº¿u lá»—i,"SEA operating pipeline: archive current cÅ©, rebuild CSV/Parquet, KPI/forecast/ranking/recommendation/AI knowledge base, sync Google Sheets summary náº¿u cÃ³ cáº¥u hÃ¬nh.",
24/05/2026 20:27,Viá»‡t Nam,kpi_confidence_scores,ok,315,datasets/gold/current/kpi_confidence_scores.csv,datasets/gold/archive/2026-05-24,sync sau khi rebuild náº¿u cáº¥u hÃ¬nh Google Sheets; fallback CSV local náº¿u lá»—i,"SEA operating pipeline: archive current cÅ©, rebuild CSV/Parquet, KPI/forecast/ranking/recommendation/AI knowledge base, sync Google Sheets summary náº¿u cÃ³ cáº¥u hÃ¬nh.",
24/05/2026 20:27,Viá»‡t Nam,proxy_vs_nearrealtime_comparison,ok,63,datasets/gold/current/proxy_vs_nearrealtime_comparison.csv,datasets/gold/archive/2026-05-24,sync sau khi rebuild náº¿u cáº¥u hÃ¬nh Google Sheets; fallback CSV local náº¿u lá»—i,"SEA operating pipeline: archive current cÅ©, rebuild CSV/Parquet, KPI/forecast/ranking/recommendation/AI knowledge base, sync Google Sheets summary náº¿u cÃ³ cáº¥u hÃ¬nh.",
24/05/2026 20:27,Viá»‡t Nam,attraction_ticket_catalog,ok,52,datasets/gold/current/attraction_ticket_catalog.csv,datasets/gold/archive/2026-05-24,sync sau khi rebuild náº¿u cáº¥u hÃ¬nh Google Sheets; fallback CSV local náº¿u lá»—i,"SEA operating pipeline: archive current cÅ©, rebuild CSV/Parquet, KPI/forecast/ranking/recommendation/AI knowledge base, sync Google Sheets summary náº¿u cÃ³ cáº¥u hÃ¬nh.",
24/05/2026 20:27,Viá»‡t Nam,local_spending_poi,ok,500,datasets/gold/current/local_spending_poi.csv,datasets/gold/archive/2026-05-24,sync sau khi rebuild náº¿u cáº¥u hÃ¬nh Google Sheets; fallback CSV local náº¿u lá»—i,"SEA operating pipeline: archive current cÅ©, rebuild CSV/Parquet, KPI/forecast/ranking/recommendation/AI knowledge base, sync Google Sheets summary náº¿u cÃ³ cáº¥u hÃ¬nh.",
24/05/2026 20:27,Viá»‡t Nam,ticket_pressure_scores,ok,63,datasets/gold/current/ticket_pressure_scores.csv,datasets/gold/archive/2026-05-24,sync sau khi rebuild náº¿u cáº¥u hÃ¬nh Google Sheets; fallback CSV local náº¿u lá»—i,"SEA operating pipeline: archive current cÅ©, rebuild CSV/Parquet, KPI/forecast/ranking/recommendation/AI knowledge base, sync Google Sheets summary náº¿u cÃ³ cáº¥u hÃ¬nh.",
24/05/2026 20:27,Viá»‡t Nam,hotel_price_pressure,ok,63,datasets/gold/current/hotel_price_pressure.csv,datasets/gold/archive/2026-05-24,sync sau khi rebuild náº¿u cáº¥u hÃ¬nh Google Sheets; fallback CSV local náº¿u lá»—i,"SEA operating pipeline: archive current cÅ©, rebuild CSV/Parquet, KPI/forecast/ranking/recommendation/AI knowledge base, sync Google Sheets summary náº¿u cÃ³ cáº¥u hÃ¬nh.",
24/05/2026 20:27,Viá»‡t Nam,flight_price_signal,ok,63,datasets/gold/current/flight_price_signal.csv,datasets/gold/archive/2026-05-24,sync sau khi rebuild náº¿u cáº¥u hÃ¬nh Google Sheets; fallback CSV local náº¿u lá»—i,"SEA operating pipeline: archive current cÅ©, rebuild CSV/Parquet, KPI/forecast/ranking/recommendation/AI knowledge base, sync Google Sheets summary náº¿u cÃ³ cáº¥u hÃ¬nh.",
24/05/2026 20:27,Viá»‡t Nam,economic_action_recommendations,ok,441,datasets/gold/current/economic_action_recommendations.csv,datasets/gold/archive/2026-05-24,sync sau khi rebuild náº¿u cáº¥u hÃ¬nh Google Sheets; fallback CSV local náº¿u lá»—i,"SEA operating pipeline: archive current cÅ©, rebuild CSV/Parquet, KPI/forecast/ranking/recommendation/AI knowledge base, sync Google Sheets summary náº¿u cÃ³ cáº¥u hÃ¬nh.",
24/05/2026 20:27,Viá»‡t Nam,news_events,ok,12,datasets/gold/current/news_events.csv,datasets/gold/archive/2026-05-24,sync sau khi rebuild náº¿u cáº¥u hÃ¬nh Google Sheets; fallback CSV local náº¿u lá»—i,"SEA operating pipeline: archive current cÅ©, rebuild CSV/Parquet, KPI/forecast/ranking/recommendation/AI knowledge base, sync Google Sheets summary náº¿u cÃ³ cáº¥u hÃ¬nh.",
24/05/2026 20:27,Viá»‡t Nam,news_risk_signals,ok,12,datasets/gold/current/news_risk_signals.csv,datasets/gold/archive/2026-05-24,sync sau khi rebuild náº¿u cáº¥u hÃ¬nh Google Sheets; fallback CSV local náº¿u lá»—i,"SEA operating pipeline: archive current cÅ©, rebuild CSV/Parquet, KPI/forecast/ranking/recommendation/AI knowledge base, sync Google Sheets summary náº¿u cÃ³ cáº¥u hÃ¬nh.",
24/05/2026 20:27,Viá»‡t Nam,news_action_recommendations,ok,12,datasets/gold/current/news_action_recommendations.csv,datasets/gold/archive/2026-05-24,sync sau khi rebuild náº¿u cáº¥u hÃ¬nh Google Sheets; fallback CSV local náº¿u lá»—i,"SEA operating pipeline: archive current cÅ©, rebuild CSV/Parquet, KPI/forecast/ranking/recommendation/AI knowledge base, sync Google Sheets summary náº¿u cÃ³ cáº¥u hÃ¬nh.",
24/05/2026 20:27,Viá»‡t Nam,news_seen_registry,ok,16,datasets/gold/current/news_seen_registry.csv,datasets/gold/archive/2026-05-24,sync sau khi rebuild náº¿u cáº¥u hÃ¬nh Google Sheets; fallback CSV local náº¿u lá»—i,"SEA operating pipeline: archive current cÅ©, rebuild CSV/Parquet, KPI/forecast/ranking/recommendation/AI knowledge base, sync Google Sheets summary náº¿u cÃ³ cáº¥u hÃ¬nh.",
24/05/2026 20:27,Viá»‡t Nam,news_event_taxonomy,ok,8,datasets/gold/current/news_event_taxonomy.csv,datasets/gold/archive/2026-05-24,sync sau khi rebuild náº¿u cáº¥u hÃ¬nh Google Sheets; fallback CSV local náº¿u lá»—i,"SEA operating pipeline: archive current cÅ©, rebuild CSV/Parquet, KPI/forecast/ranking/recommendation/AI knowledge base, sync Google Sheets summary náº¿u cÃ³ cáº¥u hÃ¬nh.",
24/05/2026 20:27,Viá»‡t Nam,kpi_scale_catalog,ok,10,datasets/gold/current/kpi_scale_catalog.csv,datasets/gold/archive/2026-05-24,sync sau khi rebuild náº¿u cáº¥u hÃ¬nh Google Sheets; fallback CSV local náº¿u lá»—i,"SEA operating pipeline: archive current cÅ©, rebuild CSV/Parquet, KPI/forecast/ranking/recommendation/AI knowledge base, sync Google Sheets summary náº¿u cÃ³ cáº¥u hÃ¬nh.",
24/05/2026 20:27,Viá»‡t Nam,source_monitor_status,ok,19,datasets/gold/current/source_monitor_status.csv,datasets/gold/archive/2026-05-24,sync sau khi rebuild náº¿u cáº¥u hÃ¬nh Google Sheets; fallback CSV local náº¿u lá»—i,"SEA operating pipeline: archive current cÅ©, rebuild CSV/Parquet, KPI/forecast/ranking/recommendation/AI knowledge base, sync Google Sheets summary náº¿u cÃ³ cáº¥u hÃ¬nh.",
24/05/2026 20:27,Viá»‡t Nam,update_queue,ok,2,datasets/gold/current/update_queue.csv,datasets/gold/archive/2026-05-24,sync sau khi rebuild náº¿u cáº¥u hÃ¬nh Google Sheets; fallback CSV local náº¿u lá»—i,"SEA operating pipeline: archive current cÅ©, rebuild CSV/Parquet, KPI/forecast/ranking/recommendation/AI knowledge base, sync Google Sheets summary náº¿u cÃ³ cáº¥u hÃ¬nh.",
24/05/2026 20:27,Viá»‡t Nam,danh_sach_diem_den_mo_rong,ok,63,datasets/gold/current/danh_sach_diem_den_mo_rong.csv,datasets/gold/archive/2026-05-24,sync sau khi rebuild náº¿u cáº¥u hÃ¬nh Google Sheets; fallback CSV local náº¿u lá»—i,"SEA operating pipeline: archive current cÅ©, rebuild CSV/Parquet, KPI/forecast/ranking/recommendation/AI knowledge base, sync Google Sheets summary náº¿u cÃ³ cáº¥u hÃ¬nh.",
24/05/2026 20:27,Viá»‡t Nam,xep_hang_canh_bao_toan_quoc,ok,63,datasets/gold/current/xep_hang_canh_bao_toan_quoc.csv,datasets/gold/archive/2026-05-24,sync sau khi rebuild náº¿u cáº¥u hÃ¬nh Google Sheets; fallback CSV local náº¿u lá»—i,"SEA operating pipeline: archive current cÅ©, rebuild CSV/Parquet, KPI/forecast/ranking/recommendation/AI knowledge base, sync Google Sheets summary náº¿u cÃ³ cáº¥u hÃ¬nh.",
24/05/2026 20:27,Viá»‡t Nam,kiem_dinh_proxy,ok,63,datasets/gold/current/kiem_dinh_proxy.csv,datasets/gold/archive/2026-05-24,sync sau khi rebuild náº¿u cáº¥u hÃ¬nh Google Sheets; fallback CSV local náº¿u lá»—i,"SEA operating pipeline: archive current cÅ©, rebuild CSV/Parquet, KPI/forecast/ranking/recommendation/AI knowledge base, sync Google Sheets summary náº¿u cÃ³ cáº¥u hÃ¬nh.",
24/05/2026 20:27,Viá»‡t Nam,de_xuat_hieu_qua_kinh_te,ok,441,datasets/gold/current/de_xuat_hieu_qua_kinh_te.csv,datasets/gold/archive/2026-05-24,sync sau khi rebuild náº¿u cáº¥u hÃ¬nh Google Sheets; fallback CSV local náº¿u lá»—i,"SEA operating pipeline: archive current cÅ©, rebuild CSV/Parquet, KPI/forecast/ranking/recommendation/AI knowledge base, sync Google Sheets summary náº¿u cÃ³ cáº¥u hÃ¬nh.",
24/05/2026 20:27,Viá»‡t Nam,trang_thai_nguon_du_lieu,ok,19,datasets/gold/current/trang_thai_nguon_du_lieu.csv,datasets/gold/archive/2026-05-24,sync sau khi rebuild náº¿u cáº¥u hÃ¬nh Google Sheets; fallback CSV local náº¿u lá»—i,"SEA operating pipeline: archive current cÅ©, rebuild CSV/Parquet, KPI/forecast/ranking/recommendation/AI knowledge base, sync Google Sheets summary náº¿u cÃ³ cáº¥u hÃ¬nh.",
24/05/2026 20:27,Viá»‡t Nam,hang_cho_cap_nhat,ok,2,datasets/gold/current/hang_cho_cap_nhat.csv,datasets/gold/archive/2026-05-24,sync sau khi rebuild náº¿u cáº¥u hÃ¬nh Google Sheets; fallback CSV local náº¿u lá»—i,"SEA operating pipeline: archive current cÅ©, rebuild CSV/Parquet, KPI/forecast/ranking/recommendation/AI knowledge base, sync Google Sheets summary náº¿u cÃ³ cáº¥u hÃ¬nh.",
24/05/2026 20:27,Viá»‡t Nam,google_sheets_sync_status,ok,7,datasets/gold/current/google_sheets_sync_status.csv,datasets/gold/archive/2026-05-24,sync sau khi rebuild náº¿u cáº¥u hÃ¬nh Google Sheets; fallback CSV local náº¿u lá»—i,"SEA operating pipeline: archive current cÅ©, rebuild CSV/Parquet, KPI/forecast/ranking/recommendation/AI knowledge base, sync Google Sheets summary náº¿u cÃ³ cáº¥u hÃ¬nh.",
25/05/2026 02:18,Viá»‡t Nam,national_destination_alerts,ok,63,datasets/gold/current/national_destination_alerts.csv,datasets/gold/archive/2026-05-25,sync sau khi rebuild náº¿u cáº¥u hÃ¬nh Google Sheets; fallback CSV local náº¿u lá»—i,"SEA operating pipeline: archive current cÅ©, rebuild CSV/Parquet, KPI/forecast/ranking/recommendation/AI knowledge base, sync Google Sheets summary náº¿u cÃ³ cáº¥u hÃ¬nh.",
25/05/2026 02:18,Viá»‡t Nam,redistribution_features,ok,17,datasets/gold/current/redistribution_features.csv,datasets/gold/archive/2026-05-25,sync sau khi rebuild náº¿u cáº¥u hÃ¬nh Google Sheets; fallback CSV local náº¿u lá»—i,"SEA operating pipeline: archive current cÅ©, rebuild CSV/Parquet, KPI/forecast/ranking/recommendation/AI knowledge base, sync Google Sheets summary náº¿u cÃ³ cáº¥u hÃ¬nh.",
25/05/2026 02:18,Viá»‡t Nam,forecast_demand_scores,ok,252,datasets/gold/current/forecast_demand_scores.csv,datasets/gold/archive/2026-05-25,sync sau khi rebuild náº¿u cáº¥u hÃ¬nh Google Sheets; fallback CSV local náº¿u lá»—i,"SEA operating pipeline: archive current cÅ©, rebuild CSV/Parquet, KPI/forecast/ranking/recommendation/AI knowledge base, sync Google Sheets summary náº¿u cÃ³ cáº¥u hÃ¬nh.",
25/05/2026 02:18,Viá»‡t Nam,thoi_tiet_hien_tai,ok,63,datasets/gold/current/thoi_tiet_hien_tai.csv,datasets/gold/archive/2026-05-25,sync sau khi rebuild náº¿u cáº¥u hÃ¬nh Google Sheets; fallback CSV local náº¿u lá»—i,"SEA operating pipeline: archive current cÅ©, rebuild CSV/Parquet, KPI/forecast/ranking/recommendation/AI knowledge base, sync Google Sheets summary náº¿u cÃ³ cáº¥u hÃ¬nh.",
25/05/2026 02:18,Viá»‡t Nam,du_bao_thoi_tiet_7_ngay,ok,63,datasets/gold/current/du_bao_thoi_tiet_7_ngay.csv,datasets/gold/archive/2026-05-25,sync sau khi rebuild náº¿u cáº¥u hÃ¬nh Google Sheets; fallback CSV local náº¿u lá»—i,"SEA operating pipeline: archive current cÅ©, rebuild CSV/Parquet, KPI/forecast/ranking/recommendation/AI knowledge base, sync Google Sheets summary náº¿u cÃ³ cáº¥u hÃ¬nh.",
25/05/2026 02:18,Viá»‡t Nam,kpi_confidence_scores,ok,315,datasets/gold/current/kpi_confidence_scores.csv,datasets/gold/archive/2026-05-25,sync sau khi rebuild náº¿u cáº¥u hÃ¬nh Google Sheets; fallback CSV local náº¿u lá»—i,"SEA operating pipeline: archive current cÅ©, rebuild CSV/Parquet, KPI/forecast/ranking/recommendation/AI knowledge base, sync Google Sheets summary náº¿u cÃ³ cáº¥u hÃ¬nh.",
25/05/2026 02:18,Viá»‡t Nam,proxy_vs_nearrealtime_comparison,ok,63,datasets/gold/current/proxy_vs_nearrealtime_comparison.csv,datasets/gold/archive/2026-05-25,sync sau khi rebuild náº¿u cáº¥u hÃ¬nh Google Sheets; fallback CSV local náº¿u lá»—i,"SEA operating pipeline: archive current cÅ©, rebuild CSV/Parquet, KPI/forecast/ranking/recommendation/AI knowledge base, sync Google Sheets summary náº¿u cÃ³ cáº¥u hÃ¬nh.",
25/05/2026 02:18,Viá»‡t Nam,attraction_ticket_catalog,ok,52,datasets/gold/current/attraction_ticket_catalog.csv,datasets/gold/archive/2026-05-25,sync sau khi rebuild náº¿u cáº¥u hÃ¬nh Google Sheets; fallback CSV local náº¿u lá»—i,"SEA operating pipeline: archive current cÅ©, rebuild CSV/Parquet, KPI/forecast/ranking/recommendation/AI knowledge base, sync Google Sheets summary náº¿u cÃ³ cáº¥u hÃ¬nh.",
25/05/2026 02:18,Viá»‡t Nam,local_spending_poi,ok,500,datasets/gold/current/local_spending_poi.csv,datasets/gold/archive/2026-05-25,sync sau khi rebuild náº¿u cáº¥u hÃ¬nh Google Sheets; fallback CSV local náº¿u lá»—i,"SEA operating pipeline: archive current cÅ©, rebuild CSV/Parquet, KPI/forecast/ranking/recommendation/AI knowledge base, sync Google Sheets summary náº¿u cÃ³ cáº¥u hÃ¬nh.",
25/05/2026 02:18,Viá»‡t Nam,ticket_pressure_scores,ok,63,datasets/gold/current/ticket_pressure_scores.csv,datasets/gold/archive/2026-05-25,sync sau khi rebuild náº¿u cáº¥u hÃ¬nh Google Sheets; fallback CSV local náº¿u lá»—i,"SEA operating pipeline: archive current cÅ©, rebuild CSV/Parquet, KPI/forecast/ranking/recommendation/AI knowledge base, sync Google Sheets summary náº¿u cÃ³ cáº¥u hÃ¬nh.",
25/05/2026 02:18,Viá»‡t Nam,hotel_price_pressure,ok,63,datasets/gold/current/hotel_price_pressure.csv,datasets/gold/archive/2026-05-25,sync sau khi rebuild náº¿u cáº¥u hÃ¬nh Google Sheets; fallback CSV local náº¿u lá»—i,"SEA operating pipeline: archive current cÅ©, rebuild CSV/Parquet, KPI/forecast/ranking/recommendation/AI knowledge base, sync Google Sheets summary náº¿u cÃ³ cáº¥u hÃ¬nh.",
25/05/2026 02:18,Viá»‡t Nam,flight_price_signal,ok,63,datasets/gold/current/flight_price_signal.csv,datasets/gold/archive/2026-05-25,sync sau khi rebuild náº¿u cáº¥u hÃ¬nh Google Sheets; fallback CSV local náº¿u lá»—i,"SEA operating pipeline: archive current cÅ©, rebuild CSV/Parquet, KPI/forecast/ranking/recommendation/AI knowledge base, sync Google Sheets summary náº¿u cÃ³ cáº¥u hÃ¬nh.",
25/05/2026 02:18,Viá»‡t Nam,economic_action_recommendations,ok,441,datasets/gold/current/economic_action_recommendations.csv,datasets/gold/archive/2026-05-25,sync sau khi rebuild náº¿u cáº¥u hÃ¬nh Google Sheets; fallback CSV local náº¿u lá»—i,"SEA operating pipeline: archive current cÅ©, rebuild CSV/Parquet, KPI/forecast/ranking/recommendation/AI knowledge base, sync Google Sheets summary náº¿u cÃ³ cáº¥u hÃ¬nh.",
25/05/2026 02:18,Viá»‡t Nam,news_events,ok,12,datasets/gold/current/news_events.csv,datasets/gold/archive/2026-05-25,sync sau khi rebuild náº¿u cáº¥u hÃ¬nh Google Sheets; fallback CSV local náº¿u lá»—i,"SEA operating pipeline: archive current cÅ©, rebuild CSV/Parquet, KPI/forecast/ranking/recommendation/AI knowledge base, sync Google Sheets summary náº¿u cÃ³ cáº¥u hÃ¬nh.",
25/05/2026 02:18,Viá»‡t Nam,news_risk_signals,ok,12,datasets/gold/current/news_risk_signals.csv,datasets/gold/archive/2026-05-25,sync sau khi rebuild náº¿u cáº¥u hÃ¬nh Google Sheets; fallback CSV local náº¿u lá»—i,"SEA operating pipeline: archive current cÅ©, rebuild CSV/Parquet, KPI/forecast/ranking/recommendation/AI knowledge base, sync Google Sheets summary náº¿u cÃ³ cáº¥u hÃ¬nh.",
25/05/2026 02:18,Viá»‡t Nam,news_action_recommendations,ok,12,datasets/gold/current/news_action_recommendations.csv,datasets/gold/archive/2026-05-25,sync sau khi rebuild náº¿u cáº¥u hÃ¬nh Google Sheets; fallback CSV local náº¿u lá»—i,"SEA operating pipeline: archive current cÅ©, rebuild CSV/Parquet, KPI/forecast/ranking/recommendation/AI knowledge base, sync Google Sheets summary náº¿u cÃ³ cáº¥u hÃ¬nh.",
25/05/2026 02:18,Viá»‡t Nam,news_seen_registry,ok,16,datasets/gold/current/news_seen_registry.csv,datasets/gold/archive/2026-05-25,sync sau khi rebuild náº¿u cáº¥u hÃ¬nh Google Sheets; fallback CSV local náº¿u lá»—i,"SEA operating pipeline: archive current cÅ©, rebuild CSV/Parquet, KPI/forecast/ranking/recommendation/AI knowledge base, sync Google Sheets summary náº¿u cÃ³ cáº¥u hÃ¬nh.",
25/05/2026 02:18,Viá»‡t Nam,news_event_taxonomy,ok,8,datasets/gold/current/news_event_taxonomy.csv,datasets/gold/archive/2026-05-25,sync sau khi rebuild náº¿u cáº¥u hÃ¬nh Google Sheets; fallback CSV local náº¿u lá»—i,"SEA operating pipeline: archive current cÅ©, rebuild CSV/Parquet, KPI/forecast/ranking/recommendation/AI knowledge base, sync Google Sheets summary náº¿u cÃ³ cáº¥u hÃ¬nh.",
25/05/2026 02:18,Viá»‡t Nam,kpi_scale_catalog,ok,10,datasets/gold/current/kpi_scale_catalog.csv,datasets/gold/archive/2026-05-25,sync sau khi rebuild náº¿u cáº¥u hÃ¬nh Google Sheets; fallback CSV local náº¿u lá»—i,"SEA operating pipeline: archive current cÅ©, rebuild CSV/Parquet, KPI/forecast/ranking/recommendation/AI knowledge base, sync Google Sheets summary náº¿u cÃ³ cáº¥u hÃ¬nh.",
25/05/2026 02:18,Viá»‡t Nam,source_monitor_status,ok,19,datasets/gold/current/source_monitor_status.csv,datasets/gold/archive/2026-05-25,sync sau khi rebuild náº¿u cáº¥u hÃ¬nh Google Sheets; fallback CSV local náº¿u lá»—i,"SEA operating pipeline: archive current cÅ©, rebuild CSV/Parquet, KPI/forecast/ranking/recommendation/AI knowledge base, sync Google Sheets summary náº¿u cÃ³ cáº¥u hÃ¬nh.",
25/05/2026 02:18,Viá»‡t Nam,update_queue,ok,2,datasets/gold/current/update_queue.csv,datasets/gold/archive/2026-05-25,sync sau khi rebuild náº¿u cáº¥u hÃ¬nh Google Sheets; fallback CSV local náº¿u lá»—i,"SEA operating pipeline: archive current cÅ©, rebuild CSV/Parquet, KPI/forecast/ranking/recommendation/AI knowledge base, sync Google Sheets summary náº¿u cÃ³ cáº¥u hÃ¬nh.",
25/05/2026 02:18,Viá»‡t Nam,danh_sach_diem_den_mo_rong,ok,63,datasets/gold/current/danh_sach_diem_den_mo_rong.csv,datasets/gold/archive/2026-05-25,sync sau khi rebuild náº¿u cáº¥u hÃ¬nh Google Sheets; fallback CSV local náº¿u lá»—i,"SEA operating pipeline: archive current cÅ©, rebuild CSV/Parquet, KPI/forecast/ranking/recommendation/AI knowledge base, sync Google Sheets summary náº¿u cÃ³ cáº¥u hÃ¬nh.",
25/05/2026 02:18,Viá»‡t Nam,xep_hang_canh_bao_toan_quoc,ok,63,datasets/gold/current/xep_hang_canh_bao_toan_quoc.csv,datasets/gold/archive/2026-05-25,sync sau khi rebuild náº¿u cáº¥u hÃ¬nh Google Sheets; fallback CSV local náº¿u lá»—i,"SEA operating pipeline: archive current cÅ©, rebuild CSV/Parquet, KPI/forecast/ranking/recommendation/AI knowledge base, sync Google Sheets summary náº¿u cÃ³ cáº¥u hÃ¬nh.",
25/05/2026 02:18,Viá»‡t Nam,kiem_dinh_proxy,ok,63,datasets/gold/current/kiem_dinh_proxy.csv,datasets/gold/archive/2026-05-25,sync sau khi rebuild náº¿u cáº¥u hÃ¬nh Google Sheets; fallback CSV local náº¿u lá»—i,"SEA operating pipeline: archive current cÅ©, rebuild CSV/Parquet, KPI/forecast/ranking/recommendation/AI knowledge base, sync Google Sheets summary náº¿u cÃ³ cáº¥u hÃ¬nh.",
25/05/2026 02:18,Viá»‡t Nam,de_xuat_hieu_qua_kinh_te,ok,441,datasets/gold/current/de_xuat_hieu_qua_kinh_te.csv,datasets/gold/archive/2026-05-25,sync sau khi rebuild náº¿u cáº¥u hÃ¬nh Google Sheets; fallback CSV local náº¿u lá»—i,"SEA operating pipeline: archive current cÅ©, rebuild CSV/Parquet, KPI/forecast/ranking/recommendation/AI knowledge base, sync Google Sheets summary náº¿u cÃ³ cáº¥u hÃ¬nh.",
25/05/2026 02:18,Viá»‡t Nam,trang_thai_nguon_du_lieu,ok,19,datasets/gold/current/trang_thai_nguon_du_lieu.csv,datasets/gold/archive/2026-05-25,sync sau khi rebuild náº¿u cáº¥u hÃ¬nh Google Sheets; fallback CSV local náº¿u lá»—i,"SEA operating pipeline: archive current cÅ©, rebuild CSV/Parquet, KPI/forecast/ranking/recommendation/AI knowledge base, sync Google Sheets summary náº¿u cÃ³ cáº¥u hÃ¬nh.",
25/05/2026 02:18,Viá»‡t Nam,hang_cho_cap_nhat,ok,2,datasets/gold/current/hang_cho_cap_nhat.csv,datasets/gold/archive/2026-05-25,sync sau khi rebuild náº¿u cáº¥u hÃ¬nh Google Sheets; fallback CSV local náº¿u lá»—i,"SEA operating pipeline: archive current cÅ©, rebuild CSV/Parquet, KPI/forecast/ranking/recommendation/AI knowledge base, sync Google Sheets summary náº¿u cÃ³ cáº¥u hÃ¬nh.",
25/05/2026 02:18,Viá»‡t Nam,google_sheets_sync_status,ok,7,datasets/gold/current/google_sheets_sync_status.csv,datasets/gold/archive/2026-05-25,sync sau khi rebuild náº¿u cáº¥u hÃ¬nh Google Sheets; fallback CSV local náº¿u lá»—i,"SEA operating pipeline: archive current cÅ©, rebuild CSV/Parquet, KPI/forecast/ranking/recommendation/AI knowledge base, sync Google Sheets summary náº¿u cÃ³ cáº¥u hÃ¬nh.",
25/05/2026 10:55,Viá»‡t Nam,national_destination_alerts,ok,63,datasets/gold/current/national_destination_alerts.csv,datasets/gold/archive/2026-05-25,sync sau khi rebuild náº¿u cáº¥u hÃ¬nh Google Sheets; fallback CSV local náº¿u lá»—i,"SEA operating pipeline: archive current cÅ©, rebuild CSV/Parquet, KPI/forecast/ranking/recommendation/AI knowledge base, sync Google Sheets summary náº¿u cÃ³ cáº¥u hÃ¬nh.",
25/05/2026 10:55,Viá»‡t Nam,redistribution_features,ok,17,datasets/gold/current/redistribution_features.csv,datasets/gold/archive/2026-05-25,sync sau khi rebuild náº¿u cáº¥u hÃ¬nh Google Sheets; fallback CSV local náº¿u lá»—i,"SEA operating pipeline: archive current cÅ©, rebuild CSV/Parquet, KPI/forecast/ranking/recommendation/AI knowledge base, sync Google Sheets summary náº¿u cÃ³ cáº¥u hÃ¬nh.",
25/05/2026 10:55,Viá»‡t Nam,forecast_demand_scores,ok,252,datasets/gold/current/forecast_demand_scores.csv,datasets/gold/archive/2026-05-25,sync sau khi rebuild náº¿u cáº¥u hÃ¬nh Google Sheets; fallback CSV local náº¿u lá»—i,"SEA operating pipeline: archive current cÅ©, rebuild CSV/Parquet, KPI/forecast/ranking/recommendation/AI knowledge base, sync Google Sheets summary náº¿u cÃ³ cáº¥u hÃ¬nh.",
25/05/2026 10:55,Viá»‡t Nam,thoi_tiet_hien_tai,ok,63,datasets/gold/current/thoi_tiet_hien_tai.csv,datasets/gold/archive/2026-05-25,sync sau khi rebuild náº¿u cáº¥u hÃ¬nh Google Sheets; fallback CSV local náº¿u lá»—i,"SEA operating pipeline: archive current cÅ©, rebuild CSV/Parquet, KPI/forecast/ranking/recommendation/AI knowledge base, sync Google Sheets summary náº¿u cÃ³ cáº¥u hÃ¬nh.",
25/05/2026 10:55,Viá»‡t Nam,du_bao_thoi_tiet_7_ngay,ok,63,datasets/gold/current/du_bao_thoi_tiet_7_ngay.csv,datasets/gold/archive/2026-05-25,sync sau khi rebuild náº¿u cáº¥u hÃ¬nh Google Sheets; fallback CSV local náº¿u lá»—i,"SEA operating pipeline: archive current cÅ©, rebuild CSV/Parquet, KPI/forecast/ranking/recommendation/AI knowledge base, sync Google Sheets summary náº¿u cÃ³ cáº¥u hÃ¬nh.",
25/05/2026 10:55,Viá»‡t Nam,kpi_confidence_scores,ok,315,datasets/gold/current/kpi_confidence_scores.csv,datasets/gold/archive/2026-05-25,sync sau khi rebuild náº¿u cáº¥u hÃ¬nh Google Sheets; fallback CSV local náº¿u lá»—i,"SEA operating pipeline: archive current cÅ©, rebuild CSV/Parquet, KPI/forecast/ranking/recommendation/AI knowledge base, sync Google Sheets summary náº¿u cÃ³ cáº¥u hÃ¬nh.",
25/05/2026 10:55,Viá»‡t Nam,proxy_vs_nearrealtime_comparison,ok,63,datasets/gold/current/proxy_vs_nearrealtime_comparison.csv,datasets/gold/archive/2026-05-25,sync sau khi rebuild náº¿u cáº¥u hÃ¬nh Google Sheets; fallback CSV local náº¿u lá»—i,"SEA operating pipeline: archive current cÅ©, rebuild CSV/Parquet, KPI/forecast/ranking/recommendation/AI knowledge base, sync Google Sheets summary náº¿u cÃ³ cáº¥u hÃ¬nh.",
25/05/2026 10:55,Viá»‡t Nam,attraction_ticket_catalog,ok,52,datasets/gold/current/attraction_ticket_catalog.csv,datasets/gold/archive/2026-05-25,sync sau khi rebuild náº¿u cáº¥u hÃ¬nh Google Sheets; fallback CSV local náº¿u lá»—i,"SEA operating pipeline: archive current cÅ©, rebuild CSV/Parquet, KPI/forecast/ranking/recommendation/AI knowledge base, sync Google Sheets summary náº¿u cÃ³ cáº¥u hÃ¬nh.",
25/05/2026 10:55,Viá»‡t Nam,local_spending_poi,ok,500,datasets/gold/current/local_spending_poi.csv,datasets/gold/archive/2026-05-25,sync sau khi rebuild náº¿u cáº¥u hÃ¬nh Google Sheets; fallback CSV local náº¿u lá»—i,"SEA operating pipeline: archive current cÅ©, rebuild CSV/Parquet, KPI/forecast/ranking/recommendation/AI knowledge base, sync Google Sheets summary náº¿u cÃ³ cáº¥u hÃ¬nh.",
25/05/2026 10:55,Viá»‡t Nam,ticket_pressure_scores,ok,63,datasets/gold/current/ticket_pressure_scores.csv,datasets/gold/archive/2026-05-25,sync sau khi rebuild náº¿u cáº¥u hÃ¬nh Google Sheets; fallback CSV local náº¿u lá»—i,"SEA operating pipeline: archive current cÅ©, rebuild CSV/Parquet, KPI/forecast/ranking/recommendation/AI knowledge base, sync Google Sheets summary náº¿u cÃ³ cáº¥u hÃ¬nh.",
25/05/2026 10:55,Viá»‡t Nam,hotel_price_pressure,ok,63,datasets/gold/current/hotel_price_pressure.csv,datasets/gold/archive/2026-05-25,sync sau khi rebuild náº¿u cáº¥u hÃ¬nh Google Sheets; fallback CSV local náº¿u lá»—i,"SEA operating pipeline: archive current cÅ©, rebuild CSV/Parquet, KPI/forecast/ranking/recommendation/AI knowledge base, sync Google Sheets summary náº¿u cÃ³ cáº¥u hÃ¬nh.",
25/05/2026 10:55,Viá»‡t Nam,flight_price_signal,ok,63,datasets/gold/current/flight_price_signal.csv,datasets/gold/archive/2026-05-25,sync sau khi rebuild náº¿u cáº¥u hÃ¬nh Google Sheets; fallback CSV local náº¿u lá»—i,"SEA operating pipeline: archive current cÅ©, rebuild CSV/Parquet, KPI/forecast/ranking/recommendation/AI knowledge base, sync Google Sheets summary náº¿u cÃ³ cáº¥u hÃ¬nh.",
25/05/2026 10:55,Viá»‡t Nam,economic_action_recommendations,ok,441,datasets/gold/current/economic_action_recommendations.csv,datasets/gold/archive/2026-05-25,sync sau khi rebuild náº¿u cáº¥u hÃ¬nh Google Sheets; fallback CSV local náº¿u lá»—i,"SEA operating pipeline: archive current cÅ©, rebuild CSV/Parquet, KPI/forecast/ranking/recommendation/AI knowledge base, sync Google Sheets summary náº¿u cÃ³ cáº¥u hÃ¬nh.",
25/05/2026 10:55,Viá»‡t Nam,news_events,ok,12,datasets/gold/current/news_events.csv,datasets/gold/archive/2026-05-25,sync sau khi rebuild náº¿u cáº¥u hÃ¬nh Google Sheets; fallback CSV local náº¿u lá»—i,"SEA operating pipeline: archive current cÅ©, rebuild CSV/Parquet, KPI/forecast/ranking/recommendation/AI knowledge base, sync Google Sheets summary náº¿u cÃ³ cáº¥u hÃ¬nh.",
25/05/2026 10:55,Viá»‡t Nam,news_risk_signals,ok,12,datasets/gold/current/news_risk_signals.csv,datasets/gold/archive/2026-05-25,sync sau khi rebuild náº¿u cáº¥u hÃ¬nh Google Sheets; fallback CSV local náº¿u lá»—i,"SEA operating pipeline: archive current cÅ©, rebuild CSV/Parquet, KPI/forecast/ranking/recommendation/AI knowledge base, sync Google Sheets summary náº¿u cÃ³ cáº¥u hÃ¬nh.",
25/05/2026 10:55,Viá»‡t Nam,news_action_recommendations,ok,12,datasets/gold/current/news_action_recommendations.csv,datasets/gold/archive/2026-05-25,sync sau khi rebuild náº¿u cáº¥u hÃ¬nh Google Sheets; fallback CSV local náº¿u lá»—i,"SEA operating pipeline: archive current cÅ©, rebuild CSV/Parquet, KPI/forecast/ranking/recommendation/AI knowledge base, sync Google Sheets summary náº¿u cÃ³ cáº¥u hÃ¬nh.",
25/05/2026 10:55,Viá»‡t Nam,news_seen_registry,ok,16,datasets/gold/current/news_seen_registry.csv,datasets/gold/archive/2026-05-25,sync sau khi rebuild náº¿u cáº¥u hÃ¬nh Google Sheets; fallback CSV local náº¿u lá»—i,"SEA operating pipeline: archive current cÅ©, rebuild CSV/Parquet, KPI/forecast/ranking/recommendation/AI knowledge base, sync Google Sheets summary náº¿u cÃ³ cáº¥u hÃ¬nh.",
25/05/2026 10:55,Viá»‡t Nam,news_event_taxonomy,ok,8,datasets/gold/current/news_event_taxonomy.csv,datasets/gold/archive/2026-05-25,sync sau khi rebuild náº¿u cáº¥u hÃ¬nh Google Sheets; fallback CSV local náº¿u lá»—i,"SEA operating pipeline: archive current cÅ©, rebuild CSV/Parquet, KPI/forecast/ranking/recommendation/AI knowledge base, sync Google Sheets summary náº¿u cÃ³ cáº¥u hÃ¬nh.",
25/05/2026 10:55,Viá»‡t Nam,kpi_scale_catalog,ok,10,datasets/gold/current/kpi_scale_catalog.csv,datasets/gold/archive/2026-05-25,sync sau khi rebuild náº¿u cáº¥u hÃ¬nh Google Sheets; fallback CSV local náº¿u lá»—i,"SEA operating pipeline: archive current cÅ©, rebuild CSV/Parquet, KPI/forecast/ranking/recommendation/AI knowledge base, sync Google Sheets summary náº¿u cÃ³ cáº¥u hÃ¬nh.",
25/05/2026 10:55,Viá»‡t Nam,source_monitor_status,ok,19,datasets/gold/current/source_monitor_status.csv,datasets/gold/archive/2026-05-25,sync sau khi rebuild náº¿u cáº¥u hÃ¬nh Google Sheets; fallback CSV local náº¿u lá»—i,"SEA operating pipeline: archive current cÅ©, rebuild CSV/Parquet, KPI/forecast/ranking/recommendation/AI knowledge base, sync Google Sheets summary náº¿u cÃ³ cáº¥u hÃ¬nh.",
25/05/2026 10:55,Viá»‡t Nam,update_queue,ok,2,datasets/gold/current/update_queue.csv,datasets/gold/archive/2026-05-25,sync sau khi rebuild náº¿u cáº¥u hÃ¬nh Google Sheets; fallback CSV local náº¿u lá»—i,"SEA operating pipeline: archive current cÅ©, rebuild CSV/Parquet, KPI/forecast/ranking/recommendation/AI knowledge base, sync Google Sheets summary náº¿u cÃ³ cáº¥u hÃ¬nh.",
25/05/2026 10:55,Viá»‡t Nam,danh_sach_diem_den_mo_rong,ok,63,datasets/gold/current/danh_sach_diem_den_mo_rong.csv,datasets/gold/archive/2026-05-25,sync sau khi rebuild náº¿u cáº¥u hÃ¬nh Google Sheets; fallback CSV local náº¿u lá»—i,"SEA operating pipeline: archive current cÅ©, rebuild CSV/Parquet, KPI/forecast/ranking/recommendation/AI knowledge base, sync Google Sheets summary náº¿u cÃ³ cáº¥u hÃ¬nh.",
25/05/2026 10:55,Viá»‡t Nam,xep_hang_canh_bao_toan_quoc,ok,63,datasets/gold/current/xep_hang_canh_bao_toan_quoc.csv,datasets/gold/archive/2026-05-25,sync sau khi rebuild náº¿u cáº¥u hÃ¬nh Google Sheets; fallback CSV local náº¿u lá»—i,"SEA operating pipeline: archive current cÅ©, rebuild CSV/Parquet, KPI/forecast/ranking/recommendation/AI knowledge base, sync Google Sheets summary náº¿u cÃ³ cáº¥u hÃ¬nh.",
25/05/2026 10:55,Viá»‡t Nam,kiem_dinh_proxy,ok,63,datasets/gold/current/kiem_dinh_proxy.csv,datasets/gold/archive/2026-05-25,sync sau khi rebuild náº¿u cáº¥u hÃ¬nh Google Sheets; fallback CSV local náº¿u lá»—i,"SEA operating pipeline: archive current cÅ©, rebuild CSV/Parquet, KPI/forecast/ranking/recommendation/AI knowledge base, sync Google Sheets summary náº¿u cÃ³ cáº¥u hÃ¬nh.",
25/05/2026 10:55,Viá»‡t Nam,de_xuat_hieu_qua_kinh_te,ok,441,datasets/gold/current/de_xuat_hieu_qua_kinh_te.csv,datasets/gold/archive/2026-05-25,sync sau khi rebuild náº¿u cáº¥u hÃ¬nh Google Sheets; fallback CSV local náº¿u lá»—i,"SEA operating pipeline: archive current cÅ©, rebuild CSV/Parquet, KPI/forecast/ranking/recommendation/AI knowledge base, sync Google Sheets summary náº¿u cÃ³ cáº¥u hÃ¬nh.",
25/05/2026 10:55,Viá»‡t Nam,trang_thai_nguon_du_lieu,ok,19,datasets/gold/current/trang_thai_nguon_du_lieu.csv,datasets/gold/archive/2026-05-25,sync sau khi rebuild náº¿u cáº¥u hÃ¬nh Google Sheets; fallback CSV local náº¿u lá»—i,"SEA operating pipeline: archive current cÅ©, rebuild CSV/Parquet, KPI/forecast/ranking/recommendation/AI knowledge base, sync Google Sheets summary náº¿u cÃ³ cáº¥u hÃ¬nh.",
25/05/2026 10:55,Viá»‡t Nam,hang_cho_cap_nhat,ok,2,datasets/gold/current/hang_cho_cap_nhat.csv,datasets/gold/archive/2026-05-25,sync sau khi rebuild náº¿u cáº¥u hÃ¬nh Google Sheets; fallback CSV local náº¿u lá»—i,"SEA operating pipeline: archive current cÅ©, rebuild CSV/Parquet, KPI/forecast/ranking/recommendation/AI knowledge base, sync Google Sheets summary náº¿u cÃ³ cáº¥u hÃ¬nh.",
25/05/2026 10:55,Viá»‡t Nam,google_sheets_sync_status,ok,7,datasets/gold/current/google_sheets_sync_status.csv,datasets/gold/archive/2026-05-25,sync sau khi rebuild náº¿u cáº¥u hÃ¬nh Google Sheets; fallback CSV local náº¿u lá»—i,"SEA operating pipeline: archive current cÅ©, rebuild CSV/Parquet, KPI/forecast/ranking/recommendation/AI knowledge base, sync Google Sheets summary náº¿u cÃ³ cáº¥u hÃ¬nh.",
25/05/2026 17:08,Viá»‡t Nam,national_destination_alerts,ok,63,datasets/gold/current/national_destination_alerts.csv,datasets/gold/archive/2026-05-25,sync sau khi rebuild náº¿u cáº¥u hÃ¬nh Google Sheets; fallback CSV local náº¿u lá»—i,"SEA operating pipeline: archive current cÅ©, rebuild CSV/Parquet, KPI/forecast/ranking/recommendation/AI knowledge base, sync Google Sheets summary náº¿u cÃ³ cáº¥u hÃ¬nh.",
25/05/2026 17:08,Viá»‡t Nam,redistribution_features,ok,17,datasets/gold/current/redistribution_features.csv,datasets/gold/archive/2026-05-25,sync sau khi rebuild náº¿u cáº¥u hÃ¬nh Google Sheets; fallback CSV local náº¿u lá»—i,"SEA operating pipeline: archive current cÅ©, rebuild CSV/Parquet, KPI/forecast/ranking/recommendation/AI knowledge base, sync Google Sheets summary náº¿u cÃ³ cáº¥u hÃ¬nh.",
25/05/2026 17:08,Viá»‡t Nam,forecast_demand_scores,ok,252,datasets/gold/current/forecast_demand_scores.csv,datasets/gold/archive/2026-05-25,sync sau khi rebuild náº¿u cáº¥u hÃ¬nh Google Sheets; fallback CSV local náº¿u lá»—i,"SEA operating pipeline: archive current cÅ©, rebuild CSV/Parquet, KPI/forecast/ranking/recommendation/AI knowledge base, sync Google Sheets summary náº¿u cÃ³ cáº¥u hÃ¬nh.",
25/05/2026 17:08,Viá»‡t Nam,thoi_tiet_hien_tai,ok,63,datasets/gold/current/thoi_tiet_hien_tai.csv,datasets/gold/archive/2026-05-25,sync sau khi rebuild náº¿u cáº¥u hÃ¬nh Google Sheets; fallback CSV local náº¿u lá»—i,"SEA operating pipeline: archive current cÅ©, rebuild CSV/Parquet, KPI/forecast/ranking/recommendation/AI knowledge base, sync Google Sheets summary náº¿u cÃ³ cáº¥u hÃ¬nh.",
25/05/2026 17:08,Viá»‡t Nam,du_bao_thoi_tiet_7_ngay,ok,63,datasets/gold/current/du_bao_thoi_tiet_7_ngay.csv,datasets/gold/archive/2026-05-25,sync sau khi rebuild náº¿u cáº¥u hÃ¬nh Google Sheets; fallback CSV local náº¿u lá»—i,"SEA operating pipeline: archive current cÅ©, rebuild CSV/Parquet, KPI/forecast/ranking/recommendation/AI knowledge base, sync Google Sheets summary náº¿u cÃ³ cáº¥u hÃ¬nh.",
25/05/2026 17:08,Viá»‡t Nam,kpi_confidence_scores,ok,315,datasets/gold/current/kpi_confidence_scores.csv,datasets/gold/archive/2026-05-25,sync sau khi rebuild náº¿u cáº¥u hÃ¬nh Google Sheets; fallback CSV local náº¿u lá»—i,"SEA operating pipeline: archive current cÅ©, rebuild CSV/Parquet, KPI/forecast/ranking/recommendation/AI knowledge base, sync Google Sheets summary náº¿u cÃ³ cáº¥u hÃ¬nh.",
25/05/2026 17:08,Viá»‡t Nam,proxy_vs_nearrealtime_comparison,ok,63,datasets/gold/current/proxy_vs_nearrealtime_comparison.csv,datasets/gold/archive/2026-05-25,sync sau khi rebuild náº¿u cáº¥u hÃ¬nh Google Sheets; fallback CSV local náº¿u lá»—i,"SEA operating pipeline: archive current cÅ©, rebuild CSV/Parquet, KPI/forecast/ranking/recommendation/AI knowledge base, sync Google Sheets summary náº¿u cÃ³ cáº¥u hÃ¬nh.",
25/05/2026 17:08,Viá»‡t Nam,attraction_ticket_catalog,ok,52,datasets/gold/current/attraction_ticket_catalog.csv,datasets/gold/archive/2026-05-25,sync sau khi rebuild náº¿u cáº¥u hÃ¬nh Google Sheets; fallback CSV local náº¿u lá»—i,"SEA operating pipeline: archive current cÅ©, rebuild CSV/Parquet, KPI/forecast/ranking/recommendation/AI knowledge base, sync Google Sheets summary náº¿u cÃ³ cáº¥u hÃ¬nh.",
25/05/2026 17:08,Viá»‡t Nam,local_spending_poi,ok,500,datasets/gold/current/local_spending_poi.csv,datasets/gold/archive/2026-05-25,sync sau khi rebuild náº¿u cáº¥u hÃ¬nh Google Sheets; fallback CSV local náº¿u lá»—i,"SEA operating pipeline: archive current cÅ©, rebuild CSV/Parquet, KPI/forecast/ranking/recommendation/AI knowledge base, sync Google Sheets summary náº¿u cÃ³ cáº¥u hÃ¬nh.",
25/05/2026 17:08,Viá»‡t Nam,ticket_pressure_scores,ok,63,datasets/gold/current/ticket_pressure_scores.csv,datasets/gold/archive/2026-05-25,sync sau khi rebuild náº¿u cáº¥u hÃ¬nh Google Sheets; fallback CSV local náº¿u lá»—i,"SEA operating pipeline: archive current cÅ©, rebuild CSV/Parquet, KPI/forecast/ranking/recommendation/AI knowledge base, sync Google Sheets summary náº¿u cÃ³ cáº¥u hÃ¬nh.",
25/05/2026 17:08,Viá»‡t Nam,hotel_price_pressure,ok,63,datasets/gold/current/hotel_price_pressure.csv,datasets/gold/archive/2026-05-25,sync sau khi rebuild náº¿u cáº¥u hÃ¬nh Google Sheets; fallback CSV local náº¿u lá»—i,"SEA operating pipeline: archive current cÅ©, rebuild CSV/Parquet, KPI/forecast/ranking/recommendation/AI knowledge base, sync Google Sheets summary náº¿u cÃ³ cáº¥u hÃ¬nh.",
25/05/2026 17:08,Viá»‡t Nam,flight_price_signal,ok,63,datasets/gold/current/flight_price_signal.csv,datasets/gold/archive/2026-05-25,sync sau khi rebuild náº¿u cáº¥u hÃ¬nh Google Sheets; fallback CSV local náº¿u lá»—i,"SEA operating pipeline: archive current cÅ©, rebuild CSV/Parquet, KPI/forecast/ranking/recommendation/AI knowledge base, sync Google Sheets summary náº¿u cÃ³ cáº¥u hÃ¬nh.",
25/05/2026 17:08,Viá»‡t Nam,economic_action_recommendations,ok,441,datasets/gold/current/economic_action_recommendations.csv,datasets/gold/archive/2026-05-25,sync sau khi rebuild náº¿u cáº¥u hÃ¬nh Google Sheets; fallback CSV local náº¿u lá»—i,"SEA operating pipeline: archive current cÅ©, rebuild CSV/Parquet, KPI/forecast/ranking/recommendation/AI knowledge base, sync Google Sheets summary náº¿u cÃ³ cáº¥u hÃ¬nh.",
25/05/2026 17:08,Viá»‡t Nam,news_events,ok,12,datasets/gold/current/news_events.csv,datasets/gold/archive/2026-05-25,sync sau khi rebuild náº¿u cáº¥u hÃ¬nh Google Sheets; fallback CSV local náº¿u lá»—i,"SEA operating pipeline: archive current cÅ©, rebuild CSV/Parquet, KPI/forecast/ranking/recommendation/AI knowledge base, sync Google Sheets summary náº¿u cÃ³ cáº¥u hÃ¬nh.",
25/05/2026 17:08,Viá»‡t Nam,news_risk_signals,ok,12,datasets/gold/current/news_risk_signals.csv,datasets/gold/archive/2026-05-25,sync sau khi rebuild náº¿u cáº¥u hÃ¬nh Google Sheets; fallback CSV local náº¿u lá»—i,"SEA operating pipeline: archive current cÅ©, rebuild CSV/Parquet, KPI/forecast/ranking/recommendation/AI knowledge base, sync Google Sheets summary náº¿u cÃ³ cáº¥u hÃ¬nh.",
25/05/2026 17:08,Viá»‡t Nam,news_action_recommendations,ok,12,datasets/gold/current/news_action_recommendations.csv,datasets/gold/archive/2026-05-25,sync sau khi rebuild náº¿u cáº¥u hÃ¬nh Google Sheets; fallback CSV local náº¿u lá»—i,"SEA operating pipeline: archive current cÅ©, rebuild CSV/Parquet, KPI/forecast/ranking/recommendation/AI knowledge base, sync Google Sheets summary náº¿u cÃ³ cáº¥u hÃ¬nh.",
25/05/2026 17:08,Viá»‡t Nam,news_seen_registry,ok,16,datasets/gold/current/news_seen_registry.csv,datasets/gold/archive/2026-05-25,sync sau khi rebuild náº¿u cáº¥u hÃ¬nh Google Sheets; fallback CSV local náº¿u lá»—i,"SEA operating pipeline: archive current cÅ©, rebuild CSV/Parquet, KPI/forecast/ranking/recommendation/AI knowledge base, sync Google Sheets summary náº¿u cÃ³ cáº¥u hÃ¬nh.",
25/05/2026 17:08,Viá»‡t Nam,news_event_taxonomy,ok,8,datasets/gold/current/news_event_taxonomy.csv,datasets/gold/archive/2026-05-25,sync sau khi rebuild náº¿u cáº¥u hÃ¬nh Google Sheets; fallback CSV local náº¿u lá»—i,"SEA operating pipeline: archive current cÅ©, rebuild CSV/Parquet, KPI/forecast/ranking/recommendation/AI knowledge base, sync Google Sheets summary náº¿u cÃ³ cáº¥u hÃ¬nh.",
25/05/2026 17:08,Viá»‡t Nam,kpi_scale_catalog,ok,10,datasets/gold/current/kpi_scale_catalog.csv,datasets/gold/archive/2026-05-25,sync sau khi rebuild náº¿u cáº¥u hÃ¬nh Google Sheets; fallback CSV local náº¿u lá»—i,"SEA operating pipeline: archive current cÅ©, rebuild CSV/Parquet, KPI/forecast/ranking/recommendation/AI knowledge base, sync Google Sheets summary náº¿u cÃ³ cáº¥u hÃ¬nh.",
25/05/2026 17:08,Viá»‡t Nam,source_monitor_status,ok,19,datasets/gold/current/source_monitor_status.csv,datasets/gold/archive/2026-05-25,sync sau khi rebuild náº¿u cáº¥u hÃ¬nh Google Sheets; fallback CSV local náº¿u lá»—i,"SEA operating pipeline: archive current cÅ©, rebuild CSV/Parquet, KPI/forecast/ranking/recommendation/AI knowledge base, sync Google Sheets summary náº¿u cÃ³ cáº¥u hÃ¬nh.",
25/05/2026 17:08,Viá»‡t Nam,update_queue,ok,2,datasets/gold/current/update_queue.csv,datasets/gold/archive/2026-05-25,sync sau khi rebuild náº¿u cáº¥u hÃ¬nh Google Sheets; fallback CSV local náº¿u lá»—i,"SEA operating pipeline: archive current cÅ©, rebuild CSV/Parquet, KPI/forecast/ranking/recommendation/AI knowledge base, sync Google Sheets summary náº¿u cÃ³ cáº¥u hÃ¬nh.",
25/05/2026 17:08,Viá»‡t Nam,danh_sach_diem_den_mo_rong,ok,63,datasets/gold/current/danh_sach_diem_den_mo_rong.csv,datasets/gold/archive/2026-05-25,sync sau khi rebuild náº¿u cáº¥u hÃ¬nh Google Sheets; fallback CSV local náº¿u lá»—i,"SEA operating pipeline: archive current cÅ©, rebuild CSV/Parquet, KPI/forecast/ranking/recommendation/AI knowledge base, sync Google Sheets summary náº¿u cÃ³ cáº¥u hÃ¬nh.",
25/05/2026 17:08,Viá»‡t Nam,xep_hang_canh_bao_toan_quoc,ok,63,datasets/gold/current/xep_hang_canh_bao_toan_quoc.csv,datasets/gold/archive/2026-05-25,sync sau khi rebuild náº¿u cáº¥u hÃ¬nh Google Sheets; fallback CSV local náº¿u lá»—i,"SEA operating pipeline: archive current cÅ©, rebuild CSV/Parquet, KPI/forecast/ranking/recommendation/AI knowledge base, sync Google Sheets summary náº¿u cÃ³ cáº¥u hÃ¬nh.",
25/05/2026 17:08,Viá»‡t Nam,kiem_dinh_proxy,ok,63,datasets/gold/current/kiem_dinh_proxy.csv,datasets/gold/archive/2026-05-25,sync sau khi rebuild náº¿u cáº¥u hÃ¬nh Google Sheets; fallback CSV local náº¿u lá»—i,"SEA operating pipeline: archive current cÅ©, rebuild CSV/Parquet, KPI/forecast/ranking/recommendation/AI knowledge base, sync Google Sheets summary náº¿u cÃ³ cáº¥u hÃ¬nh.",
25/05/2026 17:08,Viá»‡t Nam,de_xuat_hieu_qua_kinh_te,ok,441,datasets/gold/current/de_xuat_hieu_qua_kinh_te.csv,datasets/gold/archive/2026-05-25,sync sau khi rebuild náº¿u cáº¥u hÃ¬nh Google Sheets; fallback CSV local náº¿u lá»—i,"SEA operating pipeline: archive current cÅ©, rebuild CSV/Parquet, KPI/forecast/ranking/recommendation/AI knowledge base, sync Google Sheets summary náº¿u cÃ³ cáº¥u hÃ¬nh.",
25/05/2026 17:08,Viá»‡t Nam,trang_thai_nguon_du_lieu,ok,19,datasets/gold/current/trang_thai_nguon_du_lieu.csv,datasets/gold/archive/2026-05-25,sync sau khi rebuild náº¿u cáº¥u hÃ¬nh Google Sheets; fallback CSV local náº¿u lá»—i,"SEA operating pipeline: archive current cÅ©, rebuild CSV/Parquet, KPI/forecast/ranking/recommendation/AI knowledge base, sync Google Sheets summary náº¿u cÃ³ cáº¥u hÃ¬nh.",
25/05/2026 17:08,Viá»‡t Nam,hang_cho_cap_nhat,ok,2,datasets/gold/current/hang_cho_cap_nhat.csv,datasets/gold/archive/2026-05-25,sync sau khi rebuild náº¿u cáº¥u hÃ¬nh Google Sheets; fallback CSV local náº¿u lá»—i,"SEA operating pipeline: archive current cÅ©, rebuild CSV/Parquet, KPI/forecast/ranking/recommendation/AI knowledge base, sync Google Sheets summary náº¿u cÃ³ cáº¥u hÃ¬nh.",
25/05/2026 17:08,Viá»‡t Nam,google_sheets_sync_status,ok,7,datasets/gold/current/google_sheets_sync_status.csv,datasets/gold/archive/2026-05-25,sync sau khi rebuild náº¿u cáº¥u hÃ¬nh Google Sheets; fallback CSV local náº¿u lá»—i,"SEA operating pipeline: archive current cÅ©, rebuild CSV/Parquet, KPI/forecast/ranking/recommendation/AI knowledge base, sync Google Sheets summary náº¿u cÃ³ cáº¥u hÃ¬nh.",
25/05/2026 21:55,Viá»‡t Nam,national_destination_alerts,ok,63,datasets/gold/current/national_destination_alerts.csv,datasets/gold/archive/2026-05-25,sync sau khi rebuild náº¿u cáº¥u hÃ¬nh Google Sheets; fallback CSV local náº¿u lá»—i,"SEA operating pipeline: archive current cÅ©, rebuild CSV/Parquet, KPI/forecast/ranking/recommendation/AI knowledge base, sync Google Sheets summary náº¿u cÃ³ cáº¥u hÃ¬nh.",
25/05/2026 21:55,Viá»‡t Nam,redistribution_features,ok,17,datasets/gold/current/redistribution_features.csv,datasets/gold/archive/2026-05-25,sync sau khi rebuild náº¿u cáº¥u hÃ¬nh Google Sheets; fallback CSV local náº¿u lá»—i,"SEA operating pipeline: archive current cÅ©, rebuild CSV/Parquet, KPI/forecast/ranking/recommendation/AI knowledge base, sync Google Sheets summary náº¿u cÃ³ cáº¥u hÃ¬nh.",
25/05/2026 21:55,Viá»‡t Nam,forecast_demand_scores,ok,252,datasets/gold/current/forecast_demand_scores.csv,datasets/gold/archive/2026-05-25,sync sau khi rebuild náº¿u cáº¥u hÃ¬nh Google Sheets; fallback CSV local náº¿u lá»—i,"SEA operating pipeline: archive current cÅ©, rebuild CSV/Parquet, KPI/forecast/ranking/recommendation/AI knowledge base, sync Google Sheets summary náº¿u cÃ³ cáº¥u hÃ¬nh.",
25/05/2026 21:55,Viá»‡t Nam,thoi_tiet_hien_tai,ok,63,datasets/gold/current/thoi_tiet_hien_tai.csv,datasets/gold/archive/2026-05-25,sync sau khi rebuild náº¿u cáº¥u hÃ¬nh Google Sheets; fallback CSV local náº¿u lá»—i,"SEA operating pipeline: archive current cÅ©, rebuild CSV/Parquet, KPI/forecast/ranking/recommendation/AI knowledge base, sync Google Sheets summary náº¿u cÃ³ cáº¥u hÃ¬nh.",
25/05/2026 21:55,Viá»‡t Nam,du_bao_thoi_tiet_7_ngay,ok,63,datasets/gold/current/du_bao_thoi_tiet_7_ngay.csv,datasets/gold/archive/2026-05-25,sync sau khi rebuild náº¿u cáº¥u hÃ¬nh Google Sheets; fallback CSV local náº¿u lá»—i,"SEA operating pipeline: archive current cÅ©, rebuild CSV/Parquet, KPI/forecast/ranking/recommendation/AI knowledge base, sync Google Sheets summary náº¿u cÃ³ cáº¥u hÃ¬nh.",
25/05/2026 21:55,Viá»‡t Nam,kpi_confidence_scores,ok,315,datasets/gold/current/kpi_confidence_scores.csv,datasets/gold/archive/2026-05-25,sync sau khi rebuild náº¿u cáº¥u hÃ¬nh Google Sheets; fallback CSV local náº¿u lá»—i,"SEA operating pipeline: archive current cÅ©, rebuild CSV/Parquet, KPI/forecast/ranking/recommendation/AI knowledge base, sync Google Sheets summary náº¿u cÃ³ cáº¥u hÃ¬nh.",
25/05/2026 21:55,Viá»‡t Nam,proxy_vs_nearrealtime_comparison,ok,63,datasets/gold/current/proxy_vs_nearrealtime_comparison.csv,datasets/gold/archive/2026-05-25,sync sau khi rebuild náº¿u cáº¥u hÃ¬nh Google Sheets; fallback CSV local náº¿u lá»—i,"SEA operating pipeline: archive current cÅ©, rebuild CSV/Parquet, KPI/forecast/ranking/recommendation/AI knowledge base, sync Google Sheets summary náº¿u cÃ³ cáº¥u hÃ¬nh.",
25/05/2026 21:55,Viá»‡t Nam,attraction_ticket_catalog,ok,52,datasets/gold/current/attraction_ticket_catalog.csv,datasets/gold/archive/2026-05-25,sync sau khi rebuild náº¿u cáº¥u hÃ¬nh Google Sheets; fallback CSV local náº¿u lá»—i,"SEA operating pipeline: archive current cÅ©, rebuild CSV/Parquet, KPI/forecast/ranking/recommendation/AI knowledge base, sync Google Sheets summary náº¿u cÃ³ cáº¥u hÃ¬nh.",
25/05/2026 21:55,Viá»‡t Nam,local_spending_poi,ok,500,datasets/gold/current/local_spending_poi.csv,datasets/gold/archive/2026-05-25,sync sau khi rebuild náº¿u cáº¥u hÃ¬nh Google Sheets; fallback CSV local náº¿u lá»—i,"SEA operating pipeline: archive current cÅ©, rebuild CSV/Parquet, KPI/forecast/ranking/recommendation/AI knowledge base, sync Google Sheets summary náº¿u cÃ³ cáº¥u hÃ¬nh.",
25/05/2026 21:55,Viá»‡t Nam,ticket_pressure_scores,ok,63,datasets/gold/current/ticket_pressure_scores.csv,datasets/gold/archive/2026-05-25,sync sau khi rebuild náº¿u cáº¥u hÃ¬nh Google Sheets; fallback CSV local náº¿u lá»—i,"SEA operating pipeline: archive current cÅ©, rebuild CSV/Parquet, KPI/forecast/ranking/recommendation/AI knowledge base, sync Google Sheets summary náº¿u cÃ³ cáº¥u hÃ¬nh.",
25/05/2026 21:55,Viá»‡t Nam,hotel_price_pressure,ok,63,datasets/gold/current/hotel_price_pressure.csv,datasets/gold/archive/2026-05-25,sync sau khi rebuild náº¿u cáº¥u hÃ¬nh Google Sheets; fallback CSV local náº¿u lá»—i,"SEA operating pipeline: archive current cÅ©, rebuild CSV/Parquet, KPI/forecast/ranking/recommendation/AI knowledge base, sync Google Sheets summary náº¿u cÃ³ cáº¥u hÃ¬nh.",
25/05/2026 21:55,Viá»‡t Nam,flight_price_signal,ok,63,datasets/gold/current/flight_price_signal.csv,datasets/gold/archive/2026-05-25,sync sau khi rebuild náº¿u cáº¥u hÃ¬nh Google Sheets; fallback CSV local náº¿u lá»—i,"SEA operating pipeline: archive current cÅ©, rebuild CSV/Parquet, KPI/forecast/ranking/recommendation/AI knowledge base, sync Google Sheets summary náº¿u cÃ³ cáº¥u hÃ¬nh.",
25/05/2026 21:55,Viá»‡t Nam,economic_action_recommendations,ok,441,datasets/gold/current/economic_action_recommendations.csv,datasets/gold/archive/2026-05-25,sync sau khi rebuild náº¿u cáº¥u hÃ¬nh Google Sheets; fallback CSV local náº¿u lá»—i,"SEA operating pipeline: archive current cÅ©, rebuild CSV/Parquet, KPI/forecast/ranking/recommendation/AI knowledge base, sync Google Sheets summary náº¿u cÃ³ cáº¥u hÃ¬nh.",
25/05/2026 21:55,Viá»‡t Nam,news_events,ok,12,datasets/gold/current/news_events.csv,datasets/gold/archive/2026-05-25,sync sau khi rebuild náº¿u cáº¥u hÃ¬nh Google Sheets; fallback CSV local náº¿u lá»—i,"SEA operating pipeline: archive current cÅ©, rebuild CSV/Parquet, KPI/forecast/ranking/recommendation/AI knowledge base, sync Google Sheets summary náº¿u cÃ³ cáº¥u hÃ¬nh.",
25/05/2026 21:55,Viá»‡t Nam,news_risk_signals,ok,12,datasets/gold/current/news_risk_signals.csv,datasets/gold/archive/2026-05-25,sync sau khi rebuild náº¿u cáº¥u hÃ¬nh Google Sheets; fallback CSV local náº¿u lá»—i,"SEA operating pipeline: archive current cÅ©, rebuild CSV/Parquet, KPI/forecast/ranking/recommendation/AI knowledge base, sync Google Sheets summary náº¿u cÃ³ cáº¥u hÃ¬nh.",
25/05/2026 21:55,Viá»‡t Nam,news_action_recommendations,ok,12,datasets/gold/current/news_action_recommendations.csv,datasets/gold/archive/2026-05-25,sync sau khi rebuild náº¿u cáº¥u hÃ¬nh Google Sheets; fallback CSV local náº¿u lá»—i,"SEA operating pipeline: archive current cÅ©, rebuild CSV/Parquet, KPI/forecast/ranking/recommendation/AI knowledge base, sync Google Sheets summary náº¿u cÃ³ cáº¥u hÃ¬nh.",
25/05/2026 21:55,Viá»‡t Nam,news_seen_registry,ok,16,datasets/gold/current/news_seen_registry.csv,datasets/gold/archive/2026-05-25,sync sau khi rebuild náº¿u cáº¥u hÃ¬nh Google Sheets; fallback CSV local náº¿u lá»—i,"SEA operating pipeline: archive current cÅ©, rebuild CSV/Parquet, KPI/forecast/ranking/recommendation/AI knowledge base, sync Google Sheets summary náº¿u cÃ³ cáº¥u hÃ¬nh.",
25/05/2026 21:55,Viá»‡t Nam,news_event_taxonomy,ok,8,datasets/gold/current/news_event_taxonomy.csv,datasets/gold/archive/2026-05-25,sync sau khi rebuild náº¿u cáº¥u hÃ¬nh Google Sheets; fallback CSV local náº¿u lá»—i,"SEA operating pipeline: archive current cÅ©, rebuild CSV/Parquet, KPI/forecast/ranking/recommendation/AI knowledge base, sync Google Sheets summary náº¿u cÃ³ cáº¥u hÃ¬nh.",
25/05/2026 21:55,Viá»‡t Nam,kpi_scale_catalog,ok,10,datasets/gold/current/kpi_scale_catalog.csv,datasets/gold/archive/2026-05-25,sync sau khi rebuild náº¿u cáº¥u hÃ¬nh Google Sheets; fallback CSV local náº¿u lá»—i,"SEA operating pipeline: archive current cÅ©, rebuild CSV/Parquet, KPI/forecast/ranking/recommendation/AI knowledge base, sync Google Sheets summary náº¿u cÃ³ cáº¥u hÃ¬nh.",
25/05/2026 21:55,Viá»‡t Nam,source_monitor_status,ok,19,datasets/gold/current/source_monitor_status.csv,datasets/gold/archive/2026-05-25,sync sau khi rebuild náº¿u cáº¥u hÃ¬nh Google Sheets; fallback CSV local náº¿u lá»—i,"SEA operating pipeline: archive current cÅ©, rebuild CSV/Parquet, KPI/forecast/ranking/recommendation/AI knowledge base, sync Google Sheets summary náº¿u cÃ³ cáº¥u hÃ¬nh.",
25/05/2026 21:55,Viá»‡t Nam,update_queue,ok,2,datasets/gold/current/update_queue.csv,datasets/gold/archive/2026-05-25,sync sau khi rebuild náº¿u cáº¥u hÃ¬nh Google Sheets; fallback CSV local náº¿u lá»—i,"SEA operating pipeline: archive current cÅ©, rebuild CSV/Parquet, KPI/forecast/ranking/recommendation/AI knowledge base, sync Google Sheets summary náº¿u cÃ³ cáº¥u hÃ¬nh.",
25/05/2026 21:55,Viá»‡t Nam,danh_sach_diem_den_mo_rong,ok,63,datasets/gold/current/danh_sach_diem_den_mo_rong.csv,datasets/gold/archive/2026-05-25,sync sau khi rebuild náº¿u cáº¥u hÃ¬nh Google Sheets; fallback CSV local náº¿u lá»—i,"SEA operating pipeline: archive current cÅ©, rebuild CSV/Parquet, KPI/forecast/ranking/recommendation/AI knowledge base, sync Google Sheets summary náº¿u cÃ³ cáº¥u hÃ¬nh.",
25/05/2026 21:55,Viá»‡t Nam,xep_hang_canh_bao_toan_quoc,ok,63,datasets/gold/current/xep_hang_canh_bao_toan_quoc.csv,datasets/gold/archive/2026-05-25,sync sau khi rebuild náº¿u cáº¥u hÃ¬nh Google Sheets; fallback CSV local náº¿u lá»—i,"SEA operating pipeline: archive current cÅ©, rebuild CSV/Parquet, KPI/forecast/ranking/recommendation/AI knowledge base, sync Google Sheets summary náº¿u cÃ³ cáº¥u hÃ¬nh.",
25/05/2026 21:55,Viá»‡t Nam,kiem_dinh_proxy,ok,63,datasets/gold/current/kiem_dinh_proxy.csv,datasets/gold/archive/2026-05-25,sync sau khi rebuild náº¿u cáº¥u hÃ¬nh Google Sheets; fallback CSV local náº¿u lá»—i,"SEA operating pipeline: archive current cÅ©, rebuild CSV/Parquet, KPI/forecast/ranking/recommendation/AI knowledge base, sync Google Sheets summary náº¿u cÃ³ cáº¥u hÃ¬nh.",
25/05/2026 21:55,Viá»‡t Nam,de_xuat_hieu_qua_kinh_te,ok,441,datasets/gold/current/de_xuat_hieu_qua_kinh_te.csv,datasets/gold/archive/2026-05-25,sync sau khi rebuild náº¿u cáº¥u hÃ¬nh Google Sheets; fallback CSV local náº¿u lá»—i,"SEA operating pipeline: archive current cÅ©, rebuild CSV/Parquet, KPI/forecast/ranking/recommendation/AI knowledge base, sync Google Sheets summary náº¿u cÃ³ cáº¥u hÃ¬nh.",
25/05/2026 21:55,Viá»‡t Nam,trang_thai_nguon_du_lieu,ok,19,datasets/gold/current/trang_thai_nguon_du_lieu.csv,datasets/gold/archive/2026-05-25,sync sau khi rebuild náº¿u cáº¥u hÃ¬nh Google Sheets; fallback CSV local náº¿u lá»—i,"SEA operating pipeline: archive current cÅ©, rebuild CSV/Parquet, KPI/forecast/ranking/recommendation/AI knowledge base, sync Google Sheets summary náº¿u cÃ³ cáº¥u hÃ¬nh.",
25/05/2026 21:55,Viá»‡t Nam,hang_cho_cap_nhat,ok,2,datasets/gold/current/hang_cho_cap_nhat.csv,datasets/gold/archive/2026-05-25,sync sau khi rebuild náº¿u cáº¥u hÃ¬nh Google Sheets; fallback CSV local náº¿u lá»—i,"SEA operating pipeline: archive current cÅ©, rebuild CSV/Parquet, KPI/forecast/ranking/recommendation/AI knowledge base, sync Google Sheets summary náº¿u cÃ³ cáº¥u hÃ¬nh.",
25/05/2026 21:55,Viá»‡t Nam,google_sheets_sync_status,ok,7,datasets/gold/current/google_sheets_sync_status.csv,datasets/gold/archive/2026-05-25,sync sau khi rebuild náº¿u cáº¥u hÃ¬nh Google Sheets; fallback CSV local náº¿u lá»—i,"SEA operating pipeline: archive current cÅ©, rebuild CSV/Parquet, KPI/forecast/ranking/recommendation/AI knowledge base, sync Google Sheets summary náº¿u cÃ³ cáº¥u hÃ¬nh.",
