province,latitude,longitude,source,source_status,collected_at,date,temperature_2m,relative_humidity_2m,precipitation,rain,weather_code,wind_speed_10m
An Giang,10.5216,105.1259,forecast,public_open_meteo_api,2026-05-17T19:30:45.823507+00:00,2026-05-18 00:00:00+07:00,27.5,87.826096,0.0,0.0,3.0,8.55142
An Giang,10.5216,105.1259,forecast,public_open_meteo_api,2026-05-17T19:30:45.823507+00:00,2026-05-18 01:00:00+07:00,27.45,87.300575,0.0,0.0,1.0,11.238113
An Giang,10.5216,105.1259,forecast,public_open_meteo_api,2026-05-17T19:30:45.823507+00:00,2026-05-18 02:00:00+07:00,27.15,87.274155,0.0,0.0,2.0,8.383054
An Giang,10.5216,105.1259,forecast,public_open_meteo_api,2026-05-17T19:30:45.823507+00:00,2026-05-18 03:00:00+07:00,26.85,86.727036,0.0,0.0,1.0,10.587918
An Giang,10.5216,105.1259,forecast,public_open_meteo_api,2026-05-17T19:30:45.823507+00:00,2026-05-18 04:00:00+07:00,26.45,88.52893,0.0,0.0,3.0,8.027678
An Giang,10.5216,105.1259,forecast,public_open_meteo_api,2026-05-17T19:30:45.823507+00:00,2026-05-18 05:00:00+07:00,26.2,90.384766,0.0,0.0,3.0,6.015878
An Giang,10.5216,105.1259,forecast,public_open_meteo_api,2026-05-17T19:30:45.823507+00:00,2026-05-18 06:00:00+07:00,26.2,91.745926,0.0,0.0,3.0,7.596341
An Giang,10.5216,105.1259,forecast,public_open_meteo_api,2026-05-17T19:30:45.823507+00:00,2026-05-18 07:00:00+07:00,27.55,87.309425,0.0,0.0,3.0,7.5942082
An Giang,10.5216,105.1259,forecast,public_open_meteo_api,2026-05-17T19:30:45.823507+00:00,2026-05-18 08:00:00+07:00,28.7,83.12094,0.0,0.0,3.0,12.503199
An Giang,10.5216,105.1259,forecast,public_open_meteo_api,2026-05-17T19:30:45.823507+00:00,2026-05-18 09:00:00+07:00,29.15,80.26424,0.1,0.1,51.0,13.619472
An Giang,10.5216,105.1259,forecast,public_open_meteo_api,2026-05-17T19:30:45.823507+00:00,2026-05-18 10:00:00+07:00,30.1,76.66916,0.0,0.0,3.0,13.379461
An Giang,10.5216,105.1259,forecast,public_open_meteo_api,2026-05-17T19:30:45.823507+00:00,2026-05-18 11:00:00+07:00,31.25,71.79016,0.2,0.1,51.0,16.59225
An Giang,10.5216,105.1259,forecast,public_open_meteo_api,2026-05-17T19:30:45.823507+00:00,2026-05-18 12:00:00+07:00,32.0,67.78246,0.0,0.0,3.0,15.7908325
An Giang,10.5216,105.1259,forecast,public_open_meteo_api,2026-05-17T19:30:45.823507+00:00,2026-05-18 13:00:00+07:00,31.4,67.46385,0.4,0.099999994,51.0,18.03237
An Giang,10.5216,105.1259,forecast,public_open_meteo_api,2026-05-17T19:30:45.823507+00:00,2026-05-18 14:00:00+07:00,31.85,68.56459,0.1,0.0,95.0,17.640919
An Giang,10.5216,105.1259,forecast,public_open_meteo_api,2026-05-17T19:30:45.823507+00:00,2026-05-18 15:00:00+07:00,31.55,65.5043,0.0,0.0,3.0,16.670176
An Giang,10.5216,105.1259,forecast,public_open_meteo_api,2026-05-17T19:30:45.823507+00:00,2026-05-18 16:00:00+07:00,29.4,79.11345,1.2,0.90000004,55.0,12.800266
An Giang,10.5216,105.1259,forecast,public_open_meteo_api,2026-05-17T19:30:45.823507+00:00,2026-05-18 17:00:00+07:00,28.6,82.12699,0.2,0.2,51.0,14.450535
An Giang,10.5216,105.1259,forecast,public_open_meteo_api,2026-05-17T19:30:45.823507+00:00,2026-05-18 18:00:00+07:00,28.35,82.83407,0.0,0.0,3.0,10.44
An Giang,10.5216,105.1259,forecast,public_open_meteo_api,2026-05-17T19:30:45.823507+00:00,2026-05-18 19:00:00+07:00,28.05,81.81606,0.0,0.0,3.0,9.939196
An Giang,10.5216,105.1259,forecast,public_open_meteo_api,2026-05-17T19:30:45.823507+00:00,2026-05-18 20:00:00+07:00,27.65,83.49894,0.0,0.0,3.0,8.777654
An Giang,10.5216,105.1259,forecast,public_open_meteo_api,2026-05-17T19:30:45.823507+00:00,2026-05-18 21:00:00+07:00,27.4,85.74807,0.0,0.0,3.0,7.42159
An Giang,10.5216,105.1259,forecast,public_open_meteo_api,2026-05-17T19:30:45.823507+00:00,2026-05-18 22:00:00+07:00,27.35,86.51442,0.0,0.0,3.0,7.9383874
An Giang,10.5216,105.1259,forecast,public_open_meteo_api,2026-05-17T19:30:45.823507+00:00,2026-05-18 23:00:00+07:00,27.25,87.54361,0.0,0.0,3.0,5.315336
Ba Ria - Vung Tau,10.5417,107.2429,forecast,public_open_meteo_api,2026-05-17T19:30:45.831757+00:00,2026-05-18 00:00:00+07:00,26.5,88.532974,0.0,0.0,3.0,7.2805495
Ba Ria - Vung Tau,10.5417,107.2429,forecast,public_open_meteo_api,2026-05-17T19:30:45.831757+00:00,2026-05-18 01:00:00+07:00,26.3,90.66221,0.0,0.0,2.0,6.6794305
Ba Ria - Vung Tau,10.5417,107.2429,forecast,public_open_meteo_api,2026-05-17T19:30:45.831757+00:00,2026-05-18 02:00:00+07:00,25.85,95.07362,0.7,0.099999964,53.0,3.06
Ba Ria - Vung Tau,10.5417,107.2429,forecast,public_open_meteo_api,2026-05-17T19:30:45.831757+00:00,2026-05-18 03:00:00+07:00,25.65,98.52623,0.7,0.7,53.0,2.226477
Ba Ria - Vung Tau,10.5417,107.2429,forecast,public_open_meteo_api,2026-05-17T19:30:45.831757+00:00,2026-05-18 04:00:00+07:00,25.5,99.112465,0.5,0.3,53.0,5.3426957
Ba Ria - Vung Tau,10.5417,107.2429,forecast,public_open_meteo_api,2026-05-17T19:30:45.831757+00:00,2026-05-18 05:00:00+07:00,25.55,97.06935,0.3,0.20000002,51.0,4.6834598
Ba Ria - Vung Tau,10.5417,107.2429,forecast,public_open_meteo_api,2026-05-17T19:30:45.831757+00:00,2026-05-18 06:00:00+07:00,25.5,97.35801,0.0,0.0,3.0,5.4744864
Ba Ria - Vung Tau,10.5417,107.2429,forecast,public_open_meteo_api,2026-05-17T19:30:45.831757+00:00,2026-05-18 07:00:00+07:00,26.15,91.46922,0.0,0.0,3.0,6.1120534
Ba Ria - Vung Tau,10.5417,107.2429,forecast,public_open_meteo_api,2026-05-17T19:30:45.831757+00:00,2026-05-18 08:00:00+07:00,27.6,82.25275,0.0,0.0,3.0,8.854829
Ba Ria - Vung Tau,10.5417,107.2429,forecast,public_open_meteo_api,2026-05-17T19:30:45.831757+00:00,2026-05-18 09:00:00+07:00,29.7,72.16353,0.2,0.1,51.0,9.7565975
Ba Ria - Vung Tau,10.5417,107.2429,forecast,public_open_meteo_api,2026-05-17T19:30:45.831757+00:00,2026-05-18 10:00:00+07:00,30.65,67.51906,0.5,0.3,53.0,12.081473
Ba Ria - Vung Tau,10.5417,107.2429,forecast,public_open_meteo_api,2026-05-17T19:30:45.831757+00:00,2026-05-18 11:00:00+07:00,32.2,61.63718,0.3,0.20000002,51.0,12.157663
Ba Ria - Vung Tau,10.5417,107.2429,forecast,public_open_meteo_api,2026-05-17T19:30:45.831757+00:00,2026-05-18 12:00:00+07:00,33.05,57.702297,0.1,0.1,51.0,13.060857
Ba Ria - Vung Tau,10.5417,107.2429,forecast,public_open_meteo_api,2026-05-17T19:30:45.831757+00:00,2026-05-18 13:00:00+07:00,32.5,58.2737,0.3,0.10000001,51.0,15.716793
Ba Ria - Vung Tau,10.5417,107.2429,forecast,public_open_meteo_api,2026-05-17T19:30:45.831757+00:00,2026-05-18 14:00:00+07:00,31.65,62.82764,1.0,0.39999998,55.0,13.37825
Ba Ria - Vung Tau,10.5417,107.2429,forecast,public_open_meteo_api,2026-05-17T19:30:45.831757+00:00,2026-05-18 15:00:00+07:00,29.5,77.03661,1.1,0.3,55.0,14.787414
Ba Ria - Vung Tau,10.5417,107.2429,forecast,public_open_meteo_api,2026-05-17T19:30:45.831757+00:00,2026-05-18 16:00:00+07:00,29.9,72.414955,0.2,0.1,51.0,16.344355
Ba Ria - Vung Tau,10.5417,107.2429,forecast,public_open_meteo_api,2026-05-17T19:30:45.831757+00:00,2026-05-18 17:00:00+07:00,29.35,76.55598,0.2,0.1,51.0,12.033103
Ba Ria - Vung Tau,10.5417,107.2429,forecast,public_open_meteo_api,2026-05-17T19:30:45.831757+00:00,2026-05-18 18:00:00+07:00,26.5,95.09678,1.3,0.39999998,80.0,9.97986
Ba Ria - Vung Tau,10.5417,107.2429,forecast,public_open_meteo_api,2026-05-17T19:30:45.831757+00:00,2026-05-18 19:00:00+07:00,26.65,95.667244,0.2,0.2,51.0,3.8856654
Ba Ria - Vung Tau,10.5417,107.2429,forecast,public_open_meteo_api,2026-05-17T19:30:45.831757+00:00,2026-05-18 20:00:00+07:00,26.8,96.2394,0.0,0.0,3.0,1.609969
Ba Ria - Vung Tau,10.5417,107.2429,forecast,public_open_meteo_api,2026-05-17T19:30:45.831757+00:00,2026-05-18 21:00:00+07:00,26.65,97.38026,0.0,0.0,3.0,1.5379207
Ba Ria - Vung Tau,10.5417,107.2429,forecast,public_open_meteo_api,2026-05-17T19:30:45.831757+00:00,2026-05-18 22:00:00+07:00,26.45,97.954155,0.0,0.0,3.0,2.1897945
Ba Ria - Vung Tau,10.5417,107.2429,forecast,public_open_meteo_api,2026-05-17T19:30:45.831757+00:00,2026-05-18 23:00:00+07:00,26.4,97.66406,0.0,0.0,3.0,1.484318
Bac Giang,21.2731,106.1946,forecast,public_open_meteo_api,2026-05-17T19:30:45.841379+00:00,2026-05-18 00:00:00+07:00,25.75,96.49744,0.5,0.19999999,53.0,7.5685663
Bac Giang,21.2731,106.1946,forecast,public_open_meteo_api,2026-05-17T19:30:45.841379+00:00,2026-05-18 01:00:00+07:00,25.4,96.77694,1.5,0.7,80.0,8.149847
Bac Giang,21.2731,106.1946,forecast,public_open_meteo_api,2026-05-17T19:30:45.841379+00:00,2026-05-18 02:00:00+07:00,24.9,97.63814,1.3,0.39999998,80.0,8.6193495
Bac Giang,21.2731,106.1946,forecast,public_open_meteo_api,2026-05-17T19:30:45.841379+00:00,2026-05-18 03:00:00+07:00,25.05,97.64073,0.1,0.1,51.0,7.731623
Bac Giang,21.2731,106.1946,forecast,public_open_meteo_api,2026-05-17T19:30:45.841379+00:00,2026-05-18 04:00:00+07:00,25.0,97.34826,0.0,0.0,3.0,11.13384
Bac Giang,21.2731,106.1946,forecast,public_open_meteo_api,2026-05-17T19:30:45.841379+00:00,2026-05-18 05:00:00+07:00,25.0,97.05749,0.7,0.29999998,53.0,6.9153743
Bac Giang,21.2731,106.1946,forecast,public_open_meteo_api,2026-05-17T19:30:45.841379+00:00,2026-05-18 06:00:00+07:00,25.0,96.76745,1.4,0.79999995,80.0,8.338489
Bac Giang,21.2731,106.1946,forecast,public_open_meteo_api,2026-05-17T19:30:45.841379+00:00,2026-05-18 07:00:00+07:00,25.1,95.33196,3.4,0.4000001,81.0,8.39078
Bac Giang,21.2731,106.1946,forecast,public_open_meteo_api,2026-05-17T19:30:45.841379+00:00,2026-05-18 08:00:00+07:00,25.45,94.20993,1.6,0.8,80.0,11.799271
Bac Giang,21.2731,106.1946,forecast,public_open_meteo_api,2026-05-17T19:30:45.841379+00:00,2026-05-18 09:00:00+07:00,25.8,92.827156,6.3,0.5,81.0,8.39078
Bac Giang,21.2731,106.1946,forecast,public_open_meteo_api,2026-05-17T19:30:45.841379+00:00,2026-05-18 10:00:00+07:00,26.3,89.583954,2.0,1.5,80.0,8.149847
Bac Giang,21.2731,106.1946,forecast,public_open_meteo_api,2026-05-17T19:30:45.841379+00:00,2026-05-18 11:00:00+07:00,26.6,90.68203,2.5,0.29999995,81.0,10.8792095
Bac Giang,21.2731,106.1946,forecast,public_open_meteo_api,2026-05-17T19:30:45.841379+00:00,2026-05-18 12:00:00+07:00,27.6,88.6208,1.0,1.0,55.0,11.08572
Bac Giang,21.2731,106.1946,forecast,public_open_meteo_api,2026-05-17T19:30:45.841379+00:00,2026-05-18 13:00:00+07:00,28.75,83.62134,0.5,0.4,53.0,16.028088
Bac Giang,21.2731,106.1946,forecast,public_open_meteo_api,2026-05-17T19:30:45.841379+00:00,2026-05-18 14:00:00+07:00,29.55,80.31636,0.1,0.1,51.0,15.561414
Bac Giang,21.2731,106.1946,forecast,public_open_meteo_api,2026-05-17T19:30:45.841379+00:00,2026-05-18 15:00:00+07:00,29.75,78.6932,0.1,0.0,51.0,17.114204
Bac Giang,21.2731,106.1946,forecast,public_open_meteo_api,2026-05-17T19:30:45.841379+00:00,2026-05-18 16:00:00+07:00,29.35,79.57824,0.8,0.100000024,53.0,16.670176
Bac Giang,21.2731,106.1946,forecast,public_open_meteo_api,2026-05-17T19:30:45.841379+00:00,2026-05-18 17:00:00+07:00,28.45,88.16607,0.4,0.4,51.0,14.730336
Bac Giang,21.2731,106.1946,forecast,public_open_meteo_api,2026-05-17T19:30:45.841379+00:00,2026-05-18 18:00:00+07:00,27.75,89.42434,0.2,0.2,51.0,16.029099
Bac Giang,21.2731,106.1946,forecast,public_open_meteo_api,2026-05-17T19:30:45.841379+00:00,2026-05-18 19:00:00+07:00,27.1,91.79864,0.1,0.1,51.0,12.229406
Bac Giang,21.2731,106.1946,forecast,public_open_meteo_api,2026-05-17T19:30:45.841379+00:00,2026-05-18 20:00:00+07:00,26.9,93.43607,0.0,0.0,3.0,12.330985
Bac Giang,21.2731,106.1946,forecast,public_open_meteo_api,2026-05-17T19:30:45.841379+00:00,2026-05-18 21:00:00+07:00,26.85,93.989296,0.0,0.0,3.0,11.931705
Bac Giang,21.2731,106.1946,forecast,public_open_meteo_api,2026-05-17T19:30:45.841379+00:00,2026-05-18 22:00:00+07:00,26.3,96.22568,0.1,0.0,51.0,14.168641
Bac Giang,21.2731,106.1946,forecast,public_open_meteo_api,2026-05-17T19:30:45.841379+00:00,2026-05-18 23:00:00+07:00,26.0,95.64671,1.5,0.29999995,80.0,7.6388745
Bac Kan,22.147,105.8348,forecast,public_open_meteo_api,2026-05-17T19:30:45.851094+00:00,2026-05-18 00:00:00+07:00,25.833,94.22596,0.1,0.1,51.0,0.9
Bac Kan,22.147,105.8348,forecast,public_open_meteo_api,2026-05-17T19:30:45.851094+00:00,2026-05-18 01:00:00+07:00,25.733,96.210014,0.0,0.0,3.0,0.8049845
Bac Kan,22.147,105.8348,forecast,public_open_meteo_api,2026-05-17T19:30:45.851094+00:00,2026-05-18 02:00:00+07:00,25.683,96.20863,0.1,0.0,51.0,3.148714
Bac Kan,22.147,105.8348,forecast,public_open_meteo_api,2026-05-17T19:30:45.851094+00:00,2026-05-18 03:00:00+07:00,25.133001,96.19336,1.3,0.19999993,80.0,2.5959969
Bac Kan,22.147,105.8348,forecast,public_open_meteo_api,2026-05-17T19:30:45.851094+00:00,2026-05-18 04:00:00+07:00,24.583,96.757515,1.0,0.39999998,55.0,2.9301877
Bac Kan,22.147,105.8348,forecast,public_open_meteo_api,2026-05-17T19:30:45.851094+00:00,2026-05-18 05:00:00+07:00,24.333,98.51178,0.1,0.1,51.0,2.4216523
Bac Kan,22.147,105.8348,forecast,public_open_meteo_api,2026-05-17T19:30:45.851094+00:00,2026-05-18 06:00:00+07:00,24.583,97.9258,0.2,0.1,51.0,1.9469976
Bac Kan,22.147,105.8348,forecast,public_open_meteo_api,2026-05-17T19:30:45.851094+00:00,2026-05-18 07:00:00+07:00,25.683,93.09939,0.0,0.0,3.0,2.5071096
Bac Kan,22.147,105.8348,forecast,public_open_meteo_api,2026-05-17T19:30:45.851094+00:00,2026-05-18 08:00:00+07:00,26.733,88.28739,0.1,0.1,51.0,4.3832865
Bac Kan,22.147,105.8348,forecast,public_open_meteo_api,2026-05-17T19:30:45.851094+00:00,2026-05-18 09:00:00+07:00,28.083,82.556435,0.2,0.1,51.0,6.489992
Bac Kan,22.147,105.8348,forecast,public_open_meteo_api,2026-05-17T19:30:45.851094+00:00,2026-05-18 10:00:00+07:00,28.933,77.87809,0.5,0.5,53.0,10.24578
Bac Kan,22.147,105.8348,forecast,public_open_meteo_api,2026-05-17T19:30:45.851094+00:00,2026-05-18 11:00:00+07:00,30.183,72.247604,0.3,0.20000002,51.0,10.814989
Bac Kan,22.147,105.8348,forecast,public_open_meteo_api,2026-05-17T19:30:45.851094+00:00,2026-05-18 12:00:00+07:00,31.483,68.69903,0.1,0.0,51.0,12.397806
Bac Kan,22.147,105.8348,forecast,public_open_meteo_api,2026-05-17T19:30:45.851094+00:00,2026-05-18 13:00:00+07:00,29.283,77.46521,0.8,0.6,53.0,12.320471
Bac Kan,22.147,105.8348,forecast,public_open_meteo_api,2026-05-17T19:30:45.851094+00:00,2026-05-18 14:00:00+07:00,31.083,68.82823,0.4,0.3,51.0,9.743304
Bac Kan,22.147,105.8348,forecast,public_open_meteo_api,2026-05-17T19:30:45.851094+00:00,2026-05-18 15:00:00+07:00,31.033,70.48182,0.5,0.3,53.0,9.56713
Bac Kan,22.147,105.8348,forecast,public_open_meteo_api,2026-05-17T19:30:45.851094+00:00,2026-05-18 16:00:00+07:00,30.333,72.70638,0.4,0.4,51.0,11.304229
Bac Kan,22.147,105.8348,forecast,public_open_meteo_api,2026-05-17T19:30:45.851094+00:00,2026-05-18 17:00:00+07:00,27.783,89.42679,1.5,0.20000005,80.0,10.028439
Bac Kan,22.147,105.8348,forecast,public_open_meteo_api,2026-05-17T19:30:45.851094+00:00,2026-05-18 18:00:00+07:00,27.333,96.53768,1.2,0.8000001,55.0,1.4512063
Bac Kan,22.147,105.8348,forecast,public_open_meteo_api,2026-05-17T19:30:45.851094+00:00,2026-05-18 19:00:00+07:00,26.733,95.669846,0.8,0.5,53.0,3.710795
Bac Kan,22.147,105.8348,forecast,public_open_meteo_api,2026-05-17T19:30:45.851094+00:00,2026-05-18 20:00:00+07:00,26.183,97.082924,0.3,0.10000001,51.0,5.8048253
Bac Kan,22.147,105.8348,forecast,public_open_meteo_api,2026-05-17T19:30:45.851094+00:00,2026-05-18 21:00:00+07:00,26.183,97.371254,0.1,0.1,51.0,5.1544156
Bac Kan,22.147,105.8348,forecast,public_open_meteo_api,2026-05-17T19:30:45.851094+00:00,2026-05-18 22:00:00+07:00,25.983,97.947105,0.2,0.1,51.0,3.5864744
Bac Kan,22.147,105.8348,forecast,public_open_meteo_api,2026-05-17T19:30:45.851094+00:00,2026-05-18 23:00:00+07:00,25.683,97.94258,1.2,0.0,55.0,7.029225
Bac Lieu,9.294,105.7278,forecast,public_open_meteo_api,2026-05-17T19:30:45.859446+00:00,2026-05-18 00:00:00+07:00,27.85,86.30393,0.0,0.0,1.0,5.495161
Bac Lieu,9.294,105.7278,forecast,public_open_meteo_api,2026-05-17T19:30:45.859446+00:00,2026-05-18 01:00:00+07:00,28.0,86.31808,0.0,0.0,95.0,7.6579366
Bac Lieu,9.294,105.7278,forecast,public_open_meteo_api,2026-05-17T19:30:45.859446+00:00,2026-05-18 02:00:00+07:00,26.05,91.463135,2.9,0.0,81.0,15.172409
Bac Lieu,9.294,105.7278,forecast,public_open_meteo_api,2026-05-17T19:30:45.859446+00:00,2026-05-18 03:00:00+07:00,26.2,92.02029,0.6,0.6,53.0,11.063778
Bac Lieu,9.294,105.7278,forecast,public_open_meteo_api,2026-05-17T19:30:45.859446+00:00,2026-05-18 04:00:00+07:00,26.0,93.952385,0.1,0.1,51.0,4.175069
Bac Lieu,9.294,105.7278,forecast,public_open_meteo_api,2026-05-17T19:30:45.859446+00:00,2026-05-18 05:00:00+07:00,25.9,94.51026,0.0,0.0,0.0,1.26
Bac Lieu,9.294,105.7278,forecast,public_open_meteo_api,2026-05-17T19:30:45.859446+00:00,2026-05-18 06:00:00+07:00,26.15,93.122536,0.0,0.0,0.0,2.6758924
Bac Lieu,9.294,105.7278,forecast,public_open_meteo_api,2026-05-17T19:30:45.859446+00:00,2026-05-18 07:00:00+07:00,27.35,88.864815,0.0,0.0,2.0,6.156947
Bac Lieu,9.294,105.7278,forecast,public_open_meteo_api,2026-05-17T19:30:45.859446+00:00,2026-05-18 08:00:00+07:00,29.55,76.81486,0.0,0.0,1.0,10.706596
Bac Lieu,9.294,105.7278,forecast,public_open_meteo_api,2026-05-17T19:30:45.859446+00:00,2026-05-18 09:00:00+07:00,30.35,74.46284,0.2,0.1,51.0,15.027575
Bac Lieu,9.294,105.7278,forecast,public_open_meteo_api,2026-05-17T19:30:45.859446+00:00,2026-05-18 10:00:00+07:00,31.5,69.31888,0.2,0.1,51.0,15.956163
Bac Lieu,9.294,105.7278,forecast,public_open_meteo_api,2026-05-17T19:30:45.859446+00:00,2026-05-18 11:00:00+07:00,32.35,64.50289,0.1,0.1,51.0,12.992458
Bac Lieu,9.294,105.7278,forecast,public_open_meteo_api,2026-05-17T19:30:45.859446+00:00,2026-05-18 12:00:00+07:00,33.25,61.316032,0.2,0.1,51.0,14.685176
Bac Lieu,9.294,105.7278,forecast,public_open_meteo_api,2026-05-17T19:30:45.859446+00:00,2026-05-18 13:00:00+07:00,33.9,57.554794,0.0,0.0,3.0,14.420235
Bac Lieu,9.294,105.7278,forecast,public_open_meteo_api,2026-05-17T19:30:45.859446+00:00,2026-05-18 14:00:00+07:00,31.6,65.12304,0.2,0.1,51.0,14.685176
Bac Lieu,9.294,105.7278,forecast,public_open_meteo_api,2026-05-17T19:30:45.859446+00:00,2026-05-18 15:00:00+07:00,28.8,80.69781,1.6,1.0,80.0,13.83192
Bac Lieu,9.294,105.7278,forecast,public_open_meteo_api,2026-05-17T19:30:45.859446+00:00,2026-05-18 16:00:00+07:00,29.85,75.27454,0.3,0.20000002,51.0,10.514218
Bac Lieu,9.294,105.7278,forecast,public_open_meteo_api,2026-05-17T19:30:45.859446+00:00,2026-05-18 17:00:00+07:00,29.6,74.5635,0.3,0.20000002,51.0,12.996201
Bac Lieu,9.294,105.7278,forecast,public_open_meteo_api,2026-05-17T19:30:45.859446+00:00,2026-05-18 18:00:00+07:00,29.05,78.127846,0.1,0.1,51.0,6.0347
Bac Lieu,9.294,105.7278,forecast,public_open_meteo_api,2026-05-17T19:30:45.859446+00:00,2026-05-18 19:00:00+07:00,28.6,81.39673,0.0,0.0,2.0,4.9785542
Bac Lieu,9.294,105.7278,forecast,public_open_meteo_api,2026-05-17T19:30:45.859446+00:00,2026-05-18 20:00:00+07:00,28.2,84.81253,0.0,0.0,2.0,5.0432134
Bac Lieu,9.294,105.7278,forecast,public_open_meteo_api,2026-05-17T19:30:45.859446+00:00,2026-05-18 21:00:00+07:00,28.0,87.090164,0.0,0.0,3.0,3.8939953
Bac Lieu,9.294,105.7278,forecast,public_open_meteo_api,2026-05-17T19:30:45.859446+00:00,2026-05-18 22:00:00+07:00,27.85,87.33571,0.0,0.0,3.0,6.2405767
Bac Lieu,9.294,105.7278,forecast,public_open_meteo_api,2026-05-17T19:30:45.859446+00:00,2026-05-18 23:00:00+07:00,27.9,86.56554,0.0,0.0,3.0,7.2403865
Bac Ninh,21.1861,106.0763,forecast,public_open_meteo_api,2026-05-17T19:30:45.865758+00:00,2026-05-18 00:00:00+07:00,25.65,96.49488,0.5,0.0,53.0,7.1661706
Bac Ninh,21.1861,106.0763,forecast,public_open_meteo_api,2026-05-17T19:30:45.865758+00:00,2026-05-18 01:00:00+07:00,25.0,97.34826,1.9,0.29999995,80.0,7.519175
Bac Ninh,21.1861,106.0763,forecast,public_open_meteo_api,2026-05-17T19:30:45.865758+00:00,2026-05-18 02:00:00+07:00,24.75,97.92832,0.5,0.5,53.0,7.989242
Bac Ninh,21.1861,106.0763,forecast,public_open_meteo_api,2026-05-17T19:30:45.865758+00:00,2026-05-18 03:00:00+07:00,24.95,98.22459,0.1,0.1,51.0,6.77575
Bac Ninh,21.1861,106.0763,forecast,public_open_meteo_api,2026-05-17T19:30:45.865758+00:00,2026-05-18 04:00:00+07:00,24.9,98.22398,0.4,0.0,51.0,9.693296
Bac Ninh,21.1861,106.0763,forecast,public_open_meteo_api,2026-05-17T19:30:45.865758+00:00,2026-05-18 05:00:00+07:00,24.9,97.63814,2.3,0.6999999,80.0,6.8423676
Bac Ninh,21.1861,106.0763,forecast,public_open_meteo_api,2026-05-17T19:30:45.865758+00:00,2026-05-18 06:00:00+07:00,24.6,98.219986,2.1,0.6999999,80.0,9.194106
Bac Ninh,21.1861,106.0763,forecast,public_open_meteo_api,2026-05-17T19:30:45.865758+00:00,2026-05-18 07:00:00+07:00,24.95,95.90035,2.2,0.6,80.0,10.4166975
Bac Ninh,21.1861,106.0763,forecast,public_open_meteo_api,2026-05-17T19:30:45.865758+00:00,2026-05-18 08:00:00+07:00,25.55,93.652,0.8,0.4,53.0,11.511559
Bac Ninh,21.1861,106.0763,forecast,public_open_meteo_api,2026-05-17T19:30:45.865758+00:00,2026-05-18 09:00:00+07:00,25.9,92.27882,5.7,0.2999997,81.0,10.285232
Bac Ninh,21.1861,106.0763,forecast,public_open_meteo_api,2026-05-17T19:30:45.865758+00:00,2026-05-18 10:00:00+07:00,26.15,90.652275,1.4,1.3,80.0,10.656547
Bac Ninh,21.1861,106.0763,forecast,public_open_meteo_api,2026-05-17T19:30:45.865758+00:00,2026-05-18 11:00:00+07:00,26.35,90.93675,1.5,0.6,80.0,12.496718
Bac Ninh,21.1861,106.0763,forecast,public_open_meteo_api,2026-05-17T19:30:45.865758+00:00,2026-05-18 12:00:00+07:00,27.35,86.77289,0.4,0.4,51.0,11.08572
Bac Ninh,21.1861,106.0763,forecast,public_open_meteo_api,2026-05-17T19:30:45.865758+00:00,2026-05-18 13:00:00+07:00,29.15,80.742615,0.1,0.1,51.0,14.336861
Bac Ninh,21.1861,106.0763,forecast,public_open_meteo_api,2026-05-17T19:30:45.865758+00:00,2026-05-18 14:00:00+07:00,30.0,76.65413,0.2,0.1,51.0,14.848635
Bac Ninh,21.1861,106.0763,forecast,public_open_meteo_api,2026-05-17T19:30:45.865758+00:00,2026-05-18 15:00:00+07:00,29.3,80.76175,0.7,0.099999964,53.0,15.858398
Bac Ninh,21.1861,106.0763,forecast,public_open_meteo_api,2026-05-17T19:30:45.865758+00:00,2026-05-18 16:00:00+07:00,28.75,90.29058,1.9,0.100000024,95.0,14.138882
Bac Ninh,21.1861,106.0763,forecast,public_open_meteo_api,2026-05-17T19:30:45.865758+00:00,2026-05-18 17:00:00+07:00,28.1,91.31704,1.2,0.40000004,95.0,13.538345
Bac Ninh,21.1861,106.0763,forecast,public_open_meteo_api,2026-05-17T19:30:45.865758+00:00,2026-05-18 18:00:00+07:00,27.4,93.45956,0.4,0.4,51.0,14.982228
Bac Ninh,21.1861,106.0763,forecast,public_open_meteo_api,2026-05-17T19:30:45.865758+00:00,2026-05-18 19:00:00+07:00,27.0,94.27438,0.1,0.1,51.0,11.843124
Bac Ninh,21.1861,106.0763,forecast,public_open_meteo_api,2026-05-17T19:30:45.865758+00:00,2026-05-18 20:00:00+07:00,26.85,95.10921,0.0,0.0,3.0,12.534257
Bac Ninh,21.1861,106.0763,forecast,public_open_meteo_api,2026-05-17T19:30:45.865758+00:00,2026-05-18 21:00:00+07:00,26.75,95.67037,0.0,0.0,3.0,11.886816
Bac Ninh,21.1861,106.0763,forecast,public_open_meteo_api,2026-05-17T19:30:45.865758+00:00,2026-05-18 22:00:00+07:00,26.3,95.372604,0.5,0.0,53.0,14.420235
Bac Ninh,21.1861,106.0763,forecast,public_open_meteo_api,2026-05-17T19:30:45.865758+00:00,2026-05-18 23:00:00+07:00,26.05,95.93318,0.5,0.3,53.0,9.54
Ben Tre,10.2434,106.3756,forecast,public_open_meteo_api,2026-05-17T19:30:45.874891+00:00,2026-05-18 00:00:00+07:00,27.7,93.19847,0.0,0.0,95.0,4.802999
Ben Tre,10.2434,106.3756,forecast,public_open_meteo_api,2026-05-17T19:30:45.874891+00:00,2026-05-18 01:00:00+07:00,27.55,93.46656,0.0,0.0,95.0,4.829907
Ben Tre,10.2434,106.3756,forecast,public_open_meteo_api,2026-05-17T19:30:45.874891+00:00,2026-05-18 02:00:00+07:00,27.2,94.561554,0.6,0.0,53.0,4.965521
Ben Tre,10.2434,106.3756,forecast,public_open_meteo_api,2026-05-17T19:30:45.874891+00:00,2026-05-18 03:00:00+07:00,25.8,92.54989,3.9,0.0,81.0,4.965521
Ben Tre,10.2434,106.3756,forecast,public_open_meteo_api,2026-05-17T19:30:45.874891+00:00,2026-05-18 04:00:00+07:00,25.3,96.774574,1.8,1.3,80.0,6.0077944
Ben Tre,10.2434,106.3756,forecast,public_open_meteo_api,2026-05-17T19:30:45.874891+00:00,2026-05-18 05:00:00+07:00,25.25,97.06288,1.2,1.2,55.0,4.445672
Ben Tre,10.2434,106.3756,forecast,public_open_meteo_api,2026-05-17T19:30:45.874891+00:00,2026-05-18 06:00:00+07:00,25.4,97.35611,0.2,0.2,51.0,7.3094187
Ben Tre,10.2434,106.3756,forecast,public_open_meteo_api,2026-05-17T19:30:45.874891+00:00,2026-05-18 07:00:00+07:00,26.4,92.58186,0.0,0.0,2.0,8.461915
Ben Tre,10.2434,106.3756,forecast,public_open_meteo_api,2026-05-17T19:30:45.874891+00:00,2026-05-18 08:00:00+07:00,27.9,84.52921,0.0,0.0,3.0,9.109138
Ben Tre,10.2434,106.3756,forecast,public_open_meteo_api,2026-05-17T19:30:45.874891+00:00,2026-05-18 09:00:00+07:00,29.7,76.153824,0.1,0.0,51.0,11.183201
Ben Tre,10.2434,106.3756,forecast,public_open_meteo_api,2026-05-17T19:30:45.874891+00:00,2026-05-18 10:00:00+07:00,30.6,73.18647,0.4,0.2,51.0,11.144021
Ben Tre,10.2434,106.3756,forecast,public_open_meteo_api,2026-05-17T19:30:45.874891+00:00,2026-05-18 11:00:00+07:00,32.25,68.43745,0.1,0.1,95.0,11.605464
Ben Tre,10.2434,106.3756,forecast,public_open_meteo_api,2026-05-17T19:30:45.874891+00:00,2026-05-18 12:00:00+07:00,33.1,64.08499,0.0,0.0,95.0,9.7880945
Ben Tre,10.2434,106.3756,forecast,public_open_meteo_api,2026-05-17T19:30:45.874891+00:00,2026-05-18 13:00:00+07:00,33.15,61.477364,0.0,0.0,3.0,12.538134
Ben Tre,10.2434,106.3756,forecast,public_open_meteo_api,2026-05-17T19:30:45.874891+00:00,2026-05-18 14:00:00+07:00,32.9,61.79087,0.0,0.0,2.0,10.97262
Ben Tre,10.2434,106.3756,forecast,public_open_meteo_api,2026-05-17T19:30:45.874891+00:00,2026-05-18 15:00:00+07:00,31.2,65.23624,0.2,0.1,51.0,15.94804
Ben Tre,10.2434,106.3756,forecast,public_open_meteo_api,2026-05-17T19:30:45.874891+00:00,2026-05-18 16:00:00+07:00,28.75,84.368195,1.5,0.5,80.0,5.4744864
Ben Tre,10.2434,106.3756,forecast,public_open_meteo_api,2026-05-17T19:30:45.874891+00:00,2026-05-18 17:00:00+07:00,26.2,95.65304,1.9,0.6999999,80.0,5.771239
Ben Tre,10.2434,106.3756,forecast,public_open_meteo_api,2026-05-17T19:30:45.874891+00:00,2026-05-18 18:00:00+07:00,26.55,96.51791,0.3,0.3,51.0,4.143911
Ben Tre,10.2434,106.3756,forecast,public_open_meteo_api,2026-05-17T19:30:45.874891+00:00,2026-05-18 19:00:00+07:00,26.8,97.383125,0.0,0.0,2.0,3.4949677
Ben Tre,10.2434,106.3756,forecast,public_open_meteo_api,2026-05-17T19:30:45.874891+00:00,2026-05-18 20:00:00+07:00,27.0,96.24486,0.0,0.0,3.0,3.5455887
Ben Tre,10.2434,106.3756,forecast,public_open_meteo_api,2026-05-17T19:30:45.874891+00:00,2026-05-18 21:00:00+07:00,27.0,95.96115,0.0,0.0,3.0,4.175069
Ben Tre,10.2434,106.3756,forecast,public_open_meteo_api,2026-05-17T19:30:45.874891+00:00,2026-05-18 22:00:00+07:00,26.95,95.112755,0.0,0.0,3.0,4.5891175
Ben Tre,10.2434,106.3756,forecast,public_open_meteo_api,2026-05-17T19:30:45.874891+00:00,2026-05-18 23:00:00+07:00,26.85,95.39098,0.0,0.0,3.0,4.327493
Binh Dinh,13.782,109.219,forecast,public_open_meteo_api,2026-05-17T19:30:45.883815+00:00,2026-05-18 00:00:00+07:00,27.2,94.84119,0.1,0.0,95.0,2.8460495
Binh Dinh,13.782,109.219,forecast,public_open_meteo_api,2026-05-17T19:30:45.883815+00:00,2026-05-18 01:00:00+07:00,27.25,94.56349,0.0,0.0,95.0,3.550155
Binh Dinh,13.782,109.219,forecast,public_open_meteo_api,2026-05-17T19:30:45.883815+00:00,2026-05-18 02:00:00+07:00,27.2,94.00442,0.0,0.0,95.0,3.536439
Binh Dinh,13.782,109.219,forecast,public_open_meteo_api,2026-05-17T19:30:45.883815+00:00,2026-05-18 03:00:00+07:00,26.85,96.24076,0.0,0.0,95.0,1.5273507
Binh Dinh,13.782,109.219,forecast,public_open_meteo_api,2026-05-17T19:30:45.883815+00:00,2026-05-18 04:00:00+07:00,26.5,97.954895,0.0,0.0,95.0,2.6758924
Binh Dinh,13.782,109.219,forecast,public_open_meteo_api,2026-05-17T19:30:45.883815+00:00,2026-05-18 05:00:00+07:00,26.25,98.82466,0.0,0.0,3.0,1.7076298
Binh Dinh,13.782,109.219,forecast,public_open_meteo_api,2026-05-17T19:30:45.883815+00:00,2026-05-18 06:00:00+07:00,26.85,95.10921,0.0,0.0,2.0,2.0124612
Binh Dinh,13.782,109.219,forecast,public_open_meteo_api,2026-05-17T19:30:45.883815+00:00,2026-05-18 07:00:00+07:00,28.8,80.45785,0.0,0.0,3.0,3.319036
Binh Dinh,13.782,109.219,forecast,public_open_meteo_api,2026-05-17T19:30:45.883815+00:00,2026-05-18 08:00:00+07:00,30.7,67.3263,0.0,0.0,3.0,2.5772076
Binh Dinh,13.782,109.219,forecast,public_open_meteo_api,2026-05-17T19:30:45.883815+00:00,2026-05-18 09:00:00+07:00,32.75,57.980957,0.0,0.0,3.0,3.1072817
Binh Dinh,13.782,109.219,forecast,public_open_meteo_api,2026-05-17T19:30:45.883815+00:00,2026-05-18 10:00:00+07:00,34.3,52.0478,0.0,0.0,3.0,5.3426957
Binh Dinh,13.782,109.219,forecast,public_open_meteo_api,2026-05-17T19:30:45.883815+00:00,2026-05-18 11:00:00+07:00,35.0,51.753033,0.0,0.0,3.0,8.913181
Binh Dinh,13.782,109.219,forecast,public_open_meteo_api,2026-05-17T19:30:45.883815+00:00,2026-05-18 12:00:00+07:00,33.1,56.679424,0.2,0.0,51.0,14.689588
Binh Dinh,13.782,109.219,forecast,public_open_meteo_api,2026-05-17T19:30:45.883815+00:00,2026-05-18 13:00:00+07:00,32.45,62.063316,0.4,0.4,51.0,14.336861
Binh Dinh,13.782,109.219,forecast,public_open_meteo_api,2026-05-17T19:30:45.883815+00:00,2026-05-18 14:00:00+07:00,30.75,71.70231,1.3,0.099999905,80.0,17.309975
Binh Dinh,13.782,109.219,forecast,public_open_meteo_api,2026-05-17T19:30:45.883815+00:00,2026-05-18 15:00:00+07:00,30.9,71.94253,0.5,0.5,53.0,16.75064
Binh Dinh,13.782,109.219,forecast,public_open_meteo_api,2026-05-17T19:30:45.883815+00:00,2026-05-18 16:00:00+07:00,30.0,77.34004,1.1,0.3,55.0,16.62444
Binh Dinh,13.782,109.219,forecast,public_open_meteo_api,2026-05-17T19:30:45.883815+00:00,2026-05-18 17:00:00+07:00,29.7,79.38956,0.2,0.2,95.0,10.730778
Binh Dinh,13.782,109.219,forecast,public_open_meteo_api,2026-05-17T19:30:45.883815+00:00,2026-05-18 18:00:00+07:00,28.65,86.37908,0.5,0.19999999,95.0,8.452336
Binh Dinh,13.782,109.219,forecast,public_open_meteo_api,2026-05-17T19:30:45.883815+00:00,2026-05-18 19:00:00+07:00,28.4,90.00126,0.2,0.2,95.0,6.6185193
Binh Dinh,13.782,109.219,forecast,public_open_meteo_api,2026-05-17T19:30:45.883815+00:00,2026-05-18 20:00:00+07:00,28.15,92.673904,0.1,0.1,95.0,1.9881649
Binh Dinh,13.782,109.219,forecast,public_open_meteo_api,2026-05-17T19:30:45.883815+00:00,2026-05-18 21:00:00+07:00,28.0,94.87087,0.0,0.0,95.0,1.1525624
Binh Dinh,13.782,109.219,forecast,public_open_meteo_api,2026-05-17T19:30:45.883815+00:00,2026-05-18 22:00:00+07:00,27.95,95.14793,0.0,0.0,95.0,0.40249225
Binh Dinh,13.782,109.219,forecast,public_open_meteo_api,2026-05-17T19:30:45.883815+00:00,2026-05-18 23:00:00+07:00,27.7,95.98164,0.0,0.0,95.0,0.40249225
Binh Duong,11.3254,106.477,forecast,public_open_meteo_api,2026-05-17T19:30:45.892191+00:00,2026-05-18 00:00:00+07:00,25.9,95.643524,0.0,0.0,3.0,7.748368
Binh Duong,11.3254,106.477,forecast,public_open_meteo_api,2026-05-17T19:30:45.892191+00:00,2026-05-18 01:00:00+07:00,25.85,95.92721,0.0,0.0,3.0,6.9270773
Binh Duong,11.3254,106.477,forecast,public_open_meteo_api,2026-05-17T19:30:45.892191+00:00,2026-05-18 02:00:00+07:00,25.9,96.214645,0.0,0.0,2.0,5.2478566
Binh Duong,11.3254,106.477,forecast,public_open_meteo_api,2026-05-17T19:30:45.892191+00:00,2026-05-18 03:00:00+07:00,25.85,95.92721,0.1,0.0,51.0,11.592894
Binh Duong,11.3254,106.477,forecast,public_open_meteo_api,2026-05-17T19:30:45.892191+00:00,2026-05-18 04:00:00+07:00,24.95,96.76622,1.4,0.29999995,80.0,12.241323
Binh Duong,11.3254,106.477,forecast,public_open_meteo_api,2026-05-17T19:30:45.892191+00:00,2026-05-18 05:00:00+07:00,24.8,97.63635,0.5,0.5,53.0,8.905908
Binh Duong,11.3254,106.477,forecast,public_open_meteo_api,2026-05-17T19:30:45.892191+00:00,2026-05-18 06:00:00+07:00,24.6,98.219986,0.2,0.2,51.0,9.54
Binh Duong,11.3254,106.477,forecast,public_open_meteo_api,2026-05-17T19:30:45.892191+00:00,2026-05-18 07:00:00+07:00,25.5,92.81169,0.0,0.0,3.0,10.6261
Binh Duong,11.3254,106.477,forecast,public_open_meteo_api,2026-05-17T19:30:45.892191+00:00,2026-05-18 08:00:00+07:00,26.85,88.825775,0.0,0.0,3.0,9.734988
Binh Duong,11.3254,106.477,forecast,public_open_meteo_api,2026-05-17T19:30:45.892191+00:00,2026-05-18 09:00:00+07:00,27.9,84.52921,0.1,0.0,51.0,9.403169
Binh Duong,11.3254,106.477,forecast,public_open_meteo_api,2026-05-17T19:30:45.892191+00:00,2026-05-18 10:00:00+07:00,29.05,77.20002,0.2,0.1,51.0,11.368535
Binh Duong,11.3254,106.477,forecast,public_open_meteo_api,2026-05-17T19:30:45.892191+00:00,2026-05-18 11:00:00+07:00,30.7,72.1221,0.1,0.1,51.0,10.51576
Binh Duong,11.3254,106.477,forecast,public_open_meteo_api,2026-05-17T19:30:45.892191+00:00,2026-05-18 12:00:00+07:00,31.6,67.503006,0.2,0.1,51.0,11.132385
Binh Duong,11.3254,106.477,forecast,public_open_meteo_api,2026-05-17T19:30:45.892191+00:00,2026-05-18 13:00:00+07:00,31.85,66.95055,0.3,0.20000002,51.0,12.882267
Binh Duong,11.3254,106.477,forecast,public_open_meteo_api,2026-05-17T19:30:45.892191+00:00,2026-05-18 14:00:00+07:00,31.95,67.57138,0.1,0.0,51.0,12.931218
Binh Duong,11.3254,106.477,forecast,public_open_meteo_api,2026-05-17T19:30:45.892191+00:00,2026-05-18 15:00:00+07:00,31.65,69.96794,0.1,0.0,95.0,9.05205
Binh Duong,11.3254,106.477,forecast,public_open_meteo_api,2026-05-17T19:30:45.892191+00:00,2026-05-18 16:00:00+07:00,26.15,94.52017,9.4,0.09999943,81.0,5.318383
Binh Duong,11.3254,106.477,forecast,public_open_meteo_api,2026-05-17T19:30:45.892191+00:00,2026-05-18 17:00:00+07:00,26.5,92.587135,1.9,1.0999999,80.0,10.990322
Binh Duong,11.3254,106.477,forecast,public_open_meteo_api,2026-05-17T19:30:45.892191+00:00,2026-05-18 18:00:00+07:00,26.35,93.68849,0.6,0.6,53.0,7.9077177
Binh Duong,11.3254,106.477,forecast,public_open_meteo_api,2026-05-17T19:30:45.892191+00:00,2026-05-18 19:00:00+07:00,26.2,94.80375,0.3,0.3,51.0,5.1826253
Binh Duong,11.3254,106.477,forecast,public_open_meteo_api,2026-05-17T19:30:45.892191+00:00,2026-05-18 20:00:00+07:00,25.75,96.210495,0.5,0.19999999,53.0,7.519175
Binh Duong,11.3254,106.477,forecast,public_open_meteo_api,2026-05-17T19:30:45.892191+00:00,2026-05-18 21:00:00+07:00,25.4,96.77694,0.0,0.0,3.0,7.120815
Binh Duong,11.3254,106.477,forecast,public_open_meteo_api,2026-05-17T19:30:45.892191+00:00,2026-05-18 22:00:00+07:00,25.35,96.19938,0.0,0.0,3.0,7.5019197
Binh Duong,11.3254,106.477,forecast,public_open_meteo_api,2026-05-17T19:30:45.892191+00:00,2026-05-18 23:00:00+07:00,25.35,96.48718,0.0,0.0,3.0,7.8480825
Binh Phuoc,11.7512,106.7235,forecast,public_open_meteo_api,2026-05-17T19:30:45.898359+00:00,2026-05-18 00:00:00+07:00,25.05,97.05856,0.0,0.0,3.0,7.5105524
Binh Phuoc,11.7512,106.7235,forecast,public_open_meteo_api,2026-05-17T19:30:45.898359+00:00,2026-05-18 01:00:00+07:00,25.1,96.480736,0.0,0.0,3.0,6.015878
Binh Phuoc,11.7512,106.7235,forecast,public_open_meteo_api,2026-05-17T19:30:45.898359+00:00,2026-05-18 02:00:00+07:00,25.1,97.35021,0.1,0.1,51.0,6.8777895
Binh Phuoc,11.7512,106.7235,forecast,public_open_meteo_api,2026-05-17T19:30:45.898359+00:00,2026-05-18 03:00:00+07:00,24.95,98.22459,0.1,0.1,51.0,8.913181
Binh Phuoc,11.7512,106.7235,forecast,public_open_meteo_api,2026-05-17T19:30:45.898359+00:00,2026-05-18 04:00:00+07:00,24.55,97.632,0.4,0.099999994,51.0,12.472065
Binh Phuoc,11.7512,106.7235,forecast,public_open_meteo_api,2026-05-17T19:30:45.898359+00:00,2026-05-18 05:00:00+07:00,24.65,98.515274,0.2,0.2,51.0,10.711135
Binh Phuoc,11.7512,106.7235,forecast,public_open_meteo_api,2026-05-17T19:30:45.898359+00:00,2026-05-18 06:00:00+07:00,24.75,98.81152,0.0,0.0,2.0,11.7
Binh Phuoc,11.7512,106.7235,forecast,public_open_meteo_api,2026-05-17T19:30:45.898359+00:00,2026-05-18 07:00:00+07:00,25.3,95.62443,0.1,0.1,51.0,11.592895
Binh Phuoc,11.7512,106.7235,forecast,public_open_meteo_api,2026-05-17T19:30:45.898359+00:00,2026-05-18 08:00:00+07:00,26.2,89.576584,0.0,0.0,3.0,12.703715
Binh Phuoc,11.7512,106.7235,forecast,public_open_meteo_api,2026-05-17T19:30:45.898359+00:00,2026-05-18 09:00:00+07:00,27.55,83.9887,0.1,0.0,51.0,12.781267
Binh Phuoc,11.7512,106.7235,forecast,public_open_meteo_api,2026-05-17T19:30:45.898359+00:00,2026-05-18 10:00:00+07:00,28.55,79.23308,0.2,0.1,51.0,12.503199
Binh Phuoc,11.7512,106.7235,forecast,public_open_meteo_api,2026-05-17T19:30:45.898359+00:00,2026-05-18 11:00:00+07:00,29.95,72.20709,0.1,0.1,51.0,10.172787
Binh Phuoc,11.7512,106.7235,forecast,public_open_meteo_api,2026-05-17T19:30:45.898359+00:00,2026-05-18 12:00:00+07:00,31.45,65.09209,0.1,0.1,51.0,11.304229
Binh Phuoc,11.7512,106.7235,forecast,public_open_meteo_api,2026-05-17T19:30:45.898359+00:00,2026-05-18 13:00:00+07:00,31.85,65.174545,0.1,0.0,51.0,11.722133
Binh Phuoc,11.7512,106.7235,forecast,public_open_meteo_api,2026-05-17T19:30:45.898359+00:00,2026-05-18 14:00:00+07:00,31.9,66.761086,0.0,0.0,95.0,14.050382
Binh Phuoc,11.7512,106.7235,forecast,public_open_meteo_api,2026-05-17T19:30:45.898359+00:00,2026-05-18 15:00:00+07:00,28.7,81.895035,0.7,0.19999999,53.0,15.299999
Binh Phuoc,11.7512,106.7235,forecast,public_open_meteo_api,2026-05-17T19:30:45.898359+00:00,2026-05-18 16:00:00+07:00,26.75,94.8244,1.8,0.79999995,80.0,12.330985
Binh Phuoc,11.7512,106.7235,forecast,public_open_meteo_api,2026-05-17T19:30:45.898359+00:00,2026-05-18 17:00:00+07:00,25.45,98.23114,3.8,1.0999999,81.0,12.257194
Binh Phuoc,11.7512,106.7235,forecast,public_open_meteo_api,2026-05-17T19:30:45.898359+00:00,2026-05-18 18:00:00+07:00,25.15,98.22726,1.3,1.1999999,80.0,9.904906
Binh Phuoc,11.7512,106.7235,forecast,public_open_meteo_api,2026-05-17T19:30:45.898359+00:00,2026-05-18 19:00:00+07:00,25.25,97.93597,0.5,0.5,53.0,5.5450516
Binh Phuoc,11.7512,106.7235,forecast,public_open_meteo_api,2026-05-17T19:30:45.898359+00:00,2026-05-18 20:00:00+07:00,25.15,98.520775,0.4,0.4,51.0,3.644722
Binh Phuoc,11.7512,106.7235,forecast,public_open_meteo_api,2026-05-17T19:30:45.898359+00:00,2026-05-18 21:00:00+07:00,25.15,98.22726,0.2,0.2,51.0,6.248359
Binh Phuoc,11.7512,106.7235,forecast,public_open_meteo_api,2026-05-17T19:30:45.898359+00:00,2026-05-18 22:00:00+07:00,25.05,98.22595,0.0,0.0,3.0,9.085988
Binh Phuoc,11.7512,106.7235,forecast,public_open_meteo_api,2026-05-17T19:30:45.898359+00:00,2026-05-18 23:00:00+07:00,24.9,98.22398,0.0,0.0,3.0,9.0
Binh Thuan,10.9333,108.1,forecast,public_open_meteo_api,2026-05-17T19:32:08.494971+00:00,2026-05-18 00:00:00+07:00,26.75,92.875854,0.0,0.0,3.0,5.4744864
Binh Thuan,10.9333,108.1,forecast,public_open_meteo_api,2026-05-17T19:32:08.494971+00:00,2026-05-18 01:00:00+07:00,26.65,92.59511,0.0,0.0,3.0,4.6834598
Binh Thuan,10.9333,108.1,forecast,public_open_meteo_api,2026-05-17T19:32:08.494971+00:00,2026-05-18 02:00:00+07:00,26.85,90.15996,0.0,0.0,3.0,5.1197267
Binh Thuan,10.9333,108.1,forecast,public_open_meteo_api,2026-05-17T19:32:08.494971+00:00,2026-05-18 03:00:00+07:00,26.9,89.361115,0.0,0.0,3.0,4.379589
Binh Thuan,10.9333,108.1,forecast,public_open_meteo_api,2026-05-17T19:32:08.494971+00:00,2026-05-18 04:00:00+07:00,26.8,90.695206,0.0,0.0,3.0,2.4482648
Binh Thuan,10.9333,108.1,forecast,public_open_meteo_api,2026-05-17T19:32:08.494971+00:00,2026-05-18 05:00:00+07:00,26.8,92.32836,0.0,0.0,3.0,3.6179552
Binh Thuan,10.9333,108.1,forecast,public_open_meteo_api,2026-05-17T19:32:08.494971+00:00,2026-05-18 06:00:00+07:00,26.2,93.124985,0.7,0.39999998,53.0,5.223103
Binh Thuan,10.9333,108.1,forecast,public_open_meteo_api,2026-05-17T19:32:08.494971+00:00,2026-05-18 07:00:00+07:00,27.3,85.73827,0.1,0.1,51.0,1.9134263
Binh Thuan,10.9333,108.1,forecast,public_open_meteo_api,2026-05-17T19:32:08.494971+00:00,2026-05-18 08:00:00+07:00,29.45,74.31633,0.0,0.0,3.0,1.9134263
Binh Thuan,10.9333,108.1,forecast,public_open_meteo_api,2026-05-17T19:32:08.494971+00:00,2026-05-18 09:00:00+07:00,30.5,69.13086,0.1,0.0,51.0,5.720489
Binh Thuan,10.9333,108.1,forecast,public_open_meteo_api,2026-05-17T19:32:08.494971+00:00,2026-05-18 10:00:00+07:00,31.45,63.92913,0.3,0.20000002,51.0,11.341428
Binh Thuan,10.9333,108.1,forecast,public_open_meteo_api,2026-05-17T19:32:08.494971+00:00,2026-05-18 11:00:00+07:00,32.3,60.739323,0.2,0.2,51.0,14.224556
Binh Thuan,10.9333,108.1,forecast,public_open_meteo_api,2026-05-17T19:32:08.494971+00:00,2026-05-18 12:00:00+07:00,32.35,61.855618,0.2,0.1,51.0,17.468348
Binh Thuan,10.9333,108.1,forecast,public_open_meteo_api,2026-05-17T19:32:08.494971+00:00,2026-05-18 13:00:00+07:00,32.15,65.62674,0.5,0.099999994,53.0,17.163355
Binh Thuan,10.9333,108.1,forecast,public_open_meteo_api,2026-05-17T19:32:08.494971+00:00,2026-05-18 14:00:00+07:00,31.9,66.960434,0.0,0.0,3.0,17.935081
Binh Thuan,10.9333,108.1,forecast,public_open_meteo_api,2026-05-17T19:32:08.494971+00:00,2026-05-18 15:00:00+07:00,31.55,67.897285,0.0,0.0,3.0,17.33429
Binh Thuan,10.9333,108.1,forecast,public_open_meteo_api,2026-05-17T19:32:08.494971+00:00,2026-05-18 16:00:00+07:00,31.1,68.421234,0.2,0.0,51.0,17.640919
Binh Thuan,10.9333,108.1,forecast,public_open_meteo_api,2026-05-17T19:32:08.494971+00:00,2026-05-18 17:00:00+07:00,30.55,69.97378,0.1,0.1,51.0,16.423458
Binh Thuan,10.9333,108.1,forecast,public_open_meteo_api,2026-05-17T19:32:08.494971+00:00,2026-05-18 18:00:00+07:00,29.5,74.32452,0.2,0.1,51.0,13.441071
Binh Thuan,10.9333,108.1,forecast,public_open_meteo_api,2026-05-17T19:32:08.494971+00:00,2026-05-18 19:00:00+07:00,26.7,89.881,1.1,0.70000005,55.0,12.688404
Binh Thuan,10.9333,108.1,forecast,public_open_meteo_api,2026-05-17T19:32:08.494971+00:00,2026-05-18 20:00:00+07:00,26.85,90.42885,0.1,0.1,51.0,7.9526596
Binh Thuan,10.9333,108.1,forecast,public_open_meteo_api,2026-05-17T19:32:08.494971+00:00,2026-05-18 21:00:00+07:00,26.9,91.24299,0.0,0.0,3.0,4.514377
Binh Thuan,10.9333,108.1,forecast,public_open_meteo_api,2026-05-17T19:32:08.494971+00:00,2026-05-18 22:00:00+07:00,26.75,91.77818,0.0,0.0,3.0,4.5
Binh Thuan,10.9333,108.1,forecast,public_open_meteo_api,2026-05-17T19:32:08.494971+00:00,2026-05-18 23:00:00+07:00,26.85,89.0912,0.0,0.0,3.0,3.096837
Ca Mau,9.1768,105.1524,forecast,public_open_meteo_api,2026-05-17T19:32:08.500192+00:00,2026-05-18 00:00:00+07:00,27.8,84.01589,0.1,0.0,51.0,9.335737
Ca Mau,9.1768,105.1524,forecast,public_open_meteo_api,2026-05-17T19:32:08.500192+00:00,2026-05-18 01:00:00+07:00,26.35,90.93675,1.5,0.29999995,80.0,15.661035
Ca Mau,9.1768,105.1524,forecast,public_open_meteo_api,2026-05-17T19:32:08.500192+00:00,2026-05-18 02:00:00+07:00,25.55,94.77922,0.1,0.1,51.0,7.9383874
Ca Mau,9.1768,105.1524,forecast,public_open_meteo_api,2026-05-17T19:32:08.500192+00:00,2026-05-18 03:00:00+07:00,25.4,95.91385,0.0,0.0,2.0,2.4149535
Ca Mau,9.1768,105.1524,forecast,public_open_meteo_api,2026-05-17T19:32:08.500192+00:00,2026-05-18 04:00:00+07:00,25.65,96.207726,0.0,0.0,1.0,2.8001428
Ca Mau,9.1768,105.1524,forecast,public_open_meteo_api,2026-05-17T19:32:08.500192+00:00,2026-05-18 05:00:00+07:00,25.9,95.0754,0.0,0.0,1.0,2.19718
Ca Mau,9.1768,105.1524,forecast,public_open_meteo_api,2026-05-17T19:32:08.500192+00:00,2026-05-18 06:00:00+07:00,26.3,94.52613,0.0,0.0,1.0,3.244996
Ca Mau,9.1768,105.1524,forecast,public_open_meteo_api,2026-05-17T19:32:08.500192+00:00,2026-05-18 07:00:00+07:00,27.65,89.94847,0.1,0.1,51.0,4.724786
Ca Mau,9.1768,105.1524,forecast,public_open_meteo_api,2026-05-17T19:32:08.500192+00:00,2026-05-18 08:00:00+07:00,27.7,85.77743,0.5,0.19999999,53.0,18.57143
Ca Mau,9.1768,105.1524,forecast,public_open_meteo_api,2026-05-17T19:32:08.500192+00:00,2026-05-18 09:00:00+07:00,28.7,79.96645,0.4,0.4,51.0,13.690654
Ca Mau,9.1768,105.1524,forecast,public_open_meteo_api,2026-05-17T19:32:08.500192+00:00,2026-05-18 10:00:00+07:00,30.45,73.59818,0.1,0.1,51.0,13.350371
Ca Mau,9.1768,105.1524,forecast,public_open_meteo_api,2026-05-17T19:32:08.500192+00:00,2026-05-18 11:00:00+07:00,31.85,66.35388,0.1,0.0,51.0,15.677576
Ca Mau,9.1768,105.1524,forecast,public_open_meteo_api,2026-05-17T19:32:08.500192+00:00,2026-05-18 12:00:00+07:00,32.05,65.99915,0.4,0.2,51.0,15.745627
Ca Mau,9.1768,105.1524,forecast,public_open_meteo_api,2026-05-17T19:32:08.500192+00:00,2026-05-18 13:00:00+07:00,32.2,65.05198,0.2,0.1,51.0,16.21699
Ca Mau,9.1768,105.1524,forecast,public_open_meteo_api,2026-05-17T19:32:08.500192+00:00,2026-05-18 14:00:00+07:00,32.3,61.28979,0.8,0.3,53.0,15.725037
Ca Mau,9.1768,105.1524,forecast,public_open_meteo_api,2026-05-17T19:32:08.500192+00:00,2026-05-18 15:00:00+07:00,31.4,65.08176,0.7,0.29999998,53.0,15.111424
Ca Mau,9.1768,105.1524,forecast,public_open_meteo_api,2026-05-17T19:32:08.500192+00:00,2026-05-18 16:00:00+07:00,30.35,70.56822,0.6,0.100000024,53.0,16.293728
Ca Mau,9.1768,105.1524,forecast,public_open_meteo_api,2026-05-17T19:32:08.500192+00:00,2026-05-18 17:00:00+07:00,30.3,70.98301,0.2,0.2,51.0,13.229694
Ca Mau,9.1768,105.1524,forecast,public_open_meteo_api,2026-05-17T19:32:08.500192+00:00,2026-05-18 18:00:00+07:00,29.35,75.42059,0.0,0.0,2.0,11.39842
Ca Mau,9.1768,105.1524,forecast,public_open_meteo_api,2026-05-17T19:32:08.500192+00:00,2026-05-18 19:00:00+07:00,28.7,79.017166,0.0,0.0,1.0,6.341009
Ca Mau,9.1768,105.1524,forecast,public_open_meteo_api,2026-05-17T19:32:08.500192+00:00,2026-05-18 20:00:00+07:00,28.3,81.11685,0.0,0.0,2.0,8.65873
Ca Mau,9.1768,105.1524,forecast,public_open_meteo_api,2026-05-17T19:32:08.500192+00:00,2026-05-18 21:00:00+07:00,27.95,84.53449,0.0,0.0,2.0,9.059205
Ca Mau,9.1768,105.1524,forecast,public_open_meteo_api,2026-05-17T19:32:08.500192+00:00,2026-05-18 22:00:00+07:00,27.1,88.84534,0.1,0.1,51.0,9.172938
Ca Mau,9.1768,105.1524,forecast,public_open_meteo_api,2026-05-17T19:32:08.500192+00:00,2026-05-18 23:00:00+07:00,26.8,90.96565,0.0,0.0,3.0,3.693291
Can Tho,10.0452,105.7469,forecast,public_open_meteo_api,2026-05-17T19:32:08.505598+00:00,2026-05-18 00:00:00+07:00,27.45,87.040985,0.0,0.0,2.0,8.490582
Can Tho,10.0452,105.7469,forecast,public_open_meteo_api,2026-05-17T19:32:08.505598+00:00,2026-05-18 01:00:00+07:00,27.3,87.80919,0.0,0.0,2.0,8.0599
Can Tho,10.0452,105.7469,forecast,public_open_meteo_api,2026-05-17T19:32:08.505598+00:00,2026-05-18 02:00:00+07:00,27.2,87.27854,0.1,0.0,51.0,11.892265
Can Tho,10.0452,105.7469,forecast,public_open_meteo_api,2026-05-17T19:32:08.505598+00:00,2026-05-18 03:00:00+07:00,26.95,88.04194,0.1,0.1,51.0,9.167638
Can Tho,10.0452,105.7469,forecast,public_open_meteo_api,2026-05-17T19:32:08.505598+00:00,2026-05-18 04:00:00+07:00,26.35,89.855995,0.3,0.10000001,51.0,3.096837
Can Tho,10.0452,105.7469,forecast,public_open_meteo_api,2026-05-17T19:32:08.505598+00:00,2026-05-18 05:00:00+07:00,26.0,90.91417,0.0,0.0,2.0,5.318383
Can Tho,10.0452,105.7469,forecast,public_open_meteo_api,2026-05-17T19:32:08.505598+00:00,2026-05-18 06:00:00+07:00,25.75,91.17109,0.0,0.0,1.0,7.388775
Can Tho,10.0452,105.7469,forecast,public_open_meteo_api,2026-05-17T19:32:08.505598+00:00,2026-05-18 07:00:00+07:00,26.85,86.986984,0.0,0.0,1.0,7.9220443
Can Tho,10.0452,105.7469,forecast,public_open_meteo_api,2026-05-17T19:32:08.505598+00:00,2026-05-18 08:00:00+07:00,28.55,81.87686,0.0,0.0,1.0,8.0599
Can Tho,10.0452,105.7469,forecast,public_open_meteo_api,2026-05-17T19:32:08.505598+00:00,2026-05-18 09:00:00+07:00,29.7,75.9272,0.1,0.1,51.0,16.92383
Can Tho,10.0452,105.7469,forecast,public_open_meteo_api,2026-05-17T19:32:08.505598+00:00,2026-05-18 10:00:00+07:00,30.2,74.43849,0.1,0.1,51.0,15.151039
Can Tho,10.0452,105.7469,forecast,public_open_meteo_api,2026-05-17T19:32:08.505598+00:00,2026-05-18 11:00:00+07:00,31.45,68.08081,0.1,0.1,51.0,13.4903965
Can Tho,10.0452,105.7469,forecast,public_open_meteo_api,2026-05-17T19:32:08.505598+00:00,2026-05-18 12:00:00+07:00,32.2,67.419426,0.1,0.1,95.0,14.068816
Can Tho,10.0452,105.7469,forecast,public_open_meteo_api,2026-05-17T19:32:08.505598+00:00,2026-05-18 13:00:00+07:00,33.2,63.53696,0.0,0.0,95.0,13.3649235
Can Tho,10.0452,105.7469,forecast,public_open_meteo_api,2026-05-17T19:32:08.505598+00:00,2026-05-18 14:00:00+07:00,31.05,69.44151,1.0,0.100000024,55.0,14.761098
Can Tho,10.0452,105.7469,forecast,public_open_meteo_api,2026-05-17T19:32:08.505598+00:00,2026-05-18 15:00:00+07:00,31.8,65.94859,0.1,0.1,51.0,16.144905
Can Tho,10.0452,105.7469,forecast,public_open_meteo_api,2026-05-17T19:32:08.505598+00:00,2026-05-18 16:00:00+07:00,28.35,85.84069,2.2,0.4000001,80.0,7.5942082
Can Tho,10.0452,105.7469,forecast,public_open_meteo_api,2026-05-17T19:32:08.505598+00:00,2026-05-18 17:00:00+07:00,28.95,85.393036,0.5,0.3,95.0,7.3094187
Can Tho,10.0452,105.7469,forecast,public_open_meteo_api,2026-05-17T19:32:08.505598+00:00,2026-05-18 18:00:00+07:00,27.9,89.70043,1.4,0.19999993,80.0,5.5567255
Can Tho,10.0452,105.7469,forecast,public_open_meteo_api,2026-05-17T19:32:08.505598+00:00,2026-05-18 19:00:00+07:00,27.85,91.032486,0.0,0.0,3.0,2.8460498
Can Tho,10.0452,105.7469,forecast,public_open_meteo_api,2026-05-17T19:32:08.505598+00:00,2026-05-18 20:00:00+07:00,27.75,91.565636,0.0,0.0,3.0,2.7534704
Can Tho,10.0452,105.7469,forecast,public_open_meteo_api,2026-05-17T19:32:08.505598+00:00,2026-05-18 21:00:00+07:00,27.5,93.18871,0.0,0.0,3.0,5.0816135
Can Tho,10.0452,105.7469,forecast,public_open_meteo_api,2026-05-17T19:32:08.505598+00:00,2026-05-18 22:00:00+07:00,27.3,93.73145,0.0,0.0,95.0,4.6834598
Can Tho,10.0452,105.7469,forecast,public_open_meteo_api,2026-05-17T19:32:08.505598+00:00,2026-05-18 23:00:00+07:00,27.2,93.174095,0.0,0.0,3.0,4.7110505
Cao Bang,22.6666,106.2639,forecast,public_open_meteo_api,2026-05-17T19:32:08.511149+00:00,2026-05-18 00:00:00+07:00,24.688501,99.10709,0.4,0.3,51.0,6.689125
Cao Bang,22.6666,106.2639,forecast,public_open_meteo_api,2026-05-17T19:32:08.511149+00:00,2026-05-18 01:00:00+07:00,24.588501,98.81011,0.3,0.3,51.0,6.452441
Cao Bang,22.6666,106.2639,forecast,public_open_meteo_api,2026-05-17T19:32:08.511149+00:00,2026-05-18 02:00:00+07:00,24.588501,98.81011,0.2,0.2,51.0,6.12
Cao Bang,22.6666,106.2639,forecast,public_open_meteo_api,2026-05-17T19:32:08.511149+00:00,2026-05-18 03:00:00+07:00,24.3885,98.51239,0.7,0.39999998,53.0,5.232399
Cao Bang,22.6666,106.2639,forecast,public_open_meteo_api,2026-05-17T19:32:08.511149+00:00,2026-05-18 04:00:00+07:00,24.188501,98.80657,0.2,0.1,51.0,7.555712
Cao Bang,22.6666,106.2639,forecast,public_open_meteo_api,2026-05-17T19:32:08.511149+00:00,2026-05-18 05:00:00+07:00,24.2885,99.10443,0.1,0.1,51.0,6.28713
Cao Bang,22.6666,106.2639,forecast,public_open_meteo_api,2026-05-17T19:32:08.511149+00:00,2026-05-18 06:00:00+07:00,24.438501,99.40285,0.3,0.3,51.0,5.6920996
Cao Bang,22.6666,106.2639,forecast,public_open_meteo_api,2026-05-17T19:32:08.511149+00:00,2026-05-18 07:00:00+07:00,24.7885,98.516815,0.4,0.4,51.0,4.942631
Cao Bang,22.6666,106.2639,forecast,public_open_meteo_api,2026-05-17T19:32:08.511149+00:00,2026-05-18 08:00:00+07:00,25.7885,95.925415,0.1,0.0,51.0,7.0107627
Cao Bang,22.6666,106.2639,forecast,public_open_meteo_api,2026-05-17T19:32:08.511149+00:00,2026-05-18 09:00:00+07:00,27.088501,89.908676,0.1,0.0,51.0,7.0038276
Cao Bang,22.6666,106.2639,forecast,public_open_meteo_api,2026-05-17T19:32:08.511149+00:00,2026-05-18 10:00:00+07:00,28.7885,80.69633,0.3,0.3,51.0,9.96524
Cao Bang,22.6666,106.2639,forecast,public_open_meteo_api,2026-05-17T19:32:08.511149+00:00,2026-05-18 11:00:00+07:00,30.4885,73.6046,0.4,0.3,51.0,10.3621235
Cao Bang,22.6666,106.2639,forecast,public_open_meteo_api,2026-05-17T19:32:08.511149+00:00,2026-05-18 12:00:00+07:00,32.538498,62.082634,0.0,0.0,3.0,11.521406
Cao Bang,22.6666,106.2639,forecast,public_open_meteo_api,2026-05-17T19:32:08.511149+00:00,2026-05-18 13:00:00+07:00,28.4885,85.09434,0.9,0.39999998,53.0,14.941083
Cao Bang,22.6666,106.2639,forecast,public_open_meteo_api,2026-05-17T19:32:08.511149+00:00,2026-05-18 14:00:00+07:00,29.7885,76.62225,0.4,0.4,51.0,8.209263
Cao Bang,22.6666,106.2639,forecast,public_open_meteo_api,2026-05-17T19:32:08.511149+00:00,2026-05-18 15:00:00+07:00,30.688501,71.478035,0.4,0.4,51.0,9.600937
Cao Bang,22.6666,106.2639,forecast,public_open_meteo_api,2026-05-17T19:32:08.511149+00:00,2026-05-18 16:00:00+07:00,30.7885,72.35251,0.2,0.1,51.0,10.897063
Cao Bang,22.6666,106.2639,forecast,public_open_meteo_api,2026-05-17T19:32:08.511149+00:00,2026-05-18 17:00:00+07:00,28.4885,81.62583,0.4,0.2,51.0,11.364259
Cao Bang,22.6666,106.2639,forecast,public_open_meteo_api,2026-05-17T19:32:08.511149+00:00,2026-05-18 18:00:00+07:00,26.3885,92.30577,0.4,0.4,51.0,13.004922
Cao Bang,22.6666,106.2639,forecast,public_open_meteo_api,2026-05-17T19:32:08.511149+00:00,2026-05-18 19:00:00+07:00,25.338501,96.77545,0.3,0.3,51.0,6.849467
Cao Bang,22.6666,106.2639,forecast,public_open_meteo_api,2026-05-17T19:32:08.511149+00:00,2026-05-18 20:00:00+07:00,25.3885,97.64659,0.3,0.3,51.0,6.8612823
Cao Bang,22.6666,106.2639,forecast,public_open_meteo_api,2026-05-17T19:32:08.511149+00:00,2026-05-18 21:00:00+07:00,25.6385,97.36072,0.3,0.10000001,51.0,7.928177
Cao Bang,22.6666,106.2639,forecast,public_open_meteo_api,2026-05-17T19:32:08.511149+00:00,2026-05-18 22:00:00+07:00,25.4885,98.231674,1.2,0.100000024,55.0,8.187527
Cao Bang,22.6666,106.2639,forecast,public_open_meteo_api,2026-05-17T19:32:08.511149+00:00,2026-05-18 23:00:00+07:00,25.0385,98.22577,1.0,0.0,55.0,8.641874
Da Nang,16.0544,108.2022,forecast,public_open_meteo_api,2026-05-17T19:32:08.516583+00:00,2026-05-18 00:00:00+07:00,27.5,87.565216,0.0,0.0,3.0,6.206738
Da Nang,16.0544,108.2022,forecast,public_open_meteo_api,2026-05-17T19:32:08.516583+00:00,2026-05-18 01:00:00+07:00,27.3,88.86092,0.0,0.0,3.0,6.302571
Da Nang,16.0544,108.2022,forecast,public_open_meteo_api,2026-05-17T19:32:08.516583+00:00,2026-05-18 02:00:00+07:00,27.15,89.379776,0.0,0.0,3.0,6.206738
Da Nang,16.0544,108.2022,forecast,public_open_meteo_api,2026-05-17T19:32:08.516583+00:00,2026-05-18 03:00:00+07:00,26.9,90.97203,0.0,0.0,2.0,7.406295
Da Nang,16.0544,108.2022,forecast,public_open_meteo_api,2026-05-17T19:32:08.516583+00:00,2026-05-18 04:00:00+07:00,26.9,90.70181,0.0,0.0,3.0,6.8423676
Da Nang,16.0544,108.2022,forecast,public_open_meteo_api,2026-05-17T19:32:08.516583+00:00,2026-05-18 05:00:00+07:00,26.9,90.163414,0.0,0.0,3.0,3.5864744
Da Nang,16.0544,108.2022,forecast,public_open_meteo_api,2026-05-17T19:32:08.516583+00:00,2026-05-18 06:00:00+07:00,27.25,87.8049,0.0,0.0,3.0,3.2399998
Da Nang,16.0544,108.2022,forecast,public_open_meteo_api,2026-05-17T19:32:08.516583+00:00,2026-05-18 07:00:00+07:00,28.6,79.47705,0.0,0.0,3.0,4.327493
Da Nang,16.0544,108.2022,forecast,public_open_meteo_api,2026-05-17T19:32:08.516583+00:00,2026-05-18 08:00:00+07:00,30.7,67.52886,0.0,0.0,3.0,4.4274144
Da Nang,16.0544,108.2022,forecast,public_open_meteo_api,2026-05-17T19:32:08.516583+00:00,2026-05-18 09:00:00+07:00,32.9,58.015923,0.0,0.0,3.0,3.494968
Da Nang,16.0544,108.2022,forecast,public_open_meteo_api,2026-05-17T19:32:08.516583+00:00,2026-05-18 10:00:00+07:00,34.25,53.308407,0.0,0.0,3.0,5.4149795
Da Nang,16.0544,108.2022,forecast,public_open_meteo_api,2026-05-17T19:32:08.516583+00:00,2026-05-18 11:00:00+07:00,33.6,59.945778,0.0,0.0,3.0,11.7
Da Nang,16.0544,108.2022,forecast,public_open_meteo_api,2026-05-17T19:32:08.516583+00:00,2026-05-18 12:00:00+07:00,32.15,65.43122,0.6,0.20000002,53.0,12.136325
Da Nang,16.0544,108.2022,forecast,public_open_meteo_api,2026-05-17T19:32:08.516583+00:00,2026-05-18 13:00:00+07:00,33.0,61.997677,0.4,0.4,51.0,6.9153743
Da Nang,16.0544,108.2022,forecast,public_open_meteo_api,2026-05-17T19:32:08.516583+00:00,2026-05-18 14:00:00+07:00,32.8,64.98188,0.1,0.0,95.0,8.885877
Da Nang,16.0544,108.2022,forecast,public_open_meteo_api,2026-05-17T19:32:08.516583+00:00,2026-05-18 15:00:00+07:00,32.4,64.89939,0.1,0.0,51.0,6.9550843
Da Nang,16.0544,108.2022,forecast,public_open_meteo_api,2026-05-17T19:32:08.516583+00:00,2026-05-18 16:00:00+07:00,32.05,65.41078,0.1,0.0,51.0,4.327493
Da Nang,16.0544,108.2022,forecast,public_open_meteo_api,2026-05-17T19:32:08.516583+00:00,2026-05-18 17:00:00+07:00,30.05,72.440895,0.2,0.0,51.0,5.920878
Da Nang,16.0544,108.2022,forecast,public_open_meteo_api,2026-05-17T19:32:08.516583+00:00,2026-05-18 18:00:00+07:00,28.6,79.95321,0.5,0.4,53.0,8.880405
Da Nang,16.0544,108.2022,forecast,public_open_meteo_api,2026-05-17T19:32:08.516583+00:00,2026-05-18 19:00:00+07:00,28.15,83.306145,0.2,0.2,51.0,5.6521144
Da Nang,16.0544,108.2022,forecast,public_open_meteo_api,2026-05-17T19:32:08.516583+00:00,2026-05-18 20:00:00+07:00,28.25,83.565865,0.1,0.1,51.0,3.4576871
Da Nang,16.0544,108.2022,forecast,public_open_meteo_api,2026-05-17T19:32:08.516583+00:00,2026-05-18 21:00:00+07:00,28.25,84.56603,0.0,0.0,3.0,4.445672
Da Nang,16.0544,108.2022,forecast,public_open_meteo_api,2026-05-17T19:32:08.516583+00:00,2026-05-18 22:00:00+07:00,28.05,87.87254,0.0,0.0,3.0,5.5596404
Da Nang,16.0544,108.2022,forecast,public_open_meteo_api,2026-05-17T19:32:08.516583+00:00,2026-05-18 23:00:00+07:00,27.9,89.966125,0.0,0.0,3.0,5.6060677
Dak Lak,12.71,108.2378,forecast,public_open_meteo_api,2026-05-17T19:32:08.527896+00:00,2026-05-18 00:00:00+07:00,23.55,96.14885,0.0,0.0,3.0,2.3469126
Dak Lak,12.71,108.2378,forecast,public_open_meteo_api,2026-05-17T19:32:08.527896+00:00,2026-05-18 01:00:00+07:00,23.4,95.56314,0.0,0.0,3.0,2.52
Dak Lak,12.71,108.2378,forecast,public_open_meteo_api,2026-05-17T19:32:08.527896+00:00,2026-05-18 02:00:00+07:00,23.3,95.559875,0.0,0.0,3.0,1.2074767
Dak Lak,12.71,108.2378,forecast,public_open_meteo_api,2026-05-17T19:32:08.527896+00:00,2026-05-18 03:00:00+07:00,23.05,96.72064,0.0,0.0,3.0,0.54
Dak Lak,12.71,108.2378,forecast,public_open_meteo_api,2026-05-17T19:32:08.527896+00:00,2026-05-18 04:00:00+07:00,22.85,97.30576,0.0,0.0,3.0,0.25455844
Dak Lak,12.71,108.2378,forecast,public_open_meteo_api,2026-05-17T19:32:08.527896+00:00,2026-05-18 05:00:00+07:00,22.3,99.09102,0.0,0.0,3.0,2.4014995
Dak Lak,12.71,108.2378,forecast,public_open_meteo_api,2026-05-17T19:32:08.527896+00:00,2026-05-18 06:00:00+07:00,22.35,99.09136,0.0,0.0,3.0,4.942631
Dak Lak,12.71,108.2378,forecast,public_open_meteo_api,2026-05-17T19:32:08.527896+00:00,2026-05-18 07:00:00+07:00,24.1,91.899254,0.0,0.0,2.0,3.2846913
Dak Lak,12.71,108.2378,forecast,public_open_meteo_api,2026-05-17T19:32:08.527896+00:00,2026-05-18 08:00:00+07:00,25.85,83.295715,0.0,0.0,3.0,3.8939953
Dak Lak,12.71,108.2378,forecast,public_open_meteo_api,2026-05-17T19:32:08.527896+00:00,2026-05-18 09:00:00+07:00,27.4,73.97822,0.0,0.0,3.0,2.7059932
Dak Lak,12.71,108.2378,forecast,public_open_meteo_api,2026-05-17T19:32:08.527896+00:00,2026-05-18 10:00:00+07:00,28.55,66.89887,0.0,0.0,3.0,3.7842832
Dak Lak,12.71,108.2378,forecast,public_open_meteo_api,2026-05-17T19:32:08.527896+00:00,2026-05-18 11:00:00+07:00,30.25,58.28101,0.0,0.0,2.0,4.6834598
Dak Lak,12.71,108.2378,forecast,public_open_meteo_api,2026-05-17T19:32:08.527896+00:00,2026-05-18 12:00:00+07:00,30.25,59.00025,0.3,0.0,51.0,11.19189
Dak Lak,12.71,108.2378,forecast,public_open_meteo_api,2026-05-17T19:32:08.527896+00:00,2026-05-18 13:00:00+07:00,30.5,62.959404,0.0,0.0,3.0,7.79215
Dak Lak,12.71,108.2378,forecast,public_open_meteo_api,2026-05-17T19:32:08.527896+00:00,2026-05-18 14:00:00+07:00,30.7,64.15696,0.1,0.1,51.0,8.482947
Dak Lak,12.71,108.2378,forecast,public_open_meteo_api,2026-05-17T19:32:08.527896+00:00,2026-05-18 15:00:00+07:00,26.35,85.38728,1.6,0.0,80.0,11.91948
Dak Lak,12.71,108.2378,forecast,public_open_meteo_api,2026-05-17T19:32:08.527896+00:00,2026-05-18 16:00:00+07:00,26.4,82.357155,0.2,0.2,51.0,2.9301877
Dak Lak,12.71,108.2378,forecast,public_open_meteo_api,2026-05-17T19:32:08.527896+00:00,2026-05-18 17:00:00+07:00,26.3,83.598946,0.0,0.0,3.0,2.1897945
Dak Lak,12.71,108.2378,forecast,public_open_meteo_api,2026-05-17T19:32:08.527896+00:00,2026-05-18 18:00:00+07:00,25.2,90.0444,0.0,0.0,3.0,2.8799999
Dak Lak,12.71,108.2378,forecast,public_open_meteo_api,2026-05-17T19:32:08.527896+00:00,2026-05-18 19:00:00+07:00,24.55,95.31324,0.0,0.0,3.0,0.56920993
Dak Lak,12.71,108.2378,forecast,public_open_meteo_api,2026-05-17T19:32:08.527896+00:00,2026-05-18 20:00:00+07:00,24.35,94.16353,0.2,0.2,51.0,0.9
Dak Lak,12.71,108.2378,forecast,public_open_meteo_api,2026-05-17T19:32:08.527896+00:00,2026-05-18 21:00:00+07:00,24.15,95.01222,0.2,0.2,51.0,5.4656014
Dak Lak,12.71,108.2378,forecast,public_open_meteo_api,2026-05-17T19:32:08.527896+00:00,2026-05-18 22:00:00+07:00,23.95,95.58102,0.1,0.1,51.0,3.2599385
Dak Lak,12.71,108.2378,forecast,public_open_meteo_api,2026-05-17T19:32:08.527896+00:00,2026-05-18 23:00:00+07:00,23.8,95.86567,0.0,0.0,3.0,3.4199998
Dak Nong,12.2646,107.6098,forecast,public_open_meteo_api,2026-05-17T19:32:08.534198+00:00,2026-05-18 00:00:00+07:00,21.1,94.31437,0.0,0.0,3.0,10.484902
Dak Nong,12.2646,107.6098,forecast,public_open_meteo_api,2026-05-17T19:32:08.534198+00:00,2026-05-18 01:00:00+07:00,21.05,95.19105,0.0,0.0,3.0,12.991212
Dak Nong,12.2646,107.6098,forecast,public_open_meteo_api,2026-05-17T19:32:08.534198+00:00,2026-05-18 02:00:00+07:00,20.95,96.074,0.0,0.0,3.0,13.627795
Dak Nong,12.2646,107.6098,forecast,public_open_meteo_api,2026-05-17T19:32:08.534198+00:00,2026-05-18 03:00:00+07:00,21.05,95.780846,0.0,0.0,2.0,14.019216
Dak Nong,12.2646,107.6098,forecast,public_open_meteo_api,2026-05-17T19:32:08.534198+00:00,2026-05-18 04:00:00+07:00,20.9,96.07258,0.0,0.0,2.0,15.430736
Dak Nong,12.2646,107.6098,forecast,public_open_meteo_api,2026-05-17T19:32:08.534198+00:00,2026-05-18 05:00:00+07:00,20.9,96.66785,0.0,0.0,3.0,17.654686
Dak Nong,12.2646,107.6098,forecast,public_open_meteo_api,2026-05-17T19:32:08.534198+00:00,2026-05-18 06:00:00+07:00,21.0,97.568634,0.0,0.0,3.0,18.32202
Dak Nong,12.2646,107.6098,forecast,public_open_meteo_api,2026-05-17T19:32:08.534198+00:00,2026-05-18 07:00:00+07:00,21.6,95.210526,0.0,0.0,3.0,17.303421
Dak Nong,12.2646,107.6098,forecast,public_open_meteo_api,2026-05-17T19:32:08.534198+00:00,2026-05-18 08:00:00+07:00,23.15,86.646675,0.0,0.0,3.0,18.448023
Dak Nong,12.2646,107.6098,forecast,public_open_meteo_api,2026-05-17T19:32:08.534198+00:00,2026-05-18 09:00:00+07:00,24.45,81.119896,0.0,0.0,3.0,18.11215
Dak Nong,12.2646,107.6098,forecast,public_open_meteo_api,2026-05-17T19:32:08.534198+00:00,2026-05-18 10:00:00+07:00,25.9,73.72684,0.0,0.0,3.0,18.861387
Dak Nong,12.2646,107.6098,forecast,public_open_meteo_api,2026-05-17T19:32:08.534198+00:00,2026-05-18 11:00:00+07:00,26.45,71.149536,0.0,0.0,3.0,18.057508
Dak Nong,12.2646,107.6098,forecast,public_open_meteo_api,2026-05-17T19:32:08.534198+00:00,2026-05-18 12:00:00+07:00,27.6,69.634705,0.1,0.1,51.0,17.349236
Dak Nong,12.2646,107.6098,forecast,public_open_meteo_api,2026-05-17T19:32:08.534198+00:00,2026-05-18 13:00:00+07:00,27.1,74.834305,0.2,0.0,51.0,16.546299
Dak Nong,12.2646,107.6098,forecast,public_open_meteo_api,2026-05-17T19:32:08.534198+00:00,2026-05-18 14:00:00+07:00,24.3,89.980515,1.3,0.099999905,80.0,12.525207
Dak Nong,12.2646,107.6098,forecast,public_open_meteo_api,2026-05-17T19:32:08.534198+00:00,2026-05-18 15:00:00+07:00,23.7,92.15578,0.7,0.39999998,53.0,14.068816
Dak Nong,12.2646,107.6098,forecast,public_open_meteo_api,2026-05-17T19:32:08.534198+00:00,2026-05-18 16:00:00+07:00,24.4,88.362495,0.4,0.4,51.0,13.14
Dak Nong,12.2646,107.6098,forecast,public_open_meteo_api,2026-05-17T19:32:08.534198+00:00,2026-05-18 17:00:00+07:00,22.4,94.65776,0.5,0.4,53.0,14.288191
Dak Nong,12.2646,107.6098,forecast,public_open_meteo_api,2026-05-17T19:32:08.534198+00:00,2026-05-18 18:00:00+07:00,21.2,98.47654,0.2,0.2,51.0,16.828796
Dak Nong,12.2646,107.6098,forecast,public_open_meteo_api,2026-05-17T19:32:08.534198+00:00,2026-05-18 19:00:00+07:00,19.95,99.69073,1.5,1.5,61.0,14.113653
Dak Nong,12.2646,107.6098,forecast,public_open_meteo_api,2026-05-17T19:32:08.534198+00:00,2026-05-18 20:00:00+07:00,20.4,99.07794,1.1,1.1,55.0,15.151039
Dak Nong,12.2646,107.6098,forecast,public_open_meteo_api,2026-05-17T19:32:08.534198+00:00,2026-05-18 21:00:00+07:00,20.7,99.69249,0.2,0.2,51.0,13.558673
Dak Nong,12.2646,107.6098,forecast,public_open_meteo_api,2026-05-17T19:32:08.534198+00:00,2026-05-18 22:00:00+07:00,20.95,99.69307,0.0,0.0,3.0,14.993038
Dak Nong,12.2646,107.6098,forecast,public_open_meteo_api,2026-05-17T19:32:08.534198+00:00,2026-05-18 23:00:00+07:00,20.95,100.0,0.0,0.0,3.0,14.739132
Dien Bien,21.386,103.023,forecast,public_open_meteo_api,2026-05-17T19:32:08.539498+00:00,2026-05-18 00:00:00+07:00,23.990501,96.161285,0.7,0.7,53.0,2.7416782
Dien Bien,21.386,103.023,forecast,public_open_meteo_api,2026-05-17T19:32:08.539498+00:00,2026-05-18 01:00:00+07:00,23.9405,97.03441,0.4,0.4,51.0,1.1525624
Dien Bien,21.386,103.023,forecast,public_open_meteo_api,2026-05-17T19:32:08.539498+00:00,2026-05-18 02:00:00+07:00,23.7905,96.44671,0.1,0.1,51.0,0.56920993
Dien Bien,21.386,103.023,forecast,public_open_meteo_api,2026-05-17T19:32:08.539498+00:00,2026-05-18 03:00:00+07:00,23.5905,97.02673,0.0,0.0,3.0,1.835647
Dien Bien,21.386,103.023,forecast,public_open_meteo_api,2026-05-17T19:32:08.539498+00:00,2026-05-18 04:00:00+07:00,23.490501,97.61334,0.2,0.2,51.0,2.4014995
Dien Bien,21.386,103.023,forecast,public_open_meteo_api,2026-05-17T19:32:08.539498+00:00,2026-05-18 05:00:00+07:00,23.5405,96.44013,0.1,0.1,51.0,0.56920993
Dien Bien,21.386,103.023,forecast,public_open_meteo_api,2026-05-17T19:32:08.539498+00:00,2026-05-18 06:00:00+07:00,23.240501,97.90504,0.3,0.0,51.0,1.3708391
Dien Bien,21.386,103.023,forecast,public_open_meteo_api,2026-05-17T19:32:08.539498+00:00,2026-05-18 07:00:00+07:00,23.640501,96.442764,1.2,0.8000001,55.0,4.186693
Dien Bien,21.386,103.023,forecast,public_open_meteo_api,2026-05-17T19:32:08.539498+00:00,2026-05-18 08:00:00+07:00,24.5905,90.274254,0.3,0.3,51.0,2.8174455
Dien Bien,21.386,103.023,forecast,public_open_meteo_api,2026-05-17T19:32:08.539498+00:00,2026-05-18 09:00:00+07:00,26.1905,82.831955,0.1,0.1,51.0,2.657668
Dien Bien,21.386,103.023,forecast,public_open_meteo_api,2026-05-17T19:32:08.539498+00:00,2026-05-18 10:00:00+07:00,27.8405,77.71961,0.0,0.0,1.0,3.8939953
Dien Bien,21.386,103.023,forecast,public_open_meteo_api,2026-05-17T19:32:08.539498+00:00,2026-05-18 11:00:00+07:00,28.990501,74.46447,0.1,0.1,51.0,2.8460495
Dien Bien,21.386,103.023,forecast,public_open_meteo_api,2026-05-17T19:32:08.539498+00:00,2026-05-18 12:00:00+07:00,30.390501,69.31788,0.1,0.0,51.0,3.9518096
Dien Bien,21.386,103.023,forecast,public_open_meteo_api,2026-05-17T19:32:08.539498+00:00,2026-05-18 13:00:00+07:00,31.0405,64.81199,0.0,0.0,3.0,6.3639607
Dien Bien,21.386,103.023,forecast,public_open_meteo_api,2026-05-17T19:32:08.539498+00:00,2026-05-18 14:00:00+07:00,30.7905,65.74341,0.1,0.1,51.0,8.893166
Dien Bien,21.386,103.023,forecast,public_open_meteo_api,2026-05-17T19:32:08.539498+00:00,2026-05-18 15:00:00+07:00,31.0405,65.9924,0.1,0.1,51.0,6.3639607
Dien Bien,21.386,103.023,forecast,public_open_meteo_api,2026-05-17T19:32:08.539498+00:00,2026-05-18 16:00:00+07:00,30.5905,67.71056,0.1,0.1,51.0,6.384293
Dien Bien,21.386,103.023,forecast,public_open_meteo_api,2026-05-17T19:32:08.539498+00:00,2026-05-18 17:00:00+07:00,29.4405,73.870865,0.4,0.3,51.0,5.509882
Dien Bien,21.386,103.023,forecast,public_open_meteo_api,2026-05-17T19:32:08.539498+00:00,2026-05-18 18:00:00+07:00,28.490501,80.17786,0.0,0.0,0.0,3.189608
Dien Bien,21.386,103.023,forecast,public_open_meteo_api,2026-05-17T19:32:08.539498+00:00,2026-05-18 19:00:00+07:00,27.140501,89.91238,0.0,0.0,0.0,1.0182338
Dien Bien,21.386,103.023,forecast,public_open_meteo_api,2026-05-17T19:32:08.539498+00:00,2026-05-18 20:00:00+07:00,26.9405,88.832855,0.0,0.0,0.0,0.25455844
Dien Bien,21.386,103.023,forecast,public_open_meteo_api,2026-05-17T19:32:08.539498+00:00,2026-05-18 21:00:00+07:00,26.2905,91.47775,0.0,0.0,0.0,1.835647
Dien Bien,21.386,103.023,forecast,public_open_meteo_api,2026-05-17T19:32:08.539498+00:00,2026-05-18 22:00:00+07:00,25.640501,93.93664,0.0,0.0,1.0,3.4763772
Dien Bien,21.386,103.023,forecast,public_open_meteo_api,2026-05-17T19:32:08.539498+00:00,2026-05-18 23:00:00+07:00,24.0405,92.45497,0.4,0.0,51.0,6.269067
Dong Nai,10.9453,106.8246,forecast,public_open_meteo_api,2026-05-17T19:32:08.544723+00:00,2026-05-18 00:00:00+07:00,26.75,91.50557,0.0,0.0,3.0,5.2694216
Dong Nai,10.9453,106.8246,forecast,public_open_meteo_api,2026-05-17T19:32:08.544723+00:00,2026-05-18 01:00:00+07:00,27.05,90.4424,0.0,0.0,3.0,3.8773184
Dong Nai,10.9453,106.8246,forecast,public_open_meteo_api,2026-05-17T19:32:08.544723+00:00,2026-05-18 02:00:00+07:00,26.4,90.93997,1.6,0.100000024,80.0,7.2202215
Dong Nai,10.9453,106.8246,forecast,public_open_meteo_api,2026-05-17T19:32:08.544723+00:00,2026-05-18 03:00:00+07:00,25.6,94.216225,5.1,0.19999981,81.0,6.5520988
Dong Nai,10.9453,106.8246,forecast,public_open_meteo_api,2026-05-17T19:32:08.544723+00:00,2026-05-18 04:00:00+07:00,25.65,95.06646,1.2,1.2,55.0,7.44121
Dong Nai,10.9453,106.8246,forecast,public_open_meteo_api,2026-05-17T19:32:08.544723+00:00,2026-05-18 05:00:00+07:00,25.7,94.50228,0.2,0.2,51.0,6.320538
Dong Nai,10.9453,106.8246,forecast,public_open_meteo_api,2026-05-17T19:32:08.544723+00:00,2026-05-18 06:00:00+07:00,25.95,92.83488,0.0,0.0,3.0,6.5693827
Dong Nai,10.9453,106.8246,forecast,public_open_meteo_api,2026-05-17T19:32:08.544723+00:00,2026-05-18 07:00:00+07:00,26.4,90.66884,0.0,0.0,3.0,9.375563
Dong Nai,10.9453,106.8246,forecast,public_open_meteo_api,2026-05-17T19:32:08.544723+00:00,2026-05-18 08:00:00+07:00,28.05,82.55257,0.0,0.0,3.0,9.473541
Dong Nai,10.9453,106.8246,forecast,public_open_meteo_api,2026-05-17T19:32:08.544723+00:00,2026-05-18 09:00:00+07:00,29.05,77.662735,0.2,0.1,51.0,9.446141
Dong Nai,10.9453,106.8246,forecast,public_open_meteo_api,2026-05-17T19:32:08.544723+00:00,2026-05-18 10:00:00+07:00,30.3,71.622955,0.1,0.0,51.0,9.703319
Dong Nai,10.9453,106.8246,forecast,public_open_meteo_api,2026-05-17T19:32:08.544723+00:00,2026-05-18 11:00:00+07:00,31.65,66.91092,0.1,0.0,51.0,7.823272
Dong Nai,10.9453,106.8246,forecast,public_open_meteo_api,2026-05-17T19:32:08.544723+00:00,2026-05-18 12:00:00+07:00,32.3,64.68534,0.2,0.1,51.0,9.965239
Dong Nai,10.9453,106.8246,forecast,public_open_meteo_api,2026-05-17T19:32:08.544723+00:00,2026-05-18 13:00:00+07:00,32.65,63.60987,0.1,0.0,51.0,10.096059
Dong Nai,10.9453,106.8246,forecast,public_open_meteo_api,2026-05-17T19:32:08.544723+00:00,2026-05-18 14:00:00+07:00,32.9,61.23877,0.1,0.1,51.0,12.606426
Dong Nai,10.9453,106.8246,forecast,public_open_meteo_api,2026-05-17T19:32:08.544723+00:00,2026-05-18 15:00:00+07:00,29.55,77.96689,0.8,0.6,53.0,16.260885
Dong Nai,10.9453,106.8246,forecast,public_open_meteo_api,2026-05-17T19:32:08.544723+00:00,2026-05-18 16:00:00+07:00,28.95,81.68239,1.6,0.39999998,80.0,14.248452
Dong Nai,10.9453,106.8246,forecast,public_open_meteo_api,2026-05-17T19:32:08.544723+00:00,2026-05-18 17:00:00+07:00,27.0,90.9784,3.8,0.5999999,81.0,11.923557
Dong Nai,10.9453,106.8246,forecast,public_open_meteo_api,2026-05-17T19:32:08.544723+00:00,2026-05-18 18:00:00+07:00,26.55,93.697586,0.7,0.7,53.0,7.102591
Dong Nai,10.9453,106.8246,forecast,public_open_meteo_api,2026-05-17T19:32:08.544723+00:00,2026-05-18 19:00:00+07:00,26.7,93.98279,0.1,0.1,51.0,4.278551
Dong Nai,10.9453,106.8246,forecast,public_open_meteo_api,2026-05-17T19:32:08.544723+00:00,2026-05-18 20:00:00+07:00,26.85,93.71114,0.0,0.0,3.0,3.62243
Dong Nai,10.9453,106.8246,forecast,public_open_meteo_api,2026-05-17T19:32:08.544723+00:00,2026-05-18 21:00:00+07:00,26.9,94.83003,0.0,0.0,3.0,4.2175345
Dong Nai,10.9453,106.8246,forecast,public_open_meteo_api,2026-05-17T19:32:08.544723+00:00,2026-05-18 22:00:00+07:00,26.85,95.67353,0.0,0.0,3.0,4.8466477
Dong Nai,10.9453,106.8246,forecast,public_open_meteo_api,2026-05-17T19:32:08.544723+00:00,2026-05-18 23:00:00+07:00,26.7,96.521675,0.0,0.0,95.0,3.9477081
Dong Thap,10.4938,105.6882,forecast,public_open_meteo_api,2026-05-17T19:32:08.552189+00:00,2026-05-18 00:00:00+07:00,27.45,94.85047,0.0,0.0,95.0,4.6277857
Dong Thap,10.4938,105.6882,forecast,public_open_meteo_api,2026-05-17T19:32:08.552189+00:00,2026-05-18 01:00:00+07:00,27.5,91.821915,0.0,0.0,95.0,5.441838
Dong Thap,10.4938,105.6882,forecast,public_open_meteo_api,2026-05-17T19:32:08.552189+00:00,2026-05-18 02:00:00+07:00,26.1,93.6771,1.9,0.0,80.0,11.833546
Dong Thap,10.4938,105.6882,forecast,public_open_meteo_api,2026-05-17T19:32:08.552189+00:00,2026-05-18 03:00:00+07:00,25.6,95.34895,3.2,1.1000001,81.0,5.402999
Dong Thap,10.4938,105.6882,forecast,public_open_meteo_api,2026-05-17T19:32:08.552189+00:00,2026-05-18 04:00:00+07:00,25.55,97.64939,1.1,1.1,55.0,6.9247384
Dong Thap,10.4938,105.6882,forecast,public_open_meteo_api,2026-05-17T19:32:08.552189+00:00,2026-05-18 05:00:00+07:00,25.8,95.64036,0.4,0.4,51.0,6.8541956
Dong Thap,10.4938,105.6882,forecast,public_open_meteo_api,2026-05-17T19:32:08.552189+00:00,2026-05-18 06:00:00+07:00,26.1,95.36582,0.0,0.0,3.0,7.2022495
Dong Thap,10.4938,105.6882,forecast,public_open_meteo_api,2026-05-17T19:32:08.552189+00:00,2026-05-18 07:00:00+07:00,27.1,90.17728,0.0,0.0,3.0,10.472536
Dong Thap,10.4938,105.6882,forecast,public_open_meteo_api,2026-05-17T19:32:08.552189+00:00,2026-05-18 08:00:00+07:00,28.35,84.57654,0.0,0.0,2.0,11.132385
Dong Thap,10.4938,105.6882,forecast,public_open_meteo_api,2026-05-17T19:32:08.552189+00:00,2026-05-18 09:00:00+07:00,29.55,78.899376,0.1,0.0,51.0,13.633737
Dong Thap,10.4938,105.6882,forecast,public_open_meteo_api,2026-05-17T19:32:08.552189+00:00,2026-05-18 10:00:00+07:00,30.05,75.75564,0.4,0.2,51.0,16.388897
Dong Thap,10.4938,105.6882,forecast,public_open_meteo_api,2026-05-17T19:32:08.552189+00:00,2026-05-18 11:00:00+07:00,31.2,70.0935,0.1,0.1,51.0,14.004185
Dong Thap,10.4938,105.6882,forecast,public_open_meteo_api,2026-05-17T19:32:08.552189+00:00,2026-05-18 12:00:00+07:00,32.05,69.01108,0.1,0.0,95.0,15.589497
Dong Thap,10.4938,105.6882,forecast,public_open_meteo_api,2026-05-17T19:32:08.552189+00:00,2026-05-18 13:00:00+07:00,32.9,65.77899,0.0,0.0,95.0,14.77755
Dong Thap,10.4938,105.6882,forecast,public_open_meteo_api,2026-05-17T19:32:08.552189+00:00,2026-05-18 14:00:00+07:00,29.7,76.60888,1.4,0.0,80.0,17.630812
Dong Thap,10.4938,105.6882,forecast,public_open_meteo_api,2026-05-17T19:32:08.552189+00:00,2026-05-18 15:00:00+07:00,30.85,72.57865,0.3,0.3,51.0,11.132385
Dong Thap,10.4938,105.6882,forecast,public_open_meteo_api,2026-05-17T19:32:08.552189+00:00,2026-05-18 16:00:00+07:00,29.2,80.74896,1.5,0.100000024,80.0,14.25641
Dong Thap,10.4938,105.6882,forecast,public_open_meteo_api,2026-05-17T19:32:08.552189+00:00,2026-05-18 17:00:00+07:00,28.6,82.371666,0.6,0.5,53.0,14.982228
Dong Thap,10.4938,105.6882,forecast,public_open_meteo_api,2026-05-17T19:32:08.552189+00:00,2026-05-18 18:00:00+07:00,27.9,84.02676,0.1,0.1,51.0,11.782784
Dong Thap,10.4938,105.6882,forecast,public_open_meteo_api,2026-05-17T19:32:08.552189+00:00,2026-05-18 19:00:00+07:00,27.55,86.018875,0.0,0.0,3.0,9.085988
Dong Thap,10.4938,105.6882,forecast,public_open_meteo_api,2026-05-17T19:32:08.552189+00:00,2026-05-18 20:00:00+07:00,27.5,88.087685,0.0,0.0,3.0,8.0899935
Dong Thap,10.4938,105.6882,forecast,public_open_meteo_api,2026-05-17T19:32:08.552189+00:00,2026-05-18 21:00:00+07:00,27.4,88.86871,0.0,0.0,3.0,7.570707
Dong Thap,10.4938,105.6882,forecast,public_open_meteo_api,2026-05-17T19:32:08.552189+00:00,2026-05-18 22:00:00+07:00,27.25,89.65331,0.0,0.0,3.0,6.5223618
Dong Thap,10.4938,105.6882,forecast,public_open_meteo_api,2026-05-17T19:32:08.552189+00:00,2026-05-18 23:00:00+07:00,27.05,89.90597,0.0,0.0,3.0,6.2613096
Gia Lai,13.9833,108.0,forecast,public_open_meteo_api,2026-05-17T19:33:44.206523+00:00,2026-05-18 00:00:00+07:00,22.3,98.48905,0.5,0.5,53.0,3.2048087
Gia Lai,13.9833,108.0,forecast,public_open_meteo_api,2026-05-17T19:33:44.206523+00:00,2026-05-18 01:00:00+07:00,22.25,98.48849,0.8,0.8,53.0,3.8773184
Gia Lai,13.9833,108.0,forecast,public_open_meteo_api,2026-05-17T19:33:44.206523+00:00,2026-05-18 02:00:00+07:00,22.2,98.187904,0.4,0.4,51.0,3.7971036
Gia Lai,13.9833,108.0,forecast,public_open_meteo_api,2026-05-17T19:33:44.206523+00:00,2026-05-18 03:00:00+07:00,22.1,98.7878,0.1,0.1,51.0,4.198285
Gia Lai,13.9833,108.0,forecast,public_open_meteo_api,2026-05-17T19:33:44.206523+00:00,2026-05-18 04:00:00+07:00,22.2,98.187904,0.0,0.0,3.0,1.4512063
Gia Lai,13.9833,108.0,forecast,public_open_meteo_api,2026-05-17T19:33:44.206523+00:00,2026-05-18 05:00:00+07:00,22.05,96.99258,0.0,0.0,3.0,1.2727921
Gia Lai,13.9833,108.0,forecast,public_open_meteo_api,2026-05-17T19:33:44.206523+00:00,2026-05-18 06:00:00+07:00,22.5,95.24221,0.0,0.0,3.0,4.5
Gia Lai,13.9833,108.0,forecast,public_open_meteo_api,2026-05-17T19:33:44.206523+00:00,2026-05-18 07:00:00+07:00,22.65,95.247475,0.0,0.0,3.0,5.223103
Gia Lai,13.9833,108.0,forecast,public_open_meteo_api,2026-05-17T19:33:44.206523+00:00,2026-05-18 08:00:00+07:00,24.05,85.41429,0.0,0.0,3.0,6.3639607
Gia Lai,13.9833,108.0,forecast,public_open_meteo_api,2026-05-17T19:33:44.206523+00:00,2026-05-18 09:00:00+07:00,26.15,70.87603,0.0,0.0,3.0,10.070353
Gia Lai,13.9833,108.0,forecast,public_open_meteo_api,2026-05-17T19:33:44.206523+00:00,2026-05-18 10:00:00+07:00,26.7,67.98082,0.0,0.0,3.0,10.441551
Gia Lai,13.9833,108.0,forecast,public_open_meteo_api,2026-05-17T19:33:44.206523+00:00,2026-05-18 11:00:00+07:00,27.0,68.03983,0.0,0.0,3.0,9.688281
Gia Lai,13.9833,108.0,forecast,public_open_meteo_api,2026-05-17T19:33:44.206523+00:00,2026-05-18 12:00:00+07:00,27.8,63.342056,0.0,0.0,3.0,9.437563
Gia Lai,13.9833,108.0,forecast,public_open_meteo_api,2026-05-17T19:33:44.206523+00:00,2026-05-18 13:00:00+07:00,28.6,62.3535,0.0,0.0,3.0,9.449572
Gia Lai,13.9833,108.0,forecast,public_open_meteo_api,2026-05-17T19:33:44.206523+00:00,2026-05-18 14:00:00+07:00,29.15,62.28301,0.0,0.0,3.0,8.320986
Gia Lai,13.9833,108.0,forecast,public_open_meteo_api,2026-05-17T19:33:44.206523+00:00,2026-05-18 15:00:00+07:00,27.15,71.93338,0.3,0.10000001,51.0,11.500296
Gia Lai,13.9833,108.0,forecast,public_open_meteo_api,2026-05-17T19:33:44.206523+00:00,2026-05-18 16:00:00+07:00,24.5,89.99477,1.8,0.5,80.0,8.39078
Gia Lai,13.9833,108.0,forecast,public_open_meteo_api,2026-05-17T19:33:44.206523+00:00,2026-05-18 17:00:00+07:00,24.0,93.86411,0.6,0.40000004,53.0,4.1046314
Gia Lai,13.9833,108.0,forecast,public_open_meteo_api,2026-05-17T19:33:44.206523+00:00,2026-05-18 18:00:00+07:00,23.75,94.997604,0.2,0.2,51.0,3.84796
Gia Lai,13.9833,108.0,forecast,public_open_meteo_api,2026-05-17T19:33:44.206523+00:00,2026-05-18 19:00:00+07:00,23.2,98.79775,0.0,0.0,3.0,3.244996
Gia Lai,13.9833,108.0,forecast,public_open_meteo_api,2026-05-17T19:33:44.206523+00:00,2026-05-18 20:00:00+07:00,22.55,98.19268,0.6,0.0,53.0,6.8138976
Gia Lai,13.9833,108.0,forecast,public_open_meteo_api,2026-05-17T19:33:44.206523+00:00,2026-05-18 21:00:00+07:00,21.95,98.1845,1.0,0.19999999,55.0,8.714677
Gia Lai,13.9833,108.0,forecast,public_open_meteo_api,2026-05-17T19:33:44.206523+00:00,2026-05-18 22:00:00+07:00,22.05,98.787384,1.1,1.1,55.0,2.5455842
Gia Lai,13.9833,108.0,forecast,public_open_meteo_api,2026-05-17T19:33:44.206523+00:00,2026-05-18 23:00:00+07:00,21.85,99.39115,0.3,0.3,51.0,3.693291
Ha Giang,22.8025,104.9784,forecast,public_open_meteo_api,2026-05-17T19:33:44.211666+00:00,2026-05-18 00:00:00+07:00,23.9035,98.80402,2.1,1.8999999,61.0,2.7059932
Ha Giang,22.8025,104.9784,forecast,public_open_meteo_api,2026-05-17T19:33:44.211666+00:00,2026-05-18 01:00:00+07:00,24.0535,97.62329,0.8,0.8,53.0,3.189608
Ha Giang,22.8025,104.9784,forecast,public_open_meteo_api,2026-05-17T19:33:44.211666+00:00,2026-05-18 02:00:00+07:00,24.0535,97.62329,0.3,0.3,51.0,1.4058449
Ha Giang,22.8025,104.9784,forecast,public_open_meteo_api,2026-05-17T19:33:44.211666+00:00,2026-05-18 03:00:00+07:00,23.953499,97.9161,0.1,0.1,51.0,2.1674871
Ha Giang,22.8025,104.9784,forecast,public_open_meteo_api,2026-05-17T19:33:44.211666+00:00,2026-05-18 04:00:00+07:00,23.953499,97.9161,0.1,0.1,51.0,2.1068459
Ha Giang,22.8025,104.9784,forecast,public_open_meteo_api,2026-05-17T19:33:44.211666+00:00,2026-05-18 05:00:00+07:00,23.9035,97.9153,0.4,0.4,51.0,1.3708391
Ha Giang,22.8025,104.9784,forecast,public_open_meteo_api,2026-05-17T19:33:44.211666+00:00,2026-05-18 06:00:00+07:00,23.9035,98.21076,0.9,0.49999997,53.0,1.9469976
Ha Giang,22.8025,104.9784,forecast,public_open_meteo_api,2026-05-17T19:33:44.211666+00:00,2026-05-18 07:00:00+07:00,24.5035,96.46531,0.4,0.4,51.0,0.8049845
Ha Giang,22.8025,104.9784,forecast,public_open_meteo_api,2026-05-17T19:33:44.211666+00:00,2026-05-18 08:00:00+07:00,25.5035,90.882065,0.1,0.1,51.0,2.1674871
Ha Giang,22.8025,104.9784,forecast,public_open_meteo_api,2026-05-17T19:33:44.211666+00:00,2026-05-18 09:00:00+07:00,26.5035,85.65984,0.0,0.0,3.0,3.096837
Ha Giang,22.8025,104.9784,forecast,public_open_meteo_api,2026-05-17T19:33:44.211666+00:00,2026-05-18 10:00:00+07:00,29.0535,74.02872,0.0,0.0,2.0,4.5820518
Ha Giang,22.8025,104.9784,forecast,public_open_meteo_api,2026-05-17T19:33:44.211666+00:00,2026-05-18 11:00:00+07:00,29.703499,73.69362,0.0,0.0,2.0,5.5829024
Ha Giang,22.8025,104.9784,forecast,public_open_meteo_api,2026-05-17T19:33:44.211666+00:00,2026-05-18 12:00:00+07:00,29.7535,74.36587,0.0,0.0,2.0,4.5536795
Ha Giang,22.8025,104.9784,forecast,public_open_meteo_api,2026-05-17T19:33:44.211666+00:00,2026-05-18 13:00:00+07:00,30.203499,73.338005,0.0,0.0,2.0,2.2768397
Ha Giang,22.8025,104.9784,forecast,public_open_meteo_api,2026-05-17T19:33:44.211666+00:00,2026-05-18 14:00:00+07:00,30.5035,72.9526,0.1,0.1,51.0,1.0182338
Ha Giang,22.8025,104.9784,forecast,public_open_meteo_api,2026-05-17T19:33:44.211666+00:00,2026-05-18 15:00:00+07:00,30.3535,74.685196,0.2,0.2,51.0,1.2074767
Ha Giang,22.8025,104.9784,forecast,public_open_meteo_api,2026-05-17T19:33:44.211666+00:00,2026-05-18 16:00:00+07:00,30.5035,73.38834,0.1,0.1,51.0,1.3104197
Ha Giang,22.8025,104.9784,forecast,public_open_meteo_api,2026-05-17T19:33:44.211666+00:00,2026-05-18 17:00:00+07:00,30.1535,75.7717,0.1,0.1,51.0,3.964089
Ha Giang,22.8025,104.9784,forecast,public_open_meteo_api,2026-05-17T19:33:44.211666+00:00,2026-05-18 18:00:00+07:00,27.703499,88.62906,0.8,0.100000024,53.0,8.936778
Ha Giang,22.8025,104.9784,forecast,public_open_meteo_api,2026-05-17T19:33:44.211666+00:00,2026-05-18 19:00:00+07:00,26.7535,93.15224,0.6,0.3,53.0,3.6447225
Ha Giang,22.8025,104.9784,forecast,public_open_meteo_api,2026-05-17T19:33:44.211666+00:00,2026-05-18 20:00:00+07:00,26.6535,93.424416,0.2,0.2,51.0,1.8792552
Ha Giang,22.8025,104.9784,forecast,public_open_meteo_api,2026-05-17T19:33:44.211666+00:00,2026-05-18 21:00:00+07:00,25.4035,98.230545,2.6,0.5,81.0,3.9844694
Ha Giang,22.8025,104.9784,forecast,public_open_meteo_api,2026-05-17T19:33:44.211666+00:00,2026-05-18 22:00:00+07:00,25.2535,98.22858,1.5,0.29999995,80.0,1.6299692
Ha Giang,22.8025,104.9784,forecast,public_open_meteo_api,2026-05-17T19:33:44.211666+00:00,2026-05-18 23:00:00+07:00,25.1035,98.52026,0.4,0.3,51.0,2.3469129
Ha Nam,20.5835,105.9229,forecast,public_open_meteo_api,2026-05-17T19:33:44.216599+00:00,2026-05-18 00:00:00+07:00,25.55,98.23249,0.4,0.0,51.0,6.384293
Ha Nam,20.5835,105.9229,forecast,public_open_meteo_api,2026-05-17T19:33:44.216599+00:00,2026-05-18 01:00:00+07:00,25.3,98.52241,0.8,0.19999999,53.0,8.656858
Ha Nam,20.5835,105.9229,forecast,public_open_meteo_api,2026-05-17T19:33:44.216599+00:00,2026-05-18 02:00:00+07:00,24.6,97.632866,2.5,0.79999995,81.0,9.779817
Ha Nam,20.5835,105.9229,forecast,public_open_meteo_api,2026-05-17T19:33:44.216599+00:00,2026-05-18 03:00:00+07:00,24.55,97.632,1.5,1.5,80.0,4.978554
Ha Nam,20.5835,105.9229,forecast,public_open_meteo_api,2026-05-17T19:33:44.216599+00:00,2026-05-18 04:00:00+07:00,24.65,97.92681,0.6,0.6,53.0,5.904439
Ha Nam,20.5835,105.9229,forecast,public_open_meteo_api,2026-05-17T19:33:44.216599+00:00,2026-05-18 05:00:00+07:00,24.65,98.515274,0.2,0.1,51.0,2.968636
Ha Nam,20.5835,105.9229,forecast,public_open_meteo_api,2026-05-17T19:33:44.216599+00:00,2026-05-18 06:00:00+07:00,25.0,97.34826,0.0,0.0,3.0,5.2416787
Ha Nam,20.5835,105.9229,forecast,public_open_meteo_api,2026-05-17T19:33:44.216599+00:00,2026-05-18 07:00:00+07:00,24.9,97.34636,7.2,0.0,81.0,8.967541
Ha Nam,20.5835,105.9229,forecast,public_open_meteo_api,2026-05-17T19:33:44.216599+00:00,2026-05-18 08:00:00+07:00,25.3,91.96875,3.9,1.5,81.0,7.072878
Ha Nam,20.5835,105.9229,forecast,public_open_meteo_api,2026-05-17T19:33:44.216599+00:00,2026-05-18 09:00:00+07:00,25.55,93.37201,2.8,0.39999986,81.0,3.5864744
Ha Nam,20.5835,105.9229,forecast,public_open_meteo_api,2026-05-17T19:33:44.216599+00:00,2026-05-18 10:00:00+07:00,25.55,93.652,5.7,0.5999999,81.0,3.1845248
Ha Nam,20.5835,105.9229,forecast,public_open_meteo_api,2026-05-17T19:33:44.216599+00:00,2026-05-18 11:00:00+07:00,26.85,90.6985,0.9,0.9,53.0,8.513448
Ha Nam,20.5835,105.9229,forecast,public_open_meteo_api,2026-05-17T19:33:44.216599+00:00,2026-05-18 12:00:00+07:00,27.85,88.640625,0.2,0.2,51.0,8.211235
Ha Nam,20.5835,105.9229,forecast,public_open_meteo_api,2026-05-17T19:33:44.216599+00:00,2026-05-18 13:00:00+07:00,29.6,84.458015,0.2,0.1,95.0,10.548061
Ha Nam,20.5835,105.9229,forecast,public_open_meteo_api,2026-05-17T19:33:44.216599+00:00,2026-05-18 14:00:00+07:00,30.5,81.870544,0.1,0.0,95.0,12.409561
Ha Nam,20.5835,105.9229,forecast,public_open_meteo_api,2026-05-17T19:33:44.216599+00:00,2026-05-18 15:00:00+07:00,28.4,87.90195,3.7,0.0,81.0,12.425216
Ha Nam,20.5835,105.9229,forecast,public_open_meteo_api,2026-05-17T19:33:44.216599+00:00,2026-05-18 16:00:00+07:00,28.7,87.40993,0.9,0.79999995,53.0,12.371645
Ha Nam,20.5835,105.9229,forecast,public_open_meteo_api,2026-05-17T19:33:44.216599+00:00,2026-05-18 17:00:00+07:00,27.8,89.69324,0.5,0.19999999,53.0,15.99571
Ha Nam,20.5835,105.9229,forecast,public_open_meteo_api,2026-05-17T19:33:44.216599+00:00,2026-05-18 18:00:00+07:00,27.3,91.53869,0.1,0.1,51.0,11.841756
Ha Nam,20.5835,105.9229,forecast,public_open_meteo_api,2026-05-17T19:33:44.216599+00:00,2026-05-18 19:00:00+07:00,27.15,93.44782,0.0,0.0,3.0,10.703569
Ha Nam,20.5835,105.9229,forecast,public_open_meteo_api,2026-05-17T19:33:44.216599+00:00,2026-05-18 20:00:00+07:00,27.15,94.839355,0.0,0.0,95.0,12.466867
Ha Nam,20.5835,105.9229,forecast,public_open_meteo_api,2026-05-17T19:33:44.216599+00:00,2026-05-18 21:00:00+07:00,27.1,94.27852,0.0,0.0,3.0,14.332341
Ha Nam,20.5835,105.9229,forecast,public_open_meteo_api,2026-05-17T19:33:44.216599+00:00,2026-05-18 22:00:00+07:00,26.85,92.88096,0.1,0.1,51.0,15.182015
Ha Nam,20.5835,105.9229,forecast,public_open_meteo_api,2026-05-17T19:33:44.216599+00:00,2026-05-18 23:00:00+07:00,26.45,94.53203,0.0,0.0,3.0,13.556282
Ha Noi,21.0278,105.8342,forecast,public_open_meteo_api,2026-05-17T19:33:44.221735+00:00,2026-05-18 00:00:00+07:00,26.05,94.79811,0.1,0.1,51.0,7.9138603
Ha Noi,21.0278,105.8342,forecast,public_open_meteo_api,2026-05-17T19:33:44.221735+00:00,2026-05-18 01:00:00+07:00,25.3,95.33881,0.4,0.0,51.0,11.050591
Ha Noi,21.0278,105.8342,forecast,public_open_meteo_api,2026-05-17T19:33:44.221735+00:00,2026-05-18 02:00:00+07:00,25.15,96.77103,0.4,0.099999994,51.0,10.1456785
Ha Noi,21.0278,105.8342,forecast,public_open_meteo_api,2026-05-17T19:33:44.221735+00:00,2026-05-18 03:00:00+07:00,25.1,96.76978,1.2,0.100000024,55.0,7.8625183
Ha Noi,21.0278,105.8342,forecast,public_open_meteo_api,2026-05-17T19:33:44.221735+00:00,2026-05-18 04:00:00+07:00,25.15,97.06073,0.3,0.10000001,51.0,8.996398
Ha Noi,21.0278,105.8342,forecast,public_open_meteo_api,2026-05-17T19:33:44.221735+00:00,2026-05-18 05:00:00+07:00,24.8,98.22266,2.0,0.20000005,80.0,10.435344
Ha Noi,21.0278,105.8342,forecast,public_open_meteo_api,2026-05-17T19:33:44.221735+00:00,2026-05-18 06:00:00+07:00,24.9,97.34636,0.2,0.2,51.0,9.05205
Ha Noi,21.0278,105.8342,forecast,public_open_meteo_api,2026-05-17T19:33:44.221735+00:00,2026-05-18 07:00:00+07:00,25.0,97.05749,0.1,0.1,51.0,9.473541
Ha Noi,21.0278,105.8342,forecast,public_open_meteo_api,2026-05-17T19:33:44.221735+00:00,2026-05-18 08:00:00+07:00,25.95,90.63896,0.0,0.0,3.0,10.304115
Ha Noi,21.0278,105.8342,forecast,public_open_meteo_api,2026-05-17T19:33:44.221735+00:00,2026-05-18 09:00:00+07:00,26.7,86.973434,0.0,0.0,3.0,12.181625
Ha Noi,21.0278,105.8342,forecast,public_open_meteo_api,2026-05-17T19:33:44.221735+00:00,2026-05-18 10:00:00+07:00,26.35,90.39496,1.2,0.20000005,55.0,7.2649574
Ha Noi,21.0278,105.8342,forecast,public_open_meteo_api,2026-05-17T19:33:44.221735+00:00,2026-05-18 11:00:00+07:00,27.95,83.78198,0.1,0.1,51.0,13.538345
Ha Noi,21.0278,105.8342,forecast,public_open_meteo_api,2026-05-17T19:33:44.221735+00:00,2026-05-18 12:00:00+07:00,27.8,83.765465,0.1,0.1,51.0,10.934166
Ha Noi,21.0278,105.8342,forecast,public_open_meteo_api,2026-05-17T19:33:44.221735+00:00,2026-05-18 13:00:00+07:00,29.35,78.40371,0.0,0.0,3.0,11.734564
Ha Noi,21.0278,105.8342,forecast,public_open_meteo_api,2026-05-17T19:33:44.221735+00:00,2026-05-18 14:00:00+07:00,29.8,77.31067,0.1,0.0,51.0,11.304229
Ha Noi,21.0278,105.8342,forecast,public_open_meteo_api,2026-05-17T19:33:44.221735+00:00,2026-05-18 15:00:00+07:00,30.4,75.36128,0.0,0.0,3.0,11.996699
Ha Noi,21.0278,105.8342,forecast,public_open_meteo_api,2026-05-17T19:33:44.221735+00:00,2026-05-18 16:00:00+07:00,29.25,82.204605,0.2,0.1,51.0,12.996199
Ha Noi,21.0278,105.8342,forecast,public_open_meteo_api,2026-05-17T19:33:44.221735+00:00,2026-05-18 17:00:00+07:00,28.2,88.14551,0.1,0.1,51.0,9.504272
Ha Noi,21.0278,105.8342,forecast,public_open_meteo_api,2026-05-17T19:33:44.221735+00:00,2026-05-18 18:00:00+07:00,28.15,87.88096,0.1,0.1,51.0,14.05845
Ha Noi,21.0278,105.8342,forecast,public_open_meteo_api,2026-05-17T19:33:44.221735+00:00,2026-05-18 19:00:00+07:00,27.65,90.750946,0.0,0.0,3.0,11.988594
Ha Noi,21.0278,105.8342,forecast,public_open_meteo_api,2026-05-17T19:33:44.221735+00:00,2026-05-18 20:00:00+07:00,27.35,90.731316,0.0,0.0,3.0,13.130133
Ha Noi,21.0278,105.8342,forecast,public_open_meteo_api,2026-05-17T19:33:44.221735+00:00,2026-05-18 21:00:00+07:00,27.2,92.3502,0.0,0.0,3.0,11.9140415
Ha Noi,21.0278,105.8342,forecast,public_open_meteo_api,2026-05-17T19:33:44.221735+00:00,2026-05-18 22:00:00+07:00,27.15,94.28058,0.0,0.0,3.0,13.929953
Ha Noi,21.0278,105.8342,forecast,public_open_meteo_api,2026-05-17T19:33:44.221735+00:00,2026-05-18 23:00:00+07:00,27.1,93.72242,0.0,0.0,3.0,11.385622
Ha Tinh,18.3559,105.8877,forecast,public_open_meteo_api,2026-05-17T19:33:44.226949+00:00,2026-05-18 00:00:00+07:00,27.4,87.29622,0.0,0.0,2.0,7.208994
Ha Tinh,18.3559,105.8877,forecast,public_open_meteo_api,2026-05-17T19:33:44.226949+00:00,2026-05-18 01:00:00+07:00,27.1,89.64242,0.0,0.0,2.0,5.4149795
Ha Tinh,18.3559,105.8877,forecast,public_open_meteo_api,2026-05-17T19:33:44.226949+00:00,2026-05-18 02:00:00+07:00,27.0,92.61358,0.0,0.0,3.0,3.396233
Ha Tinh,18.3559,105.8877,forecast,public_open_meteo_api,2026-05-17T19:33:44.226949+00:00,2026-05-18 03:00:00+07:00,27.15,95.119804,0.0,0.0,95.0,3.6402748
Ha Tinh,18.3559,105.8877,forecast,public_open_meteo_api,2026-05-17T19:33:44.226949+00:00,2026-05-18 04:00:00+07:00,27.1,97.96389,0.0,0.0,95.0,2.7238941
Ha Tinh,18.3559,105.8877,forecast,public_open_meteo_api,2026-05-17T19:33:44.226949+00:00,2026-05-18 05:00:00+07:00,27.0,97.96237,0.0,0.0,95.0,1.5273507
Ha Tinh,18.3559,105.8877,forecast,public_open_meteo_api,2026-05-17T19:33:44.226949+00:00,2026-05-18 06:00:00+07:00,27.45,92.91143,0.0,0.0,95.0,4.724786
Ha Tinh,18.3559,105.8877,forecast,public_open_meteo_api,2026-05-17T19:33:44.226949+00:00,2026-05-18 07:00:00+07:00,28.4,83.58255,0.0,0.0,3.0,7.0934615
Ha Tinh,18.3559,105.8877,forecast,public_open_meteo_api,2026-05-17T19:33:44.226949+00:00,2026-05-18 08:00:00+07:00,29.65,76.60139,0.0,0.0,3.0,6.5223618
Ha Tinh,18.3559,105.8877,forecast,public_open_meteo_api,2026-05-17T19:33:44.226949+00:00,2026-05-18 09:00:00+07:00,30.8,73.43802,0.0,0.0,3.0,4.452954
Ha Tinh,18.3559,105.8877,forecast,public_open_meteo_api,2026-05-17T19:33:44.226949+00:00,2026-05-18 10:00:00+07:00,31.6,72.27808,0.1,0.0,95.0,2.8799999
Ha Tinh,18.3559,105.8877,forecast,public_open_meteo_api,2026-05-17T19:33:44.226949+00:00,2026-05-18 11:00:00+07:00,32.05,73.86288,0.2,0.0,95.0,2.7943513
Ha Tinh,18.3559,105.8877,forecast,public_open_meteo_api,2026-05-17T19:33:44.226949+00:00,2026-05-18 12:00:00+07:00,31.35,78.22305,0.6,0.0,95.0,1.5379207
Ha Tinh,18.3559,105.8877,forecast,public_open_meteo_api,2026-05-17T19:33:44.226949+00:00,2026-05-18 13:00:00+07:00,30.8,80.47799,0.6,0.20000002,95.0,3.8268526
Ha Tinh,18.3559,105.8877,forecast,public_open_meteo_api,2026-05-17T19:33:44.226949+00:00,2026-05-18 14:00:00+07:00,30.0,87.266815,1.9,0.39999998,95.0,4.198285
Ha Tinh,18.3559,105.8877,forecast,public_open_meteo_api,2026-05-17T19:33:44.226949+00:00,2026-05-18 15:00:00+07:00,29.7,85.97084,0.9,0.29999995,95.0,9.085988
Ha Tinh,18.3559,105.8877,forecast,public_open_meteo_api,2026-05-17T19:33:44.226949+00:00,2026-05-18 16:00:00+07:00,29.35,85.4328,0.3,0.3,95.0,6.989936
Ha Tinh,18.3559,105.8877,forecast,public_open_meteo_api,2026-05-17T19:33:44.226949+00:00,2026-05-18 17:00:00+07:00,29.2,83.91867,0.1,0.1,51.0,10.248941
Ha Tinh,18.3559,105.8877,forecast,public_open_meteo_api,2026-05-17T19:33:44.226949+00:00,2026-05-18 18:00:00+07:00,28.85,85.88911,0.0,0.0,95.0,11.931705
Ha Tinh,18.3559,105.8877,forecast,public_open_meteo_api,2026-05-17T19:33:44.226949+00:00,2026-05-18 19:00:00+07:00,28.7,87.40993,0.0,0.0,95.0,12.261157
Ha Tinh,18.3559,105.8877,forecast,public_open_meteo_api,2026-05-17T19:33:44.226949+00:00,2026-05-18 20:00:00+07:00,28.5,87.134674,0.0,0.0,95.0,11.091564
Ha Tinh,18.3559,105.8877,forecast,public_open_meteo_api,2026-05-17T19:33:44.226949+00:00,2026-05-18 21:00:00+07:00,28.5,84.091644,0.0,0.0,3.0,15.12964
Ha Tinh,18.3559,105.8877,forecast,public_open_meteo_api,2026-05-17T19:33:44.226949+00:00,2026-05-18 22:00:00+07:00,28.4,82.593605,0.0,0.0,3.0,14.182355
Ha Tinh,18.3559,105.8877,forecast,public_open_meteo_api,2026-05-17T19:33:44.226949+00:00,2026-05-18 23:00:00+07:00,28.25,80.62712,0.0,0.0,3.0,12.273043
Hai Duong,20.9373,106.3146,forecast,public_open_meteo_api,2026-05-17T19:33:44.232528+00:00,2026-05-18 00:00:00+07:00,25.15,97.64248,2.7,0.0,81.0,8.163749
Hai Duong,20.9373,106.3146,forecast,public_open_meteo_api,2026-05-17T19:33:44.232528+00:00,2026-05-18 01:00:00+07:00,25.55,97.06935,1.1,0.70000005,55.0,9.220499
Hai Duong,20.9373,106.3146,forecast,public_open_meteo_api,2026-05-17T19:33:44.232528+00:00,2026-05-18 02:00:00+07:00,25.2,97.64332,0.4,0.4,51.0,8.287822
Hai Duong,20.9373,106.3146,forecast,public_open_meteo_api,2026-05-17T19:33:44.232528+00:00,2026-05-18 03:00:00+07:00,25.05,97.93296,0.2,0.2,51.0,7.587806
Hai Duong,20.9373,106.3146,forecast,public_open_meteo_api,2026-05-17T19:33:44.232528+00:00,2026-05-18 04:00:00+07:00,24.7,98.221306,2.2,0.30000007,80.0,6.130579
Hai Duong,20.9373,106.3146,forecast,public_open_meteo_api,2026-05-17T19:33:44.232528+00:00,2026-05-18 05:00:00+07:00,24.65,98.22069,1.4,0.39999998,80.0,7.79215
Hai Duong,20.9373,106.3146,forecast,public_open_meteo_api,2026-05-17T19:33:44.232528+00:00,2026-05-18 06:00:00+07:00,24.5,97.338455,5.2,0.8999996,81.0,9.54
Hai Duong,20.9373,106.3146,forecast,public_open_meteo_api,2026-05-17T19:33:44.232528+00:00,2026-05-18 07:00:00+07:00,25.15,95.90638,1.3,1.3,80.0,8.604301
Hai Duong,20.9373,106.3146,forecast,public_open_meteo_api,2026-05-17T19:33:44.232528+00:00,2026-05-18 08:00:00+07:00,25.05,97.05856,4.7,0.19999981,81.0,9.354806
Hai Duong,20.9373,106.3146,forecast,public_open_meteo_api,2026-05-17T19:33:44.232528+00:00,2026-05-18 09:00:00+07:00,25.65,93.3768,4.4,1.2,81.0,4.91634
Hai Duong,20.9373,106.3146,forecast,public_open_meteo_api,2026-05-17T19:33:44.232528+00:00,2026-05-18 10:00:00+07:00,26.65,90.41537,3.4,0.8000002,81.0,5.6492476
Hai Duong,20.9373,106.3146,forecast,public_open_meteo_api,2026-05-17T19:33:44.232528+00:00,2026-05-18 11:00:00+07:00,27.25,91.26468,4.7,0.6999998,81.0,4.7521367
Hai Duong,20.9373,106.3146,forecast,public_open_meteo_api,2026-05-17T19:33:44.232528+00:00,2026-05-18 12:00:00+07:00,27.65,89.152214,1.6,1.4,80.0,13.0806875
Hai Duong,20.9373,106.3146,forecast,public_open_meteo_api,2026-05-17T19:33:44.232528+00:00,2026-05-18 13:00:00+07:00,28.6,88.96157,1.6,0.20000005,80.0,11.843124
Hai Duong,20.9373,106.3146,forecast,public_open_meteo_api,2026-05-17T19:33:44.232528+00:00,2026-05-18 14:00:00+07:00,29.45,85.69447,0.3,0.20000002,95.0,13.83192
Hai Duong,20.9373,106.3146,forecast,public_open_meteo_api,2026-05-17T19:33:44.232528+00:00,2026-05-18 15:00:00+07:00,29.85,83.006294,0.1,0.0,95.0,13.845967
Hai Duong,20.9373,106.3146,forecast,public_open_meteo_api,2026-05-17T19:33:44.232528+00:00,2026-05-18 16:00:00+07:00,29.1,84.654976,0.3,0.0,95.0,11.48761
Hai Duong,20.9373,106.3146,forecast,public_open_meteo_api,2026-05-17T19:33:44.232528+00:00,2026-05-18 17:00:00+07:00,28.55,84.34696,0.2,0.1,51.0,13.83192
Hai Duong,20.9373,106.3146,forecast,public_open_meteo_api,2026-05-17T19:33:44.232528+00:00,2026-05-18 18:00:00+07:00,27.75,90.22213,0.2,0.2,51.0,12.348051
Hai Duong,20.9373,106.3146,forecast,public_open_meteo_api,2026-05-17T19:33:44.232528+00:00,2026-05-18 19:00:00+07:00,27.35,92.35836,0.0,0.0,3.0,9.726664
Hai Duong,20.9373,106.3146,forecast,public_open_meteo_api,2026-05-17T19:33:44.232528+00:00,2026-05-18 20:00:00+07:00,27.1,94.27852,0.0,0.0,3.0,11.183201
Hai Duong,20.9373,106.3146,forecast,public_open_meteo_api,2026-05-17T19:33:44.232528+00:00,2026-05-18 21:00:00+07:00,27.1,95.11804,0.0,0.0,3.0,12.011544
Hai Duong,20.9373,106.3146,forecast,public_open_meteo_api,2026-05-17T19:33:44.232528+00:00,2026-05-18 22:00:00+07:00,26.3,94.24542,1.7,0.0,80.0,14.0734215
Hai Duong,20.9373,106.3146,forecast,public_open_meteo_api,2026-05-17T19:33:44.232528+00:00,2026-05-18 23:00:00+07:00,26.5,95.37929,0.2,0.2,51.0,11.157097
Hai Phong,20.8449,106.6881,forecast,public_open_meteo_api,2026-05-17T19:33:44.238802+00:00,2026-05-18 00:00:00+07:00,25.45,97.93904,1.3,0.0,80.0,9.511088
Hai Phong,20.8449,106.6881,forecast,public_open_meteo_api,2026-05-17T19:33:44.238802+00:00,2026-05-18 01:00:00+07:00,25.35,97.93751,1.5,1.0,80.0,7.072878
Hai Phong,20.8449,106.6881,forecast,public_open_meteo_api,2026-05-17T19:33:44.238802+00:00,2026-05-18 02:00:00+07:00,25.2,98.81552,3.1,0.5,81.0,2.3469126
Hai Phong,20.8449,106.6881,forecast,public_open_meteo_api,2026-05-17T19:33:44.238802+00:00,2026-05-18 03:00:00+07:00,25.05,98.814224,1.6,0.70000005,80.0,4.846648
Hai Phong,20.8449,106.6881,forecast,public_open_meteo_api,2026-05-17T19:33:44.238802+00:00,2026-05-18 04:00:00+07:00,25.2,97.64332,2.8,1.0999999,81.0,4.0249224
Hai Phong,20.8449,106.6881,forecast,public_open_meteo_api,2026-05-17T19:33:44.238802+00:00,2026-05-18 05:00:00+07:00,25.25,97.93597,1.1,0.90000004,55.0,8.604301
Hai Phong,20.8449,106.6881,forecast,public_open_meteo_api,2026-05-17T19:33:44.238802+00:00,2026-05-18 06:00:00+07:00,25.2,95.621254,4.7,0.5,81.0,3.6
Hai Phong,20.8449,106.6881,forecast,public_open_meteo_api,2026-05-17T19:33:44.238802+00:00,2026-05-18 07:00:00+07:00,25.25,96.1966,1.6,1.6,80.0,11.720751
Hai Phong,20.8449,106.6881,forecast,public_open_meteo_api,2026-05-17T19:33:44.238802+00:00,2026-05-18 08:00:00+07:00,25.55,94.77922,0.9,0.9,53.0,9.172938
Hai Phong,20.8449,106.6881,forecast,public_open_meteo_api,2026-05-17T19:33:44.238802+00:00,2026-05-18 09:00:00+07:00,26.75,88.81795,0.6,0.6,53.0,9.693296
Hai Phong,20.8449,106.6881,forecast,public_open_meteo_api,2026-05-17T19:33:44.238802+00:00,2026-05-18 10:00:00+07:00,27.9,85.03432,0.4,0.3,51.0,11.837652
Hai Phong,20.8449,106.6881,forecast,public_open_meteo_api,2026-05-17T19:33:44.238802+00:00,2026-05-18 11:00:00+07:00,27.85,85.2828,1.0,0.39999998,55.0,11.052058
Hai Phong,20.8449,106.6881,forecast,public_open_meteo_api,2026-05-17T19:33:44.238802+00:00,2026-05-18 12:00:00+07:00,28.9,81.676285,0.4,0.2,51.0,13.633737
Hai Phong,20.8449,106.6881,forecast,public_open_meteo_api,2026-05-17T19:33:44.238802+00:00,2026-05-18 13:00:00+07:00,29.45,80.30335,0.2,0.1,51.0,14.081477
Hai Phong,20.8449,106.6881,forecast,public_open_meteo_api,2026-05-17T19:33:44.238802+00:00,2026-05-18 14:00:00+07:00,29.3,81.00167,0.2,0.1,51.0,15.94601
Hai Phong,20.8449,106.6881,forecast,public_open_meteo_api,2026-05-17T19:33:44.238802+00:00,2026-05-18 15:00:00+07:00,29.55,76.81486,0.1,0.1,51.0,15.861463
Hai Phong,20.8449,106.6881,forecast,public_open_meteo_api,2026-05-17T19:33:44.238802+00:00,2026-05-18 16:00:00+07:00,29.3,77.69905,0.5,0.099999994,53.0,16.021011
Hai Phong,20.8449,106.6881,forecast,public_open_meteo_api,2026-05-17T19:33:44.238802+00:00,2026-05-18 17:00:00+07:00,28.45,84.58704,0.5,0.099999994,53.0,15.299999
Hai Phong,20.8449,106.6881,forecast,public_open_meteo_api,2026-05-17T19:33:44.238802+00:00,2026-05-18 18:00:00+07:00,28.0,87.090164,0.1,0.1,51.0,11.832176
Hai Phong,20.8449,106.6881,forecast,public_open_meteo_api,2026-05-17T19:33:44.238802+00:00,2026-05-18 19:00:00+07:00,27.75,89.68957,0.0,0.0,3.0,9.1958685
Hai Phong,20.8449,106.6881,forecast,public_open_meteo_api,2026-05-17T19:33:44.238802+00:00,2026-05-18 20:00:00+07:00,27.75,90.75746,0.0,0.0,3.0,10.962281
Hai Phong,20.8449,106.6881,forecast,public_open_meteo_api,2026-05-17T19:33:44.238802+00:00,2026-05-18 21:00:00+07:00,27.8,88.11253,0.0,0.0,3.0,13.708391
Hai Phong,20.8449,106.6881,forecast,public_open_meteo_api,2026-05-17T19:33:44.238802+00:00,2026-05-18 22:00:00+07:00,27.4,91.00393,0.3,0.0,51.0,14.192631
Hai Phong,20.8449,106.6881,forecast,public_open_meteo_api,2026-05-17T19:33:44.238802+00:00,2026-05-18 23:00:00+07:00,27.2,90.72147,0.1,0.1,51.0,10.3621235
Hau Giang,9.7579,105.6413,forecast,public_open_meteo_api,2026-05-17T19:33:44.245317+00:00,2026-05-18 00:00:00+07:00,27.2,88.062744,0.0,0.0,2.0,8.297589
Hau Giang,9.7579,105.6413,forecast,public_open_meteo_api,2026-05-17T19:33:44.245317+00:00,2026-05-18 01:00:00+07:00,27.15,88.58503,0.0,0.0,2.0,9.178235
Hau Giang,9.7579,105.6413,forecast,public_open_meteo_api,2026-05-17T19:33:44.245317+00:00,2026-05-18 02:00:00+07:00,26.9,87.25206,0.5,0.099999994,53.0,13.681184
Hau Giang,9.7579,105.6413,forecast,public_open_meteo_api,2026-05-17T19:33:44.245317+00:00,2026-05-18 03:00:00+07:00,26.05,89.02976,0.1,0.1,51.0,15.299999
Hau Giang,9.7579,105.6413,forecast,public_open_meteo_api,2026-05-17T19:33:44.245317+00:00,2026-05-18 04:00:00+07:00,25.4,90.87533,0.0,0.0,2.0,4.613762
Hau Giang,9.7579,105.6413,forecast,public_open_meteo_api,2026-05-17T19:33:44.245317+00:00,2026-05-18 05:00:00+07:00,25.15,93.35288,0.0,0.0,2.0,3.8856654
Hau Giang,9.7579,105.6413,forecast,public_open_meteo_api,2026-05-17T19:33:44.245317+00:00,2026-05-18 06:00:00+07:00,25.3,93.640526,0.0,0.0,1.0,6.2483597
Hau Giang,9.7579,105.6413,forecast,public_open_meteo_api,2026-05-17T19:33:44.245317+00:00,2026-05-18 07:00:00+07:00,26.75,89.61687,0.0,0.0,0.0,6.603817
Hau Giang,9.7579,105.6413,forecast,public_open_meteo_api,2026-05-17T19:33:44.245317+00:00,2026-05-18 08:00:00+07:00,28.5,83.34557,0.0,0.0,1.0,10.075177
Hau Giang,9.7579,105.6413,forecast,public_open_meteo_api,2026-05-17T19:33:44.245317+00:00,2026-05-18 09:00:00+07:00,29.4,78.410774,0.2,0.1,51.0,13.926464
Hau Giang,9.7579,105.6413,forecast,public_open_meteo_api,2026-05-17T19:33:44.245317+00:00,2026-05-18 10:00:00+07:00,30.2,74.882996,0.1,0.1,51.0,15.922626
Hau Giang,9.7579,105.6413,forecast,public_open_meteo_api,2026-05-17T19:33:44.245317+00:00,2026-05-18 11:00:00+07:00,31.25,69.272026,0.1,0.0,51.0,12.992458
Hau Giang,9.7579,105.6413,forecast,public_open_meteo_api,2026-05-17T19:33:44.245317+00:00,2026-05-18 12:00:00+07:00,32.2,67.62009,0.1,0.1,51.0,13.330941
Hau Giang,9.7579,105.6413,forecast,public_open_meteo_api,2026-05-17T19:33:44.245317+00:00,2026-05-18 13:00:00+07:00,32.75,65.35908,0.0,0.0,95.0,12.682018
Hau Giang,9.7579,105.6413,forecast,public_open_meteo_api,2026-05-17T19:33:44.245317+00:00,2026-05-18 14:00:00+07:00,29.95,75.51491,1.2,0.100000024,55.0,16.299694
Hau Giang,9.7579,105.6413,forecast,public_open_meteo_api,2026-05-17T19:33:44.245317+00:00,2026-05-18 15:00:00+07:00,29.65,77.74976,1.2,0.90000004,55.0,10.075177
Hau Giang,9.7579,105.6413,forecast,public_open_meteo_api,2026-05-17T19:33:44.245317+00:00,2026-05-18 16:00:00+07:00,29.1,82.675285,2.4,0.5000001,80.0,10.735306
Hau Giang,9.7579,105.6413,forecast,public_open_meteo_api,2026-05-17T19:33:44.245317+00:00,2026-05-18 17:00:00+07:00,28.6,85.35809,0.4,0.2,51.0,11.225132
Hau Giang,9.7579,105.6413,forecast,public_open_meteo_api,2026-05-17T19:33:44.245317+00:00,2026-05-18 18:00:00+07:00,28.3,87.633995,0.1,0.1,51.0,4.4456716
Hau Giang,9.7579,105.6413,forecast,public_open_meteo_api,2026-05-17T19:33:44.245317+00:00,2026-05-18 19:00:00+07:00,27.9,89.966125,0.0,0.0,2.0,2.8116899
Hau Giang,9.7579,105.6413,forecast,public_open_meteo_api,2026-05-17T19:33:44.245317+00:00,2026-05-18 20:00:00+07:00,27.6,91.286285,0.0,0.0,2.0,3.9477081
Hau Giang,9.7579,105.6413,forecast,public_open_meteo_api,2026-05-17T19:33:44.245317+00:00,2026-05-18 21:00:00+07:00,27.35,91.813194,0.0,0.0,3.0,4.175069
Hau Giang,9.7579,105.6413,forecast,public_open_meteo_api,2026-05-17T19:33:44.245317+00:00,2026-05-18 22:00:00+07:00,27.15,92.07418,0.0,0.0,3.0,4.846648
Hau Giang,9.7579,105.6413,forecast,public_open_meteo_api,2026-05-17T19:33:44.245317+00:00,2026-05-18 23:00:00+07:00,27.1,90.17728,0.0,0.0,3.0,6.689125
Hoa Binh,20.6861,105.3131,forecast,public_open_meteo_api,2026-05-17T19:33:44.253201+00:00,2026-05-18 00:00:00+07:00,25.3,98.22922,0.0,0.0,3.0,3.9966483
Hoa Binh,20.6861,105.3131,forecast,public_open_meteo_api,2026-05-17T19:33:44.253201+00:00,2026-05-18 01:00:00+07:00,25.0,98.519135,0.0,0.0,3.0,3.4576871
Hoa Binh,20.6861,105.3131,forecast,public_open_meteo_api,2026-05-17T19:33:44.253201+00:00,2026-05-18 02:00:00+07:00,24.75,98.51639,0.0,0.0,3.0,2.8116899
Hoa Binh,20.6861,105.3131,forecast,public_open_meteo_api,2026-05-17T19:33:44.253201+00:00,2026-05-18 03:00:00+07:00,24.55,98.80982,0.4,0.2,51.0,5.7852573
Hoa Binh,20.6861,105.3131,forecast,public_open_meteo_api,2026-05-17T19:33:44.253201+00:00,2026-05-18 04:00:00+07:00,24.4,98.512535,0.2,0.2,51.0,2.2768397
Hoa Binh,20.6861,105.3131,forecast,public_open_meteo_api,2026-05-17T19:33:44.253201+00:00,2026-05-18 05:00:00+07:00,24.2,98.21469,0.2,0.2,51.0,3.01735
Hoa Binh,20.6861,105.3131,forecast,public_open_meteo_api,2026-05-17T19:33:44.253201+00:00,2026-05-18 06:00:00+07:00,24.6,97.92605,0.1,0.1,51.0,2.7416782
Hoa Binh,20.6861,105.3131,forecast,public_open_meteo_api,2026-05-17T19:33:44.253201+00:00,2026-05-18 07:00:00+07:00,25.55,95.91832,0.0,0.0,3.0,3.319036
Hoa Binh,20.6861,105.3131,forecast,public_open_meteo_api,2026-05-17T19:33:44.253201+00:00,2026-05-18 08:00:00+07:00,27.05,88.05028,0.0,0.0,3.0,3.2846913
Hoa Binh,20.6861,105.3131,forecast,public_open_meteo_api,2026-05-17T19:33:44.253201+00:00,2026-05-18 09:00:00+07:00,28.25,81.59647,0.1,0.0,51.0,2.5959969
Hoa Binh,20.6861,105.3131,forecast,public_open_meteo_api,2026-05-17T19:33:44.253201+00:00,2026-05-18 10:00:00+07:00,30.25,72.475426,0.1,0.0,51.0,3.9640884
Hoa Binh,20.6861,105.3131,forecast,public_open_meteo_api,2026-05-17T19:33:44.253201+00:00,2026-05-18 11:00:00+07:00,30.5,71.23149,0.1,0.0,51.0,4.3832865
Hoa Binh,20.6861,105.3131,forecast,public_open_meteo_api,2026-05-17T19:33:44.253201+00:00,2026-05-18 12:00:00+07:00,31.45,67.877884,0.2,0.1,95.0,7.10031
Hoa Binh,20.6861,105.3131,forecast,public_open_meteo_api,2026-05-17T19:33:44.253201+00:00,2026-05-18 13:00:00+07:00,27.7,92.377396,1.8,0.5,80.0,8.049845
Hoa Binh,20.6861,105.3131,forecast,public_open_meteo_api,2026-05-17T19:33:44.253201+00:00,2026-05-18 14:00:00+07:00,28.9,84.63412,0.6,0.5,95.0,8.669949
Hoa Binh,20.6861,105.3131,forecast,public_open_meteo_api,2026-05-17T19:33:44.253201+00:00,2026-05-18 15:00:00+07:00,27.7,84.76063,0.7,0.19999999,53.0,13.523978
Hoa Binh,20.6861,105.3131,forecast,public_open_meteo_api,2026-05-17T19:33:44.253201+00:00,2026-05-18 16:00:00+07:00,26.95,88.305145,0.5,0.5,53.0,6.310277
Hoa Binh,20.6861,105.3131,forecast,public_open_meteo_api,2026-05-17T19:33:44.253201+00:00,2026-05-18 17:00:00+07:00,26.8,89.888176,0.3,0.3,51.0,6.12
Hoa Binh,20.6861,105.3131,forecast,public_open_meteo_api,2026-05-17T19:33:44.253201+00:00,2026-05-18 18:00:00+07:00,26.35,92.85543,0.1,0.1,51.0,7.247096
Hoa Binh,20.6861,105.3131,forecast,public_open_meteo_api,2026-05-17T19:33:44.253201+00:00,2026-05-18 19:00:00+07:00,25.9,95.0754,0.0,0.0,3.0,4.8899083
Hoa Binh,20.6861,105.3131,forecast,public_open_meteo_api,2026-05-17T19:33:44.253201+00:00,2026-05-18 20:00:00+07:00,25.65,96.49488,0.0,0.0,3.0,8.39078
Hoa Binh,20.6861,105.3131,forecast,public_open_meteo_api,2026-05-17T19:33:44.253201+00:00,2026-05-18 21:00:00+07:00,25.65,96.207726,0.0,0.0,3.0,8.553314
Hoa Binh,20.6861,105.3131,forecast,public_open_meteo_api,2026-05-17T19:33:44.253201+00:00,2026-05-18 22:00:00+07:00,25.65,95.35067,0.0,0.0,3.0,7.928178
Hoa Binh,20.6861,105.3131,forecast,public_open_meteo_api,2026-05-17T19:33:44.253201+00:00,2026-05-18 23:00:00+07:00,25.6,96.206345,0.0,0.0,3.0,5.0432134
Hung Yen,20.6464,106.0511,forecast,public_open_meteo_api,2026-05-17T19:33:44.259217+00:00,2026-05-18 00:00:00+07:00,25.8,97.07472,1.6,0.0,80.0,7.145796
Hung Yen,20.6464,106.0511,forecast,public_open_meteo_api,2026-05-17T19:33:44.259217+00:00,2026-05-18 01:00:00+07:00,25.5,94.77733,4.2,0.0,81.0,8.865799
Hung Yen,20.6464,106.0511,forecast,public_open_meteo_api,2026-05-17T19:33:44.259217+00:00,2026-05-18 02:00:00+07:00,25.35,96.19938,1.1,0.70000005,55.0,8.019601
Hung Yen,20.6464,106.0511,forecast,public_open_meteo_api,2026-05-17T19:33:44.259217+00:00,2026-05-18 03:00:00+07:00,25.25,97.35314,0.7,0.7,53.0,4.724786
Hung Yen,20.6464,106.0511,forecast,public_open_meteo_api,2026-05-17T19:33:44.259217+00:00,2026-05-18 04:00:00+07:00,25.2,97.64332,0.5,0.4,53.0,6.5223618
Hung Yen,20.6464,106.0511,forecast,public_open_meteo_api,2026-05-17T19:33:44.259217+00:00,2026-05-18 05:00:00+07:00,25.15,97.64248,0.9,0.19999999,53.0,2.5455842
Hung Yen,20.6464,106.0511,forecast,public_open_meteo_api,2026-05-17T19:33:44.259217+00:00,2026-05-18 06:00:00+07:00,24.95,97.931404,1.4,0.100000024,80.0,8.089993
Hung Yen,20.6464,106.0511,forecast,public_open_meteo_api,2026-05-17T19:33:44.259217+00:00,2026-05-18 07:00:00+07:00,25.0,97.05749,9.0,0.0,81.0,7.293888
Hung Yen,20.6464,106.0511,forecast,public_open_meteo_api,2026-05-17T19:33:44.259217+00:00,2026-05-18 08:00:00+07:00,25.55,93.652,2.1,2.1,80.0,7.2649574
Hung Yen,20.6464,106.0511,forecast,public_open_meteo_api,2026-05-17T19:33:44.259217+00:00,2026-05-18 09:00:00+07:00,25.25,96.77336,4.4,0.3000002,81.0,5.854844
Hung Yen,20.6464,106.0511,forecast,public_open_meteo_api,2026-05-17T19:33:44.259217+00:00,2026-05-18 10:00:00+07:00,25.65,92.81942,2.3,1.5,80.0,1.659518
Hung Yen,20.6464,106.0511,forecast,public_open_meteo_api,2026-05-17T19:33:44.259217+00:00,2026-05-18 11:00:00+07:00,26.5,91.21808,0.8,0.8,53.0,9.582358
Hung Yen,20.6464,106.0511,forecast,public_open_meteo_api,2026-05-17T19:33:44.259217+00:00,2026-05-18 12:00:00+07:00,27.8,88.63671,0.3,0.3,51.0,6.8138976
Hung Yen,20.6464,106.0511,forecast,public_open_meteo_api,2026-05-17T19:33:44.259217+00:00,2026-05-18 13:00:00+07:00,29.4,85.437805,0.2,0.1,95.0,10.134495
Hung Yen,20.6464,106.0511,forecast,public_open_meteo_api,2026-05-17T19:33:44.259217+00:00,2026-05-18 14:00:00+07:00,30.0,82.53624,0.1,0.1,95.0,11.592895
Hung Yen,20.6464,106.0511,forecast,public_open_meteo_api,2026-05-17T19:33:44.259217+00:00,2026-05-18 15:00:00+07:00,30.1,83.27915,0.1,0.0,95.0,13.229694
Hung Yen,20.6464,106.0511,forecast,public_open_meteo_api,2026-05-17T19:33:44.259217+00:00,2026-05-18 16:00:00+07:00,28.65,89.75439,1.2,0.20000005,95.0,12.267762
Hung Yen,20.6464,106.0511,forecast,public_open_meteo_api,2026-05-17T19:33:44.259217+00:00,2026-05-18 17:00:00+07:00,28.0,89.1787,2.0,0.100000024,80.0,15.10821
Hung Yen,20.6464,106.0511,forecast,public_open_meteo_api,2026-05-17T19:33:44.259217+00:00,2026-05-18 18:00:00+07:00,27.35,92.63199,0.5,0.5,53.0,10.9859
Hung Yen,20.6464,106.0511,forecast,public_open_meteo_api,2026-05-17T19:33:44.259217+00:00,2026-05-18 19:00:00+07:00,27.4,92.908905,0.0,0.0,3.0,10.036512
Hung Yen,20.6464,106.0511,forecast,public_open_meteo_api,2026-05-17T19:33:44.259217+00:00,2026-05-18 20:00:00+07:00,27.4,94.29084,0.0,0.0,95.0,11.440979
Hung Yen,20.6464,106.0511,forecast,public_open_meteo_api,2026-05-17T19:33:44.259217+00:00,2026-05-18 21:00:00+07:00,27.3,94.00874,0.0,0.0,95.0,15.086748
Hung Yen,20.6464,106.0511,forecast,public_open_meteo_api,2026-05-17T19:33:44.259217+00:00,2026-05-18 22:00:00+07:00,27.15,93.171684,0.8,0.100000024,53.0,15.410774
Hung Yen,20.6464,106.0511,forecast,public_open_meteo_api,2026-05-17T19:33:44.259217+00:00,2026-05-18 23:00:00+07:00,26.75,93.706604,0.0,0.0,3.0,12.466867
Khanh Hoa,12.2388,109.1967,forecast,public_open_meteo_api,2026-05-17T19:35:07.937175+00:00,2026-05-18 00:00:00+07:00,27.333,99.41551,0.0,0.0,95.0,1.8
Khanh Hoa,12.2388,109.1967,forecast,public_open_meteo_api,2026-05-17T19:35:07.937175+00:00,2026-05-18 01:00:00+07:00,27.282999,99.415306,0.0,0.0,95.0,1.8089776
Khanh Hoa,12.2388,109.1967,forecast,public_open_meteo_api,2026-05-17T19:35:07.937175+00:00,2026-05-18 02:00:00+07:00,27.233,99.70715,0.0,0.0,95.0,3.0652895
Khanh Hoa,12.2388,109.1967,forecast,public_open_meteo_api,2026-05-17T19:35:07.937175+00:00,2026-05-18 03:00:00+07:00,27.233,96.25122,0.0,0.0,95.0,4.143911
Khanh Hoa,12.2388,109.1967,forecast,public_open_meteo_api,2026-05-17T19:35:07.937175+00:00,2026-05-18 04:00:00+07:00,27.182999,94.56091,0.0,0.0,95.0,4.5891175
Khanh Hoa,12.2388,109.1967,forecast,public_open_meteo_api,2026-05-17T19:35:07.937175+00:00,2026-05-18 05:00:00+07:00,27.133,94.27987,0.0,0.0,95.0,2.8799999
Khanh Hoa,12.2388,109.1967,forecast,public_open_meteo_api,2026-05-17T19:35:07.937175+00:00,2026-05-18 06:00:00+07:00,27.233,94.56283,0.0,0.0,95.0,2.9024127
Khanh Hoa,12.2388,109.1967,forecast,public_open_meteo_api,2026-05-17T19:35:07.937175+00:00,2026-05-18 07:00:00+07:00,28.133,87.61968,0.0,0.0,95.0,2.7416782
Khanh Hoa,12.2388,109.1967,forecast,public_open_meteo_api,2026-05-17T19:35:07.937175+00:00,2026-05-18 08:00:00+07:00,29.383,79.34659,0.0,0.0,3.0,1.4512063
Khanh Hoa,12.2388,109.1967,forecast,public_open_meteo_api,2026-05-17T19:35:07.937175+00:00,2026-05-18 09:00:00+07:00,30.782999,72.35157,0.0,0.0,3.0,1.2074767
Khanh Hoa,12.2388,109.1967,forecast,public_open_meteo_api,2026-05-17T19:35:07.937175+00:00,2026-05-18 10:00:00+07:00,32.333,62.037746,0.0,0.0,3.0,7.0407386
Khanh Hoa,12.2388,109.1967,forecast,public_open_meteo_api,2026-05-17T19:35:07.937175+00:00,2026-05-18 11:00:00+07:00,32.833,60.13241,0.0,0.0,3.0,14.33347
Khanh Hoa,12.2388,109.1967,forecast,public_open_meteo_api,2026-05-17T19:35:07.937175+00:00,2026-05-18 12:00:00+07:00,32.783,63.638035,0.0,0.0,2.0,18.396141
Khanh Hoa,12.2388,109.1967,forecast,public_open_meteo_api,2026-05-17T19:35:07.937175+00:00,2026-05-18 13:00:00+07:00,32.083,67.39654,0.1,0.0,95.0,22.640678
Khanh Hoa,12.2388,109.1967,forecast,public_open_meteo_api,2026-05-17T19:35:07.937175+00:00,2026-05-18 14:00:00+07:00,32.383,62.98535,0.6,0.5,53.0,14.408997
Khanh Hoa,12.2388,109.1967,forecast,public_open_meteo_api,2026-05-17T19:35:07.937175+00:00,2026-05-18 15:00:00+07:00,31.883,65.18132,0.4,0.2,51.0,13.681183
Khanh Hoa,12.2388,109.1967,forecast,public_open_meteo_api,2026-05-17T19:35:07.937175+00:00,2026-05-18 16:00:00+07:00,31.633,66.508865,0.2,0.0,51.0,8.827344
Khanh Hoa,12.2388,109.1967,forecast,public_open_meteo_api,2026-05-17T19:35:07.937175+00:00,2026-05-18 17:00:00+07:00,31.133,68.42757,0.1,0.0,51.0,8.6867485
Khanh Hoa,12.2388,109.1967,forecast,public_open_meteo_api,2026-05-17T19:35:07.937175+00:00,2026-05-18 18:00:00+07:00,29.983,75.52008,0.0,0.0,2.0,8.827344
Khanh Hoa,12.2388,109.1967,forecast,public_open_meteo_api,2026-05-17T19:35:07.937175+00:00,2026-05-18 19:00:00+07:00,29.133,81.94742,0.0,0.0,2.0,7.486788
Khanh Hoa,12.2388,109.1967,forecast,public_open_meteo_api,2026-05-17T19:35:07.937175+00:00,2026-05-18 20:00:00+07:00,28.733,85.11916,0.0,0.0,3.0,7.4932766
Khanh Hoa,12.2388,109.1967,forecast,public_open_meteo_api,2026-05-17T19:35:07.937175+00:00,2026-05-18 21:00:00+07:00,28.333,89.20384,0.0,0.0,95.0,3.6447225
Khanh Hoa,12.2388,109.1967,forecast,public_open_meteo_api,2026-05-17T19:35:07.937175+00:00,2026-05-18 22:00:00+07:00,27.983,91.040886,0.0,0.0,95.0,5.004518
Khanh Hoa,12.2388,109.1967,forecast,public_open_meteo_api,2026-05-17T19:35:07.937175+00:00,2026-05-18 23:00:00+07:00,27.733,92.92573,0.0,0.0,95.0,4.39436
Kien Giang,10.0125,105.0809,forecast,public_open_meteo_api,2026-05-17T19:35:07.946948+00:00,2026-05-18 00:00:00+07:00,29.2675,74.2865,0.1,0.1,51.0,16.810495
Kien Giang,10.0125,105.0809,forecast,public_open_meteo_api,2026-05-17T19:35:07.946948+00:00,2026-05-18 01:00:00+07:00,27.9675,79.629814,0.7,0.29999998,53.0,22.204296
Kien Giang,10.0125,105.0809,forecast,public_open_meteo_api,2026-05-17T19:35:07.946948+00:00,2026-05-18 02:00:00+07:00,27.317501,87.02906,0.5,0.5,53.0,16.90563
Kien Giang,10.0125,105.0809,forecast,public_open_meteo_api,2026-05-17T19:35:07.946948+00:00,2026-05-18 03:00:00+07:00,27.1175,85.72035,0.5,0.5,53.0,16.466803
Kien Giang,10.0125,105.0809,forecast,public_open_meteo_api,2026-05-17T19:35:07.946948+00:00,2026-05-18 04:00:00+07:00,27.3675,85.74489,0.1,0.1,51.0,10.587917
Kien Giang,10.0125,105.0809,forecast,public_open_meteo_api,2026-05-17T19:35:07.946948+00:00,2026-05-18 05:00:00+07:00,26.9675,86.478775,0.3,0.3,51.0,11.844492
Kien Giang,10.0125,105.0809,forecast,public_open_meteo_api,2026-05-17T19:35:07.946948+00:00,2026-05-18 06:00:00+07:00,26.817501,88.03088,0.2,0.2,51.0,11.9466305
Kien Giang,10.0125,105.0809,forecast,public_open_meteo_api,2026-05-17T19:35:07.946948+00:00,2026-05-18 07:00:00+07:00,27.9675,87.865585,0.2,0.2,51.0,9.0
Kien Giang,10.0125,105.0809,forecast,public_open_meteo_api,2026-05-17T19:35:07.946948+00:00,2026-05-18 08:00:00+07:00,26.5175,90.947525,4.1,0.39999986,81.0,14.49531
Kien Giang,10.0125,105.0809,forecast,public_open_meteo_api,2026-05-17T19:35:07.946948+00:00,2026-05-18 09:00:00+07:00,27.8675,86.82009,0.7,0.59999996,53.0,12.348051
Kien Giang,10.0125,105.0809,forecast,public_open_meteo_api,2026-05-17T19:35:07.946948+00:00,2026-05-18 10:00:00+07:00,28.7675,79.02649,0.6,0.3,53.0,19.361507
Kien Giang,10.0125,105.0809,forecast,public_open_meteo_api,2026-05-17T19:35:07.946948+00:00,2026-05-18 11:00:00+07:00,30.0175,74.40887,0.0,0.0,2.0,17.986494
Kien Giang,10.0125,105.0809,forecast,public_open_meteo_api,2026-05-17T19:35:07.946948+00:00,2026-05-18 12:00:00+07:00,31.167501,68.84427,0.0,0.0,2.0,21.438898
Kien Giang,10.0125,105.0809,forecast,public_open_meteo_api,2026-05-17T19:35:07.946948+00:00,2026-05-18 13:00:00+07:00,31.067501,69.65234,0.0,0.0,3.0,20.499462
Kien Giang,10.0125,105.0809,forecast,public_open_meteo_api,2026-05-17T19:35:07.946948+00:00,2026-05-18 14:00:00+07:00,31.4675,66.67497,0.0,0.0,3.0,22.963936
Kien Giang,10.0125,105.0809,forecast,public_open_meteo_api,2026-05-17T19:35:07.946948+00:00,2026-05-18 15:00:00+07:00,30.817501,66.14588,0.4,0.0,51.0,22.22836
Kien Giang,10.0125,105.0809,forecast,public_open_meteo_api,2026-05-17T19:35:07.946948+00:00,2026-05-18 16:00:00+07:00,29.2175,76.99458,1.0,0.19999999,55.0,20.608229
Kien Giang,10.0125,105.0809,forecast,public_open_meteo_api,2026-05-17T19:35:07.946948+00:00,2026-05-18 17:00:00+07:00,29.3675,75.64925,0.3,0.10000001,51.0,17.23588
Kien Giang,10.0125,105.0809,forecast,public_open_meteo_api,2026-05-17T19:35:07.946948+00:00,2026-05-18 18:00:00+07:00,28.7175,78.783844,0.3,0.20000002,51.0,15.779543
Kien Giang,10.0125,105.0809,forecast,public_open_meteo_api,2026-05-17T19:35:07.946948+00:00,2026-05-18 19:00:00+07:00,28.2175,81.5925,0.3,0.3,51.0,12.979984
Kien Giang,10.0125,105.0809,forecast,public_open_meteo_api,2026-05-17T19:35:07.946948+00:00,2026-05-18 20:00:00+07:00,28.3675,81.85469,0.1,0.1,51.0,11.45513
Kien Giang,10.0125,105.0809,forecast,public_open_meteo_api,2026-05-17T19:35:07.946948+00:00,2026-05-18 21:00:00+07:00,28.1175,83.8004,0.1,0.1,51.0,12.906138
Kien Giang,10.0125,105.0809,forecast,public_open_meteo_api,2026-05-17T19:35:07.946948+00:00,2026-05-18 22:00:00+07:00,27.567501,85.00025,0.3,0.3,51.0,13.755579
Kien Giang,10.0125,105.0809,forecast,public_open_meteo_api,2026-05-17T19:35:07.946948+00:00,2026-05-18 23:00:00+07:00,27.167501,89.11548,0.1,0.1,51.0,9.12513
Kon Tum,14.3497,108.0005,forecast,public_open_meteo_api,2026-05-17T19:35:07.957472+00:00,2026-05-18 00:00:00+07:00,23.85,93.57336,0.0,0.0,3.0,0.9
Kon Tum,14.3497,108.0005,forecast,public_open_meteo_api,2026-05-17T19:35:07.957472+00:00,2026-05-18 01:00:00+07:00,23.7,94.70836,0.0,0.0,3.0,1.1384199
Kon Tum,14.3497,108.0005,forecast,public_open_meteo_api,2026-05-17T19:35:07.957472+00:00,2026-05-18 02:00:00+07:00,23.75,93.56866,0.0,0.0,3.0,0.56920993
Kon Tum,14.3497,108.0005,forecast,public_open_meteo_api,2026-05-17T19:35:07.957472+00:00,2026-05-18 03:00:00+07:00,23.7,93.85069,0.1,0.1,51.0,0.742159
Kon Tum,14.3497,108.0005,forecast,public_open_meteo_api,2026-05-17T19:35:07.957472+00:00,2026-05-18 04:00:00+07:00,23.65,94.133705,0.1,0.1,51.0,1.2979984
Kon Tum,14.3497,108.0005,forecast,public_open_meteo_api,2026-05-17T19:35:07.957472+00:00,2026-05-18 05:00:00+07:00,23.55,94.9903,0.1,0.1,51.0,2.0124612
Kon Tum,14.3497,108.0005,forecast,public_open_meteo_api,2026-05-17T19:35:07.957472+00:00,2026-05-18 06:00:00+07:00,23.75,93.852936,0.1,0.1,51.0,2.1068459
Kon Tum,14.3497,108.0005,forecast,public_open_meteo_api,2026-05-17T19:35:07.957472+00:00,2026-05-18 07:00:00+07:00,24.15,91.623924,0.2,0.2,51.0,0.9693296
Kon Tum,14.3497,108.0005,forecast,public_open_meteo_api,2026-05-17T19:35:07.957472+00:00,2026-05-18 08:00:00+07:00,24.5,90.81656,0.4,0.4,51.0,0.54
Kon Tum,14.3497,108.0005,forecast,public_open_meteo_api,2026-05-17T19:35:07.957472+00:00,2026-05-18 09:00:00+07:00,25.15,86.83221,0.2,0.2,51.0,1.6299692
Kon Tum,14.3497,108.0005,forecast,public_open_meteo_api,2026-05-17T19:35:07.957472+00:00,2026-05-18 10:00:00+07:00,25.7,81.774635,0.0,0.0,3.0,1.1525624
Kon Tum,14.3497,108.0005,forecast,public_open_meteo_api,2026-05-17T19:35:07.957472+00:00,2026-05-18 11:00:00+07:00,27.45,71.548515,0.0,0.0,3.0,1.5484185
Kon Tum,14.3497,108.0005,forecast,public_open_meteo_api,2026-05-17T19:35:07.957472+00:00,2026-05-18 12:00:00+07:00,29.05,64.39478,0.0,0.0,3.0,0.56920993
Kon Tum,14.3497,108.0005,forecast,public_open_meteo_api,2026-05-17T19:35:07.957472+00:00,2026-05-18 13:00:00+07:00,30.6,59.625046,0.0,0.0,3.0,1.7727944
Kon Tum,14.3497,108.0005,forecast,public_open_meteo_api,2026-05-17T19:35:07.957472+00:00,2026-05-18 14:00:00+07:00,31.9,54.866127,0.0,0.0,3.0,1.5379207
Kon Tum,14.3497,108.0005,forecast,public_open_meteo_api,2026-05-17T19:35:07.957472+00:00,2026-05-18 15:00:00+07:00,27.75,74.48664,1.2,0.0,55.0,15.108211
Kon Tum,14.3497,108.0005,forecast,public_open_meteo_api,2026-05-17T19:35:07.957472+00:00,2026-05-18 16:00:00+07:00,27.3,75.32289,0.9,0.59999996,53.0,12.86087
Kon Tum,14.3497,108.0005,forecast,public_open_meteo_api,2026-05-17T19:35:07.957472+00:00,2026-05-18 17:00:00+07:00,26.55,76.8256,0.1,0.1,51.0,4.6277857
Kon Tum,14.3497,108.0005,forecast,public_open_meteo_api,2026-05-17T19:35:07.957472+00:00,2026-05-18 18:00:00+07:00,25.4,87.381996,1.0,0.100000024,55.0,5.4119864
Kon Tum,14.3497,108.0005,forecast,public_open_meteo_api,2026-05-17T19:35:07.957472+00:00,2026-05-18 19:00:00+07:00,25.15,89.49898,0.0,0.0,3.0,2.5455842
Kon Tum,14.3497,108.0005,forecast,public_open_meteo_api,2026-05-17T19:35:07.957472+00:00,2026-05-18 20:00:00+07:00,24.65,92.48806,0.4,0.0,51.0,2.2768397
Kon Tum,14.3497,108.0005,forecast,public_open_meteo_api,2026-05-17T19:35:07.957472+00:00,2026-05-18 21:00:00+07:00,23.6,93.277855,3.0,0.0,81.0,5.0816135
Kon Tum,14.3497,108.0005,forecast,public_open_meteo_api,2026-05-17T19:35:07.957472+00:00,2026-05-18 22:00:00+07:00,23.65,93.848495,1.5,1.1,61.0,3.745557
Kon Tum,14.3497,108.0005,forecast,public_open_meteo_api,2026-05-17T19:35:07.957472+00:00,2026-05-18 23:00:00+07:00,23.45,95.56475,0.5,0.5,53.0,3.0758414
Lai Chau,22.3862,103.4703,forecast,public_open_meteo_api,2026-05-17T19:35:07.968021+00:00,2026-05-18 00:00:00+07:00,22.261501,87.91283,0.1,0.1,51.0,0.6489992
Lai Chau,22.3862,103.4703,forecast,public_open_meteo_api,2026-05-17T19:35:07.968021+00:00,2026-05-18 01:00:00+07:00,21.8115,89.800735,0.1,0.1,51.0,2.4482646
Lai Chau,22.3862,103.4703,forecast,public_open_meteo_api,2026-05-17T19:35:07.968021+00:00,2026-05-18 02:00:00+07:00,21.8115,87.059654,0.1,0.1,51.0,0.6489992
Lai Chau,22.3862,103.4703,forecast,public_open_meteo_api,2026-05-17T19:35:07.968021+00:00,2026-05-18 03:00:00+07:00,21.011501,91.14833,0.5,0.19999999,53.0,2.8174455
Lai Chau,22.3862,103.4703,forecast,public_open_meteo_api,2026-05-17T19:35:07.968021+00:00,2026-05-18 04:00:00+07:00,20.9615,89.73826,0.8,0.100000024,53.0,1.1384199
Lai Chau,22.3862,103.4703,forecast,public_open_meteo_api,2026-05-17T19:35:07.968021+00:00,2026-05-18 05:00:00+07:00,20.8615,88.61837,0.3,0.3,51.0,1.0948973
Lai Chau,22.3862,103.4703,forecast,public_open_meteo_api,2026-05-17T19:35:07.968021+00:00,2026-05-18 06:00:00+07:00,20.761501,95.18073,0.6,0.5,53.0,2.1749482
Lai Chau,22.3862,103.4703,forecast,public_open_meteo_api,2026-05-17T19:35:07.968021+00:00,2026-05-18 07:00:00+07:00,21.0615,97.56973,0.5,0.5,53.0,2.97953
Lai Chau,22.3862,103.4703,forecast,public_open_meteo_api,2026-05-17T19:35:07.968021+00:00,2026-05-18 08:00:00+07:00,21.6615,94.62868,0.5,0.5,53.0,2.9301877
Lai Chau,22.3862,103.4703,forecast,public_open_meteo_api,2026-05-17T19:35:07.968021+00:00,2026-05-18 09:00:00+07:00,23.3615,85.60728,0.3,0.20000002,51.0,3.06
Lai Chau,22.3862,103.4703,forecast,public_open_meteo_api,2026-05-17T19:35:07.968021+00:00,2026-05-18 10:00:00+07:00,25.261501,74.30413,0.2,0.1,51.0,3.9312592
Lai Chau,22.3862,103.4703,forecast,public_open_meteo_api,2026-05-17T19:35:07.968021+00:00,2026-05-18 11:00:00+07:00,26.2115,70.8873,0.2,0.1,51.0,3.644722
Lai Chau,22.3862,103.4703,forecast,public_open_meteo_api,2026-05-17T19:35:07.968021+00:00,2026-05-18 12:00:00+07:00,27.1115,68.27156,0.0,0.0,1.0,3.671294
Lai Chau,22.3862,103.4703,forecast,public_open_meteo_api,2026-05-17T19:35:07.968021+00:00,2026-05-18 13:00:00+07:00,27.1115,68.48196,0.1,0.1,51.0,5.7599998
Lai Chau,22.3862,103.4703,forecast,public_open_meteo_api,2026-05-17T19:35:07.968021+00:00,2026-05-18 14:00:00+07:00,27.0615,68.261795,0.0,0.0,2.0,5.5216303
Lai Chau,22.3862,103.4703,forecast,public_open_meteo_api,2026-05-17T19:35:07.968021+00:00,2026-05-18 15:00:00+07:00,27.511501,65.46811,0.0,0.0,1.0,4.7110505
Lai Chau,22.3862,103.4703,forecast,public_open_meteo_api,2026-05-17T19:35:07.968021+00:00,2026-05-18 16:00:00+07:00,27.9115,63.170776,0.0,0.0,0.0,4.8899083
Lai Chau,22.3862,103.4703,forecast,public_open_meteo_api,2026-05-17T19:35:07.968021+00:00,2026-05-18 17:00:00+07:00,27.761501,63.726383,0.0,0.0,0.0,4.353619
Lai Chau,22.3862,103.4703,forecast,public_open_meteo_api,2026-05-17T19:35:07.968021+00:00,2026-05-18 18:00:00+07:00,26.6615,76.608955,0.0,0.0,0.0,2.3469129
Lai Chau,22.3862,103.4703,forecast,public_open_meteo_api,2026-05-17T19:35:07.968021+00:00,2026-05-18 19:00:00+07:00,25.1115,75.90148,0.0,0.0,1.0,2.0364676
Lai Chau,22.3862,103.4703,forecast,public_open_meteo_api,2026-05-17T19:35:07.968021+00:00,2026-05-18 20:00:00+07:00,23.9115,83.07283,0.7,0.099999964,53.0,1.5273507
Lai Chau,22.3862,103.4703,forecast,public_open_meteo_api,2026-05-17T19:35:07.968021+00:00,2026-05-18 21:00:00+07:00,22.3615,93.79039,2.4,0.60000014,80.0,4.327493
Lai Chau,22.3862,103.4703,forecast,public_open_meteo_api,2026-05-17T19:35:07.968021+00:00,2026-05-18 22:00:00+07:00,21.6115,94.91843,4.7,0.5999999,81.0,2.0991426
Lai Chau,22.3862,103.4703,forecast,public_open_meteo_api,2026-05-17T19:35:07.968021+00:00,2026-05-18 23:00:00+07:00,21.011501,96.96919,2.1,0.79999995,61.0,2.9024127
Lam Dong,11.9404,108.4583,forecast,public_open_meteo_api,2026-05-17T19:35:07.976734+00:00,2026-05-18 00:00:00+07:00,17.75,99.371895,0.0,0.0,3.0,2.4149535
Lam Dong,11.9404,108.4583,forecast,public_open_meteo_api,2026-05-17T19:35:07.976734+00:00,2026-05-18 01:00:00+07:00,17.35,99.68454,0.0,0.0,3.0,2.97953
Lam Dong,11.9404,108.4583,forecast,public_open_meteo_api,2026-05-17T19:35:07.976734+00:00,2026-05-18 02:00:00+07:00,17.35,99.68454,0.0,0.0,3.0,4.846648
Lam Dong,11.9404,108.4583,forecast,public_open_meteo_api,2026-05-17T19:35:07.976734+00:00,2026-05-18 03:00:00+07:00,17.4,98.74394,0.0,0.0,3.0,3.319036
Lam Dong,11.9404,108.4583,forecast,public_open_meteo_api,2026-05-17T19:35:07.976734+00:00,2026-05-18 04:00:00+07:00,17.15,98.74154,0.0,0.0,3.0,2.1674871
Lam Dong,11.9404,108.4583,forecast,public_open_meteo_api,2026-05-17T19:35:07.976734+00:00,2026-05-18 05:00:00+07:00,16.75,100.0,0.0,0.0,3.0,2.8001428
Lam Dong,11.9404,108.4583,forecast,public_open_meteo_api,2026-05-17T19:35:07.976734+00:00,2026-05-18 06:00:00+07:00,16.85,99.68333,0.0,0.0,3.0,5.441838
Lam Dong,11.9404,108.4583,forecast,public_open_meteo_api,2026-05-17T19:35:07.976734+00:00,2026-05-18 07:00:00+07:00,18.55,94.80177,0.0,0.0,2.0,4.175069
Lam Dong,11.9404,108.4583,forecast,public_open_meteo_api,2026-05-17T19:35:07.976734+00:00,2026-05-18 08:00:00+07:00,20.7,83.21668,0.0,0.0,3.0,5.1826253
Lam Dong,11.9404,108.4583,forecast,public_open_meteo_api,2026-05-17T19:35:07.976734+00:00,2026-05-18 09:00:00+07:00,22.9,70.05011,0.0,0.0,2.0,7.7420926
Lam Dong,11.9404,108.4583,forecast,public_open_meteo_api,2026-05-17T19:35:07.976734+00:00,2026-05-18 10:00:00+07:00,24.15,67.47336,0.0,0.0,2.0,10.472535
Lam Dong,11.9404,108.4583,forecast,public_open_meteo_api,2026-05-17T19:35:07.976734+00:00,2026-05-18 11:00:00+07:00,24.6,68.84648,0.0,0.0,3.0,11.837652
Lam Dong,11.9404,108.4583,forecast,public_open_meteo_api,2026-05-17T19:35:07.976734+00:00,2026-05-18 12:00:00+07:00,24.25,68.34769,0.1,0.0,51.0,12.783802
Lam Dong,11.9404,108.4583,forecast,public_open_meteo_api,2026-05-17T19:35:07.976734+00:00,2026-05-18 13:00:00+07:00,23.35,70.80138,0.5,0.4,53.0,14.587776
Lam Dong,11.9404,108.4583,forecast,public_open_meteo_api,2026-05-17T19:35:07.976734+00:00,2026-05-18 14:00:00+07:00,21.9,85.992676,0.6,0.3,53.0,11.103243
Lam Dong,11.9404,108.4583,forecast,public_open_meteo_api,2026-05-17T19:35:07.976734+00:00,2026-05-18 15:00:00+07:00,21.05,88.35782,0.6,0.40000004,53.0,11.230904
Lam Dong,11.9404,108.4583,forecast,public_open_meteo_api,2026-05-17T19:35:07.976734+00:00,2026-05-18 16:00:00+07:00,20.25,90.24868,0.4,0.3,51.0,6.6185193
Lam Dong,11.9404,108.4583,forecast,public_open_meteo_api,2026-05-17T19:35:07.976734+00:00,2026-05-18 17:00:00+07:00,20.3,90.25222,0.0,0.0,3.0,7.596341
Lam Dong,11.9404,108.4583,forecast,public_open_meteo_api,2026-05-17T19:35:07.976734+00:00,2026-05-18 18:00:00+07:00,19.3,96.326164,0.0,0.0,3.0,2.8460495
Lam Dong,11.9404,108.4583,forecast,public_open_meteo_api,2026-05-17T19:35:07.976734+00:00,2026-05-18 19:00:00+07:00,18.65,100.0,0.0,0.0,3.0,6.542201
Lam Dong,11.9404,108.4583,forecast,public_open_meteo_api,2026-05-17T19:35:07.976734+00:00,2026-05-18 20:00:00+07:00,18.45,99.68717,0.1,0.1,51.0,4.323748
Lam Dong,11.9404,108.4583,forecast,public_open_meteo_api,2026-05-17T19:35:07.976734+00:00,2026-05-18 21:00:00+07:00,18.05,99.686264,0.0,0.0,3.0,4.724786
Lam Dong,11.9404,108.4583,forecast,public_open_meteo_api,2026-05-17T19:35:07.976734+00:00,2026-05-18 22:00:00+07:00,18.1,99.68634,0.0,0.0,3.0,4.143911
Lam Dong,11.9404,108.4583,forecast,public_open_meteo_api,2026-05-17T19:35:07.976734+00:00,2026-05-18 23:00:00+07:00,17.95,99.372856,0.0,0.0,3.0,3.3481934
Lang Son,21.8537,106.7615,forecast,public_open_meteo_api,2026-05-17T19:35:07.982807+00:00,2026-05-18 00:00:00+07:00,24.4,93.598946,0.1,0.1,51.0,8.61371
Lang Son,21.8537,106.7615,forecast,public_open_meteo_api,2026-05-17T19:35:07.982807+00:00,2026-05-18 01:00:00+07:00,23.7,96.73632,0.1,0.1,51.0,8.856658
Lang Son,21.8537,106.7615,forecast,public_open_meteo_api,2026-05-17T19:35:07.982807+00:00,2026-05-18 02:00:00+07:00,23.95,95.87019,0.1,0.1,51.0,9.422101
Lang Son,21.8537,106.7615,forecast,public_open_meteo_api,2026-05-17T19:35:07.982807+00:00,2026-05-18 03:00:00+07:00,23.9,96.44956,0.0,0.0,3.0,8.461915
Lang Son,21.8537,106.7615,forecast,public_open_meteo_api,2026-05-17T19:35:07.982807+00:00,2026-05-18 04:00:00+07:00,23.65,96.44301,0.0,0.0,3.0,9.396275
Lang Son,21.8537,106.7615,forecast,public_open_meteo_api,2026-05-17T19:35:07.982807+00:00,2026-05-18 05:00:00+07:00,23.6,95.85956,0.0,0.0,3.0,7.7650757
Lang Son,21.8537,106.7615,forecast,public_open_meteo_api,2026-05-17T19:35:07.982807+00:00,2026-05-18 06:00:00+07:00,23.75,94.13798,0.0,0.0,3.0,9.1641035
Lang Son,21.8537,106.7615,forecast,public_open_meteo_api,2026-05-17T19:35:07.982807+00:00,2026-05-18 07:00:00+07:00,24.45,91.08877,0.0,0.0,3.0,10.548061
Lang Son,21.8537,106.7615,forecast,public_open_meteo_api,2026-05-17T19:35:07.982807+00:00,2026-05-18 08:00:00+07:00,25.8,85.074196,0.1,0.1,51.0,12.3165245
Lang Son,21.8537,106.7615,forecast,public_open_meteo_api,2026-05-17T19:35:07.982807+00:00,2026-05-18 09:00:00+07:00,27.05,79.746124,0.1,0.0,51.0,10.546525
Lang Son,21.8537,106.7615,forecast,public_open_meteo_api,2026-05-17T19:35:07.982807+00:00,2026-05-18 10:00:00+07:00,27.55,80.53661,0.3,0.10000001,51.0,12.267762
Lang Son,21.8537,106.7615,forecast,public_open_meteo_api,2026-05-17T19:35:07.982807+00:00,2026-05-18 11:00:00+07:00,29.25,72.30218,0.3,0.10000001,51.0,14.949756
Lang Son,21.8537,106.7615,forecast,public_open_meteo_api,2026-05-17T19:35:07.982807+00:00,2026-05-18 12:00:00+07:00,26.85,83.40904,1.1,0.40000004,55.0,15.865546
Lang Son,21.8537,106.7615,forecast,public_open_meteo_api,2026-05-17T19:35:07.982807+00:00,2026-05-18 13:00:00+07:00,28.05,78.92721,0.5,0.4,53.0,15.664136
Lang Son,21.8537,106.7615,forecast,public_open_meteo_api,2026-05-17T19:35:07.982807+00:00,2026-05-18 14:00:00+07:00,29.05,74.25088,0.4,0.3,51.0,14.869351
Lang Son,21.8537,106.7615,forecast,public_open_meteo_api,2026-05-17T19:35:07.982807+00:00,2026-05-18 15:00:00+07:00,29.25,72.52001,0.2,0.0,51.0,15.713702
Lang Son,21.8537,106.7615,forecast,public_open_meteo_api,2026-05-17T19:35:07.982807+00:00,2026-05-18 16:00:00+07:00,28.1,76.135765,0.3,0.10000001,51.0,15.4800005
Lang Son,21.8537,106.7615,forecast,public_open_meteo_api,2026-05-17T19:35:07.982807+00:00,2026-05-18 17:00:00+07:00,25.95,91.183624,1.0,0.100000024,55.0,14.156058
Lang Son,21.8537,106.7615,forecast,public_open_meteo_api,2026-05-17T19:35:07.982807+00:00,2026-05-18 18:00:00+07:00,25.4,92.80652,0.2,0.2,51.0,12.56008
Lang Son,21.8537,106.7615,forecast,public_open_meteo_api,2026-05-17T19:35:07.982807+00:00,2026-05-18 19:00:00+07:00,24.6,95.028595,0.0,0.0,3.0,12.172312
Lang Son,21.8537,106.7615,forecast,public_open_meteo_api,2026-05-17T19:35:07.982807+00:00,2026-05-18 20:00:00+07:00,24.55,96.17704,0.0,0.0,3.0,12.241323
Lang Son,21.8537,106.7615,forecast,public_open_meteo_api,2026-05-17T19:35:07.982807+00:00,2026-05-18 21:00:00+07:00,24.6,95.88982,0.0,0.0,2.0,12.638512
Lang Son,21.8537,106.7615,forecast,public_open_meteo_api,2026-05-17T19:35:07.982807+00:00,2026-05-18 22:00:00+07:00,24.4,97.04445,0.0,0.0,3.0,12.580699
Lang Son,21.8537,106.7615,forecast,public_open_meteo_api,2026-05-17T19:35:07.982807+00:00,2026-05-18 23:00:00+07:00,24.65,94.74496,0.1,0.0,51.0,13.466357
Lao Cai,22.4809,103.9755,forecast,public_open_meteo_api,2026-05-17T19:35:07.988074+00:00,2026-05-18 00:00:00+07:00,23.65,98.504196,0.4,0.3,51.0,6.310277
Lao Cai,22.4809,103.9755,forecast,public_open_meteo_api,2026-05-17T19:35:07.988074+00:00,2026-05-18 01:00:00+07:00,23.8,97.61881,0.3,0.3,51.0,2.6999998
Lao Cai,22.4809,103.9755,forecast,public_open_meteo_api,2026-05-17T19:35:07.988074+00:00,2026-05-18 02:00:00+07:00,23.9,97.033516,0.4,0.4,51.0,1.2074767
Lao Cai,22.4809,103.9755,forecast,public_open_meteo_api,2026-05-17T19:35:07.988074+00:00,2026-05-18 03:00:00+07:00,23.9,95.868706,0.3,0.3,51.0,0.35999998
Lao Cai,22.4809,103.9755,forecast,public_open_meteo_api,2026-05-17T19:35:07.988074+00:00,2026-05-18 04:00:00+07:00,23.6,97.61529,0.2,0.2,51.0,1.1384199
Lao Cai,22.4809,103.9755,forecast,public_open_meteo_api,2026-05-17T19:35:07.988074+00:00,2026-05-18 05:00:00+07:00,23.45,96.7303,0.1,0.1,51.0,1.08
Lao Cai,22.4809,103.9755,forecast,public_open_meteo_api,2026-05-17T19:35:07.988074+00:00,2026-05-18 06:00:00+07:00,23.45,97.31773,0.6,0.3,53.0,0.35999998
Lao Cai,22.4809,103.9755,forecast,public_open_meteo_api,2026-05-17T19:35:07.988074+00:00,2026-05-18 07:00:00+07:00,24.1,95.87472,0.4,0.4,51.0,2.9301877
Lao Cai,22.4809,103.9755,forecast,public_open_meteo_api,2026-05-17T19:35:07.988074+00:00,2026-05-18 08:00:00+07:00,25.15,89.22913,0.1,0.1,51.0,2.0523157
Lao Cai,22.4809,103.9755,forecast,public_open_meteo_api,2026-05-17T19:35:07.988074+00:00,2026-05-18 09:00:00+07:00,26.8,82.404816,0.1,0.1,51.0,2.6999998
Lao Cai,22.4809,103.9755,forecast,public_open_meteo_api,2026-05-17T19:35:07.988074+00:00,2026-05-18 10:00:00+07:00,27.7,81.04103,0.0,0.0,1.0,5.1197267
Lao Cai,22.4809,103.9755,forecast,public_open_meteo_api,2026-05-17T19:35:07.988074+00:00,2026-05-18 11:00:00+07:00,28.2,79.1851,0.0,0.0,1.0,3.9966488
Lao Cai,22.4809,103.9755,forecast,public_open_meteo_api,2026-05-17T19:35:07.988074+00:00,2026-05-18 12:00:00+07:00,28.55,79.23308,0.3,0.3,51.0,3.3481934
Lao Cai,22.4809,103.9755,forecast,public_open_meteo_api,2026-05-17T19:35:07.988074+00:00,2026-05-18 13:00:00+07:00,29.35,76.32773,0.2,0.2,51.0,2.2768397
Lao Cai,22.4809,103.9755,forecast,public_open_meteo_api,2026-05-17T19:35:07.988074+00:00,2026-05-18 14:00:00+07:00,29.45,76.57111,0.2,0.2,51.0,3.1072817
Lao Cai,22.4809,103.9755,forecast,public_open_meteo_api,2026-05-17T19:35:07.988074+00:00,2026-05-18 15:00:00+07:00,30.15,75.09818,0.1,0.1,51.0,2.9301877
Lao Cai,22.4809,103.9755,forecast,public_open_meteo_api,2026-05-17T19:35:07.988074+00:00,2026-05-18 16:00:00+07:00,30.1,76.44185,0.1,0.1,51.0,4.1046314
Lao Cai,22.4809,103.9755,forecast,public_open_meteo_api,2026-05-17T19:35:07.988074+00:00,2026-05-18 17:00:00+07:00,29.35,80.29032,0.2,0.2,51.0,5.509882
Lao Cai,22.4809,103.9755,forecast,public_open_meteo_api,2026-05-17T19:35:07.988074+00:00,2026-05-18 18:00:00+07:00,28.5,85.34808,0.0,0.0,1.0,2.3469129
Lao Cai,22.4809,103.9755,forecast,public_open_meteo_api,2026-05-17T19:35:07.988074+00:00,2026-05-18 19:00:00+07:00,27.3,89.656975,0.0,0.0,1.0,3.0811036
Lao Cai,22.4809,103.9755,forecast,public_open_meteo_api,2026-05-17T19:35:07.988074+00:00,2026-05-18 20:00:00+07:00,26.75,91.23364,0.8,0.0,53.0,2.9522195
Lao Cai,22.4809,103.9755,forecast,public_open_meteo_api,2026-05-17T19:35:07.988074+00:00,2026-05-18 21:00:00+07:00,25.7,93.93925,2.6,0.39999986,81.0,1.8089776
Lao Cai,22.4809,103.9755,forecast,public_open_meteo_api,2026-05-17T19:35:07.988074+00:00,2026-05-18 22:00:00+07:00,25.05,95.616455,1.3,0.39999998,80.0,3.3481934
Lao Cai,22.4809,103.9755,forecast,public_open_meteo_api,2026-05-17T19:35:07.988074+00:00,2026-05-18 23:00:00+07:00,24.75,96.18265,0.6,0.20000002,53.0,1.9134263
Long An,10.6956,106.2431,forecast,public_open_meteo_api,2026-05-17T19:35:07.994153+00:00,2026-05-18 00:00:00+07:00,27.3,91.267784,0.0,0.0,3.0,2.8460495
Long An,10.6956,106.2431,forecast,public_open_meteo_api,2026-05-17T19:35:07.994153+00:00,2026-05-18 01:00:00+07:00,27.0,92.88859,0.0,0.0,3.0,5.072041
Long An,10.6956,106.2431,forecast,public_open_meteo_api,2026-05-17T19:35:07.994153+00:00,2026-05-18 02:00:00+07:00,25.85,97.94511,1.3,0.0,80.0,10.163227
Long An,10.6956,106.2431,forecast,public_open_meteo_api,2026-05-17T19:35:07.994153+00:00,2026-05-18 03:00:00+07:00,24.7,99.40401,4.6,0.0,81.0,7.6473517
Long An,10.6956,106.2431,forecast,public_open_meteo_api,2026-05-17T19:35:07.994153+00:00,2026-05-18 04:00:00+07:00,24.7,100.0,2.2,1.3000001,80.0,6.7205353
Long An,10.6956,106.2431,forecast,public_open_meteo_api,2026-05-17T19:35:07.994153+00:00,2026-05-18 05:00:00+07:00,24.85,99.701935,1.2,1.2,55.0,6.9270773
Long An,10.6956,106.2431,forecast,public_open_meteo_api,2026-05-17T19:35:07.994153+00:00,2026-05-18 06:00:00+07:00,25.05,99.702415,0.1,0.1,51.0,7.3799996
Long An,10.6956,106.2431,forecast,public_open_meteo_api,2026-05-17T19:35:07.994153+00:00,2026-05-18 07:00:00+07:00,26.05,94.235,0.0,0.0,3.0,9.181765
Long An,10.6956,106.2431,forecast,public_open_meteo_api,2026-05-17T19:35:07.994153+00:00,2026-05-18 08:00:00+07:00,27.7,84.5081,0.0,0.0,3.0,8.260411
Long An,10.6956,106.2431,forecast,public_open_meteo_api,2026-05-17T19:35:07.994153+00:00,2026-05-18 09:00:00+07:00,30.4,70.36635,0.1,0.0,51.0,11.638917
Long An,10.6956,106.2431,forecast,public_open_meteo_api,2026-05-17T19:35:07.994153+00:00,2026-05-18 10:00:00+07:00,31.3,67.848785,0.4,0.099999994,51.0,10.656547
Long An,10.6956,106.2431,forecast,public_open_meteo_api,2026-05-17T19:35:07.994153+00:00,2026-05-18 11:00:00+07:00,32.45,63.37774,0.4,0.2,51.0,12.961249
Long An,10.6956,106.2431,forecast,public_open_meteo_api,2026-05-17T19:35:07.994153+00:00,2026-05-18 12:00:00+07:00,33.9,58.597427,0.1,0.0,95.0,11.203464
Long An,10.6956,106.2431,forecast,public_open_meteo_api,2026-05-17T19:35:07.994153+00:00,2026-05-18 13:00:00+07:00,34.3,55.447533,0.0,0.0,2.0,13.246826
Long An,10.6956,106.2431,forecast,public_open_meteo_api,2026-05-17T19:35:07.994153+00:00,2026-05-18 14:00:00+07:00,34.35,54.79749,0.0,0.0,3.0,13.3649235
Long An,10.6956,106.2431,forecast,public_open_meteo_api,2026-05-17T19:35:07.994153+00:00,2026-05-18 15:00:00+07:00,29.45,75.66213,0.6,0.100000024,53.0,21.322973
Long An,10.6956,106.2431,forecast,public_open_meteo_api,2026-05-17T19:35:07.994153+00:00,2026-05-18 16:00:00+07:00,27.5,93.464226,1.6,1.6,80.0,7.289445
Long An,10.6956,106.2431,forecast,public_open_meteo_api,2026-05-17T19:35:07.994153+00:00,2026-05-18 17:00:00+07:00,28.05,91.583534,0.4,0.4,95.0,7.6409945
Long An,10.6956,106.2431,forecast,public_open_meteo_api,2026-05-17T19:35:07.994153+00:00,2026-05-18 18:00:00+07:00,27.6,93.4689,0.1,0.1,95.0,4.6938252
Long An,10.6956,106.2431,forecast,public_open_meteo_api,2026-05-17T19:35:07.994153+00:00,2026-05-18 19:00:00+07:00,27.15,96.24897,0.1,0.1,95.0,3.8183763
Long An,10.6956,106.2431,forecast,public_open_meteo_api,2026-05-17T19:35:07.994153+00:00,2026-05-18 20:00:00+07:00,26.85,97.09713,0.0,0.0,95.0,4.3832865
Long An,10.6956,106.2431,forecast,public_open_meteo_api,2026-05-17T19:35:07.994153+00:00,2026-05-18 21:00:00+07:00,26.5,98.535446,0.0,0.0,3.0,5.5829024
Long An,10.6956,106.2431,forecast,public_open_meteo_api,2026-05-17T19:35:07.994153+00:00,2026-05-18 22:00:00+07:00,26.3,98.533295,0.0,0.0,3.0,4.2481523
Long An,10.6956,106.2431,forecast,public_open_meteo_api,2026-05-17T19:35:07.994153+00:00,2026-05-18 23:00:00+07:00,26.1,99.1164,0.0,0.0,3.0,4.6938257
Nam Dinh,20.4388,106.1621,forecast,public_open_meteo_api,2026-05-17T19:35:08.000801+00:00,2026-05-18 00:00:00+07:00,26.35,95.37423,0.5,0.3,53.0,5.6262593
Nam Dinh,20.4388,106.1621,forecast,public_open_meteo_api,2026-05-17T19:35:08.000801+00:00,2026-05-18 01:00:00+07:00,25.2,96.77217,5.1,0.19999981,81.0,6.8423676
Nam Dinh,20.4388,106.1621,forecast,public_open_meteo_api,2026-05-17T19:35:08.000801+00:00,2026-05-18 02:00:00+07:00,25.5,96.49103,1.6,1.1,80.0,2.5772076
Nam Dinh,20.4388,106.1621,forecast,public_open_meteo_api,2026-05-17T19:35:08.000801+00:00,2026-05-18 03:00:00+07:00,25.4,97.93827,1.0,1.0,55.0,4.5536795
Nam Dinh,20.4388,106.1621,forecast,public_open_meteo_api,2026-05-17T19:35:08.000801+00:00,2026-05-18 04:00:00+07:00,25.6,97.65027,0.6,0.6,53.0,5.7852573
Nam Dinh,20.4388,106.1621,forecast,public_open_meteo_api,2026-05-17T19:35:08.000801+00:00,2026-05-18 05:00:00+07:00,25.8,97.07472,0.3,0.3,51.0,5.2478566
Nam Dinh,20.4388,106.1621,forecast,public_open_meteo_api,2026-05-17T19:35:08.000801+00:00,2026-05-18 06:00:00+07:00,26.05,96.50515,0.2,0.2,51.0,7.731622
Nam Dinh,20.4388,106.1621,forecast,public_open_meteo_api,2026-05-17T19:35:08.000801+00:00,2026-05-18 07:00:00+07:00,26.1,97.08115,1.4,0.100000024,80.0,5.728979
Nam Dinh,20.4388,106.1621,forecast,public_open_meteo_api,2026-05-17T19:35:08.000801+00:00,2026-05-18 08:00:00+07:00,26.1,96.79338,1.4,1.1999999,80.0,5.720489
Nam Dinh,20.4388,106.1621,forecast,public_open_meteo_api,2026-05-17T19:35:08.000801+00:00,2026-05-18 09:00:00+07:00,27.3,93.17901,1.9,1.3,80.0,5.4833565
Nam Dinh,20.4388,106.1621,forecast,public_open_meteo_api,2026-05-17T19:35:08.000801+00:00,2026-05-18 10:00:00+07:00,27.65,92.37467,1.4,0.5,80.0,2.5582807
Nam Dinh,20.4388,106.1621,forecast,public_open_meteo_api,2026-05-17T19:35:08.000801+00:00,2026-05-18 11:00:00+07:00,28.45,89.476006,1.0,0.3,95.0,3.8939953
Nam Dinh,20.4388,106.1621,forecast,public_open_meteo_api,2026-05-17T19:35:08.000801+00:00,2026-05-18 12:00:00+07:00,27.85,90.22902,2.1,0.19999993,80.0,11.272657
Nam Dinh,20.4388,106.1621,forecast,public_open_meteo_api,2026-05-17T19:35:08.000801+00:00,2026-05-18 13:00:00+07:00,28.6,87.918655,1.3,0.49999994,80.0,10.32924
Nam Dinh,20.4388,106.1621,forecast,public_open_meteo_api,2026-05-17T19:35:08.000801+00:00,2026-05-18 14:00:00+07:00,29.75,81.058304,0.5,0.19999999,53.0,13.091829
Nam Dinh,20.4388,106.1621,forecast,public_open_meteo_api,2026-05-17T19:35:08.000801+00:00,2026-05-18 15:00:00+07:00,29.9,82.76796,0.2,0.1,95.0,12.708816
Nam Dinh,20.4388,106.1621,forecast,public_open_meteo_api,2026-05-17T19:35:08.000801+00:00,2026-05-18 16:00:00+07:00,29.25,83.9241,0.5,0.3,95.0,12.442153
Nam Dinh,20.4388,106.1621,forecast,public_open_meteo_api,2026-05-17T19:35:08.000801+00:00,2026-05-18 17:00:00+07:00,28.25,89.99072,1.7,0.4000001,80.0,10.661107
Nam Dinh,20.4388,106.1621,forecast,public_open_meteo_api,2026-05-17T19:35:08.000801+00:00,2026-05-18 18:00:00+07:00,28.0,91.31093,0.2,0.2,95.0,11.435313
Nam Dinh,20.4388,106.1621,forecast,public_open_meteo_api,2026-05-17T19:35:08.000801+00:00,2026-05-18 19:00:00+07:00,27.65,93.74714,0.0,0.0,95.0,11.391313
Nam Dinh,20.4388,106.1621,forecast,public_open_meteo_api,2026-05-17T19:35:08.000801+00:00,2026-05-18 20:00:00+07:00,27.65,93.47125,0.0,0.0,95.0,12.768586
Nam Dinh,20.4388,106.1621,forecast,public_open_meteo_api,2026-05-17T19:35:08.000801+00:00,2026-05-18 21:00:00+07:00,27.65,91.28941,0.0,0.0,3.0,17.534994
Nam Dinh,20.4388,106.1621,forecast,public_open_meteo_api,2026-05-17T19:35:08.000801+00:00,2026-05-18 22:00:00+07:00,26.85,92.60564,0.1,0.1,51.0,13.948548
Nam Dinh,20.4388,106.1621,forecast,public_open_meteo_api,2026-05-17T19:35:08.000801+00:00,2026-05-18 23:00:00+07:00,27.25,92.62676,0.1,0.1,51.0,14.241629
Nghe An,18.6796,105.6813,forecast,public_open_meteo_api,2026-05-17T19:35:08.007838+00:00,2026-05-18 00:00:00+07:00,27.4,96.25578,0.0,0.0,95.0,1.609969
Nghe An,18.6796,105.6813,forecast,public_open_meteo_api,2026-05-17T19:35:08.007838+00:00,2026-05-18 01:00:00+07:00,27.0,99.41406,0.0,0.0,95.0,3.4949677
Nghe An,18.6796,105.6813,forecast,public_open_meteo_api,2026-05-17T19:35:08.007838+00:00,2026-05-18 02:00:00+07:00,26.85,99.41344,0.0,0.0,95.0,5.48631
Nghe An,18.6796,105.6813,forecast,public_open_meteo_api,2026-05-17T19:35:08.007838+00:00,2026-05-18 03:00:00+07:00,26.55,99.412155,0.0,0.0,95.0,6.8423676
Nghe An,18.6796,105.6813,forecast,public_open_meteo_api,2026-05-17T19:35:08.007838+00:00,2026-05-18 04:00:00+07:00,26.4,98.82601,0.0,0.0,3.0,2.8460495
Nghe An,18.6796,105.6813,forecast,public_open_meteo_api,2026-05-17T19:35:08.007838+00:00,2026-05-18 05:00:00+07:00,26.35,99.70523,0.0,0.0,3.0,1.609969
Nghe An,18.6796,105.6813,forecast,public_open_meteo_api,2026-05-17T19:35:08.007838+00:00,2026-05-18 06:00:00+07:00,26.6,99.11966,0.0,0.0,3.0,3.494968
Nghe An,18.6796,105.6813,forecast,public_open_meteo_api,2026-05-17T19:35:08.007838+00:00,2026-05-18 07:00:00+07:00,27.45,95.97435,0.0,0.0,95.0,1.4399999
Nghe An,18.6796,105.6813,forecast,public_open_meteo_api,2026-05-17T19:35:08.007838+00:00,2026-05-18 08:00:00+07:00,28.85,87.422966,0.0,0.0,95.0,1.659518
Nghe An,18.6796,105.6813,forecast,public_open_meteo_api,2026-05-17T19:35:08.007838+00:00,2026-05-18 09:00:00+07:00,29.8,79.4031,0.1,0.0,51.0,3.2048087
Nghe An,18.6796,105.6813,forecast,public_open_meteo_api,2026-05-17T19:35:08.007838+00:00,2026-05-18 10:00:00+07:00,30.4,78.08839,0.1,0.1,95.0,4.613762
Nghe An,18.6796,105.6813,forecast,public_open_meteo_api,2026-05-17T19:35:08.007838+00:00,2026-05-18 11:00:00+07:00,30.9,77.929565,0.1,0.1,95.0,4.8633323
Nghe An,18.6796,105.6813,forecast,public_open_meteo_api,2026-05-17T19:35:08.007838+00:00,2026-05-18 12:00:00+07:00,30.2,80.87606,0.2,0.0,95.0,5.3999996
Nghe An,18.6796,105.6813,forecast,public_open_meteo_api,2026-05-17T19:35:08.007838+00:00,2026-05-18 13:00:00+07:00,30.5,77.87223,0.3,0.20000002,95.0,1.1525624
Nghe An,18.6796,105.6813,forecast,public_open_meteo_api,2026-05-17T19:35:08.007838+00:00,2026-05-18 14:00:00+07:00,30.1,81.581635,0.7,0.59999996,95.0,2.0523157
Nghe An,18.6796,105.6813,forecast,public_open_meteo_api,2026-05-17T19:35:08.007838+00:00,2026-05-18 15:00:00+07:00,30.2,80.16381,0.5,0.4,95.0,4.4456716
Nghe An,18.6796,105.6813,forecast,public_open_meteo_api,2026-05-17T19:35:08.007838+00:00,2026-05-18 16:00:00+07:00,30.35,80.183395,0.2,0.2,95.0,2.4216523
Nghe An,18.6796,105.6813,forecast,public_open_meteo_api,2026-05-17T19:35:08.007838+00:00,2026-05-18 17:00:00+07:00,30.05,80.14425,0.0,0.0,95.0,3.8773184
Nghe An,18.6796,105.6813,forecast,public_open_meteo_api,2026-05-17T19:35:08.007838+00:00,2026-05-18 18:00:00+07:00,29.45,83.69854,0.0,0.0,95.0,6.297428
Nghe An,18.6796,105.6813,forecast,public_open_meteo_api,2026-05-17T19:35:08.007838+00:00,2026-05-18 19:00:00+07:00,28.65,88.70378,0.0,0.0,95.0,8.14587
Nghe An,18.6796,105.6813,forecast,public_open_meteo_api,2026-05-17T19:35:08.007838+00:00,2026-05-18 20:00:00+07:00,28.3,89.2014,0.0,0.0,95.0,5.7964473
Nghe An,18.6796,105.6813,forecast,public_open_meteo_api,2026-05-17T19:35:08.007838+00:00,2026-05-18 21:00:00+07:00,28.25,89.461296,0.0,0.0,95.0,4.1125174
Nghe An,18.6796,105.6813,forecast,public_open_meteo_api,2026-05-17T19:35:08.007838+00:00,2026-05-18 22:00:00+07:00,28.25,90.256454,0.0,0.0,95.0,3.4152596
Nghe An,18.6796,105.6813,forecast,public_open_meteo_api,2026-05-17T19:35:08.007838+00:00,2026-05-18 23:00:00+07:00,27.9,91.3048,0.0,0.0,95.0,2.5772076
Ninh Binh,20.2506,105.9745,forecast,public_open_meteo_api,2026-05-17T19:36:41.224912+00:00,2026-05-18 00:00:00+07:00,26.05,96.79225,1.7,0.100000024,80.0,3.745557
Ninh Binh,20.2506,105.9745,forecast,public_open_meteo_api,2026-05-17T19:36:41.224912+00:00,2026-05-18 01:00:00+07:00,25.6,95.34895,2.7,0.10000014,81.0,7.415038
Ninh Binh,20.2506,105.9745,forecast,public_open_meteo_api,2026-05-17T19:36:41.224912+00:00,2026-05-18 02:00:00+07:00,25.15,98.22726,4.2,0.6999998,81.0,3.84796
Ninh Binh,20.2506,105.9745,forecast,public_open_meteo_api,2026-05-17T19:36:41.224912+00:00,2026-05-18 03:00:00+07:00,25.25,97.93597,0.4,0.4,51.0,5.4744864
Ninh Binh,20.2506,105.9745,forecast,public_open_meteo_api,2026-05-17T19:36:41.224912+00:00,2026-05-18 04:00:00+07:00,25.2,98.227875,0.8,0.100000024,53.0,3.8268526
Ninh Binh,20.2506,105.9745,forecast,public_open_meteo_api,2026-05-17T19:36:41.224912+00:00,2026-05-18 05:00:00+07:00,25.4,97.066124,1.0,0.39999998,55.0,2.6999998
Ninh Binh,20.2506,105.9745,forecast,public_open_meteo_api,2026-05-17T19:36:41.224912+00:00,2026-05-18 06:00:00+07:00,25.75,96.210495,0.2,0.2,51.0,2.4482646
Ninh Binh,20.2506,105.9745,forecast,public_open_meteo_api,2026-05-17T19:36:41.224912+00:00,2026-05-18 07:00:00+07:00,26.2,97.371574,0.2,0.0,51.0,5.293959
Ninh Binh,20.2506,105.9745,forecast,public_open_meteo_api,2026-05-17T19:36:41.224912+00:00,2026-05-18 08:00:00+07:00,25.15,97.93447,4.1,0.19999981,81.0,8.581677
Ninh Binh,20.2506,105.9745,forecast,public_open_meteo_api,2026-05-17T19:36:41.224912+00:00,2026-05-18 09:00:00+07:00,26.15,94.801895,1.4,1.0,80.0,3.0811036
Ninh Binh,20.2506,105.9745,forecast,public_open_meteo_api,2026-05-17T19:36:41.224912+00:00,2026-05-18 10:00:00+07:00,27.35,91.813194,1.4,0.29999995,80.0,3.148714
Ninh Binh,20.2506,105.9745,forecast,public_open_meteo_api,2026-05-17T19:36:41.224912+00:00,2026-05-18 11:00:00+07:00,28.85,84.378815,0.4,0.2,51.0,6.12
Ninh Binh,20.2506,105.9745,forecast,public_open_meteo_api,2026-05-17T19:36:41.224912+00:00,2026-05-18 12:00:00+07:00,28.45,88.95003,0.9,0.29999995,53.0,10.805998
Ninh Binh,20.2506,105.9745,forecast,public_open_meteo_api,2026-05-17T19:36:41.224912+00:00,2026-05-18 13:00:00+07:00,29.25,85.67495,0.3,0.20000002,51.0,11.414043
Ninh Binh,20.2506,105.9745,forecast,public_open_meteo_api,2026-05-17T19:36:41.224912+00:00,2026-05-18 14:00:00+07:00,30.0,83.26792,0.2,0.1,95.0,13.1412325
Ninh Binh,20.2506,105.9745,forecast,public_open_meteo_api,2026-05-17T19:36:41.224912+00:00,2026-05-18 15:00:00+07:00,29.2,85.166435,0.7,0.5,53.0,9.746631
Ninh Binh,20.2506,105.9745,forecast,public_open_meteo_api,2026-05-17T19:36:41.224912+00:00,2026-05-18 16:00:00+07:00,28.95,83.89147,0.5,0.099999994,53.0,11.881363
Ninh Binh,20.2506,105.9745,forecast,public_open_meteo_api,2026-05-17T19:36:41.224912+00:00,2026-05-18 17:00:00+07:00,28.4,88.94616,0.7,0.099999964,53.0,9.860649
Ninh Binh,20.2506,105.9745,forecast,public_open_meteo_api,2026-05-17T19:36:41.224912+00:00,2026-05-18 18:00:00+07:00,28.15,91.32015,0.1,0.1,95.0,9.965239
Ninh Binh,20.2506,105.9745,forecast,public_open_meteo_api,2026-05-17T19:36:41.224912+00:00,2026-05-18 19:00:00+07:00,27.75,93.47591,0.0,0.0,95.0,11.113451
Ninh Binh,20.2506,105.9745,forecast,public_open_meteo_api,2026-05-17T19:36:41.224912+00:00,2026-05-18 20:00:00+07:00,27.6,93.19357,0.0,0.0,95.0,12.43434
Ninh Binh,20.2506,105.9745,forecast,public_open_meteo_api,2026-05-17T19:36:41.224912+00:00,2026-05-18 21:00:00+07:00,27.0,92.0657,0.3,0.20000002,51.0,16.466803
Ninh Binh,20.2506,105.9745,forecast,public_open_meteo_api,2026-05-17T19:36:41.224912+00:00,2026-05-18 22:00:00+07:00,26.85,93.4337,0.2,0.2,51.0,13.040997
Ninh Binh,20.2506,105.9745,forecast,public_open_meteo_api,2026-05-17T19:36:41.224912+00:00,2026-05-18 23:00:00+07:00,27.3,94.56549,0.1,0.1,95.0,13.979871
Ninh Thuan,11.6739,108.8629,forecast,public_open_meteo_api,2026-05-17T19:36:41.235047+00:00,2026-05-18 00:00:00+07:00,26.6,82.132675,0.0,0.0,3.0,4.39436
Ninh Thuan,11.6739,108.8629,forecast,public_open_meteo_api,2026-05-17T19:36:41.235047+00:00,2026-05-18 01:00:00+07:00,26.35,85.13056,0.0,0.0,3.0,3.381893
Ninh Thuan,11.6739,108.8629,forecast,public_open_meteo_api,2026-05-17T19:36:41.235047+00:00,2026-05-18 02:00:00+07:00,26.1,87.706764,0.0,0.0,3.0,0.9
Ninh Thuan,11.6739,108.8629,forecast,public_open_meteo_api,2026-05-17T19:36:41.235047+00:00,2026-05-18 03:00:00+07:00,26.4,85.392334,0.0,0.0,3.0,1.0182338
Ninh Thuan,11.6739,108.8629,forecast,public_open_meteo_api,2026-05-17T19:36:41.235047+00:00,2026-05-18 04:00:00+07:00,26.35,86.16144,0.0,0.0,3.0,0.742159
Ninh Thuan,11.6739,108.8629,forecast,public_open_meteo_api,2026-05-17T19:36:41.235047+00:00,2026-05-18 05:00:00+07:00,26.15,86.662476,0.0,0.0,3.0,1.0948973
Ninh Thuan,11.6739,108.8629,forecast,public_open_meteo_api,2026-05-17T19:36:41.235047+00:00,2026-05-18 06:00:00+07:00,26.95,81.19023,0.0,0.0,3.0,2.5959969
Ninh Thuan,11.6739,108.8629,forecast,public_open_meteo_api,2026-05-17T19:36:41.235047+00:00,2026-05-18 07:00:00+07:00,27.7,79.1163,0.0,0.0,2.0,2.1068459
Ninh Thuan,11.6739,108.8629,forecast,public_open_meteo_api,2026-05-17T19:36:41.235047+00:00,2026-05-18 08:00:00+07:00,29.6,71.92977,0.0,0.0,2.0,1.0182338
Ninh Thuan,11.6739,108.8629,forecast,public_open_meteo_api,2026-05-17T19:36:41.235047+00:00,2026-05-18 09:00:00+07:00,30.9,65.96388,0.0,0.0,2.0,1.835647
Ninh Thuan,11.6739,108.8629,forecast,public_open_meteo_api,2026-05-17T19:36:41.235047+00:00,2026-05-18 10:00:00+07:00,32.25,59.82009,0.1,0.1,51.0,4.5322843
Ninh Thuan,11.6739,108.8629,forecast,public_open_meteo_api,2026-05-17T19:36:41.235047+00:00,2026-05-18 11:00:00+07:00,32.95,58.202606,0.3,0.10000001,51.0,7.968939
Ninh Thuan,11.6739,108.8629,forecast,public_open_meteo_api,2026-05-17T19:36:41.235047+00:00,2026-05-18 12:00:00+07:00,34.2,52.4971,0.2,0.1,51.0,13.130133
Ninh Thuan,11.6739,108.8629,forecast,public_open_meteo_api,2026-05-17T19:36:41.235047+00:00,2026-05-18 13:00:00+07:00,30.85,68.57832,2.3,0.0,80.0,12.810386
Ninh Thuan,11.6739,108.8629,forecast,public_open_meteo_api,2026-05-17T19:36:41.235047+00:00,2026-05-18 14:00:00+07:00,31.85,63.63064,0.4,0.4,51.0,3.189608
Ninh Thuan,11.6739,108.8629,forecast,public_open_meteo_api,2026-05-17T19:36:41.235047+00:00,2026-05-18 15:00:00+07:00,32.0,63.662457,0.1,0.0,51.0,2.968636
Ninh Thuan,11.6739,108.8629,forecast,public_open_meteo_api,2026-05-17T19:36:41.235047+00:00,2026-05-18 16:00:00+07:00,31.45,65.68047,0.1,0.1,51.0,1.3104197
Ninh Thuan,11.6739,108.8629,forecast,public_open_meteo_api,2026-05-17T19:36:41.235047+00:00,2026-05-18 17:00:00+07:00,30.7,68.75541,0.2,0.1,51.0,0.56920993
Ninh Thuan,11.6739,108.8629,forecast,public_open_meteo_api,2026-05-17T19:36:41.235047+00:00,2026-05-18 18:00:00+07:00,29.5,78.65833,0.1,0.0,51.0,1.1384199
Ninh Thuan,11.6739,108.8629,forecast,public_open_meteo_api,2026-05-17T19:36:41.235047+00:00,2026-05-18 19:00:00+07:00,28.75,79.734886,0.0,0.0,3.0,1.8532133
Ninh Thuan,11.6739,108.8629,forecast,public_open_meteo_api,2026-05-17T19:36:41.235047+00:00,2026-05-18 20:00:00+07:00,28.2,83.06392,0.0,0.0,3.0,1.5484185
Ninh Thuan,11.6739,108.8629,forecast,public_open_meteo_api,2026-05-17T19:36:41.235047+00:00,2026-05-18 21:00:00+07:00,28.0,83.78747,0.0,0.0,3.0,2.34
Ninh Thuan,11.6739,108.8629,forecast,public_open_meteo_api,2026-05-17T19:36:41.235047+00:00,2026-05-18 22:00:00+07:00,27.7,83.754425,0.0,0.0,3.0,2.5455842
Ninh Thuan,11.6739,108.8629,forecast,public_open_meteo_api,2026-05-17T19:36:41.235047+00:00,2026-05-18 23:00:00+07:00,27.35,84.47106,0.0,0.0,3.0,2.0523157
Phu Tho,21.2684,105.2046,forecast,public_open_meteo_api,2026-05-17T19:36:41.244926+00:00,2026-05-18 00:00:00+07:00,25.75,97.652855,0.0,0.0,3.0,9.621163
Phu Tho,21.2684,105.2046,forecast,public_open_meteo_api,2026-05-17T19:36:41.244926+00:00,2026-05-18 01:00:00+07:00,25.8,97.07472,0.0,0.0,3.0,8.709098
Phu Tho,21.2684,105.2046,forecast,public_open_meteo_api,2026-05-17T19:36:41.244926+00:00,2026-05-18 02:00:00+07:00,25.85,96.78752,0.0,0.0,3.0,9.504273
Phu Tho,21.2684,105.2046,forecast,public_open_meteo_api,2026-05-17T19:36:41.244926+00:00,2026-05-18 03:00:00+07:00,26.05,95.36418,0.0,0.0,3.0,7.8087645
Phu Tho,21.2684,105.2046,forecast,public_open_meteo_api,2026-05-17T19:36:41.244926+00:00,2026-05-18 04:00:00+07:00,25.65,95.63559,0.0,0.0,3.0,8.951267
Phu Tho,21.2684,105.2046,forecast,public_open_meteo_api,2026-05-17T19:36:41.244926+00:00,2026-05-18 05:00:00+07:00,25.2,96.19518,0.0,0.0,3.0,10.98
Phu Tho,21.2684,105.2046,forecast,public_open_meteo_api,2026-05-17T19:36:41.244926+00:00,2026-05-18 06:00:00+07:00,25.35,94.77162,0.0,0.0,3.0,9.3962755
Phu Tho,21.2684,105.2046,forecast,public_open_meteo_api,2026-05-17T19:36:41.244926+00:00,2026-05-18 07:00:00+07:00,25.9,92.83231,0.0,0.0,3.0,10.310403
Phu Tho,21.2684,105.2046,forecast,public_open_meteo_api,2026-05-17T19:36:41.244926+00:00,2026-05-18 08:00:00+07:00,26.6,89.87388,0.0,0.0,3.0,11.272657
Phu Tho,21.2684,105.2046,forecast,public_open_meteo_api,2026-05-17T19:36:41.244926+00:00,2026-05-18 09:00:00+07:00,28.0,83.78747,0.1,0.1,51.0,8.155807
Phu Tho,21.2684,105.2046,forecast,public_open_meteo_api,2026-05-17T19:36:41.244926+00:00,2026-05-18 10:00:00+07:00,28.6,80.43186,0.3,0.10000001,51.0,14.799459
Phu Tho,21.2684,105.2046,forecast,public_open_meteo_api,2026-05-17T19:36:41.244926+00:00,2026-05-18 11:00:00+07:00,29.6,77.97405,0.3,0.3,51.0,9.67657
Phu Tho,21.2684,105.2046,forecast,public_open_meteo_api,2026-05-17T19:36:41.244926+00:00,2026-05-18 12:00:00+07:00,30.3,78.07414,0.4,0.2,51.0,11.631956
Phu Tho,21.2684,105.2046,forecast,public_open_meteo_api,2026-05-17T19:36:41.244926+00:00,2026-05-18 13:00:00+07:00,31.4,74.63232,0.3,0.10000001,95.0,11.631956
Phu Tho,21.2684,105.2046,forecast,public_open_meteo_api,2026-05-17T19:36:41.244926+00:00,2026-05-18 14:00:00+07:00,31.55,72.69841,0.2,0.1,95.0,11.734564
Phu Tho,21.2684,105.2046,forecast,public_open_meteo_api,2026-05-17T19:36:41.244926+00:00,2026-05-18 15:00:00+07:00,30.8,76.09652,0.2,0.1,95.0,13.246826
Phu Tho,21.2684,105.2046,forecast,public_open_meteo_api,2026-05-17T19:36:41.244926+00:00,2026-05-18 16:00:00+07:00,27.8,90.492836,2.0,0.0,80.0,13.552696
Phu Tho,21.2684,105.2046,forecast,public_open_meteo_api,2026-05-17T19:36:41.244926+00:00,2026-05-18 17:00:00+07:00,27.2,96.25029,0.9,0.9,53.0,7.6388745
Phu Tho,21.2684,105.2046,forecast,public_open_meteo_api,2026-05-17T19:36:41.244926+00:00,2026-05-18 18:00:00+07:00,27.2,97.390755,0.1,0.1,95.0,7.4672885
Phu Tho,21.2684,105.2046,forecast,public_open_meteo_api,2026-05-17T19:36:41.244926+00:00,2026-05-18 19:00:00+07:00,27.1,95.96408,0.0,0.0,95.0,10.4166975
Phu Tho,21.2684,105.2046,forecast,public_open_meteo_api,2026-05-17T19:36:41.244926+00:00,2026-05-18 20:00:00+07:00,26.9,97.09818,0.0,0.0,95.0,11.612441
Phu Tho,21.2684,105.2046,forecast,public_open_meteo_api,2026-05-17T19:36:41.244926+00:00,2026-05-18 21:00:00+07:00,26.75,97.382126,0.0,0.0,95.0,10.472535
Phu Tho,21.2684,105.2046,forecast,public_open_meteo_api,2026-05-17T19:36:41.244926+00:00,2026-05-18 22:00:00+07:00,26.55,97.09076,0.0,0.0,3.0,10.383987
Phu Tho,21.2684,105.2046,forecast,public_open_meteo_api,2026-05-17T19:36:41.244926+00:00,2026-05-18 23:00:00+07:00,26.35,96.799255,0.0,0.0,2.0,11.052058
Phu Yen,13.0882,109.0929,forecast,public_open_meteo_api,2026-05-17T19:36:41.253617+00:00,2026-05-18 00:00:00+07:00,25.35,96.77572,0.0,0.0,3.0,2.7059932
Phu Yen,13.0882,109.0929,forecast,public_open_meteo_api,2026-05-17T19:36:41.253617+00:00,2026-05-18 01:00:00+07:00,25.1,96.76978,0.0,0.0,3.0,2.907989
Phu Yen,13.0882,109.0929,forecast,public_open_meteo_api,2026-05-17T19:36:41.253617+00:00,2026-05-18 02:00:00+07:00,25.05,95.9034,0.0,0.0,3.0,3.9966488
Phu Yen,13.0882,109.0929,forecast,public_open_meteo_api,2026-05-17T19:36:41.253617+00:00,2026-05-18 03:00:00+07:00,24.8,96.473,0.0,0.0,3.0,4.68
Phu Yen,13.0882,109.0929,forecast,public_open_meteo_api,2026-05-17T19:36:41.253617+00:00,2026-05-18 04:00:00+07:00,24.7,97.05098,0.0,0.0,3.0,2.968636
Phu Yen,13.0882,109.0929,forecast,public_open_meteo_api,2026-05-17T19:36:41.253617+00:00,2026-05-18 05:00:00+07:00,24.65,97.04989,0.0,0.0,2.0,2.8856194
Phu Yen,13.0882,109.0929,forecast,public_open_meteo_api,2026-05-17T19:36:41.253617+00:00,2026-05-18 06:00:00+07:00,25.05,96.19103,0.0,0.0,2.0,5.2939587
Phu Yen,13.0882,109.0929,forecast,public_open_meteo_api,2026-05-17T19:36:41.253617+00:00,2026-05-18 07:00:00+07:00,26.2,90.11466,0.0,0.0,2.0,5.896202
Phu Yen,13.0882,109.0929,forecast,public_open_meteo_api,2026-05-17T19:36:41.253617+00:00,2026-05-18 08:00:00+07:00,27.45,85.49736,0.0,0.0,3.0,6.4096174
Phu Yen,13.0882,109.0929,forecast,public_open_meteo_api,2026-05-17T19:36:41.253617+00:00,2026-05-18 09:00:00+07:00,29.0,75.81857,0.0,0.0,3.0,6.623413
Phu Yen,13.0882,109.0929,forecast,public_open_meteo_api,2026-05-17T19:36:41.253617+00:00,2026-05-18 10:00:00+07:00,30.25,68.46334,0.0,0.0,3.0,6.7397914
Phu Yen,13.0882,109.0929,forecast,public_open_meteo_api,2026-05-17T19:36:41.253617+00:00,2026-05-18 11:00:00+07:00,31.65,61.701797,0.0,0.0,3.0,5.2416787
Phu Yen,13.0882,109.0929,forecast,public_open_meteo_api,2026-05-17T19:36:41.253617+00:00,2026-05-18 12:00:00+07:00,32.9,55.44467,0.0,0.0,3.0,4.1125174
Phu Yen,13.0882,109.0929,forecast,public_open_meteo_api,2026-05-17T19:36:41.253617+00:00,2026-05-18 13:00:00+07:00,33.0,53.974922,0.0,0.0,3.0,5.8298883
Phu Yen,13.0882,109.0929,forecast,public_open_meteo_api,2026-05-17T19:36:41.253617+00:00,2026-05-18 14:00:00+07:00,32.55,56.37748,0.0,0.0,3.0,9.9977
Phu Yen,13.0882,109.0929,forecast,public_open_meteo_api,2026-05-17T19:36:41.253617+00:00,2026-05-18 15:00:00+07:00,30.55,64.905655,1.0,0.19999999,55.0,11.525623
Phu Yen,13.0882,109.0929,forecast,public_open_meteo_api,2026-05-17T19:36:41.253617+00:00,2026-05-18 16:00:00+07:00,29.85,71.758156,0.8,0.6,53.0,7.570707
Phu Yen,13.0882,109.0929,forecast,public_open_meteo_api,2026-05-17T19:36:41.253617+00:00,2026-05-18 17:00:00+07:00,28.3,78.25479,0.2,0.2,51.0,11.525623
Phu Yen,13.0882,109.0929,forecast,public_open_meteo_api,2026-05-17T19:36:41.253617+00:00,2026-05-18 18:00:00+07:00,26.95,83.92314,0.1,0.1,51.0,8.131936
Phu Yen,13.0882,109.0929,forecast,public_open_meteo_api,2026-05-17T19:36:41.253617+00:00,2026-05-18 19:00:00+07:00,26.6,86.18534,0.1,0.1,51.0,4.8466477
Phu Yen,13.0882,109.0929,forecast,public_open_meteo_api,2026-05-17T19:36:41.253617+00:00,2026-05-18 20:00:00+07:00,26.35,87.99176,0.0,0.0,3.0,5.154415
Phu Yen,13.0882,109.0929,forecast,public_open_meteo_api,2026-05-17T19:36:41.253617+00:00,2026-05-18 21:00:00+07:00,26.1,89.56922,0.0,0.0,3.0,4.510787
Phu Yen,13.0882,109.0929,forecast,public_open_meteo_api,2026-05-17T19:36:41.253617+00:00,2026-05-18 22:00:00+07:00,26.1,90.37792,0.0,0.0,3.0,1.659518
Phu Yen,13.0882,109.0929,forecast,public_open_meteo_api,2026-05-17T19:36:41.253617+00:00,2026-05-18 23:00:00+07:00,25.85,91.17736,0.0,0.0,3.0,2.8460498
Quang Binh,17.4689,106.6223,forecast,public_open_meteo_api,2026-05-17T19:36:41.263457+00:00,2026-05-18 00:00:00+07:00,26.65,93.980675,0.0,0.0,3.0,7.1684303
Quang Binh,17.4689,106.6223,forecast,public_open_meteo_api,2026-05-17T19:36:41.263457+00:00,2026-05-18 01:00:00+07:00,26.45,93.693016,0.0,0.0,3.0,4.829907
Quang Binh,17.4689,106.6223,forecast,public_open_meteo_api,2026-05-17T19:36:41.263457+00:00,2026-05-18 02:00:00+07:00,26.25,94.5241,0.0,0.0,3.0,3.3043609
Quang Binh,17.4689,106.6223,forecast,public_open_meteo_api,2026-05-17T19:36:41.263457+00:00,2026-05-18 03:00:00+07:00,26.05,96.50515,0.0,0.0,3.0,1.8792552
Quang Binh,17.4689,106.6223,forecast,public_open_meteo_api,2026-05-17T19:36:41.263457+00:00,2026-05-18 04:00:00+07:00,26.0,97.657166,0.0,0.0,3.0,3.4152596
Quang Binh,17.4689,106.6223,forecast,public_open_meteo_api,2026-05-17T19:36:41.263457+00:00,2026-05-18 05:00:00+07:00,26.15,96.22154,0.0,0.0,3.0,3.6179552
Quang Binh,17.4689,106.6223,forecast,public_open_meteo_api,2026-05-17T19:36:41.263457+00:00,2026-05-18 06:00:00+07:00,26.5,94.81503,0.0,0.0,3.0,2.5582807
Quang Binh,17.4689,106.6223,forecast,public_open_meteo_api,2026-05-17T19:36:41.263457+00:00,2026-05-18 07:00:00+07:00,28.15,84.05385,0.0,0.0,3.0,5.5916004
Quang Binh,17.4689,106.6223,forecast,public_open_meteo_api,2026-05-17T19:36:41.263457+00:00,2026-05-18 08:00:00+07:00,29.85,73.497955,0.0,0.0,3.0,9.761578
Quang Binh,17.4689,106.6223,forecast,public_open_meteo_api,2026-05-17T19:36:41.263457+00:00,2026-05-18 09:00:00+07:00,31.45,66.67146,0.0,0.0,3.0,13.281023
Quang Binh,17.4689,106.6223,forecast,public_open_meteo_api,2026-05-17T19:36:41.263457+00:00,2026-05-18 10:00:00+07:00,32.9,60.328197,0.0,0.0,3.0,13.213765
Quang Binh,17.4689,106.6223,forecast,public_open_meteo_api,2026-05-17T19:36:41.263457+00:00,2026-05-18 11:00:00+07:00,33.75,56.66285,0.0,0.0,3.0,12.473363
Quang Binh,17.4689,106.6223,forecast,public_open_meteo_api,2026-05-17T19:36:41.263457+00:00,2026-05-18 12:00:00+07:00,34.3,54.62092,0.1,0.0,51.0,5.5916004
Quang Binh,17.4689,106.6223,forecast,public_open_meteo_api,2026-05-17T19:36:41.263457+00:00,2026-05-18 13:00:00+07:00,32.1,66.60215,0.2,0.0,51.0,13.451914
Quang Binh,17.4689,106.6223,forecast,public_open_meteo_api,2026-05-17T19:36:41.263457+00:00,2026-05-18 14:00:00+07:00,27.9,88.90755,6.3,0.9000001,81.0,5.6521144
Quang Binh,17.4689,106.6223,forecast,public_open_meteo_api,2026-05-17T19:36:41.263457+00:00,2026-05-18 15:00:00+07:00,27.8,89.69324,1.4,1.4,80.0,4.293669
Quang Binh,17.4689,106.6223,forecast,public_open_meteo_api,2026-05-17T19:36:41.263457+00:00,2026-05-18 16:00:00+07:00,28.65,85.61612,0.4,0.4,51.0,7.9932966
Quang Binh,17.4689,106.6223,forecast,public_open_meteo_api,2026-05-17T19:36:41.263457+00:00,2026-05-18 17:00:00+07:00,29.35,81.73121,0.1,0.1,51.0,11.362834
Quang Binh,17.4689,106.6223,forecast,public_open_meteo_api,2026-05-17T19:36:41.263457+00:00,2026-05-18 18:00:00+07:00,28.65,85.61612,0.0,0.0,95.0,11.9140415
Quang Binh,17.4689,106.6223,forecast,public_open_meteo_api,2026-05-17T19:36:41.263457+00:00,2026-05-18 19:00:00+07:00,28.1,88.39851,0.0,0.0,3.0,9.340941
Quang Binh,17.4689,106.6223,forecast,public_open_meteo_api,2026-05-17T19:36:41.263457+00:00,2026-05-18 20:00:00+07:00,27.85,89.69681,0.0,0.0,3.0,7.4672885
Quang Binh,17.4689,106.6223,forecast,public_open_meteo_api,2026-05-17T19:36:41.263457+00:00,2026-05-18 21:00:00+07:00,27.75,90.75746,0.0,0.0,3.0,7.102591
Quang Binh,17.4689,106.6223,forecast,public_open_meteo_api,2026-05-17T19:36:41.263457+00:00,2026-05-18 22:00:00+07:00,27.8,90.225586,0.0,0.0,3.0,7.922045
Quang Binh,17.4689,106.6223,forecast,public_open_meteo_api,2026-05-17T19:36:41.263457+00:00,2026-05-18 23:00:00+07:00,27.35,89.12937,0.0,0.0,3.0,7.9220443
Quang Nam,15.5394,108.0191,forecast,public_open_meteo_api,2026-05-17T19:36:41.273707+00:00,2026-05-18 00:00:00+07:00,25.488998,100.0,0.0,0.0,3.0,3.143565
Quang Nam,15.5394,108.0191,forecast,public_open_meteo_api,2026-05-17T19:36:41.273707+00:00,2026-05-18 01:00:00+07:00,25.338999,100.0,0.0,0.0,3.0,2.8856194
Quang Nam,15.5394,108.0191,forecast,public_open_meteo_api,2026-05-17T19:36:41.273707+00:00,2026-05-18 02:00:00+07:00,25.189,100.0,0.0,0.0,3.0,2.5455842
Quang Nam,15.5394,108.0191,forecast,public_open_meteo_api,2026-05-17T19:36:41.273707+00:00,2026-05-18 03:00:00+07:00,24.988998,99.70226,0.0,0.0,3.0,4.452954
Quang Nam,15.5394,108.0191,forecast,public_open_meteo_api,2026-05-17T19:36:41.273707+00:00,2026-05-18 04:00:00+07:00,24.738998,99.40418,0.0,0.0,3.0,4.278551
Quang Nam,15.5394,108.0191,forecast,public_open_meteo_api,2026-05-17T19:36:41.273707+00:00,2026-05-18 05:00:00+07:00,24.488998,100.0,0.0,0.0,2.0,2.7943513
Quang Nam,15.5394,108.0191,forecast,public_open_meteo_api,2026-05-17T19:36:41.273707+00:00,2026-05-18 06:00:00+07:00,24.738998,99.70169,0.0,0.0,3.0,4.327493
Quang Nam,15.5394,108.0191,forecast,public_open_meteo_api,2026-05-17T19:36:41.273707+00:00,2026-05-18 07:00:00+07:00,26.238998,95.93879,0.0,0.0,3.0,3.62243
Quang Nam,15.5394,108.0191,forecast,public_open_meteo_api,2026-05-17T19:36:41.273707+00:00,2026-05-18 08:00:00+07:00,28.139,89.453094,0.0,0.0,3.0,1.5379207
Quang Nam,15.5394,108.0191,forecast,public_open_meteo_api,2026-05-17T19:36:41.273707+00:00,2026-05-18 09:00:00+07:00,30.838999,74.10128,0.0,0.0,3.0,1.659518
Quang Nam,15.5394,108.0191,forecast,public_open_meteo_api,2026-05-17T19:36:41.273707+00:00,2026-05-18 10:00:00+07:00,32.339,68.251816,0.0,0.0,3.0,1.8089776
Quang Nam,15.5394,108.0191,forecast,public_open_meteo_api,2026-05-17T19:36:41.273707+00:00,2026-05-18 11:00:00+07:00,33.439,63.96594,0.1,0.0,95.0,0.17999999
Quang Nam,15.5394,108.0191,forecast,public_open_meteo_api,2026-05-17T19:36:41.273707+00:00,2026-05-18 12:00:00+07:00,34.239,59.55573,0.1,0.1,51.0,4.0449963
Quang Nam,15.5394,108.0191,forecast,public_open_meteo_api,2026-05-17T19:36:41.273707+00:00,2026-05-18 13:00:00+07:00,33.489,55.922966,0.0,0.0,3.0,11.91948
Quang Nam,15.5394,108.0191,forecast,public_open_meteo_api,2026-05-17T19:36:41.273707+00:00,2026-05-18 14:00:00+07:00,33.038998,63.31407,0.5,0.19999999,53.0,7.1208143
Quang Nam,15.5394,108.0191,forecast,public_open_meteo_api,2026-05-17T19:36:41.273707+00:00,2026-05-18 15:00:00+07:00,30.889,70.24567,0.7,0.5,53.0,3.143565
Quang Nam,15.5394,108.0191,forecast,public_open_meteo_api,2026-05-17T19:36:41.273707+00:00,2026-05-18 16:00:00+07:00,30.039,75.52885,0.1,0.1,51.0,3.3043609
Quang Nam,15.5394,108.0191,forecast,public_open_meteo_api,2026-05-17T19:36:41.273707+00:00,2026-05-18 17:00:00+07:00,28.889,83.63671,0.2,0.2,51.0,2.0124612
Quang Nam,15.5394,108.0191,forecast,public_open_meteo_api,2026-05-17T19:36:41.273707+00:00,2026-05-18 18:00:00+07:00,28.139,89.717674,0.1,0.1,51.0,2.1749482
Quang Nam,15.5394,108.0191,forecast,public_open_meteo_api,2026-05-17T19:36:41.273707+00:00,2026-05-18 19:00:00+07:00,27.588999,95.41563,0.1,0.1,95.0,1.8532133
Quang Nam,15.5394,108.0191,forecast,public_open_meteo_api,2026-05-17T19:36:41.273707+00:00,2026-05-18 20:00:00+07:00,27.289,97.10643,0.0,0.0,95.0,1.5379207
Quang Nam,15.5394,108.0191,forecast,public_open_meteo_api,2026-05-17T19:36:41.273707+00:00,2026-05-18 21:00:00+07:00,27.039,98.54126,0.0,0.0,95.0,2.6758924
Quang Nam,15.5394,108.0191,forecast,public_open_meteo_api,2026-05-17T19:36:41.273707+00:00,2026-05-18 22:00:00+07:00,26.789,99.12086,0.0,0.0,3.0,4.278551
Quang Nam,15.5394,108.0191,forecast,public_open_meteo_api,2026-05-17T19:36:41.273707+00:00,2026-05-18 23:00:00+07:00,26.539,99.41206,0.0,0.0,3.0,4.846648
Quang Ngai,15.1214,108.8044,forecast,public_open_meteo_api,2026-05-17T19:36:41.280818+00:00,2026-05-18 00:00:00+07:00,26.65,96.52042,0.0,0.0,3.0,2.1749482
Quang Ngai,15.1214,108.8044,forecast,public_open_meteo_api,2026-05-17T19:36:41.280818+00:00,2026-05-18 01:00:00+07:00,26.55,97.09076,0.0,0.0,3.0,1.9386592
Quang Ngai,15.1214,108.8044,forecast,public_open_meteo_api,2026-05-17T19:36:41.280818+00:00,2026-05-18 02:00:00+07:00,26.4,96.80046,0.0,0.0,2.0,1.6981165
Quang Ngai,15.1214,108.8044,forecast,public_open_meteo_api,2026-05-17T19:36:41.280818+00:00,2026-05-18 03:00:00+07:00,26.25,96.510216,0.0,0.0,3.0,1.7727944
Quang Ngai,15.1214,108.8044,forecast,public_open_meteo_api,2026-05-17T19:36:41.280818+00:00,2026-05-18 04:00:00+07:00,26.15,96.22154,0.0,0.0,3.0,0.9178235
Quang Ngai,15.1214,108.8044,forecast,public_open_meteo_api,2026-05-17T19:36:41.280818+00:00,2026-05-18 05:00:00+07:00,26.2,94.52215,0.0,0.0,3.0,1.659518
Quang Ngai,15.1214,108.8044,forecast,public_open_meteo_api,2026-05-17T19:36:41.280818+00:00,2026-05-18 06:00:00+07:00,26.45,91.487434,0.0,0.0,3.0,4.7827187
Quang Ngai,15.1214,108.8044,forecast,public_open_meteo_api,2026-05-17T19:36:41.280818+00:00,2026-05-18 07:00:00+07:00,28.6,77.82996,0.0,0.0,3.0,3.8521678
Quang Ngai,15.1214,108.8044,forecast,public_open_meteo_api,2026-05-17T19:36:41.280818+00:00,2026-05-18 08:00:00+07:00,30.55,67.702644,0.0,0.0,3.0,3.5864744
Quang Ngai,15.1214,108.8044,forecast,public_open_meteo_api,2026-05-17T19:36:41.280818+00:00,2026-05-18 09:00:00+07:00,32.25,60.72812,0.0,0.0,3.0,2.5772078
Quang Ngai,15.1214,108.8044,forecast,public_open_meteo_api,2026-05-17T19:36:41.280818+00:00,2026-05-18 10:00:00+07:00,33.9,54.68828,0.0,0.0,3.0,0.0
Quang Ngai,15.1214,108.8044,forecast,public_open_meteo_api,2026-05-17T19:36:41.280818+00:00,2026-05-18 11:00:00+07:00,34.6,52.596638,0.0,0.0,3.0,5.297018
Quang Ngai,15.1214,108.8044,forecast,public_open_meteo_api,2026-05-17T19:36:41.280818+00:00,2026-05-18 12:00:00+07:00,34.45,55.317425,0.0,0.0,3.0,8.709098
Quang Ngai,15.1214,108.8044,forecast,public_open_meteo_api,2026-05-17T19:36:41.280818+00:00,2026-05-18 13:00:00+07:00,34.35,58.004997,0.2,0.1,51.0,10.094454
Quang Ngai,15.1214,108.8044,forecast,public_open_meteo_api,2026-05-17T19:36:41.280818+00:00,2026-05-18 14:00:00+07:00,34.4,58.01659,0.1,0.0,95.0,13.954354
Quang Ngai,15.1214,108.8044,forecast,public_open_meteo_api,2026-05-17T19:36:41.280818+00:00,2026-05-18 15:00:00+07:00,31.8,69.78815,1.1,0.40000004,55.0,9.422101
Quang Ngai,15.1214,108.8044,forecast,public_open_meteo_api,2026-05-17T19:36:41.280818+00:00,2026-05-18 16:00:00+07:00,31.9,68.37057,0.3,0.10000001,51.0,10.055864
Quang Ngai,15.1214,108.8044,forecast,public_open_meteo_api,2026-05-17T19:36:41.280818+00:00,2026-05-18 17:00:00+07:00,30.8,72.570076,0.3,0.10000001,51.0,10.495713
Quang Ngai,15.1214,108.8044,forecast,public_open_meteo_api,2026-05-17T19:36:41.280818+00:00,2026-05-18 18:00:00+07:00,29.85,77.08858,0.0,0.0,3.0,8.311245
Quang Ngai,15.1214,108.8044,forecast,public_open_meteo_api,2026-05-17T19:36:41.280818+00:00,2026-05-18 19:00:00+07:00,29.35,82.216515,0.1,0.1,51.0,3.0547013
Quang Ngai,15.1214,108.8044,forecast,public_open_meteo_api,2026-05-17T19:36:41.280818+00:00,2026-05-18 20:00:00+07:00,28.8,86.90455,0.0,0.0,95.0,3.4576871
Quang Ngai,15.1214,108.8044,forecast,public_open_meteo_api,2026-05-17T19:36:41.280818+00:00,2026-05-18 21:00:00+07:00,28.35,90.5295,0.0,0.0,95.0,2.0523157
Quang Ngai,15.1214,108.8044,forecast,public_open_meteo_api,2026-05-17T19:36:41.280818+00:00,2026-05-18 22:00:00+07:00,27.9,93.75834,0.0,0.0,95.0,2.7059932
Quang Ngai,15.1214,108.8044,forecast,public_open_meteo_api,2026-05-17T19:36:41.280818+00:00,2026-05-18 23:00:00+07:00,27.75,94.58303,0.0,0.0,95.0,1.0495713
Quang Ninh,21.0064,107.2925,forecast,public_open_meteo_api,2026-05-17T19:36:41.286992+00:00,2026-05-18 00:00:00+07:00,24.891499,100.0,1.0,0.5,55.0,3.462369
Quang Ninh,21.0064,107.2925,forecast,public_open_meteo_api,2026-05-17T19:36:41.286992+00:00,2026-05-18 01:00:00+07:00,24.641499,99.70147,2.2,0.20000005,80.0,5.4833565
Quang Ninh,21.0064,107.2925,forecast,public_open_meteo_api,2026-05-17T19:36:41.286992+00:00,2026-05-18 02:00:00+07:00,24.5915,98.51464,0.5,0.4,53.0,5.1919937
Quang Ninh,21.0064,107.2925,forecast,public_open_meteo_api,2026-05-17T19:36:41.286992+00:00,2026-05-18 03:00:00+07:00,24.641499,99.10678,0.5,0.19999999,53.0,7.388775
Quang Ninh,21.0064,107.2925,forecast,public_open_meteo_api,2026-05-17T19:36:41.286992+00:00,2026-05-18 04:00:00+07:00,24.5415,99.10611,1.8,0.19999993,80.0,3.4152596
Quang Ninh,21.0064,107.2925,forecast,public_open_meteo_api,2026-05-17T19:36:41.286992+00:00,2026-05-18 05:00:00+07:00,24.741499,99.107445,1.1,0.5,55.0,4.3832865
Quang Ninh,21.0064,107.2925,forecast,public_open_meteo_api,2026-05-17T19:36:41.286992+00:00,2026-05-18 06:00:00+07:00,24.6915,98.81105,1.3,0.29999995,80.0,4.353619
Quang Ninh,21.0064,107.2925,forecast,public_open_meteo_api,2026-05-17T19:36:41.286992+00:00,2026-05-18 07:00:00+07:00,24.641499,97.92669,4.2,0.0,81.0,4.8899083
Quang Ninh,21.0064,107.2925,forecast,public_open_meteo_api,2026-05-17T19:36:41.286992+00:00,2026-05-18 08:00:00+07:00,25.4415,95.3436,1.1,1.1,55.0,0.742159
Quang Ninh,21.0064,107.2925,forecast,public_open_meteo_api,2026-05-17T19:36:41.286992+00:00,2026-05-18 09:00:00+07:00,26.741499,89.88399,0.7,0.7,53.0,7.353611
Quang Ninh,21.0064,107.2925,forecast,public_open_meteo_api,2026-05-17T19:36:41.286992+00:00,2026-05-18 10:00:00+07:00,27.7915,84.51774,0.2,0.2,51.0,9.473541
Quang Ninh,21.0064,107.2925,forecast,public_open_meteo_api,2026-05-17T19:36:41.286992+00:00,2026-05-18 11:00:00+07:00,28.5415,82.11996,0.1,0.0,51.0,10.441551
Quang Ninh,21.0064,107.2925,forecast,public_open_meteo_api,2026-05-17T19:36:41.286992+00:00,2026-05-18 12:00:00+07:00,28.8415,80.703125,0.1,0.0,51.0,14.178928
Quang Ninh,21.0064,107.2925,forecast,public_open_meteo_api,2026-05-17T19:36:41.286992+00:00,2026-05-18 13:00:00+07:00,28.4415,81.62005,0.2,0.1,51.0,14.018059
Quang Ninh,21.0064,107.2925,forecast,public_open_meteo_api,2026-05-17T19:36:41.286992+00:00,2026-05-18 14:00:00+07:00,28.141499,85.059006,0.7,0.5,53.0,14.970331
Quang Ninh,21.0064,107.2925,forecast,public_open_meteo_api,2026-05-17T19:36:41.286992+00:00,2026-05-18 15:00:00+07:00,27.491499,87.564476,0.7,0.19999999,53.0,14.458382
Quang Ninh,21.0064,107.2925,forecast,public_open_meteo_api,2026-05-17T19:36:41.286992+00:00,2026-05-18 16:00:00+07:00,27.6915,88.89138,0.7,0.29999998,53.0,16.507088
Quang Ninh,21.0064,107.2925,forecast,public_open_meteo_api,2026-05-17T19:36:41.286992+00:00,2026-05-18 17:00:00+07:00,26.891499,96.52655,1.8,0.5,80.0,11.799271
Quang Ninh,21.0064,107.2925,forecast,public_open_meteo_api,2026-05-17T19:36:41.286992+00:00,2026-05-18 18:00:00+07:00,26.7915,96.23915,0.6,0.40000004,53.0,11.272657
Quang Ninh,21.0064,107.2925,forecast,public_open_meteo_api,2026-05-17T19:36:41.286992+00:00,2026-05-18 19:00:00+07:00,26.6915,95.95212,0.3,0.3,51.0,7.4867883
Quang Ninh,21.0064,107.2925,forecast,public_open_meteo_api,2026-05-17T19:36:41.286992+00:00,2026-05-18 20:00:00+07:00,26.5915,95.94918,0.2,0.1,51.0,8.723967
Quang Ninh,21.0064,107.2925,forecast,public_open_meteo_api,2026-05-17T19:36:41.286992+00:00,2026-05-18 21:00:00+07:00,26.241499,96.51004,0.3,0.20000002,51.0,11.132385
Quang Ninh,21.0064,107.2925,forecast,public_open_meteo_api,2026-05-17T19:36:41.286992+00:00,2026-05-18 22:00:00+07:00,26.2915,95.94029,1.0,0.7,55.0,12.125642
Quang Ninh,21.0064,107.2925,forecast,public_open_meteo_api,2026-05-17T19:36:41.286992+00:00,2026-05-18 23:00:00+07:00,25.9415,96.502365,2.0,0.39999998,80.0,12.059999
Quang Tri,16.75,107.2,forecast,public_open_meteo_api,2026-05-17T19:36:41.298812+00:00,2026-05-18 00:00:00+07:00,26.75,98.82899,0.0,0.0,95.0,1.9881649
Quang Tri,16.75,107.2,forecast,public_open_meteo_api,2026-05-17T19:36:41.298812+00:00,2026-05-18 01:00:00+07:00,26.6,99.705765,0.0,0.0,95.0,1.609969
Quang Tri,16.75,107.2,forecast,public_open_meteo_api,2026-05-17T19:36:41.298812+00:00,2026-05-18 02:00:00+07:00,26.35,99.41126,0.0,0.0,3.0,1.98
Quang Tri,16.75,107.2,forecast,public_open_meteo_api,2026-05-17T19:36:41.298812+00:00,2026-05-18 03:00:00+07:00,26.15,99.41038,0.0,0.0,3.0,2.1674871
Quang Tri,16.75,107.2,forecast,public_open_meteo_api,2026-05-17T19:36:41.298812+00:00,2026-05-18 04:00:00+07:00,26.2,98.53222,0.0,0.0,3.0,1.4512063
Quang Tri,16.75,107.2,forecast,public_open_meteo_api,2026-05-17T19:36:41.298812+00:00,2026-05-18 05:00:00+07:00,26.05,97.65803,0.0,0.0,3.0,6.193674
Quang Tri,16.75,107.2,forecast,public_open_meteo_api,2026-05-17T19:36:41.298812+00:00,2026-05-18 06:00:00+07:00,26.25,92.57386,0.0,0.0,3.0,7.0934615
Quang Tri,16.75,107.2,forecast,public_open_meteo_api,2026-05-17T19:36:41.298812+00:00,2026-05-18 07:00:00+07:00,28.0,83.04105,0.0,0.0,3.0,7.570707
Quang Tri,16.75,107.2,forecast,public_open_meteo_api,2026-05-17T19:36:41.298812+00:00,2026-05-18 08:00:00+07:00,30.3,72.267944,0.0,0.0,3.0,7.689603
Quang Tri,16.75,107.2,forecast,public_open_meteo_api,2026-05-17T19:36:41.298812+00:00,2026-05-18 09:00:00+07:00,32.0,65.59619,0.0,0.0,3.0,6.21717
Quang Tri,16.75,107.2,forecast,public_open_meteo_api,2026-05-17T19:36:41.298812+00:00,2026-05-18 10:00:00+07:00,33.2,61.122166,0.1,0.0,51.0,4.072935
Quang Tri,16.75,107.2,forecast,public_open_meteo_api,2026-05-17T19:36:41.298812+00:00,2026-05-18 11:00:00+07:00,34.05,59.159157,0.0,0.0,3.0,1.7727944
Quang Tri,16.75,107.2,forecast,public_open_meteo_api,2026-05-17T19:36:41.298812+00:00,2026-05-18 12:00:00+07:00,34.0,60.57422,0.1,0.0,95.0,9.906544
Quang Tri,16.75,107.2,forecast,public_open_meteo_api,2026-05-17T19:36:41.298812+00:00,2026-05-18 13:00:00+07:00,28.8,84.37351,8.6,0.9000006,81.0,2.8001428
Quang Tri,16.75,107.2,forecast,public_open_meteo_api,2026-05-17T19:36:41.298812+00:00,2026-05-18 14:00:00+07:00,28.3,87.633995,2.4,2.2,80.0,10.383987
Quang Tri,16.75,107.2,forecast,public_open_meteo_api,2026-05-17T19:36:41.298812+00:00,2026-05-18 15:00:00+07:00,28.0,90.50616,1.7,1.7,80.0,7.256032
Quang Tri,16.75,107.2,forecast,public_open_meteo_api,2026-05-17T19:36:41.298812+00:00,2026-05-18 16:00:00+07:00,27.95,89.43913,1.2,0.90000004,55.0,0.8049845
Quang Tri,16.75,107.2,forecast,public_open_meteo_api,2026-05-17T19:36:41.298812+00:00,2026-05-18 17:00:00+07:00,27.95,87.60397,0.2,0.2,51.0,2.5959969
Quang Tri,16.75,107.2,forecast,public_open_meteo_api,2026-05-17T19:36:41.298812+00:00,2026-05-18 18:00:00+07:00,27.85,86.8185,0.0,0.0,3.0,5.04
Quang Tri,16.75,107.2,forecast,public_open_meteo_api,2026-05-17T19:36:41.298812+00:00,2026-05-18 19:00:00+07:00,27.4,91.544685,0.0,0.0,3.0,4.724786
Quang Tri,16.75,107.2,forecast,public_open_meteo_api,2026-05-17T19:36:41.298812+00:00,2026-05-18 20:00:00+07:00,27.25,93.452515,0.0,0.0,3.0,2.907989
Quang Tri,16.75,107.2,forecast,public_open_meteo_api,2026-05-17T19:36:41.298812+00:00,2026-05-18 21:00:00+07:00,27.35,93.73367,0.0,0.0,3.0,0.56920993
Quang Tri,16.75,107.2,forecast,public_open_meteo_api,2026-05-17T19:36:41.298812+00:00,2026-05-18 22:00:00+07:00,27.25,95.404335,0.0,0.0,95.0,1.659518
Quang Tri,16.75,107.2,forecast,public_open_meteo_api,2026-05-17T19:36:41.298812+00:00,2026-05-18 23:00:00+07:00,26.95,97.961655,0.0,0.0,95.0,2.4216523
Soc Trang,9.6025,105.9739,forecast,public_open_meteo_api,2026-05-17T19:36:41.307605+00:00,2026-05-18 00:00:00+07:00,27.55,84.74505,0.0,0.0,3.0,7.9567327
Soc Trang,9.6025,105.9739,forecast,public_open_meteo_api,2026-05-17T19:36:41.307605+00:00,2026-05-18 01:00:00+07:00,27.4,85.74807,0.0,0.0,2.0,8.574123
Soc Trang,9.6025,105.9739,forecast,public_open_meteo_api,2026-05-17T19:36:41.307605+00:00,2026-05-18 02:00:00+07:00,27.15,87.01402,0.1,0.0,51.0,11.48761
Soc Trang,9.6025,105.9739,forecast,public_open_meteo_api,2026-05-17T19:36:41.307605+00:00,2026-05-18 03:00:00+07:00,25.55,95.06289,1.9,0.5,80.0,9.919618
Soc Trang,9.6025,105.9739,forecast,public_open_meteo_api,2026-05-17T19:36:41.307605+00:00,2026-05-18 04:00:00+07:00,25.9,94.792465,0.2,0.2,51.0,6.59154
Soc Trang,9.6025,105.9739,forecast,public_open_meteo_api,2026-05-17T19:36:41.307605+00:00,2026-05-18 05:00:00+07:00,25.9,95.0754,0.0,0.0,2.0,4.5
Soc Trang,9.6025,105.9739,forecast,public_open_meteo_api,2026-05-17T19:36:41.307605+00:00,2026-05-18 06:00:00+07:00,25.85,95.07362,0.0,0.0,2.0,5.7628117
Soc Trang,9.6025,105.9739,forecast,public_open_meteo_api,2026-05-17T19:36:41.307605+00:00,2026-05-18 07:00:00+07:00,26.9,89.361115,0.0,0.0,1.0,7.5363917
Soc Trang,9.6025,105.9739,forecast,public_open_meteo_api,2026-05-17T19:36:41.307605+00:00,2026-05-18 08:00:00+07:00,28.8,80.45785,0.0,0.0,1.0,8.019601
Soc Trang,9.6025,105.9739,forecast,public_open_meteo_api,2026-05-17T19:36:41.307605+00:00,2026-05-18 09:00:00+07:00,30.55,72.960495,0.1,0.0,51.0,16.293728
Soc Trang,9.6025,105.9739,forecast,public_open_meteo_api,2026-05-17T19:36:41.307605+00:00,2026-05-18 10:00:00+07:00,31.6,68.92618,0.1,0.0,51.0,12.601285
Soc Trang,9.6025,105.9739,forecast,public_open_meteo_api,2026-05-17T19:36:41.307605+00:00,2026-05-18 11:00:00+07:00,32.5,65.11374,0.1,0.0,95.0,15.122143
Soc Trang,9.6025,105.9739,forecast,public_open_meteo_api,2026-05-17T19:36:41.307605+00:00,2026-05-18 12:00:00+07:00,32.75,61.758003,0.2,0.1,51.0,12.886039
Soc Trang,9.6025,105.9739,forecast,public_open_meteo_api,2026-05-17T19:36:41.307605+00:00,2026-05-18 13:00:00+07:00,33.5,59.033504,0.1,0.1,51.0,14.401124
Soc Trang,9.6025,105.9739,forecast,public_open_meteo_api,2026-05-17T19:36:41.307605+00:00,2026-05-18 14:00:00+07:00,33.75,56.492813,0.1,0.1,51.0,12.841963
Soc Trang,9.6025,105.9739,forecast,public_open_meteo_api,2026-05-17T19:36:41.307605+00:00,2026-05-18 15:00:00+07:00,28.45,84.086266,0.5,0.3,53.0,13.044722
Soc Trang,9.6025,105.9739,forecast,public_open_meteo_api,2026-05-17T19:36:41.307605+00:00,2026-05-18 16:00:00+07:00,30.1,74.20078,0.2,0.1,51.0,14.291592
Soc Trang,9.6025,105.9739,forecast,public_open_meteo_api,2026-05-17T19:36:41.307605+00:00,2026-05-18 17:00:00+07:00,29.8,71.74934,0.2,0.2,51.0,9.703319
Soc Trang,9.6025,105.9739,forecast,public_open_meteo_api,2026-05-17T19:36:41.307605+00:00,2026-05-18 18:00:00+07:00,28.3,80.1528,0.1,0.1,51.0,6.384293
Soc Trang,9.6025,105.9739,forecast,public_open_meteo_api,2026-05-17T19:36:41.307605+00:00,2026-05-18 19:00:00+07:00,27.9,85.03432,0.1,0.1,51.0,2.4216523
Soc Trang,9.6025,105.9739,forecast,public_open_meteo_api,2026-05-17T19:36:41.307605+00:00,2026-05-18 20:00:00+07:00,27.9,87.34015,0.0,0.0,2.0,1.0948973
Soc Trang,9.6025,105.9739,forecast,public_open_meteo_api,2026-05-17T19:36:41.307605+00:00,2026-05-18 21:00:00+07:00,27.9,88.120804,0.0,0.0,2.0,1.609969
Soc Trang,9.6025,105.9739,forecast,public_open_meteo_api,2026-05-17T19:36:41.307605+00:00,2026-05-18 22:00:00+07:00,27.6,89.148384,0.0,0.0,3.0,3.8773184
Soc Trang,9.6025,105.9739,forecast,public_open_meteo_api,2026-05-17T19:36:41.307605+00:00,2026-05-18 23:00:00+07:00,27.45,89.667854,0.0,0.0,3.0,5.3457265
