diem_den,van_de,hanh_dong,doi_tuong_thuc_hien,chi_phi_uoc_tinh,loi_ich_ky_vong,logic_kinh_te,kpi_do_luong,diem_tac_dong_kinh_te,diem_kha_thi,diem_khan_cap,diem_uu_tien,muc_uu_tien,du_lieu_chung_minh,do_tin_cay,cap_nhat_lan_cuoi
Hạ Long,áp lực cao/nguy cơ quá tải,"Điều chỉnh truyền thông, kích cầu điểm phụ, công bố cảnh báo trên dashboard/app",Chính quyền,thấp-trung bình,"Giảm áp lực điểm nóng, tăng chi tiêu ăn uống/vận tải/lưu trú ở điểm phụ, giảm chi phí xã hội do kẹt xe và trải nghiệm xấu.","Vấn đề -> Hành động -> KPI thay đổi -> Hiệu quả kinh tế: giảm áp lực tại điểm nóng, tăng chi tiêu ăn uống/vận tải/lưu trú/vé ở vùng phụ và giảm chi phí xã hội do kẹt xe/quá tải.",Điểm áp lực; điểm điều phối; điểm hạ tầng; cơ hội kinh tế; doanh thu ăn uống/vé/lưu trú; phản hồi du khách,76.2,68.66,94.73,80.28,Cao,mixed_proxy_near_real_time,76.5,20/05/2026 22:18
Hạ Long,áp lực cao/nguy cơ quá tải,"Phân luồng tại tuyến ven biển, đặt biển báo, tăng lực lượng ở nút vào bãi biển/POI",Công an/giao thông,trung bình,"Giảm áp lực điểm nóng, tăng chi tiêu ăn uống/vận tải/lưu trú ở điểm phụ, giảm chi phí xã hội do kẹt xe và trải nghiệm xấu.","Vấn đề -> Hành động -> KPI thay đổi -> Hiệu quả kinh tế: giảm áp lực tại điểm nóng, tăng chi tiêu ăn uống/vận tải/lưu trú/vé ở vùng phụ và giảm chi phí xã hội do kẹt xe/quá tải.",Điểm áp lực; điểm điều phối; điểm hạ tầng; cơ hội kinh tế; doanh thu ăn uống/vé/lưu trú; phản hồi du khách,77.4,63.05,94.73,79.64,Trung bình,mixed_proxy_near_real_time,76.5,20/05/2026 22:18
Hạ Long,áp lực cao/nguy cơ quá tải,"Bán gói liên vùng, chuyển tour sang khung giờ thấp điểm hoặc điểm còn dư địa",Doanh nghiệp du lịch,thấp-trung bình,"Giảm áp lực điểm nóng, tăng chi tiêu ăn uống/vận tải/lưu trú ở điểm phụ, giảm chi phí xã hội do kẹt xe và trải nghiệm xấu.","Vấn đề -> Hành động -> KPI thay đổi -> Hiệu quả kinh tế: giảm áp lực tại điểm nóng, tăng chi tiêu ăn uống/vận tải/lưu trú/vé ở vùng phụ và giảm chi phí xã hội do kẹt xe/quá tải.",Điểm áp lực; điểm điều phối; điểm hạ tầng; cơ hội kinh tế; doanh thu ăn uống/vé/lưu trú; phản hồi du khách,76.5,69.36,94.73,80.54,Cao,mixed_proxy_near_real_time,76.5,20/05/2026 22:18
Hạ Long,áp lực cao/nguy cơ quá tải,"Tạo combo lưu trú dài hơn, voucher ăn uống địa phương và điều tiết giá theo trải nghiệm",Khách sạn,thấp-trung bình,"Giảm áp lực điểm nóng, tăng chi tiêu ăn uống/vận tải/lưu trú ở điểm phụ, giảm chi phí xã hội do kẹt xe và trải nghiệm xấu.","Vấn đề -> Hành động -> KPI thay đổi -> Hiệu quả kinh tế: giảm áp lực tại điểm nóng, tăng chi tiêu ăn uống/vận tải/lưu trú/vé ở vùng phụ và giảm chi phí xã hội do kẹt xe/quá tải.",Điểm áp lực; điểm điều phối; điểm hạ tầng; cơ hội kinh tế; doanh thu ăn uống/vé/lưu trú; phản hồi du khách,75.6,70.75,94.73,80.46,Cao,mixed_proxy_near_real_time,76.5,20/05/2026 22:18
Hạ Long,áp lực cao/nguy cơ quá tải,"Chia vé theo khung giờ, tăng nhân sự soát vé, đẩy QR/e-ticket",Khu vui chơi,thấp-trung bình,"Giảm áp lực điểm nóng, tăng chi tiêu ăn uống/vận tải/lưu trú ở điểm phụ, giảm chi phí xã hội do kẹt xe và trải nghiệm xấu.","Vấn đề -> Hành động -> KPI thay đổi -> Hiệu quả kinh tế: giảm áp lực tại điểm nóng, tăng chi tiêu ăn uống/vận tải/lưu trú/vé ở vùng phụ và giảm chi phí xã hội do kẹt xe/quá tải.",Điểm áp lực; điểm điều phối; điểm hạ tầng; cơ hội kinh tế; doanh thu ăn uống/vé/lưu trú; phản hồi du khách,76.05,70.05,94.73,80.5,Cao,mixed_proxy_near_real_time,76.5,20/05/2026 22:18
Hạ Long,áp lực cao/nguy cơ quá tải,"Tạo voucher giờ thấp điểm, menu combo địa phương và điểm bán vệ tinh",Nhà hàng/OCOP,thấp-trung bình,"Giảm áp lực điểm nóng, tăng chi tiêu ăn uống/vận tải/lưu trú ở điểm phụ, giảm chi phí xã hội do kẹt xe và trải nghiệm xấu.","Vấn đề -> Hành động -> KPI thay đổi -> Hiệu quả kinh tế: giảm áp lực tại điểm nóng, tăng chi tiêu ăn uống/vận tải/lưu trú/vé ở vùng phụ và giảm chi phí xã hội do kẹt xe/quá tải.",Điểm áp lực; điểm điều phối; điểm hạ tầng; cơ hội kinh tế; doanh thu ăn uống/vé/lưu trú; phản hồi du khách,75.0,71.45,94.73,80.36,Cao,mixed_proxy_near_real_time,76.5,20/05/2026 22:18
Hạ Long,áp lực cao/nguy cơ quá tải,Tăng shuttle từ bãi đỗ vệ tinh và tuyến thay thế khi điểm áp lực tăng,Vận tải/shuttle,trung bình,"Giảm áp lực điểm nóng, tăng chi tiêu ăn uống/vận tải/lưu trú ở điểm phụ, giảm chi phí xã hội do kẹt xe và trải nghiệm xấu.","Vấn đề -> Hành động -> KPI thay đổi -> Hiệu quả kinh tế: giảm áp lực tại điểm nóng, tăng chi tiêu ăn uống/vận tải/lưu trú/vé ở vùng phụ và giảm chi phí xã hội do kẹt xe/quá tải.",Điểm áp lực; điểm điều phối; điểm hạ tầng; cơ hội kinh tế; doanh thu ăn uống/vé/lưu trú; phản hồi du khách,77.1,65.16,94.73,79.94,Trung bình,mixed_proxy_near_real_time,76.5,20/05/2026 22:18
Cát Bà,áp lực cao/nguy cơ quá tải,"Điều chỉnh truyền thông, kích cầu điểm phụ, công bố cảnh báo trên dashboard/app",Chính quyền,thấp-trung bình,"Giảm áp lực điểm nóng, tăng chi tiêu ăn uống/vận tải/lưu trú ở điểm phụ, giảm chi phí xã hội do kẹt xe và trải nghiệm xấu.","Vấn đề -> Hành động -> KPI thay đổi -> Hiệu quả kinh tế: giảm áp lực tại điểm nóng, tăng chi tiêu ăn uống/vận tải/lưu trú/vé ở vùng phụ và giảm chi phí xã hội do kẹt xe/quá tải.",Điểm áp lực; điểm điều phối; điểm hạ tầng; cơ hội kinh tế; doanh thu ăn uống/vé/lưu trú; phản hồi du khách,70.72,67.27,80.81,73.63,Trung bình,mixed_proxy_near_real_time,76.5,20/05/2026 22:18
Cát Bà,áp lực cao/nguy cơ quá tải,"Phân luồng tại tuyến ven biển, đặt biển báo, tăng lực lượng ở nút vào bãi biển/POI",Công an/giao thông,trung bình,"Giảm áp lực điểm nóng, tăng chi tiêu ăn uống/vận tải/lưu trú ở điểm phụ, giảm chi phí xã hội do kẹt xe và trải nghiệm xấu.","Vấn đề -> Hành động -> KPI thay đổi -> Hiệu quả kinh tế: giảm áp lực tại điểm nóng, tăng chi tiêu ăn uống/vận tải/lưu trú/vé ở vùng phụ và giảm chi phí xã hội do kẹt xe/quá tải.",Điểm áp lực; điểm điều phối; điểm hạ tầng; cơ hội kinh tế; doanh thu ăn uống/vé/lưu trú; phản hồi du khách,71.92,61.67,80.81,72.99,Trung bình,mixed_proxy_near_real_time,76.5,20/05/2026 22:18
Cát Bà,áp lực cao/nguy cơ quá tải,"Bán gói liên vùng, chuyển tour sang khung giờ thấp điểm hoặc điểm còn dư địa",Doanh nghiệp du lịch,thấp-trung bình,"Giảm áp lực điểm nóng, tăng chi tiêu ăn uống/vận tải/lưu trú ở điểm phụ, giảm chi phí xã hội do kẹt xe và trải nghiệm xấu.","Vấn đề -> Hành động -> KPI thay đổi -> Hiệu quả kinh tế: giảm áp lực tại điểm nóng, tăng chi tiêu ăn uống/vận tải/lưu trú/vé ở vùng phụ và giảm chi phí xã hội do kẹt xe/quá tải.",Điểm áp lực; điểm điều phối; điểm hạ tầng; cơ hội kinh tế; doanh thu ăn uống/vé/lưu trú; phản hồi du khách,71.02,67.97,80.81,73.89,Trung bình,mixed_proxy_near_real_time,76.5,20/05/2026 22:18
Cát Bà,áp lực cao/nguy cơ quá tải,"Tạo combo lưu trú dài hơn, voucher ăn uống địa phương và điều tiết giá theo trải nghiệm",Khách sạn,thấp-trung bình,"Giảm áp lực điểm nóng, tăng chi tiêu ăn uống/vận tải/lưu trú ở điểm phụ, giảm chi phí xã hội do kẹt xe và trải nghiệm xấu.","Vấn đề -> Hành động -> KPI thay đổi -> Hiệu quả kinh tế: giảm áp lực tại điểm nóng, tăng chi tiêu ăn uống/vận tải/lưu trú/vé ở vùng phụ và giảm chi phí xã hội do kẹt xe/quá tải.",Điểm áp lực; điểm điều phối; điểm hạ tầng; cơ hội kinh tế; doanh thu ăn uống/vé/lưu trú; phản hồi du khách,70.12,69.37,80.81,73.81,Trung bình,mixed_proxy_near_real_time,76.5,20/05/2026 22:18
Cát Bà,áp lực cao/nguy cơ quá tải,"Chia vé theo khung giờ, tăng nhân sự soát vé, đẩy QR/e-ticket",Khu vui chơi,thấp-trung bình,"Giảm áp lực điểm nóng, tăng chi tiêu ăn uống/vận tải/lưu trú ở điểm phụ, giảm chi phí xã hội do kẹt xe và trải nghiệm xấu.","Vấn đề -> Hành động -> KPI thay đổi -> Hiệu quả kinh tế: giảm áp lực tại điểm nóng, tăng chi tiêu ăn uống/vận tải/lưu trú/vé ở vùng phụ và giảm chi phí xã hội do kẹt xe/quá tải.",Điểm áp lực; điểm điều phối; điểm hạ tầng; cơ hội kinh tế; doanh thu ăn uống/vé/lưu trú; phản hồi du khách,70.57,68.67,80.81,73.85,Trung bình,mixed_proxy_near_real_time,76.5,20/05/2026 22:18
Cát Bà,áp lực cao/nguy cơ quá tải,"Tạo voucher giờ thấp điểm, menu combo địa phương và điểm bán vệ tinh",Nhà hàng/OCOP,thấp-trung bình,"Giảm áp lực điểm nóng, tăng chi tiêu ăn uống/vận tải/lưu trú ở điểm phụ, giảm chi phí xã hội do kẹt xe và trải nghiệm xấu.","Vấn đề -> Hành động -> KPI thay đổi -> Hiệu quả kinh tế: giảm áp lực tại điểm nóng, tăng chi tiêu ăn uống/vận tải/lưu trú/vé ở vùng phụ và giảm chi phí xã hội do kẹt xe/quá tải.",Điểm áp lực; điểm điều phối; điểm hạ tầng; cơ hội kinh tế; doanh thu ăn uống/vé/lưu trú; phản hồi du khách,69.52,70.07,80.81,73.71,Trung bình,mixed_proxy_near_real_time,76.5,20/05/2026 22:18
Cát Bà,áp lực cao/nguy cơ quá tải,Tăng shuttle từ bãi đỗ vệ tinh và tuyến thay thế khi điểm áp lực tăng,Vận tải/shuttle,trung bình,"Giảm áp lực điểm nóng, tăng chi tiêu ăn uống/vận tải/lưu trú ở điểm phụ, giảm chi phí xã hội do kẹt xe và trải nghiệm xấu.","Vấn đề -> Hành động -> KPI thay đổi -> Hiệu quả kinh tế: giảm áp lực tại điểm nóng, tăng chi tiêu ăn uống/vận tải/lưu trú/vé ở vùng phụ và giảm chi phí xã hội do kẹt xe/quá tải.",Điểm áp lực; điểm điều phối; điểm hạ tầng; cơ hội kinh tế; doanh thu ăn uống/vé/lưu trú; phản hồi du khách,71.62,63.77,80.81,73.29,Trung bình,mixed_proxy_near_real_time,76.5,20/05/2026 22:18
Quy Nhơn,còn dư địa hoặc cần theo dõi,"Điều chỉnh truyền thông, kích cầu điểm phụ, công bố cảnh báo trên dashboard/app",Chính quyền,thấp-trung bình,Tăng doanh thu mùa thấp điểm và kéo dài thời gian lưu trú nếu kích cầu đúng phân khúc.,"Vấn đề -> Hành động -> KPI thay đổi -> Hiệu quả kinh tế: giảm áp lực tại điểm nóng, tăng chi tiêu ăn uống/vận tải/lưu trú/vé ở vùng phụ và giảm chi phí xã hội do kẹt xe/quá tải.",Điểm áp lực; điểm điều phối; điểm hạ tầng; cơ hội kinh tế; doanh thu ăn uống/vé/lưu trú; phản hồi du khách,61.79,66.22,69.71,66.52,Trung bình,mixed_proxy_near_real_time,76.5,20/05/2026 22:18
Quy Nhơn,còn dư địa hoặc cần theo dõi,"Phân luồng tại tuyến ven biển, đặt biển báo, tăng lực lượng ở nút vào bãi biển/POI",Công an/giao thông,trung bình,Tăng doanh thu mùa thấp điểm và kéo dài thời gian lưu trú nếu kích cầu đúng phân khúc.,"Vấn đề -> Hành động -> KPI thay đổi -> Hiệu quả kinh tế: giảm áp lực tại điểm nóng, tăng chi tiêu ăn uống/vận tải/lưu trú/vé ở vùng phụ và giảm chi phí xã hội do kẹt xe/quá tải.",Điểm áp lực; điểm điều phối; điểm hạ tầng; cơ hội kinh tế; doanh thu ăn uống/vé/lưu trú; phản hồi du khách,62.99,60.62,69.71,65.88,Trung bình,mixed_proxy_near_real_time,76.5,20/05/2026 22:18
Quy Nhơn,còn dư địa hoặc cần theo dõi,"Bán gói liên vùng, chuyển tour sang khung giờ thấp điểm hoặc điểm còn dư địa",Doanh nghiệp du lịch,thấp-trung bình,Tăng doanh thu mùa thấp điểm và kéo dài thời gian lưu trú nếu kích cầu đúng phân khúc.,"Vấn đề -> Hành động -> KPI thay đổi -> Hiệu quả kinh tế: giảm áp lực tại điểm nóng, tăng chi tiêu ăn uống/vận tải/lưu trú/vé ở vùng phụ và giảm chi phí xã hội do kẹt xe/quá tải.",Điểm áp lực; điểm điều phối; điểm hạ tầng; cơ hội kinh tế; doanh thu ăn uống/vé/lưu trú; phản hồi du khách,62.09,66.92,69.71,66.78,Trung bình,mixed_proxy_near_real_time,76.5,20/05/2026 22:18
Quy Nhơn,còn dư địa hoặc cần theo dõi,"Tạo combo lưu trú dài hơn, voucher ăn uống địa phương và điều tiết giá theo trải nghiệm",Khách sạn,thấp-trung bình,Tăng doanh thu mùa thấp điểm và kéo dài thời gian lưu trú nếu kích cầu đúng phân khúc.,"Vấn đề -> Hành động -> KPI thay đổi -> Hiệu quả kinh tế: giảm áp lực tại điểm nóng, tăng chi tiêu ăn uống/vận tải/lưu trú/vé ở vùng phụ và giảm chi phí xã hội do kẹt xe/quá tải.",Điểm áp lực; điểm điều phối; điểm hạ tầng; cơ hội kinh tế; doanh thu ăn uống/vé/lưu trú; phản hồi du khách,61.19,68.32,69.71,66.7,Trung bình,mixed_proxy_near_real_time,76.5,20/05/2026 22:18
Quy Nhơn,còn dư địa hoặc cần theo dõi,"Chia vé theo khung giờ, tăng nhân sự soát vé, đẩy QR/e-ticket",Khu vui chơi,thấp-trung bình,Tăng doanh thu mùa thấp điểm và kéo dài thời gian lưu trú nếu kích cầu đúng phân khúc.,"Vấn đề -> Hành động -> KPI thay đổi -> Hiệu quả kinh tế: giảm áp lực tại điểm nóng, tăng chi tiêu ăn uống/vận tải/lưu trú/vé ở vùng phụ và giảm chi phí xã hội do kẹt xe/quá tải.",Điểm áp lực; điểm điều phối; điểm hạ tầng; cơ hội kinh tế; doanh thu ăn uống/vé/lưu trú; phản hồi du khách,61.64,67.62,69.71,66.74,Trung bình,mixed_proxy_near_real_time,76.5,20/05/2026 22:18
Quy Nhơn,còn dư địa hoặc cần theo dõi,"Tạo voucher giờ thấp điểm, menu combo địa phương và điểm bán vệ tinh",Nhà hàng/OCOP,thấp-trung bình,Tăng doanh thu mùa thấp điểm và kéo dài thời gian lưu trú nếu kích cầu đúng phân khúc.,"Vấn đề -> Hành động -> KPI thay đổi -> Hiệu quả kinh tế: giảm áp lực tại điểm nóng, tăng chi tiêu ăn uống/vận tải/lưu trú/vé ở vùng phụ và giảm chi phí xã hội do kẹt xe/quá tải.",Điểm áp lực; điểm điều phối; điểm hạ tầng; cơ hội kinh tế; doanh thu ăn uống/vé/lưu trú; phản hồi du khách,60.59,69.02,69.71,66.6,Trung bình,mixed_proxy_near_real_time,76.5,20/05/2026 22:18
Quy Nhơn,còn dư địa hoặc cần theo dõi,Tăng shuttle từ bãi đỗ vệ tinh và tuyến thay thế khi điểm áp lực tăng,Vận tải/shuttle,trung bình,Tăng doanh thu mùa thấp điểm và kéo dài thời gian lưu trú nếu kích cầu đúng phân khúc.,"Vấn đề -> Hành động -> KPI thay đổi -> Hiệu quả kinh tế: giảm áp lực tại điểm nóng, tăng chi tiêu ăn uống/vận tải/lưu trú/vé ở vùng phụ và giảm chi phí xã hội do kẹt xe/quá tải.",Điểm áp lực; điểm điều phối; điểm hạ tầng; cơ hội kinh tế; doanh thu ăn uống/vé/lưu trú; phản hồi du khách,62.69,62.72,69.71,66.18,Trung bình,mixed_proxy_near_real_time,76.5,20/05/2026 22:18
Đà Nẵng,còn dư địa hoặc cần theo dõi,"Điều chỉnh truyền thông, kích cầu điểm phụ, công bố cảnh báo trên dashboard/app",Chính quyền,thấp-trung bình,Tăng doanh thu mùa thấp điểm và kéo dài thời gian lưu trú nếu kích cầu đúng phân khúc.,"Vấn đề -> Hành động -> KPI thay đổi -> Hiệu quả kinh tế: giảm áp lực tại điểm nóng, tăng chi tiêu ăn uống/vận tải/lưu trú/vé ở vùng phụ và giảm chi phí xã hội do kẹt xe/quá tải.",Điểm áp lực; điểm điều phối; điểm hạ tầng; cơ hội kinh tế; doanh thu ăn uống/vé/lưu trú; phản hồi du khách,70.73,76.36,67.06,71.33,Trung bình,mixed_proxy_near_real_time,76.5,20/05/2026 22:18
Đà Nẵng,còn dư địa hoặc cần theo dõi,"Phân luồng tại tuyến ven biển, đặt biển báo, tăng lực lượng ở nút vào bãi biển/POI",Công an/giao thông,trung bình,Tăng doanh thu mùa thấp điểm và kéo dài thời gian lưu trú nếu kích cầu đúng phân khúc.,"Vấn đề -> Hành động -> KPI thay đổi -> Hiệu quả kinh tế: giảm áp lực tại điểm nóng, tăng chi tiêu ăn uống/vận tải/lưu trú/vé ở vùng phụ và giảm chi phí xã hội do kẹt xe/quá tải.",Điểm áp lực; điểm điều phối; điểm hạ tầng; cơ hội kinh tế; doanh thu ăn uống/vé/lưu trú; phản hồi du khách,71.93,70.76,67.06,70.69,Trung bình,mixed_proxy_near_real_time,76.5,20/05/2026 22:18
Đà Nẵng,còn dư địa hoặc cần theo dõi,"Bán gói liên vùng, chuyển tour sang khung giờ thấp điểm hoặc điểm còn dư địa",Doanh nghiệp du lịch,thấp-trung bình,Tăng doanh thu mùa thấp điểm và kéo dài thời gian lưu trú nếu kích cầu đúng phân khúc.,"Vấn đề -> Hành động -> KPI thay đổi -> Hiệu quả kinh tế: giảm áp lực tại điểm nóng, tăng chi tiêu ăn uống/vận tải/lưu trú/vé ở vùng phụ và giảm chi phí xã hội do kẹt xe/quá tải.",Điểm áp lực; điểm điều phối; điểm hạ tầng; cơ hội kinh tế; doanh thu ăn uống/vé/lưu trú; phản hồi du khách,71.03,77.06,67.06,71.59,Trung bình,mixed_proxy_near_real_time,76.5,20/05/2026 22:18
Đà Nẵng,còn dư địa hoặc cần theo dõi,"Tạo combo lưu trú dài hơn, voucher ăn uống địa phương và điều tiết giá theo trải nghiệm",Khách sạn,thấp-trung bình,Tăng doanh thu mùa thấp điểm và kéo dài thời gian lưu trú nếu kích cầu đúng phân khúc.,"Vấn đề -> Hành động -> KPI thay đổi -> Hiệu quả kinh tế: giảm áp lực tại điểm nóng, tăng chi tiêu ăn uống/vận tải/lưu trú/vé ở vùng phụ và giảm chi phí xã hội do kẹt xe/quá tải.",Điểm áp lực; điểm điều phối; điểm hạ tầng; cơ hội kinh tế; doanh thu ăn uống/vé/lưu trú; phản hồi du khách,70.13,78.46,67.06,71.51,Trung bình,mixed_proxy_near_real_time,76.5,20/05/2026 22:18
Đà Nẵng,còn dư địa hoặc cần theo dõi,"Chia vé theo khung giờ, tăng nhân sự soát vé, đẩy QR/e-ticket",Khu vui chơi,thấp-trung bình,Tăng doanh thu mùa thấp điểm và kéo dài thời gian lưu trú nếu kích cầu đúng phân khúc.,"Vấn đề -> Hành động -> KPI thay đổi -> Hiệu quả kinh tế: giảm áp lực tại điểm nóng, tăng chi tiêu ăn uống/vận tải/lưu trú/vé ở vùng phụ và giảm chi phí xã hội do kẹt xe/quá tải.",Điểm áp lực; điểm điều phối; điểm hạ tầng; cơ hội kinh tế; doanh thu ăn uống/vé/lưu trú; phản hồi du khách,70.58,77.76,67.06,71.55,Trung bình,mixed_proxy_near_real_time,76.5,20/05/2026 22:18
Đà Nẵng,còn dư địa hoặc cần theo dõi,"Tạo voucher giờ thấp điểm, menu combo địa phương và điểm bán vệ tinh",Nhà hàng/OCOP,thấp-trung bình,Tăng doanh thu mùa thấp điểm và kéo dài thời gian lưu trú nếu kích cầu đúng phân khúc.,"Vấn đề -> Hành động -> KPI thay đổi -> Hiệu quả kinh tế: giảm áp lực tại điểm nóng, tăng chi tiêu ăn uống/vận tải/lưu trú/vé ở vùng phụ và giảm chi phí xã hội do kẹt xe/quá tải.",Điểm áp lực; điểm điều phối; điểm hạ tầng; cơ hội kinh tế; doanh thu ăn uống/vé/lưu trú; phản hồi du khách,69.53,79.16,67.06,71.41,Trung bình,mixed_proxy_near_real_time,76.5,20/05/2026 22:18
Đà Nẵng,còn dư địa hoặc cần theo dõi,Tăng shuttle từ bãi đỗ vệ tinh và tuyến thay thế khi điểm áp lực tăng,Vận tải/shuttle,trung bình,Tăng doanh thu mùa thấp điểm và kéo dài thời gian lưu trú nếu kích cầu đúng phân khúc.,"Vấn đề -> Hành động -> KPI thay đổi -> Hiệu quả kinh tế: giảm áp lực tại điểm nóng, tăng chi tiêu ăn uống/vận tải/lưu trú/vé ở vùng phụ và giảm chi phí xã hội do kẹt xe/quá tải.",Điểm áp lực; điểm điều phối; điểm hạ tầng; cơ hội kinh tế; doanh thu ăn uống/vé/lưu trú; phản hồi du khách,71.63,72.86,67.06,70.99,Trung bình,mixed_proxy_near_real_time,76.5,20/05/2026 22:18
Mũi Né,còn dư địa hoặc cần theo dõi,"Điều chỉnh truyền thông, kích cầu điểm phụ, công bố cảnh báo trên dashboard/app",Chính quyền,thấp-trung bình,Tăng doanh thu mùa thấp điểm và kéo dài thời gian lưu trú nếu kích cầu đúng phân khúc.,"Vấn đề -> Hành động -> KPI thay đổi -> Hiệu quả kinh tế: giảm áp lực tại điểm nóng, tăng chi tiêu ăn uống/vận tải/lưu trú/vé ở vùng phụ và giảm chi phí xã hội do kẹt xe/quá tải.",Điểm áp lực; điểm điều phối; điểm hạ tầng; cơ hội kinh tế; doanh thu ăn uống/vé/lưu trú; phản hồi du khách,62.39,69.1,64.78,65.86,Trung bình,mixed_proxy_near_real_time,76.5,20/05/2026 22:18
Mũi Né,còn dư địa hoặc cần theo dõi,"Phân luồng tại tuyến ven biển, đặt biển báo, tăng lực lượng ở nút vào bãi biển/POI",Công an/giao thông,trung bình,Tăng doanh thu mùa thấp điểm và kéo dài thời gian lưu trú nếu kích cầu đúng phân khúc.,"Vấn đề -> Hành động -> KPI thay đổi -> Hiệu quả kinh tế: giảm áp lực tại điểm nóng, tăng chi tiêu ăn uống/vận tải/lưu trú/vé ở vùng phụ và giảm chi phí xã hội do kẹt xe/quá tải.",Điểm áp lực; điểm điều phối; điểm hạ tầng; cơ hội kinh tế; doanh thu ăn uống/vé/lưu trú; phản hồi du khách,63.59,63.5,64.78,65.22,Trung bình,mixed_proxy_near_real_time,76.5,20/05/2026 22:18
Mũi Né,còn dư địa hoặc cần theo dõi,"Bán gói liên vùng, chuyển tour sang khung giờ thấp điểm hoặc điểm còn dư địa",Doanh nghiệp du lịch,thấp-trung bình,Tăng doanh thu mùa thấp điểm và kéo dài thời gian lưu trú nếu kích cầu đúng phân khúc.,"Vấn đề -> Hành động -> KPI thay đổi -> Hiệu quả kinh tế: giảm áp lực tại điểm nóng, tăng chi tiêu ăn uống/vận tải/lưu trú/vé ở vùng phụ và giảm chi phí xã hội do kẹt xe/quá tải.",Điểm áp lực; điểm điều phối; điểm hạ tầng; cơ hội kinh tế; doanh thu ăn uống/vé/lưu trú; phản hồi du khách,62.69,69.8,64.78,66.12,Trung bình,mixed_proxy_near_real_time,76.5,20/05/2026 22:18
Mũi Né,còn dư địa hoặc cần theo dõi,"Tạo combo lưu trú dài hơn, voucher ăn uống địa phương và điều tiết giá theo trải nghiệm",Khách sạn,thấp-trung bình,Tăng doanh thu mùa thấp điểm và kéo dài thời gian lưu trú nếu kích cầu đúng phân khúc.,"Vấn đề -> Hành động -> KPI thay đổi -> Hiệu quả kinh tế: giảm áp lực tại điểm nóng, tăng chi tiêu ăn uống/vận tải/lưu trú/vé ở vùng phụ và giảm chi phí xã hội do kẹt xe/quá tải.",Điểm áp lực; điểm điều phối; điểm hạ tầng; cơ hội kinh tế; doanh thu ăn uống/vé/lưu trú; phản hồi du khách,61.79,71.2,64.78,66.04,Trung bình,mixed_proxy_near_real_time,76.5,20/05/2026 22:18
Mũi Né,còn dư địa hoặc cần theo dõi,"Chia vé theo khung giờ, tăng nhân sự soát vé, đẩy QR/e-ticket",Khu vui chơi,thấp-trung bình,Tăng doanh thu mùa thấp điểm và kéo dài thời gian lưu trú nếu kích cầu đúng phân khúc.,"Vấn đề -> Hành động -> KPI thay đổi -> Hiệu quả kinh tế: giảm áp lực tại điểm nóng, tăng chi tiêu ăn uống/vận tải/lưu trú/vé ở vùng phụ và giảm chi phí xã hội do kẹt xe/quá tải.",Điểm áp lực; điểm điều phối; điểm hạ tầng; cơ hội kinh tế; doanh thu ăn uống/vé/lưu trú; phản hồi du khách,62.24,70.5,64.78,66.08,Trung bình,mixed_proxy_near_real_time,76.5,20/05/2026 22:18
Mũi Né,còn dư địa hoặc cần theo dõi,"Tạo voucher giờ thấp điểm, menu combo địa phương và điểm bán vệ tinh",Nhà hàng/OCOP,thấp-trung bình,Tăng doanh thu mùa thấp điểm và kéo dài thời gian lưu trú nếu kích cầu đúng phân khúc.,"Vấn đề -> Hành động -> KPI thay đổi -> Hiệu quả kinh tế: giảm áp lực tại điểm nóng, tăng chi tiêu ăn uống/vận tải/lưu trú/vé ở vùng phụ và giảm chi phí xã hội do kẹt xe/quá tải.",Điểm áp lực; điểm điều phối; điểm hạ tầng; cơ hội kinh tế; doanh thu ăn uống/vé/lưu trú; phản hồi du khách,61.19,71.9,64.78,65.94,Trung bình,mixed_proxy_near_real_time,76.5,20/05/2026 22:18
Mũi Né,còn dư địa hoặc cần theo dõi,Tăng shuttle từ bãi đỗ vệ tinh và tuyến thay thế khi điểm áp lực tăng,Vận tải/shuttle,trung bình,Tăng doanh thu mùa thấp điểm và kéo dài thời gian lưu trú nếu kích cầu đúng phân khúc.,"Vấn đề -> Hành động -> KPI thay đổi -> Hiệu quả kinh tế: giảm áp lực tại điểm nóng, tăng chi tiêu ăn uống/vận tải/lưu trú/vé ở vùng phụ và giảm chi phí xã hội do kẹt xe/quá tải.",Điểm áp lực; điểm điều phối; điểm hạ tầng; cơ hội kinh tế; doanh thu ăn uống/vé/lưu trú; phản hồi du khách,63.29,65.6,64.78,65.52,Trung bình,mixed_proxy_near_real_time,76.5,20/05/2026 22:18
Sầm Sơn,còn dư địa hoặc cần theo dõi,"Điều chỉnh truyền thông, kích cầu điểm phụ, công bố cảnh báo trên dashboard/app",Chính quyền,cao,Tăng doanh thu mùa thấp điểm và kéo dài thời gian lưu trú nếu kích cầu đúng phân khúc.,"Vấn đề -> Hành động -> KPI thay đổi -> Hiệu quả kinh tế: giảm áp lực tại điểm nóng, tăng chi tiêu ăn uống/vận tải/lưu trú/vé ở vùng phụ và giảm chi phí xã hội do kẹt xe/quá tải.",Điểm áp lực; điểm điều phối; điểm hạ tầng; cơ hội kinh tế; doanh thu ăn uống/vé/lưu trú; phản hồi du khách,50.09,58.37,62.85,58.21,Thấp,mixed_proxy_near_real_time,76.5,20/05/2026 22:18
Sầm Sơn,còn dư địa hoặc cần theo dõi,"Phân luồng tại tuyến ven biển, đặt biển báo, tăng lực lượng ở nút vào bãi biển/POI",Công an/giao thông,trung bình,Tăng doanh thu mùa thấp điểm và kéo dài thời gian lưu trú nếu kích cầu đúng phân khúc.,"Vấn đề -> Hành động -> KPI thay đổi -> Hiệu quả kinh tế: giảm áp lực tại điểm nóng, tăng chi tiêu ăn uống/vận tải/lưu trú/vé ở vùng phụ và giảm chi phí xã hội do kẹt xe/quá tải.",Điểm áp lực; điểm điều phối; điểm hạ tầng; cơ hội kinh tế; doanh thu ăn uống/vé/lưu trú; phản hồi du khách,51.29,52.77,62.85,57.57,Thấp,mixed_proxy_near_real_time,76.5,20/05/2026 22:18
Sầm Sơn,còn dư địa hoặc cần theo dõi,"Bán gói liên vùng, chuyển tour sang khung giờ thấp điểm hoặc điểm còn dư địa",Doanh nghiệp du lịch,thấp-trung bình,Tăng doanh thu mùa thấp điểm và kéo dài thời gian lưu trú nếu kích cầu đúng phân khúc.,"Vấn đề -> Hành động -> KPI thay đổi -> Hiệu quả kinh tế: giảm áp lực tại điểm nóng, tăng chi tiêu ăn uống/vận tải/lưu trú/vé ở vùng phụ và giảm chi phí xã hội do kẹt xe/quá tải.",Điểm áp lực; điểm điều phối; điểm hạ tầng; cơ hội kinh tế; doanh thu ăn uống/vé/lưu trú; phản hồi du khách,50.39,59.07,62.85,58.47,Thấp,mixed_proxy_near_real_time,76.5,20/05/2026 22:18
Sầm Sơn,còn dư địa hoặc cần theo dõi,"Tạo combo lưu trú dài hơn, voucher ăn uống địa phương và điều tiết giá theo trải nghiệm",Khách sạn,thấp-trung bình,Tăng doanh thu mùa thấp điểm và kéo dài thời gian lưu trú nếu kích cầu đúng phân khúc.,"Vấn đề -> Hành động -> KPI thay đổi -> Hiệu quả kinh tế: giảm áp lực tại điểm nóng, tăng chi tiêu ăn uống/vận tải/lưu trú/vé ở vùng phụ và giảm chi phí xã hội do kẹt xe/quá tải.",Điểm áp lực; điểm điều phối; điểm hạ tầng; cơ hội kinh tế; doanh thu ăn uống/vé/lưu trú; phản hồi du khách,49.49,60.47,62.85,58.39,Thấp,mixed_proxy_near_real_time,76.5,20/05/2026 22:18
Sầm Sơn,còn dư địa hoặc cần theo dõi,"Chia vé theo khung giờ, tăng nhân sự soát vé, đẩy QR/e-ticket",Khu vui chơi,thấp-trung bình,Tăng doanh thu mùa thấp điểm và kéo dài thời gian lưu trú nếu kích cầu đúng phân khúc.,"Vấn đề -> Hành động -> KPI thay đổi -> Hiệu quả kinh tế: giảm áp lực tại điểm nóng, tăng chi tiêu ăn uống/vận tải/lưu trú/vé ở vùng phụ và giảm chi phí xã hội do kẹt xe/quá tải.",Điểm áp lực; điểm điều phối; điểm hạ tầng; cơ hội kinh tế; doanh thu ăn uống/vé/lưu trú; phản hồi du khách,49.94,59.77,62.85,58.43,Thấp,mixed_proxy_near_real_time,76.5,20/05/2026 22:18
Sầm Sơn,còn dư địa hoặc cần theo dõi,"Tạo voucher giờ thấp điểm, menu combo địa phương và điểm bán vệ tinh",Nhà hàng/OCOP,thấp-trung bình,Tăng doanh thu mùa thấp điểm và kéo dài thời gian lưu trú nếu kích cầu đúng phân khúc.,"Vấn đề -> Hành động -> KPI thay đổi -> Hiệu quả kinh tế: giảm áp lực tại điểm nóng, tăng chi tiêu ăn uống/vận tải/lưu trú/vé ở vùng phụ và giảm chi phí xã hội do kẹt xe/quá tải.",Điểm áp lực; điểm điều phối; điểm hạ tầng; cơ hội kinh tế; doanh thu ăn uống/vé/lưu trú; phản hồi du khách,48.89,61.17,62.85,58.29,Thấp,mixed_proxy_near_real_time,76.5,20/05/2026 22:18
Sầm Sơn,còn dư địa hoặc cần theo dõi,Tăng shuttle từ bãi đỗ vệ tinh và tuyến thay thế khi điểm áp lực tăng,Vận tải/shuttle,trung bình,Tăng doanh thu mùa thấp điểm và kéo dài thời gian lưu trú nếu kích cầu đúng phân khúc.,"Vấn đề -> Hành động -> KPI thay đổi -> Hiệu quả kinh tế: giảm áp lực tại điểm nóng, tăng chi tiêu ăn uống/vận tải/lưu trú/vé ở vùng phụ và giảm chi phí xã hội do kẹt xe/quá tải.",Điểm áp lực; điểm điều phối; điểm hạ tầng; cơ hội kinh tế; doanh thu ăn uống/vé/lưu trú; phản hồi du khách,50.99,54.87,62.85,57.87,Thấp,mixed_proxy_near_real_time,76.5,20/05/2026 22:18
Hội An,còn dư địa hoặc cần theo dõi,"Điều chỉnh truyền thông, kích cầu điểm phụ, công bố cảnh báo trên dashboard/app",Chính quyền,thấp-trung bình,Tăng doanh thu mùa thấp điểm và kéo dài thời gian lưu trú nếu kích cầu đúng phân khúc.,"Vấn đề -> Hành động -> KPI thay đổi -> Hiệu quả kinh tế: giảm áp lực tại điểm nóng, tăng chi tiêu ăn uống/vận tải/lưu trú/vé ở vùng phụ và giảm chi phí xã hội do kẹt xe/quá tải.",Điểm áp lực; điểm điều phối; điểm hạ tầng; cơ hội kinh tế; doanh thu ăn uống/vé/lưu trú; phản hồi du khách,72.63,79.42,56.25,69.46,Trung bình,mixed_proxy_near_real_time,76.5,20/05/2026 22:18
Hội An,còn dư địa hoặc cần theo dõi,"Phân luồng tại tuyến ven biển, đặt biển báo, tăng lực lượng ở nút vào bãi biển/POI",Công an/giao thông,trung bình,Tăng doanh thu mùa thấp điểm và kéo dài thời gian lưu trú nếu kích cầu đúng phân khúc.,"Vấn đề -> Hành động -> KPI thay đổi -> Hiệu quả kinh tế: giảm áp lực tại điểm nóng, tăng chi tiêu ăn uống/vận tải/lưu trú/vé ở vùng phụ và giảm chi phí xã hội do kẹt xe/quá tải.",Điểm áp lực; điểm điều phối; điểm hạ tầng; cơ hội kinh tế; doanh thu ăn uống/vé/lưu trú; phản hồi du khách,73.83,73.82,56.25,68.82,Trung bình,mixed_proxy_near_real_time,76.5,20/05/2026 22:18
Hội An,còn dư địa hoặc cần theo dõi,"Bán gói liên vùng, chuyển tour sang khung giờ thấp điểm hoặc điểm còn dư địa",Doanh nghiệp du lịch,thấp-trung bình,Tăng doanh thu mùa thấp điểm và kéo dài thời gian lưu trú nếu kích cầu đúng phân khúc.,"Vấn đề -> Hành động -> KPI thay đổi -> Hiệu quả kinh tế: giảm áp lực tại điểm nóng, tăng chi tiêu ăn uống/vận tải/lưu trú/vé ở vùng phụ và giảm chi phí xã hội do kẹt xe/quá tải.",Điểm áp lực; điểm điều phối; điểm hạ tầng; cơ hội kinh tế; doanh thu ăn uống/vé/lưu trú; phản hồi du khách,72.93,80.12,56.25,69.72,Trung bình,mixed_proxy_near_real_time,76.5,20/05/2026 22:18
Hội An,còn dư địa hoặc cần theo dõi,"Tạo combo lưu trú dài hơn, voucher ăn uống địa phương và điều tiết giá theo trải nghiệm",Khách sạn,thấp-trung bình,Tăng doanh thu mùa thấp điểm và kéo dài thời gian lưu trú nếu kích cầu đúng phân khúc.,"Vấn đề -> Hành động -> KPI thay đổi -> Hiệu quả kinh tế: giảm áp lực tại điểm nóng, tăng chi tiêu ăn uống/vận tải/lưu trú/vé ở vùng phụ và giảm chi phí xã hội do kẹt xe/quá tải.",Điểm áp lực; điểm điều phối; điểm hạ tầng; cơ hội kinh tế; doanh thu ăn uống/vé/lưu trú; phản hồi du khách,72.03,81.52,56.25,69.64,Trung bình,mixed_proxy_near_real_time,76.5,20/05/2026 22:18
Hội An,còn dư địa hoặc cần theo dõi,"Chia vé theo khung giờ, tăng nhân sự soát vé, đẩy QR/e-ticket",Khu vui chơi,thấp-trung bình,Tăng doanh thu mùa thấp điểm và kéo dài thời gian lưu trú nếu kích cầu đúng phân khúc.,"Vấn đề -> Hành động -> KPI thay đổi -> Hiệu quả kinh tế: giảm áp lực tại điểm nóng, tăng chi tiêu ăn uống/vận tải/lưu trú/vé ở vùng phụ và giảm chi phí xã hội do kẹt xe/quá tải.",Điểm áp lực; điểm điều phối; điểm hạ tầng; cơ hội kinh tế; doanh thu ăn uống/vé/lưu trú; phản hồi du khách,72.48,80.82,56.25,69.68,Trung bình,mixed_proxy_near_real_time,76.5,20/05/2026 22:18
Hội An,còn dư địa hoặc cần theo dõi,"Tạo voucher giờ thấp điểm, menu combo địa phương và điểm bán vệ tinh",Nhà hàng/OCOP,thấp-trung bình,Tăng doanh thu mùa thấp điểm và kéo dài thời gian lưu trú nếu kích cầu đúng phân khúc.,"Vấn đề -> Hành động -> KPI thay đổi -> Hiệu quả kinh tế: giảm áp lực tại điểm nóng, tăng chi tiêu ăn uống/vận tải/lưu trú/vé ở vùng phụ và giảm chi phí xã hội do kẹt xe/quá tải.",Điểm áp lực; điểm điều phối; điểm hạ tầng; cơ hội kinh tế; doanh thu ăn uống/vé/lưu trú; phản hồi du khách,71.43,82.22,56.25,69.54,Trung bình,mixed_proxy_near_real_time,76.5,20/05/2026 22:18
Hội An,còn dư địa hoặc cần theo dõi,Tăng shuttle từ bãi đỗ vệ tinh và tuyến thay thế khi điểm áp lực tăng,Vận tải/shuttle,trung bình,Tăng doanh thu mùa thấp điểm và kéo dài thời gian lưu trú nếu kích cầu đúng phân khúc.,"Vấn đề -> Hành động -> KPI thay đổi -> Hiệu quả kinh tế: giảm áp lực tại điểm nóng, tăng chi tiêu ăn uống/vận tải/lưu trú/vé ở vùng phụ và giảm chi phí xã hội do kẹt xe/quá tải.",Điểm áp lực; điểm điều phối; điểm hạ tầng; cơ hội kinh tế; doanh thu ăn uống/vé/lưu trú; phản hồi du khách,73.53,75.92,56.25,69.12,Trung bình,mixed_proxy_near_real_time,76.5,20/05/2026 22:18
Huế,còn dư địa hoặc cần theo dõi,"Điều chỉnh truyền thông, kích cầu điểm phụ, công bố cảnh báo trên dashboard/app",Chính quyền,thấp-trung bình,Tăng doanh thu mùa thấp điểm và kéo dài thời gian lưu trú nếu kích cầu đúng phân khúc.,"Vấn đề -> Hành động -> KPI thay đổi -> Hiệu quả kinh tế: giảm áp lực tại điểm nóng, tăng chi tiêu ăn uống/vận tải/lưu trú/vé ở vùng phụ và giảm chi phí xã hội do kẹt xe/quá tải.",Điểm áp lực; điểm điều phối; điểm hạ tầng; cơ hội kinh tế; doanh thu ăn uống/vé/lưu trú; phản hồi du khách,65.29,73.43,55.4,65.07,Trung bình,mixed_proxy_near_real_time,76.5,20/05/2026 22:18
Huế,còn dư địa hoặc cần theo dõi,"Phân luồng tại tuyến ven biển, đặt biển báo, tăng lực lượng ở nút vào bãi biển/POI",Công an/giao thông,trung bình,Tăng doanh thu mùa thấp điểm và kéo dài thời gian lưu trú nếu kích cầu đúng phân khúc.,"Vấn đề -> Hành động -> KPI thay đổi -> Hiệu quả kinh tế: giảm áp lực tại điểm nóng, tăng chi tiêu ăn uống/vận tải/lưu trú/vé ở vùng phụ và giảm chi phí xã hội do kẹt xe/quá tải.",Điểm áp lực; điểm điều phối; điểm hạ tầng; cơ hội kinh tế; doanh thu ăn uống/vé/lưu trú; phản hồi du khách,66.49,67.83,55.4,64.43,Trung bình,mixed_proxy_near_real_time,76.5,20/05/2026 22:18
Huế,còn dư địa hoặc cần theo dõi,"Bán gói liên vùng, chuyển tour sang khung giờ thấp điểm hoặc điểm còn dư địa",Doanh nghiệp du lịch,thấp-trung bình,Tăng doanh thu mùa thấp điểm và kéo dài thời gian lưu trú nếu kích cầu đúng phân khúc.,"Vấn đề -> Hành động -> KPI thay đổi -> Hiệu quả kinh tế: giảm áp lực tại điểm nóng, tăng chi tiêu ăn uống/vận tải/lưu trú/vé ở vùng phụ và giảm chi phí xã hội do kẹt xe/quá tải.",Điểm áp lực; điểm điều phối; điểm hạ tầng; cơ hội kinh tế; doanh thu ăn uống/vé/lưu trú; phản hồi du khách,65.59,74.13,55.4,65.33,Trung bình,mixed_proxy_near_real_time,76.5,20/05/2026 22:18
Huế,còn dư địa hoặc cần theo dõi,"Tạo combo lưu trú dài hơn, voucher ăn uống địa phương và điều tiết giá theo trải nghiệm",Khách sạn,thấp-trung bình,Tăng doanh thu mùa thấp điểm và kéo dài thời gian lưu trú nếu kích cầu đúng phân khúc.,"Vấn đề -> Hành động -> KPI thay đổi -> Hiệu quả kinh tế: giảm áp lực tại điểm nóng, tăng chi tiêu ăn uống/vận tải/lưu trú/vé ở vùng phụ và giảm chi phí xã hội do kẹt xe/quá tải.",Điểm áp lực; điểm điều phối; điểm hạ tầng; cơ hội kinh tế; doanh thu ăn uống/vé/lưu trú; phản hồi du khách,64.69,75.53,55.4,65.25,Trung bình,mixed_proxy_near_real_time,76.5,20/05/2026 22:18
Huế,còn dư địa hoặc cần theo dõi,"Chia vé theo khung giờ, tăng nhân sự soát vé, đẩy QR/e-ticket",Khu vui chơi,thấp-trung bình,Tăng doanh thu mùa thấp điểm và kéo dài thời gian lưu trú nếu kích cầu đúng phân khúc.,"Vấn đề -> Hành động -> KPI thay đổi -> Hiệu quả kinh tế: giảm áp lực tại điểm nóng, tăng chi tiêu ăn uống/vận tải/lưu trú/vé ở vùng phụ và giảm chi phí xã hội do kẹt xe/quá tải.",Điểm áp lực; điểm điều phối; điểm hạ tầng; cơ hội kinh tế; doanh thu ăn uống/vé/lưu trú; phản hồi du khách,65.14,74.83,55.4,65.29,Trung bình,mixed_proxy_near_real_time,76.5,20/05/2026 22:18
Huế,còn dư địa hoặc cần theo dõi,"Tạo voucher giờ thấp điểm, menu combo địa phương và điểm bán vệ tinh",Nhà hàng/OCOP,thấp-trung bình,Tăng doanh thu mùa thấp điểm và kéo dài thời gian lưu trú nếu kích cầu đúng phân khúc.,"Vấn đề -> Hành động -> KPI thay đổi -> Hiệu quả kinh tế: giảm áp lực tại điểm nóng, tăng chi tiêu ăn uống/vận tải/lưu trú/vé ở vùng phụ và giảm chi phí xã hội do kẹt xe/quá tải.",Điểm áp lực; điểm điều phối; điểm hạ tầng; cơ hội kinh tế; doanh thu ăn uống/vé/lưu trú; phản hồi du khách,64.09,76.23,55.4,65.15,Trung bình,mixed_proxy_near_real_time,76.5,20/05/2026 22:18
Huế,còn dư địa hoặc cần theo dõi,Tăng shuttle từ bãi đỗ vệ tinh và tuyến thay thế khi điểm áp lực tăng,Vận tải/shuttle,trung bình,Tăng doanh thu mùa thấp điểm và kéo dài thời gian lưu trú nếu kích cầu đúng phân khúc.,"Vấn đề -> Hành động -> KPI thay đổi -> Hiệu quả kinh tế: giảm áp lực tại điểm nóng, tăng chi tiêu ăn uống/vận tải/lưu trú/vé ở vùng phụ và giảm chi phí xã hội do kẹt xe/quá tải.",Điểm áp lực; điểm điều phối; điểm hạ tầng; cơ hội kinh tế; doanh thu ăn uống/vé/lưu trú; phản hồi du khách,66.19,69.93,55.4,64.73,Trung bình,mixed_proxy_near_real_time,76.5,20/05/2026 22:18
Vũng Tàu,còn dư địa hoặc cần theo dõi,"Điều chỉnh truyền thông, kích cầu điểm phụ, công bố cảnh báo trên dashboard/app",Chính quyền,thấp-trung bình,Tăng doanh thu mùa thấp điểm và kéo dài thời gian lưu trú nếu kích cầu đúng phân khúc.,"Vấn đề -> Hành động -> KPI thay đổi -> Hiệu quả kinh tế: giảm áp lực tại điểm nóng, tăng chi tiêu ăn uống/vận tải/lưu trú/vé ở vùng phụ và giảm chi phí xã hội do kẹt xe/quá tải.",Điểm áp lực; điểm điều phối; điểm hạ tầng; cơ hội kinh tế; doanh thu ăn uống/vé/lưu trú; phản hồi du khách,63.74,74.41,44.95,61.51,Trung bình,mixed_proxy_near_real_time,76.5,20/05/2026 22:18
Vũng Tàu,còn dư địa hoặc cần theo dõi,"Phân luồng tại tuyến ven biển, đặt biển báo, tăng lực lượng ở nút vào bãi biển/POI",Công an/giao thông,trung bình,Tăng doanh thu mùa thấp điểm và kéo dài thời gian lưu trú nếu kích cầu đúng phân khúc.,"Vấn đề -> Hành động -> KPI thay đổi -> Hiệu quả kinh tế: giảm áp lực tại điểm nóng, tăng chi tiêu ăn uống/vận tải/lưu trú/vé ở vùng phụ và giảm chi phí xã hội do kẹt xe/quá tải.",Điểm áp lực; điểm điều phối; điểm hạ tầng; cơ hội kinh tế; doanh thu ăn uống/vé/lưu trú; phản hồi du khách,64.94,68.81,44.95,60.88,Trung bình,mixed_proxy_near_real_time,76.5,20/05/2026 22:18
Vũng Tàu,còn dư địa hoặc cần theo dõi,"Bán gói liên vùng, chuyển tour sang khung giờ thấp điểm hoặc điểm còn dư địa",Doanh nghiệp du lịch,thấp-trung bình,Tăng doanh thu mùa thấp điểm và kéo dài thời gian lưu trú nếu kích cầu đúng phân khúc.,"Vấn đề -> Hành động -> KPI thay đổi -> Hiệu quả kinh tế: giảm áp lực tại điểm nóng, tăng chi tiêu ăn uống/vận tải/lưu trú/vé ở vùng phụ và giảm chi phí xã hội do kẹt xe/quá tải.",Điểm áp lực; điểm điều phối; điểm hạ tầng; cơ hội kinh tế; doanh thu ăn uống/vé/lưu trú; phản hồi du khách,64.04,75.11,44.95,61.77,Trung bình,mixed_proxy_near_real_time,76.5,20/05/2026 22:18
Vũng Tàu,còn dư địa hoặc cần theo dõi,"Tạo combo lưu trú dài hơn, voucher ăn uống địa phương và điều tiết giá theo trải nghiệm",Khách sạn,thấp-trung bình,Tăng doanh thu mùa thấp điểm và kéo dài thời gian lưu trú nếu kích cầu đúng phân khúc.,"Vấn đề -> Hành động -> KPI thay đổi -> Hiệu quả kinh tế: giảm áp lực tại điểm nóng, tăng chi tiêu ăn uống/vận tải/lưu trú/vé ở vùng phụ và giảm chi phí xã hội do kẹt xe/quá tải.",Điểm áp lực; điểm điều phối; điểm hạ tầng; cơ hội kinh tế; doanh thu ăn uống/vé/lưu trú; phản hồi du khách,63.14,76.52,44.95,61.7,Trung bình,mixed_proxy_near_real_time,76.5,20/05/2026 22:18
Vũng Tàu,còn dư địa hoặc cần theo dõi,"Chia vé theo khung giờ, tăng nhân sự soát vé, đẩy QR/e-ticket",Khu vui chơi,thấp-trung bình,Tăng doanh thu mùa thấp điểm và kéo dài thời gian lưu trú nếu kích cầu đúng phân khúc.,"Vấn đề -> Hành động -> KPI thay đổi -> Hiệu quả kinh tế: giảm áp lực tại điểm nóng, tăng chi tiêu ăn uống/vận tải/lưu trú/vé ở vùng phụ và giảm chi phí xã hội do kẹt xe/quá tải.",Điểm áp lực; điểm điều phối; điểm hạ tầng; cơ hội kinh tế; doanh thu ăn uống/vé/lưu trú; phản hồi du khách,63.59,75.81,44.95,61.74,Trung bình,mixed_proxy_near_real_time,76.5,20/05/2026 22:18
Vũng Tàu,còn dư địa hoặc cần theo dõi,"Tạo voucher giờ thấp điểm, menu combo địa phương và điểm bán vệ tinh",Nhà hàng/OCOP,thấp-trung bình,Tăng doanh thu mùa thấp điểm và kéo dài thời gian lưu trú nếu kích cầu đúng phân khúc.,"Vấn đề -> Hành động -> KPI thay đổi -> Hiệu quả kinh tế: giảm áp lực tại điểm nóng, tăng chi tiêu ăn uống/vận tải/lưu trú/vé ở vùng phụ và giảm chi phí xã hội do kẹt xe/quá tải.",Điểm áp lực; điểm điều phối; điểm hạ tầng; cơ hội kinh tế; doanh thu ăn uống/vé/lưu trú; phản hồi du khách,62.54,77.22,44.95,61.6,Trung bình,mixed_proxy_near_real_time,76.5,20/05/2026 22:18
Vũng Tàu,còn dư địa hoặc cần theo dõi,Tăng shuttle từ bãi đỗ vệ tinh và tuyến thay thế khi điểm áp lực tăng,Vận tải/shuttle,trung bình,Tăng doanh thu mùa thấp điểm và kéo dài thời gian lưu trú nếu kích cầu đúng phân khúc.,"Vấn đề -> Hành động -> KPI thay đổi -> Hiệu quả kinh tế: giảm áp lực tại điểm nóng, tăng chi tiêu ăn uống/vận tải/lưu trú/vé ở vùng phụ và giảm chi phí xã hội do kẹt xe/quá tải.",Điểm áp lực; điểm điều phối; điểm hạ tầng; cơ hội kinh tế; doanh thu ăn uống/vé/lưu trú; phản hồi du khách,64.64,70.91,44.95,61.17,Trung bình,mixed_proxy_near_real_time,76.5,20/05/2026 22:18
Cửa Lò,còn dư địa hoặc cần theo dõi,"Điều chỉnh truyền thông, kích cầu điểm phụ, công bố cảnh báo trên dashboard/app",Chính quyền,cao,Tăng doanh thu mùa thấp điểm và kéo dài thời gian lưu trú nếu kích cầu đúng phân khúc.,"Vấn đề -> Hành động -> KPI thay đổi -> Hiệu quả kinh tế: giảm áp lực tại điểm nóng, tăng chi tiêu ăn uống/vận tải/lưu trú/vé ở vùng phụ và giảm chi phí xã hội do kẹt xe/quá tải.",Điểm áp lực; điểm điều phối; điểm hạ tầng; cơ hội kinh tế; doanh thu ăn uống/vé/lưu trú; phản hồi du khách,38.22,59.34,36.2,45.67,Thấp,mixed_proxy_near_real_time,76.5,20/05/2026 22:18
Cửa Lò,còn dư địa hoặc cần theo dõi,"Phân luồng tại tuyến ven biển, đặt biển báo, tăng lực lượng ở nút vào bãi biển/POI",Công an/giao thông,trung bình,Tăng doanh thu mùa thấp điểm và kéo dài thời gian lưu trú nếu kích cầu đúng phân khúc.,"Vấn đề -> Hành động -> KPI thay đổi -> Hiệu quả kinh tế: giảm áp lực tại điểm nóng, tăng chi tiêu ăn uống/vận tải/lưu trú/vé ở vùng phụ và giảm chi phí xã hội do kẹt xe/quá tải.",Điểm áp lực; điểm điều phối; điểm hạ tầng; cơ hội kinh tế; doanh thu ăn uống/vé/lưu trú; phản hồi du khách,39.42,53.74,36.2,45.03,Thấp,mixed_proxy_near_real_time,76.5,20/05/2026 22:18
Cửa Lò,còn dư địa hoặc cần theo dõi,"Bán gói liên vùng, chuyển tour sang khung giờ thấp điểm hoặc điểm còn dư địa",Doanh nghiệp du lịch,thấp-trung bình,Tăng doanh thu mùa thấp điểm và kéo dài thời gian lưu trú nếu kích cầu đúng phân khúc.,"Vấn đề -> Hành động -> KPI thay đổi -> Hiệu quả kinh tế: giảm áp lực tại điểm nóng, tăng chi tiêu ăn uống/vận tải/lưu trú/vé ở vùng phụ và giảm chi phí xã hội do kẹt xe/quá tải.",Điểm áp lực; điểm điều phối; điểm hạ tầng; cơ hội kinh tế; doanh thu ăn uống/vé/lưu trú; phản hồi du khách,38.52,60.04,36.2,45.93,Thấp,mixed_proxy_near_real_time,76.5,20/05/2026 22:18
Cửa Lò,còn dư địa hoặc cần theo dõi,"Tạo combo lưu trú dài hơn, voucher ăn uống địa phương và điều tiết giá theo trải nghiệm",Khách sạn,thấp-trung bình,Tăng doanh thu mùa thấp điểm và kéo dài thời gian lưu trú nếu kích cầu đúng phân khúc.,"Vấn đề -> Hành động -> KPI thay đổi -> Hiệu quả kinh tế: giảm áp lực tại điểm nóng, tăng chi tiêu ăn uống/vận tải/lưu trú/vé ở vùng phụ và giảm chi phí xã hội do kẹt xe/quá tải.",Điểm áp lực; điểm điều phối; điểm hạ tầng; cơ hội kinh tế; doanh thu ăn uống/vé/lưu trú; phản hồi du khách,37.62,61.44,36.2,45.85,Thấp,mixed_proxy_near_real_time,76.5,20/05/2026 22:18
Cửa Lò,còn dư địa hoặc cần theo dõi,"Chia vé theo khung giờ, tăng nhân sự soát vé, đẩy QR/e-ticket",Khu vui chơi,thấp-trung bình,Tăng doanh thu mùa thấp điểm và kéo dài thời gian lưu trú nếu kích cầu đúng phân khúc.,"Vấn đề -> Hành động -> KPI thay đổi -> Hiệu quả kinh tế: giảm áp lực tại điểm nóng, tăng chi tiêu ăn uống/vận tải/lưu trú/vé ở vùng phụ và giảm chi phí xã hội do kẹt xe/quá tải.",Điểm áp lực; điểm điều phối; điểm hạ tầng; cơ hội kinh tế; doanh thu ăn uống/vé/lưu trú; phản hồi du khách,38.07,60.74,36.2,45.89,Thấp,mixed_proxy_near_real_time,76.5,20/05/2026 22:18
Cửa Lò,còn dư địa hoặc cần theo dõi,"Tạo voucher giờ thấp điểm, menu combo địa phương và điểm bán vệ tinh",Nhà hàng/OCOP,thấp-trung bình,Tăng doanh thu mùa thấp điểm và kéo dài thời gian lưu trú nếu kích cầu đúng phân khúc.,"Vấn đề -> Hành động -> KPI thay đổi -> Hiệu quả kinh tế: giảm áp lực tại điểm nóng, tăng chi tiêu ăn uống/vận tải/lưu trú/vé ở vùng phụ và giảm chi phí xã hội do kẹt xe/quá tải.",Điểm áp lực; điểm điều phối; điểm hạ tầng; cơ hội kinh tế; doanh thu ăn uống/vé/lưu trú; phản hồi du khách,37.02,62.14,36.2,45.75,Thấp,mixed_proxy_near_real_time,76.5,20/05/2026 22:18
Cửa Lò,còn dư địa hoặc cần theo dõi,Tăng shuttle từ bãi đỗ vệ tinh và tuyến thay thế khi điểm áp lực tăng,Vận tải/shuttle,trung bình,Tăng doanh thu mùa thấp điểm và kéo dài thời gian lưu trú nếu kích cầu đúng phân khúc.,"Vấn đề -> Hành động -> KPI thay đổi -> Hiệu quả kinh tế: giảm áp lực tại điểm nóng, tăng chi tiêu ăn uống/vận tải/lưu trú/vé ở vùng phụ và giảm chi phí xã hội do kẹt xe/quá tải.",Điểm áp lực; điểm điều phối; điểm hạ tầng; cơ hội kinh tế; doanh thu ăn uống/vé/lưu trú; phản hồi du khách,39.12,55.84,36.2,45.33,Thấp,mixed_proxy_near_real_time,76.5,20/05/2026 22:18
Ninh Bình,còn dư địa hoặc cần theo dõi,"Điều chỉnh truyền thông, kích cầu điểm phụ, công bố cảnh báo trên dashboard/app",Chính quyền,cao,Tăng doanh thu mùa thấp điểm và kéo dài thời gian lưu trú nếu kích cầu đúng phân khúc.,"Vấn đề -> Hành động -> KPI thay đổi -> Hiệu quả kinh tế: giảm áp lực tại điểm nóng, tăng chi tiêu ăn uống/vận tải/lưu trú/vé ở vùng phụ và giảm chi phí xã hội do kẹt xe/quá tải.",Điểm áp lực; điểm điều phối; điểm hạ tầng; cơ hội kinh tế; doanh thu ăn uống/vé/lưu trú; phản hồi du khách,37.94,50.07,48.38,45.86,Thấp,mixed_proxy_thieu_du_lieu,61.5,20/05/2026 22:18
Ninh Bình,còn dư địa hoặc cần theo dõi,"Phân luồng tại tuyến ven biển, đặt biển báo, tăng lực lượng ở nút vào bãi biển/POI",Công an/giao thông,trung bình,Tăng doanh thu mùa thấp điểm và kéo dài thời gian lưu trú nếu kích cầu đúng phân khúc.,"Vấn đề -> Hành động -> KPI thay đổi -> Hiệu quả kinh tế: giảm áp lực tại điểm nóng, tăng chi tiêu ăn uống/vận tải/lưu trú/vé ở vùng phụ và giảm chi phí xã hội do kẹt xe/quá tải.",Điểm áp lực; điểm điều phối; điểm hạ tầng; cơ hội kinh tế; doanh thu ăn uống/vé/lưu trú; phản hồi du khách,39.14,44.47,48.38,45.22,Thấp,mixed_proxy_thieu_du_lieu,61.5,20/05/2026 22:18
Ninh Bình,còn dư địa hoặc cần theo dõi,"Bán gói liên vùng, chuyển tour sang khung giờ thấp điểm hoặc điểm còn dư địa",Doanh nghiệp du lịch,thấp-trung bình,Tăng doanh thu mùa thấp điểm và kéo dài thời gian lưu trú nếu kích cầu đúng phân khúc.,"Vấn đề -> Hành động -> KPI thay đổi -> Hiệu quả kinh tế: giảm áp lực tại điểm nóng, tăng chi tiêu ăn uống/vận tải/lưu trú/vé ở vùng phụ và giảm chi phí xã hội do kẹt xe/quá tải.",Điểm áp lực; điểm điều phối; điểm hạ tầng; cơ hội kinh tế; doanh thu ăn uống/vé/lưu trú; phản hồi du khách,38.24,50.77,48.38,46.12,Thấp,mixed_proxy_thieu_du_lieu,61.5,20/05/2026 22:18
Ninh Bình,còn dư địa hoặc cần theo dõi,"Tạo combo lưu trú dài hơn, voucher ăn uống địa phương và điều tiết giá theo trải nghiệm",Khách sạn,thấp-trung bình,Tăng doanh thu mùa thấp điểm và kéo dài thời gian lưu trú nếu kích cầu đúng phân khúc.,"Vấn đề -> Hành động -> KPI thay đổi -> Hiệu quả kinh tế: giảm áp lực tại điểm nóng, tăng chi tiêu ăn uống/vận tải/lưu trú/vé ở vùng phụ và giảm chi phí xã hội do kẹt xe/quá tải.",Điểm áp lực; điểm điều phối; điểm hạ tầng; cơ hội kinh tế; doanh thu ăn uống/vé/lưu trú; phản hồi du khách,37.34,52.17,48.38,46.04,Thấp,mixed_proxy_thieu_du_lieu,61.5,20/05/2026 22:18
Ninh Bình,còn dư địa hoặc cần theo dõi,"Chia vé theo khung giờ, tăng nhân sự soát vé, đẩy QR/e-ticket",Khu vui chơi,thấp-trung bình,Tăng doanh thu mùa thấp điểm và kéo dài thời gian lưu trú nếu kích cầu đúng phân khúc.,"Vấn đề -> Hành động -> KPI thay đổi -> Hiệu quả kinh tế: giảm áp lực tại điểm nóng, tăng chi tiêu ăn uống/vận tải/lưu trú/vé ở vùng phụ và giảm chi phí xã hội do kẹt xe/quá tải.",Điểm áp lực; điểm điều phối; điểm hạ tầng; cơ hội kinh tế; doanh thu ăn uống/vé/lưu trú; phản hồi du khách,37.79,51.47,48.38,46.08,Thấp,mixed_proxy_thieu_du_lieu,61.5,20/05/2026 22:18
Ninh Bình,còn dư địa hoặc cần theo dõi,"Tạo voucher giờ thấp điểm, menu combo địa phương và điểm bán vệ tinh",Nhà hàng/OCOP,thấp-trung bình,Tăng doanh thu mùa thấp điểm và kéo dài thời gian lưu trú nếu kích cầu đúng phân khúc.,"Vấn đề -> Hành động -> KPI thay đổi -> Hiệu quả kinh tế: giảm áp lực tại điểm nóng, tăng chi tiêu ăn uống/vận tải/lưu trú/vé ở vùng phụ và giảm chi phí xã hội do kẹt xe/quá tải.",Điểm áp lực; điểm điều phối; điểm hạ tầng; cơ hội kinh tế; doanh thu ăn uống/vé/lưu trú; phản hồi du khách,36.74,52.87,48.38,45.94,Thấp,mixed_proxy_thieu_du_lieu,61.5,20/05/2026 22:18
Ninh Bình,còn dư địa hoặc cần theo dõi,Tăng shuttle từ bãi đỗ vệ tinh và tuyến thay thế khi điểm áp lực tăng,Vận tải/shuttle,trung bình,Tăng doanh thu mùa thấp điểm và kéo dài thời gian lưu trú nếu kích cầu đúng phân khúc.,"Vấn đề -> Hành động -> KPI thay đổi -> Hiệu quả kinh tế: giảm áp lực tại điểm nóng, tăng chi tiêu ăn uống/vận tải/lưu trú/vé ở vùng phụ và giảm chi phí xã hội do kẹt xe/quá tải.",Điểm áp lực; điểm điều phối; điểm hạ tầng; cơ hội kinh tế; doanh thu ăn uống/vé/lưu trú; phản hồi du khách,38.84,46.57,48.38,45.52,Thấp,mixed_proxy_thieu_du_lieu,61.5,20/05/2026 22:18
Lý Sơn,còn dư địa hoặc cần theo dõi,"Điều chỉnh truyền thông, kích cầu điểm phụ, công bố cảnh báo trên dashboard/app",Chính quyền,cao,Tăng doanh thu mùa thấp điểm và kéo dài thời gian lưu trú nếu kích cầu đúng phân khúc.,"Vấn đề -> Hành động -> KPI thay đổi -> Hiệu quả kinh tế: giảm áp lực tại điểm nóng, tăng chi tiêu ăn uống/vận tải/lưu trú/vé ở vùng phụ và giảm chi phí xã hội do kẹt xe/quá tải.",Điểm áp lực; điểm điều phối; điểm hạ tầng; cơ hội kinh tế; doanh thu ăn uống/vé/lưu trú; phản hồi du khách,37.01,49.81,47.76,45.25,Thấp,mixed_proxy_thieu_du_lieu,61.5,20/05/2026 22:18
Lý Sơn,còn dư địa hoặc cần theo dõi,"Phân luồng tại tuyến ven biển, đặt biển báo, tăng lực lượng ở nút vào bãi biển/POI",Công an/giao thông,trung bình,Tăng doanh thu mùa thấp điểm và kéo dài thời gian lưu trú nếu kích cầu đúng phân khúc.,"Vấn đề -> Hành động -> KPI thay đổi -> Hiệu quả kinh tế: giảm áp lực tại điểm nóng, tăng chi tiêu ăn uống/vận tải/lưu trú/vé ở vùng phụ và giảm chi phí xã hội do kẹt xe/quá tải.",Điểm áp lực; điểm điều phối; điểm hạ tầng; cơ hội kinh tế; doanh thu ăn uống/vé/lưu trú; phản hồi du khách,38.21,44.22,47.76,44.61,Thấp,mixed_proxy_thieu_du_lieu,61.5,20/05/2026 22:18
Lý Sơn,còn dư địa hoặc cần theo dõi,"Bán gói liên vùng, chuyển tour sang khung giờ thấp điểm hoặc điểm còn dư địa",Doanh nghiệp du lịch,thấp-trung bình,Tăng doanh thu mùa thấp điểm và kéo dài thời gian lưu trú nếu kích cầu đúng phân khúc.,"Vấn đề -> Hành động -> KPI thay đổi -> Hiệu quả kinh tế: giảm áp lực tại điểm nóng, tăng chi tiêu ăn uống/vận tải/lưu trú/vé ở vùng phụ và giảm chi phí xã hội do kẹt xe/quá tải.",Điểm áp lực; điểm điều phối; điểm hạ tầng; cơ hội kinh tế; doanh thu ăn uống/vé/lưu trú; phản hồi du khách,37.31,50.52,47.76,45.51,Thấp,mixed_proxy_thieu_du_lieu,61.5,20/05/2026 22:18
Lý Sơn,còn dư địa hoặc cần theo dõi,"Tạo combo lưu trú dài hơn, voucher ăn uống địa phương và điều tiết giá theo trải nghiệm",Khách sạn,thấp-trung bình,Tăng doanh thu mùa thấp điểm và kéo dài thời gian lưu trú nếu kích cầu đúng phân khúc.,"Vấn đề -> Hành động -> KPI thay đổi -> Hiệu quả kinh tế: giảm áp lực tại điểm nóng, tăng chi tiêu ăn uống/vận tải/lưu trú/vé ở vùng phụ và giảm chi phí xã hội do kẹt xe/quá tải.",Điểm áp lực; điểm điều phối; điểm hạ tầng; cơ hội kinh tế; doanh thu ăn uống/vé/lưu trú; phản hồi du khách,36.41,51.91,47.76,45.43,Thấp,mixed_proxy_thieu_du_lieu,61.5,20/05/2026 22:18
Lý Sơn,còn dư địa hoặc cần theo dõi,"Chia vé theo khung giờ, tăng nhân sự soát vé, đẩy QR/e-ticket",Khu vui chơi,thấp-trung bình,Tăng doanh thu mùa thấp điểm và kéo dài thời gian lưu trú nếu kích cầu đúng phân khúc.,"Vấn đề -> Hành động -> KPI thay đổi -> Hiệu quả kinh tế: giảm áp lực tại điểm nóng, tăng chi tiêu ăn uống/vận tải/lưu trú/vé ở vùng phụ và giảm chi phí xã hội do kẹt xe/quá tải.",Điểm áp lực; điểm điều phối; điểm hạ tầng; cơ hội kinh tế; doanh thu ăn uống/vé/lưu trú; phản hồi du khách,36.86,51.22,47.76,45.47,Thấp,mixed_proxy_thieu_du_lieu,61.5,20/05/2026 22:18
Lý Sơn,còn dư địa hoặc cần theo dõi,"Tạo voucher giờ thấp điểm, menu combo địa phương và điểm bán vệ tinh",Nhà hàng/OCOP,thấp-trung bình,Tăng doanh thu mùa thấp điểm và kéo dài thời gian lưu trú nếu kích cầu đúng phân khúc.,"Vấn đề -> Hành động -> KPI thay đổi -> Hiệu quả kinh tế: giảm áp lực tại điểm nóng, tăng chi tiêu ăn uống/vận tải/lưu trú/vé ở vùng phụ và giảm chi phí xã hội do kẹt xe/quá tải.",Điểm áp lực; điểm điều phối; điểm hạ tầng; cơ hội kinh tế; doanh thu ăn uống/vé/lưu trú; phản hồi du khách,35.81,52.61,47.76,45.33,Thấp,mixed_proxy_thieu_du_lieu,61.5,20/05/2026 22:18
Lý Sơn,còn dư địa hoặc cần theo dõi,Tăng shuttle từ bãi đỗ vệ tinh và tuyến thay thế khi điểm áp lực tăng,Vận tải/shuttle,trung bình,Tăng doanh thu mùa thấp điểm và kéo dài thời gian lưu trú nếu kích cầu đúng phân khúc.,"Vấn đề -> Hành động -> KPI thay đổi -> Hiệu quả kinh tế: giảm áp lực tại điểm nóng, tăng chi tiêu ăn uống/vận tải/lưu trú/vé ở vùng phụ và giảm chi phí xã hội do kẹt xe/quá tải.",Điểm áp lực; điểm điều phối; điểm hạ tầng; cơ hội kinh tế; doanh thu ăn uống/vé/lưu trú; phản hồi du khách,37.91,46.31,47.76,44.91,Thấp,mixed_proxy_thieu_du_lieu,61.5,20/05/2026 22:18
Hà Nội,còn dư địa hoặc cần theo dõi,"Điều chỉnh truyền thông, kích cầu điểm phụ, công bố cảnh báo trên dashboard/app",Chính quyền,cao,Tăng doanh thu mùa thấp điểm và kéo dài thời gian lưu trú nếu kích cầu đúng phân khúc.,"Vấn đề -> Hành động -> KPI thay đổi -> Hiệu quả kinh tế: giảm áp lực tại điểm nóng, tăng chi tiêu ăn uống/vận tải/lưu trú/vé ở vùng phụ và giảm chi phí xã hội do kẹt xe/quá tải.",Điểm áp lực; điểm điều phối; điểm hạ tầng; cơ hội kinh tế; doanh thu ăn uống/vé/lưu trú; phản hồi du khách,39.12,54.86,45.65,46.47,Thấp,mixed_proxy_thieu_du_lieu,61.5,20/05/2026 22:18
Hà Nội,còn dư địa hoặc cần theo dõi,"Phân luồng tại tuyến ven biển, đặt biển báo, tăng lực lượng ở nút vào bãi biển/POI",Công an/giao thông,trung bình,Tăng doanh thu mùa thấp điểm và kéo dài thời gian lưu trú nếu kích cầu đúng phân khúc.,"Vấn đề -> Hành động -> KPI thay đổi -> Hiệu quả kinh tế: giảm áp lực tại điểm nóng, tăng chi tiêu ăn uống/vận tải/lưu trú/vé ở vùng phụ và giảm chi phí xã hội do kẹt xe/quá tải.",Điểm áp lực; điểm điều phối; điểm hạ tầng; cơ hội kinh tế; doanh thu ăn uống/vé/lưu trú; phản hồi du khách,40.32,49.26,45.65,45.83,Thấp,mixed_proxy_thieu_du_lieu,61.5,20/05/2026 22:18
Hà Nội,còn dư địa hoặc cần theo dõi,"Bán gói liên vùng, chuyển tour sang khung giờ thấp điểm hoặc điểm còn dư địa",Doanh nghiệp du lịch,thấp-trung bình,Tăng doanh thu mùa thấp điểm và kéo dài thời gian lưu trú nếu kích cầu đúng phân khúc.,"Vấn đề -> Hành động -> KPI thay đổi -> Hiệu quả kinh tế: giảm áp lực tại điểm nóng, tăng chi tiêu ăn uống/vận tải/lưu trú/vé ở vùng phụ và giảm chi phí xã hội do kẹt xe/quá tải.",Điểm áp lực; điểm điều phối; điểm hạ tầng; cơ hội kinh tế; doanh thu ăn uống/vé/lưu trú; phản hồi du khách,39.42,55.56,45.65,46.73,Thấp,mixed_proxy_thieu_du_lieu,61.5,20/05/2026 22:18
Hà Nội,còn dư địa hoặc cần theo dõi,"Tạo combo lưu trú dài hơn, voucher ăn uống địa phương và điều tiết giá theo trải nghiệm",Khách sạn,thấp-trung bình,Tăng doanh thu mùa thấp điểm và kéo dài thời gian lưu trú nếu kích cầu đúng phân khúc.,"Vấn đề -> Hành động -> KPI thay đổi -> Hiệu quả kinh tế: giảm áp lực tại điểm nóng, tăng chi tiêu ăn uống/vận tải/lưu trú/vé ở vùng phụ và giảm chi phí xã hội do kẹt xe/quá tải.",Điểm áp lực; điểm điều phối; điểm hạ tầng; cơ hội kinh tế; doanh thu ăn uống/vé/lưu trú; phản hồi du khách,38.52,56.96,45.65,46.65,Thấp,mixed_proxy_thieu_du_lieu,61.5,20/05/2026 22:18
Hà Nội,còn dư địa hoặc cần theo dõi,"Chia vé theo khung giờ, tăng nhân sự soát vé, đẩy QR/e-ticket",Khu vui chơi,thấp-trung bình,Tăng doanh thu mùa thấp điểm và kéo dài thời gian lưu trú nếu kích cầu đúng phân khúc.,"Vấn đề -> Hành động -> KPI thay đổi -> Hiệu quả kinh tế: giảm áp lực tại điểm nóng, tăng chi tiêu ăn uống/vận tải/lưu trú/vé ở vùng phụ và giảm chi phí xã hội do kẹt xe/quá tải.",Điểm áp lực; điểm điều phối; điểm hạ tầng; cơ hội kinh tế; doanh thu ăn uống/vé/lưu trú; phản hồi du khách,38.97,56.26,45.65,46.69,Thấp,mixed_proxy_thieu_du_lieu,61.5,20/05/2026 22:18
Hà Nội,còn dư địa hoặc cần theo dõi,"Tạo voucher giờ thấp điểm, menu combo địa phương và điểm bán vệ tinh",Nhà hàng/OCOP,thấp-trung bình,Tăng doanh thu mùa thấp điểm và kéo dài thời gian lưu trú nếu kích cầu đúng phân khúc.,"Vấn đề -> Hành động -> KPI thay đổi -> Hiệu quả kinh tế: giảm áp lực tại điểm nóng, tăng chi tiêu ăn uống/vận tải/lưu trú/vé ở vùng phụ và giảm chi phí xã hội do kẹt xe/quá tải.",Điểm áp lực; điểm điều phối; điểm hạ tầng; cơ hội kinh tế; doanh thu ăn uống/vé/lưu trú; phản hồi du khách,37.92,57.66,45.65,46.55,Thấp,mixed_proxy_thieu_du_lieu,61.5,20/05/2026 22:18
Hà Nội,còn dư địa hoặc cần theo dõi,Tăng shuttle từ bãi đỗ vệ tinh và tuyến thay thế khi điểm áp lực tăng,Vận tải/shuttle,trung bình,Tăng doanh thu mùa thấp điểm và kéo dài thời gian lưu trú nếu kích cầu đúng phân khúc.,"Vấn đề -> Hành động -> KPI thay đổi -> Hiệu quả kinh tế: giảm áp lực tại điểm nóng, tăng chi tiêu ăn uống/vận tải/lưu trú/vé ở vùng phụ và giảm chi phí xã hội do kẹt xe/quá tải.",Điểm áp lực; điểm điều phối; điểm hạ tầng; cơ hội kinh tế; doanh thu ăn uống/vé/lưu trú; phản hồi du khách,40.02,51.36,45.65,46.13,Thấp,mixed_proxy_thieu_du_lieu,61.5,20/05/2026 22:18
Hà Giang,còn dư địa hoặc cần theo dõi,"Điều chỉnh truyền thông, kích cầu điểm phụ, công bố cảnh báo trên dashboard/app",Chính quyền,cao,Tăng doanh thu mùa thấp điểm và kéo dài thời gian lưu trú nếu kích cầu đúng phân khúc.,"Vấn đề -> Hành động -> KPI thay đổi -> Hiệu quả kinh tế: giảm áp lực tại điểm nóng, tăng chi tiêu ăn uống/vận tải/lưu trú/vé ở vùng phụ và giảm chi phí xã hội do kẹt xe/quá tải.",Điểm áp lực; điểm điều phối; điểm hạ tầng; cơ hội kinh tế; doanh thu ăn uống/vé/lưu trú; phản hồi du khách,36.5,51.15,43.62,44.06,Thấp,mixed_proxy_thieu_du_lieu,61.5,20/05/2026 22:18
Hà Giang,còn dư địa hoặc cần theo dõi,"Phân luồng tại tuyến ven biển, đặt biển báo, tăng lực lượng ở nút vào bãi biển/POI",Công an/giao thông,trung bình,Tăng doanh thu mùa thấp điểm và kéo dài thời gian lưu trú nếu kích cầu đúng phân khúc.,"Vấn đề -> Hành động -> KPI thay đổi -> Hiệu quả kinh tế: giảm áp lực tại điểm nóng, tăng chi tiêu ăn uống/vận tải/lưu trú/vé ở vùng phụ và giảm chi phí xã hội do kẹt xe/quá tải.",Điểm áp lực; điểm điều phối; điểm hạ tầng; cơ hội kinh tế; doanh thu ăn uống/vé/lưu trú; phản hồi du khách,37.7,45.55,43.62,43.42,Thấp,mixed_proxy_thieu_du_lieu,61.5,20/05/2026 22:18
Hà Giang,còn dư địa hoặc cần theo dõi,"Bán gói liên vùng, chuyển tour sang khung giờ thấp điểm hoặc điểm còn dư địa",Doanh nghiệp du lịch,thấp-trung bình,Tăng doanh thu mùa thấp điểm và kéo dài thời gian lưu trú nếu kích cầu đúng phân khúc.,"Vấn đề -> Hành động -> KPI thay đổi -> Hiệu quả kinh tế: giảm áp lực tại điểm nóng, tăng chi tiêu ăn uống/vận tải/lưu trú/vé ở vùng phụ và giảm chi phí xã hội do kẹt xe/quá tải.",Điểm áp lực; điểm điều phối; điểm hạ tầng; cơ hội kinh tế; doanh thu ăn uống/vé/lưu trú; phản hồi du khách,36.8,51.85,43.62,44.32,Thấp,mixed_proxy_thieu_du_lieu,61.5,20/05/2026 22:18
Hà Giang,còn dư địa hoặc cần theo dõi,"Tạo combo lưu trú dài hơn, voucher ăn uống địa phương và điều tiết giá theo trải nghiệm",Khách sạn,thấp-trung bình,Tăng doanh thu mùa thấp điểm và kéo dài thời gian lưu trú nếu kích cầu đúng phân khúc.,"Vấn đề -> Hành động -> KPI thay đổi -> Hiệu quả kinh tế: giảm áp lực tại điểm nóng, tăng chi tiêu ăn uống/vận tải/lưu trú/vé ở vùng phụ và giảm chi phí xã hội do kẹt xe/quá tải.",Điểm áp lực; điểm điều phối; điểm hạ tầng; cơ hội kinh tế; doanh thu ăn uống/vé/lưu trú; phản hồi du khách,35.9,53.25,43.62,44.24,Thấp,mixed_proxy_thieu_du_lieu,61.5,20/05/2026 22:18
Hà Giang,còn dư địa hoặc cần theo dõi,"Chia vé theo khung giờ, tăng nhân sự soát vé, đẩy QR/e-ticket",Khu vui chơi,thấp-trung bình,Tăng doanh thu mùa thấp điểm và kéo dài thời gian lưu trú nếu kích cầu đúng phân khúc.,"Vấn đề -> Hành động -> KPI thay đổi -> Hiệu quả kinh tế: giảm áp lực tại điểm nóng, tăng chi tiêu ăn uống/vận tải/lưu trú/vé ở vùng phụ và giảm chi phí xã hội do kẹt xe/quá tải.",Điểm áp lực; điểm điều phối; điểm hạ tầng; cơ hội kinh tế; doanh thu ăn uống/vé/lưu trú; phản hồi du khách,36.35,52.55,43.62,44.28,Thấp,mixed_proxy_thieu_du_lieu,61.5,20/05/2026 22:18
Hà Giang,còn dư địa hoặc cần theo dõi,"Tạo voucher giờ thấp điểm, menu combo địa phương và điểm bán vệ tinh",Nhà hàng/OCOP,thấp-trung bình,Tăng doanh thu mùa thấp điểm và kéo dài thời gian lưu trú nếu kích cầu đúng phân khúc.,"Vấn đề -> Hành động -> KPI thay đổi -> Hiệu quả kinh tế: giảm áp lực tại điểm nóng, tăng chi tiêu ăn uống/vận tải/lưu trú/vé ở vùng phụ và giảm chi phí xã hội do kẹt xe/quá tải.",Điểm áp lực; điểm điều phối; điểm hạ tầng; cơ hội kinh tế; doanh thu ăn uống/vé/lưu trú; phản hồi du khách,35.3,53.95,43.62,44.14,Thấp,mixed_proxy_thieu_du_lieu,61.5,20/05/2026 22:18
Hà Giang,còn dư địa hoặc cần theo dõi,Tăng shuttle từ bãi đỗ vệ tinh và tuyến thay thế khi điểm áp lực tăng,Vận tải/shuttle,trung bình,Tăng doanh thu mùa thấp điểm và kéo dài thời gian lưu trú nếu kích cầu đúng phân khúc.,"Vấn đề -> Hành động -> KPI thay đổi -> Hiệu quả kinh tế: giảm áp lực tại điểm nóng, tăng chi tiêu ăn uống/vận tải/lưu trú/vé ở vùng phụ và giảm chi phí xã hội do kẹt xe/quá tải.",Điểm áp lực; điểm điều phối; điểm hạ tầng; cơ hội kinh tế; doanh thu ăn uống/vé/lưu trú; phản hồi du khách,37.4,47.65,43.62,43.72,Thấp,mixed_proxy_thieu_du_lieu,61.5,20/05/2026 22:18
Phú Quốc,còn dư địa hoặc cần theo dõi,"Điều chỉnh truyền thông, kích cầu điểm phụ, công bố cảnh báo trên dashboard/app",Chính quyền,thấp-trung bình,Tăng doanh thu mùa thấp điểm và kéo dài thời gian lưu trú nếu kích cầu đúng phân khúc.,"Vấn đề -> Hành động -> KPI thay đổi -> Hiệu quả kinh tế: giảm áp lực tại điểm nóng, tăng chi tiêu ăn uống/vận tải/lưu trú/vé ở vùng phụ và giảm chi phí xã hội do kẹt xe/quá tải.",Điểm áp lực; điểm điều phối; điểm hạ tầng; cơ hội kinh tế; doanh thu ăn uống/vé/lưu trú; phản hồi du khách,47.18,61.52,37.76,48.65,Thấp,mixed_proxy_thieu_du_lieu,61.5,20/05/2026 22:18
Phú Quốc,còn dư địa hoặc cần theo dõi,"Phân luồng tại tuyến ven biển, đặt biển báo, tăng lực lượng ở nút vào bãi biển/POI",Công an/giao thông,trung bình,Tăng doanh thu mùa thấp điểm và kéo dài thời gian lưu trú nếu kích cầu đúng phân khúc.,"Vấn đề -> Hành động -> KPI thay đổi -> Hiệu quả kinh tế: giảm áp lực tại điểm nóng, tăng chi tiêu ăn uống/vận tải/lưu trú/vé ở vùng phụ và giảm chi phí xã hội do kẹt xe/quá tải.",Điểm áp lực; điểm điều phối; điểm hạ tầng; cơ hội kinh tế; doanh thu ăn uống/vé/lưu trú; phản hồi du khách,48.38,55.92,37.76,48.01,Thấp,mixed_proxy_thieu_du_lieu,61.5,20/05/2026 22:18
Phú Quốc,còn dư địa hoặc cần theo dõi,"Bán gói liên vùng, chuyển tour sang khung giờ thấp điểm hoặc điểm còn dư địa",Doanh nghiệp du lịch,thấp-trung bình,Tăng doanh thu mùa thấp điểm và kéo dài thời gian lưu trú nếu kích cầu đúng phân khúc.,"Vấn đề -> Hành động -> KPI thay đổi -> Hiệu quả kinh tế: giảm áp lực tại điểm nóng, tăng chi tiêu ăn uống/vận tải/lưu trú/vé ở vùng phụ và giảm chi phí xã hội do kẹt xe/quá tải.",Điểm áp lực; điểm điều phối; điểm hạ tầng; cơ hội kinh tế; doanh thu ăn uống/vé/lưu trú; phản hồi du khách,47.48,62.22,37.76,48.91,Thấp,mixed_proxy_thieu_du_lieu,61.5,20/05/2026 22:18
Phú Quốc,còn dư địa hoặc cần theo dõi,"Tạo combo lưu trú dài hơn, voucher ăn uống địa phương và điều tiết giá theo trải nghiệm",Khách sạn,thấp-trung bình,Tăng doanh thu mùa thấp điểm và kéo dài thời gian lưu trú nếu kích cầu đúng phân khúc.,"Vấn đề -> Hành động -> KPI thay đổi -> Hiệu quả kinh tế: giảm áp lực tại điểm nóng, tăng chi tiêu ăn uống/vận tải/lưu trú/vé ở vùng phụ và giảm chi phí xã hội do kẹt xe/quá tải.",Điểm áp lực; điểm điều phối; điểm hạ tầng; cơ hội kinh tế; doanh thu ăn uống/vé/lưu trú; phản hồi du khách,46.58,63.62,37.76,48.83,Thấp,mixed_proxy_thieu_du_lieu,61.5,20/05/2026 22:18
Phú Quốc,còn dư địa hoặc cần theo dõi,"Chia vé theo khung giờ, tăng nhân sự soát vé, đẩy QR/e-ticket",Khu vui chơi,thấp-trung bình,Tăng doanh thu mùa thấp điểm và kéo dài thời gian lưu trú nếu kích cầu đúng phân khúc.,"Vấn đề -> Hành động -> KPI thay đổi -> Hiệu quả kinh tế: giảm áp lực tại điểm nóng, tăng chi tiêu ăn uống/vận tải/lưu trú/vé ở vùng phụ và giảm chi phí xã hội do kẹt xe/quá tải.",Điểm áp lực; điểm điều phối; điểm hạ tầng; cơ hội kinh tế; doanh thu ăn uống/vé/lưu trú; phản hồi du khách,47.03,62.92,37.76,48.87,Thấp,mixed_proxy_thieu_du_lieu,61.5,20/05/2026 22:18
Phú Quốc,còn dư địa hoặc cần theo dõi,"Tạo voucher giờ thấp điểm, menu combo địa phương và điểm bán vệ tinh",Nhà hàng/OCOP,thấp-trung bình,Tăng doanh thu mùa thấp điểm và kéo dài thời gian lưu trú nếu kích cầu đúng phân khúc.,"Vấn đề -> Hành động -> KPI thay đổi -> Hiệu quả kinh tế: giảm áp lực tại điểm nóng, tăng chi tiêu ăn uống/vận tải/lưu trú/vé ở vùng phụ và giảm chi phí xã hội do kẹt xe/quá tải.",Điểm áp lực; điểm điều phối; điểm hạ tầng; cơ hội kinh tế; doanh thu ăn uống/vé/lưu trú; phản hồi du khách,45.98,64.32,37.76,48.73,Thấp,mixed_proxy_thieu_du_lieu,61.5,20/05/2026 22:18
Phú Quốc,còn dư địa hoặc cần theo dõi,Tăng shuttle từ bãi đỗ vệ tinh và tuyến thay thế khi điểm áp lực tăng,Vận tải/shuttle,trung bình,Tăng doanh thu mùa thấp điểm và kéo dài thời gian lưu trú nếu kích cầu đúng phân khúc.,"Vấn đề -> Hành động -> KPI thay đổi -> Hiệu quả kinh tế: giảm áp lực tại điểm nóng, tăng chi tiêu ăn uống/vận tải/lưu trú/vé ở vùng phụ và giảm chi phí xã hội do kẹt xe/quá tải.",Điểm áp lực; điểm điều phối; điểm hạ tầng; cơ hội kinh tế; doanh thu ăn uống/vé/lưu trú; phản hồi du khách,48.08,58.02,37.76,48.31,Thấp,mixed_proxy_thieu_du_lieu,61.5,20/05/2026 22:18
Phong Nha - Kẻ Bàng,còn dư địa hoặc cần theo dõi,"Điều chỉnh truyền thông, kích cầu điểm phụ, công bố cảnh báo trên dashboard/app",Chính quyền,cao,Tăng doanh thu mùa thấp điểm và kéo dài thời gian lưu trú nếu kích cầu đúng phân khúc.,"Vấn đề -> Hành động -> KPI thay đổi -> Hiệu quả kinh tế: giảm áp lực tại điểm nóng, tăng chi tiêu ăn uống/vận tải/lưu trú/vé ở vùng phụ và giảm chi phí xã hội do kẹt xe/quá tải.",Điểm áp lực; điểm điều phối; điểm hạ tầng; cơ hội kinh tế; doanh thu ăn uống/vé/lưu trú; phản hồi du khách,36.23,51.8,36.0,40.02,Thấp,mixed_proxy_thieu_du_lieu,43.75,20/05/2026 22:18
Phong Nha - Kẻ Bàng,còn dư địa hoặc cần theo dõi,"Phân luồng tại tuyến ven biển, đặt biển báo, tăng lực lượng ở nút vào bãi biển/POI",Công an/giao thông,trung bình,Tăng doanh thu mùa thấp điểm và kéo dài thời gian lưu trú nếu kích cầu đúng phân khúc.,"Vấn đề -> Hành động -> KPI thay đổi -> Hiệu quả kinh tế: giảm áp lực tại điểm nóng, tăng chi tiêu ăn uống/vận tải/lưu trú/vé ở vùng phụ và giảm chi phí xã hội do kẹt xe/quá tải.",Điểm áp lực; điểm điều phối; điểm hạ tầng; cơ hội kinh tế; doanh thu ăn uống/vé/lưu trú; phản hồi du khách,37.42,46.2,36.0,39.38,Thấp,mixed_proxy_thieu_du_lieu,43.75,20/05/2026 22:18
Phong Nha - Kẻ Bàng,còn dư địa hoặc cần theo dõi,"Bán gói liên vùng, chuyển tour sang khung giờ thấp điểm hoặc điểm còn dư địa",Doanh nghiệp du lịch,thấp-trung bình,Tăng doanh thu mùa thấp điểm và kéo dài thời gian lưu trú nếu kích cầu đúng phân khúc.,"Vấn đề -> Hành động -> KPI thay đổi -> Hiệu quả kinh tế: giảm áp lực tại điểm nóng, tăng chi tiêu ăn uống/vận tải/lưu trú/vé ở vùng phụ và giảm chi phí xã hội do kẹt xe/quá tải.",Điểm áp lực; điểm điều phối; điểm hạ tầng; cơ hội kinh tế; doanh thu ăn uống/vé/lưu trú; phản hồi du khách,36.52,52.5,36.0,40.28,Thấp,mixed_proxy_thieu_du_lieu,43.75,20/05/2026 22:18
Phong Nha - Kẻ Bàng,còn dư địa hoặc cần theo dõi,"Tạo combo lưu trú dài hơn, voucher ăn uống địa phương và điều tiết giá theo trải nghiệm",Khách sạn,thấp-trung bình,Tăng doanh thu mùa thấp điểm và kéo dài thời gian lưu trú nếu kích cầu đúng phân khúc.,"Vấn đề -> Hành động -> KPI thay đổi -> Hiệu quả kinh tế: giảm áp lực tại điểm nóng, tăng chi tiêu ăn uống/vận tải/lưu trú/vé ở vùng phụ và giảm chi phí xã hội do kẹt xe/quá tải.",Điểm áp lực; điểm điều phối; điểm hạ tầng; cơ hội kinh tế; doanh thu ăn uống/vé/lưu trú; phản hồi du khách,35.62,53.9,36.0,40.2,Thấp,mixed_proxy_thieu_du_lieu,43.75,20/05/2026 22:18
Phong Nha - Kẻ Bàng,còn dư địa hoặc cần theo dõi,"Chia vé theo khung giờ, tăng nhân sự soát vé, đẩy QR/e-ticket",Khu vui chơi,thấp-trung bình,Tăng doanh thu mùa thấp điểm và kéo dài thời gian lưu trú nếu kích cầu đúng phân khúc.,"Vấn đề -> Hành động -> KPI thay đổi -> Hiệu quả kinh tế: giảm áp lực tại điểm nóng, tăng chi tiêu ăn uống/vận tải/lưu trú/vé ở vùng phụ và giảm chi phí xã hội do kẹt xe/quá tải.",Điểm áp lực; điểm điều phối; điểm hạ tầng; cơ hội kinh tế; doanh thu ăn uống/vé/lưu trú; phản hồi du khách,36.08,53.2,36.0,40.25,Thấp,mixed_proxy_thieu_du_lieu,43.75,20/05/2026 22:18
Phong Nha - Kẻ Bàng,còn dư địa hoặc cần theo dõi,"Tạo voucher giờ thấp điểm, menu combo địa phương và điểm bán vệ tinh",Nhà hàng/OCOP,thấp-trung bình,Tăng doanh thu mùa thấp điểm và kéo dài thời gian lưu trú nếu kích cầu đúng phân khúc.,"Vấn đề -> Hành động -> KPI thay đổi -> Hiệu quả kinh tế: giảm áp lực tại điểm nóng, tăng chi tiêu ăn uống/vận tải/lưu trú/vé ở vùng phụ và giảm chi phí xã hội do kẹt xe/quá tải.",Điểm áp lực; điểm điều phối; điểm hạ tầng; cơ hội kinh tế; doanh thu ăn uống/vé/lưu trú; phản hồi du khách,35.02,54.6,36.0,40.1,Thấp,mixed_proxy_thieu_du_lieu,43.75,20/05/2026 22:18
Phong Nha - Kẻ Bàng,còn dư địa hoặc cần theo dõi,Tăng shuttle từ bãi đỗ vệ tinh và tuyến thay thế khi điểm áp lực tăng,Vận tải/shuttle,trung bình,Tăng doanh thu mùa thấp điểm và kéo dài thời gian lưu trú nếu kích cầu đúng phân khúc.,"Vấn đề -> Hành động -> KPI thay đổi -> Hiệu quả kinh tế: giảm áp lực tại điểm nóng, tăng chi tiêu ăn uống/vận tải/lưu trú/vé ở vùng phụ và giảm chi phí xã hội do kẹt xe/quá tải.",Điểm áp lực; điểm điều phối; điểm hạ tầng; cơ hội kinh tế; doanh thu ăn uống/vé/lưu trú; phản hồi du khách,37.12,48.3,36.0,39.69,Thấp,mixed_proxy_thieu_du_lieu,43.75,20/05/2026 22:18
Bà Nà Hills,còn dư địa hoặc cần theo dõi,"Điều chỉnh truyền thông, kích cầu điểm phụ, công bố cảnh báo trên dashboard/app",Chính quyền,cao,Tăng doanh thu mùa thấp điểm và kéo dài thời gian lưu trú nếu kích cầu đúng phân khúc.,"Vấn đề -> Hành động -> KPI thay đổi -> Hiệu quả kinh tế: giảm áp lực tại điểm nóng, tăng chi tiêu ăn uống/vận tải/lưu trú/vé ở vùng phụ và giảm chi phí xã hội do kẹt xe/quá tải.",Điểm áp lực; điểm điều phối; điểm hạ tầng; cơ hội kinh tế; doanh thu ăn uống/vé/lưu trú; phản hồi du khách,36.23,51.8,36.0,40.02,Thấp,mixed_proxy_thieu_du_lieu,43.75,20/05/2026 22:18
Bà Nà Hills,còn dư địa hoặc cần theo dõi,"Phân luồng tại tuyến ven biển, đặt biển báo, tăng lực lượng ở nút vào bãi biển/POI",Công an/giao thông,trung bình,Tăng doanh thu mùa thấp điểm và kéo dài thời gian lưu trú nếu kích cầu đúng phân khúc.,"Vấn đề -> Hành động -> KPI thay đổi -> Hiệu quả kinh tế: giảm áp lực tại điểm nóng, tăng chi tiêu ăn uống/vận tải/lưu trú/vé ở vùng phụ và giảm chi phí xã hội do kẹt xe/quá tải.",Điểm áp lực; điểm điều phối; điểm hạ tầng; cơ hội kinh tế; doanh thu ăn uống/vé/lưu trú; phản hồi du khách,37.42,46.2,36.0,39.38,Thấp,mixed_proxy_thieu_du_lieu,43.75,20/05/2026 22:18
Bà Nà Hills,còn dư địa hoặc cần theo dõi,"Bán gói liên vùng, chuyển tour sang khung giờ thấp điểm hoặc điểm còn dư địa",Doanh nghiệp du lịch,thấp-trung bình,Tăng doanh thu mùa thấp điểm và kéo dài thời gian lưu trú nếu kích cầu đúng phân khúc.,"Vấn đề -> Hành động -> KPI thay đổi -> Hiệu quả kinh tế: giảm áp lực tại điểm nóng, tăng chi tiêu ăn uống/vận tải/lưu trú/vé ở vùng phụ và giảm chi phí xã hội do kẹt xe/quá tải.",Điểm áp lực; điểm điều phối; điểm hạ tầng; cơ hội kinh tế; doanh thu ăn uống/vé/lưu trú; phản hồi du khách,36.52,52.5,36.0,40.28,Thấp,mixed_proxy_thieu_du_lieu,43.75,20/05/2026 22:18
Bà Nà Hills,còn dư địa hoặc cần theo dõi,"Tạo combo lưu trú dài hơn, voucher ăn uống địa phương và điều tiết giá theo trải nghiệm",Khách sạn,thấp-trung bình,Tăng doanh thu mùa thấp điểm và kéo dài thời gian lưu trú nếu kích cầu đúng phân khúc.,"Vấn đề -> Hành động -> KPI thay đổi -> Hiệu quả kinh tế: giảm áp lực tại điểm nóng, tăng chi tiêu ăn uống/vận tải/lưu trú/vé ở vùng phụ và giảm chi phí xã hội do kẹt xe/quá tải.",Điểm áp lực; điểm điều phối; điểm hạ tầng; cơ hội kinh tế; doanh thu ăn uống/vé/lưu trú; phản hồi du khách,35.62,53.9,36.0,40.2,Thấp,mixed_proxy_thieu_du_lieu,43.75,20/05/2026 22:18
Bà Nà Hills,còn dư địa hoặc cần theo dõi,"Chia vé theo khung giờ, tăng nhân sự soát vé, đẩy QR/e-ticket",Khu vui chơi,thấp-trung bình,Tăng doanh thu mùa thấp điểm và kéo dài thời gian lưu trú nếu kích cầu đúng phân khúc.,"Vấn đề -> Hành động -> KPI thay đổi -> Hiệu quả kinh tế: giảm áp lực tại điểm nóng, tăng chi tiêu ăn uống/vận tải/lưu trú/vé ở vùng phụ và giảm chi phí xã hội do kẹt xe/quá tải.",Điểm áp lực; điểm điều phối; điểm hạ tầng; cơ hội kinh tế; doanh thu ăn uống/vé/lưu trú; phản hồi du khách,36.08,53.2,36.0,40.25,Thấp,mixed_proxy_thieu_du_lieu,43.75,20/05/2026 22:18
Bà Nà Hills,còn dư địa hoặc cần theo dõi,"Tạo voucher giờ thấp điểm, menu combo địa phương và điểm bán vệ tinh",Nhà hàng/OCOP,thấp-trung bình,Tăng doanh thu mùa thấp điểm và kéo dài thời gian lưu trú nếu kích cầu đúng phân khúc.,"Vấn đề -> Hành động -> KPI thay đổi -> Hiệu quả kinh tế: giảm áp lực tại điểm nóng, tăng chi tiêu ăn uống/vận tải/lưu trú/vé ở vùng phụ và giảm chi phí xã hội do kẹt xe/quá tải.",Điểm áp lực; điểm điều phối; điểm hạ tầng; cơ hội kinh tế; doanh thu ăn uống/vé/lưu trú; phản hồi du khách,35.02,54.6,36.0,40.1,Thấp,mixed_proxy_thieu_du_lieu,43.75,20/05/2026 22:18
Bà Nà Hills,còn dư địa hoặc cần theo dõi,Tăng shuttle từ bãi đỗ vệ tinh và tuyến thay thế khi điểm áp lực tăng,Vận tải/shuttle,trung bình,Tăng doanh thu mùa thấp điểm và kéo dài thời gian lưu trú nếu kích cầu đúng phân khúc.,"Vấn đề -> Hành động -> KPI thay đổi -> Hiệu quả kinh tế: giảm áp lực tại điểm nóng, tăng chi tiêu ăn uống/vận tải/lưu trú/vé ở vùng phụ và giảm chi phí xã hội do kẹt xe/quá tải.",Điểm áp lực; điểm điều phối; điểm hạ tầng; cơ hội kinh tế; doanh thu ăn uống/vé/lưu trú; phản hồi du khách,37.12,48.3,36.0,39.69,Thấp,mixed_proxy_thieu_du_lieu,43.75,20/05/2026 22:18
Mai Châu,còn dư địa hoặc cần theo dõi,"Điều chỉnh truyền thông, kích cầu điểm phụ, công bố cảnh báo trên dashboard/app",Chính quyền,cao,Tăng doanh thu mùa thấp điểm và kéo dài thời gian lưu trú nếu kích cầu đúng phân khúc.,"Vấn đề -> Hành động -> KPI thay đổi -> Hiệu quả kinh tế: giảm áp lực tại điểm nóng, tăng chi tiêu ăn uống/vận tải/lưu trú/vé ở vùng phụ và giảm chi phí xã hội do kẹt xe/quá tải.",Điểm áp lực; điểm điều phối; điểm hạ tầng; cơ hội kinh tế; doanh thu ăn uống/vé/lưu trú; phản hồi du khách,36.23,51.8,36.0,40.02,Thấp,mixed_proxy_thieu_du_lieu,43.75,20/05/2026 22:18
Mai Châu,còn dư địa hoặc cần theo dõi,"Phân luồng tại tuyến ven biển, đặt biển báo, tăng lực lượng ở nút vào bãi biển/POI",Công an/giao thông,trung bình,Tăng doanh thu mùa thấp điểm và kéo dài thời gian lưu trú nếu kích cầu đúng phân khúc.,"Vấn đề -> Hành động -> KPI thay đổi -> Hiệu quả kinh tế: giảm áp lực tại điểm nóng, tăng chi tiêu ăn uống/vận tải/lưu trú/vé ở vùng phụ và giảm chi phí xã hội do kẹt xe/quá tải.",Điểm áp lực; điểm điều phối; điểm hạ tầng; cơ hội kinh tế; doanh thu ăn uống/vé/lưu trú; phản hồi du khách,37.42,46.2,36.0,39.38,Thấp,mixed_proxy_thieu_du_lieu,43.75,20/05/2026 22:18
Mai Châu,còn dư địa hoặc cần theo dõi,"Bán gói liên vùng, chuyển tour sang khung giờ thấp điểm hoặc điểm còn dư địa",Doanh nghiệp du lịch,thấp-trung bình,Tăng doanh thu mùa thấp điểm và kéo dài thời gian lưu trú nếu kích cầu đúng phân khúc.,"Vấn đề -> Hành động -> KPI thay đổi -> Hiệu quả kinh tế: giảm áp lực tại điểm nóng, tăng chi tiêu ăn uống/vận tải/lưu trú/vé ở vùng phụ và giảm chi phí xã hội do kẹt xe/quá tải.",Điểm áp lực; điểm điều phối; điểm hạ tầng; cơ hội kinh tế; doanh thu ăn uống/vé/lưu trú; phản hồi du khách,36.52,52.5,36.0,40.28,Thấp,mixed_proxy_thieu_du_lieu,43.75,20/05/2026 22:18
Mai Châu,còn dư địa hoặc cần theo dõi,"Tạo combo lưu trú dài hơn, voucher ăn uống địa phương và điều tiết giá theo trải nghiệm",Khách sạn,thấp-trung bình,Tăng doanh thu mùa thấp điểm và kéo dài thời gian lưu trú nếu kích cầu đúng phân khúc.,"Vấn đề -> Hành động -> KPI thay đổi -> Hiệu quả kinh tế: giảm áp lực tại điểm nóng, tăng chi tiêu ăn uống/vận tải/lưu trú/vé ở vùng phụ và giảm chi phí xã hội do kẹt xe/quá tải.",Điểm áp lực; điểm điều phối; điểm hạ tầng; cơ hội kinh tế; doanh thu ăn uống/vé/lưu trú; phản hồi du khách,35.62,53.9,36.0,40.2,Thấp,mixed_proxy_thieu_du_lieu,43.75,20/05/2026 22:18
Mai Châu,còn dư địa hoặc cần theo dõi,"Chia vé theo khung giờ, tăng nhân sự soát vé, đẩy QR/e-ticket",Khu vui chơi,thấp-trung bình,Tăng doanh thu mùa thấp điểm và kéo dài thời gian lưu trú nếu kích cầu đúng phân khúc.,"Vấn đề -> Hành động -> KPI thay đổi -> Hiệu quả kinh tế: giảm áp lực tại điểm nóng, tăng chi tiêu ăn uống/vận tải/lưu trú/vé ở vùng phụ và giảm chi phí xã hội do kẹt xe/quá tải.",Điểm áp lực; điểm điều phối; điểm hạ tầng; cơ hội kinh tế; doanh thu ăn uống/vé/lưu trú; phản hồi du khách,36.08,53.2,36.0,40.25,Thấp,mixed_proxy_thieu_du_lieu,43.75,20/05/2026 22:18
Mai Châu,còn dư địa hoặc cần theo dõi,"Tạo voucher giờ thấp điểm, menu combo địa phương và điểm bán vệ tinh",Nhà hàng/OCOP,thấp-trung bình,Tăng doanh thu mùa thấp điểm và kéo dài thời gian lưu trú nếu kích cầu đúng phân khúc.,"Vấn đề -> Hành động -> KPI thay đổi -> Hiệu quả kinh tế: giảm áp lực tại điểm nóng, tăng chi tiêu ăn uống/vận tải/lưu trú/vé ở vùng phụ và giảm chi phí xã hội do kẹt xe/quá tải.",Điểm áp lực; điểm điều phối; điểm hạ tầng; cơ hội kinh tế; doanh thu ăn uống/vé/lưu trú; phản hồi du khách,35.02,54.6,36.0,40.1,Thấp,mixed_proxy_thieu_du_lieu,43.75,20/05/2026 22:18
Mai Châu,còn dư địa hoặc cần theo dõi,Tăng shuttle từ bãi đỗ vệ tinh và tuyến thay thế khi điểm áp lực tăng,Vận tải/shuttle,trung bình,Tăng doanh thu mùa thấp điểm và kéo dài thời gian lưu trú nếu kích cầu đúng phân khúc.,"Vấn đề -> Hành động -> KPI thay đổi -> Hiệu quả kinh tế: giảm áp lực tại điểm nóng, tăng chi tiêu ăn uống/vận tải/lưu trú/vé ở vùng phụ và giảm chi phí xã hội do kẹt xe/quá tải.",Điểm áp lực; điểm điều phối; điểm hạ tầng; cơ hội kinh tế; doanh thu ăn uống/vé/lưu trú; phản hồi du khách,37.12,48.3,36.0,39.69,Thấp,mixed_proxy_thieu_du_lieu,43.75,20/05/2026 22:18
Tam Đảo,còn dư địa hoặc cần theo dõi,"Điều chỉnh truyền thông, kích cầu điểm phụ, công bố cảnh báo trên dashboard/app",Chính quyền,cao,Tăng doanh thu mùa thấp điểm và kéo dài thời gian lưu trú nếu kích cầu đúng phân khúc.,"Vấn đề -> Hành động -> KPI thay đổi -> Hiệu quả kinh tế: giảm áp lực tại điểm nóng, tăng chi tiêu ăn uống/vận tải/lưu trú/vé ở vùng phụ và giảm chi phí xã hội do kẹt xe/quá tải.",Điểm áp lực; điểm điều phối; điểm hạ tầng; cơ hội kinh tế; doanh thu ăn uống/vé/lưu trú; phản hồi du khách,36.23,51.8,36.0,40.02,Thấp,mixed_proxy_thieu_du_lieu,43.75,20/05/2026 22:18
Tam Đảo,còn dư địa hoặc cần theo dõi,"Phân luồng tại tuyến ven biển, đặt biển báo, tăng lực lượng ở nút vào bãi biển/POI",Công an/giao thông,trung bình,Tăng doanh thu mùa thấp điểm và kéo dài thời gian lưu trú nếu kích cầu đúng phân khúc.,"Vấn đề -> Hành động -> KPI thay đổi -> Hiệu quả kinh tế: giảm áp lực tại điểm nóng, tăng chi tiêu ăn uống/vận tải/lưu trú/vé ở vùng phụ và giảm chi phí xã hội do kẹt xe/quá tải.",Điểm áp lực; điểm điều phối; điểm hạ tầng; cơ hội kinh tế; doanh thu ăn uống/vé/lưu trú; phản hồi du khách,37.42,46.2,36.0,39.38,Thấp,mixed_proxy_thieu_du_lieu,43.75,20/05/2026 22:18
Tam Đảo,còn dư địa hoặc cần theo dõi,"Bán gói liên vùng, chuyển tour sang khung giờ thấp điểm hoặc điểm còn dư địa",Doanh nghiệp du lịch,thấp-trung bình,Tăng doanh thu mùa thấp điểm và kéo dài thời gian lưu trú nếu kích cầu đúng phân khúc.,"Vấn đề -> Hành động -> KPI thay đổi -> Hiệu quả kinh tế: giảm áp lực tại điểm nóng, tăng chi tiêu ăn uống/vận tải/lưu trú/vé ở vùng phụ và giảm chi phí xã hội do kẹt xe/quá tải.",Điểm áp lực; điểm điều phối; điểm hạ tầng; cơ hội kinh tế; doanh thu ăn uống/vé/lưu trú; phản hồi du khách,36.52,52.5,36.0,40.28,Thấp,mixed_proxy_thieu_du_lieu,43.75,20/05/2026 22:18
Tam Đảo,còn dư địa hoặc cần theo dõi,"Tạo combo lưu trú dài hơn, voucher ăn uống địa phương và điều tiết giá theo trải nghiệm",Khách sạn,thấp-trung bình,Tăng doanh thu mùa thấp điểm và kéo dài thời gian lưu trú nếu kích cầu đúng phân khúc.,"Vấn đề -> Hành động -> KPI thay đổi -> Hiệu quả kinh tế: giảm áp lực tại điểm nóng, tăng chi tiêu ăn uống/vận tải/lưu trú/vé ở vùng phụ và giảm chi phí xã hội do kẹt xe/quá tải.",Điểm áp lực; điểm điều phối; điểm hạ tầng; cơ hội kinh tế; doanh thu ăn uống/vé/lưu trú; phản hồi du khách,35.62,53.9,36.0,40.2,Thấp,mixed_proxy_thieu_du_lieu,43.75,20/05/2026 22:18
Tam Đảo,còn dư địa hoặc cần theo dõi,"Chia vé theo khung giờ, tăng nhân sự soát vé, đẩy QR/e-ticket",Khu vui chơi,thấp-trung bình,Tăng doanh thu mùa thấp điểm và kéo dài thời gian lưu trú nếu kích cầu đúng phân khúc.,"Vấn đề -> Hành động -> KPI thay đổi -> Hiệu quả kinh tế: giảm áp lực tại điểm nóng, tăng chi tiêu ăn uống/vận tải/lưu trú/vé ở vùng phụ và giảm chi phí xã hội do kẹt xe/quá tải.",Điểm áp lực; điểm điều phối; điểm hạ tầng; cơ hội kinh tế; doanh thu ăn uống/vé/lưu trú; phản hồi du khách,36.08,53.2,36.0,40.25,Thấp,mixed_proxy_thieu_du_lieu,43.75,20/05/2026 22:18
Tam Đảo,còn dư địa hoặc cần theo dõi,"Tạo voucher giờ thấp điểm, menu combo địa phương và điểm bán vệ tinh",Nhà hàng/OCOP,thấp-trung bình,Tăng doanh thu mùa thấp điểm và kéo dài thời gian lưu trú nếu kích cầu đúng phân khúc.,"Vấn đề -> Hành động -> KPI thay đổi -> Hiệu quả kinh tế: giảm áp lực tại điểm nóng, tăng chi tiêu ăn uống/vận tải/lưu trú/vé ở vùng phụ và giảm chi phí xã hội do kẹt xe/quá tải.",Điểm áp lực; điểm điều phối; điểm hạ tầng; cơ hội kinh tế; doanh thu ăn uống/vé/lưu trú; phản hồi du khách,35.02,54.6,36.0,40.1,Thấp,mixed_proxy_thieu_du_lieu,43.75,20/05/2026 22:18
Tam Đảo,còn dư địa hoặc cần theo dõi,Tăng shuttle từ bãi đỗ vệ tinh và tuyến thay thế khi điểm áp lực tăng,Vận tải/shuttle,trung bình,Tăng doanh thu mùa thấp điểm và kéo dài thời gian lưu trú nếu kích cầu đúng phân khúc.,"Vấn đề -> Hành động -> KPI thay đổi -> Hiệu quả kinh tế: giảm áp lực tại điểm nóng, tăng chi tiêu ăn uống/vận tải/lưu trú/vé ở vùng phụ và giảm chi phí xã hội do kẹt xe/quá tải.",Điểm áp lực; điểm điều phối; điểm hạ tầng; cơ hội kinh tế; doanh thu ăn uống/vé/lưu trú; phản hồi du khách,37.12,48.3,36.0,39.69,Thấp,mixed_proxy_thieu_du_lieu,43.75,20/05/2026 22:18
Pleiku,còn dư địa hoặc cần theo dõi,"Điều chỉnh truyền thông, kích cầu điểm phụ, công bố cảnh báo trên dashboard/app",Chính quyền,cao,Tăng doanh thu mùa thấp điểm và kéo dài thời gian lưu trú nếu kích cầu đúng phân khúc.,"Vấn đề -> Hành động -> KPI thay đổi -> Hiệu quả kinh tế: giảm áp lực tại điểm nóng, tăng chi tiêu ăn uống/vận tải/lưu trú/vé ở vùng phụ và giảm chi phí xã hội do kẹt xe/quá tải.",Điểm áp lực; điểm điều phối; điểm hạ tầng; cơ hội kinh tế; doanh thu ăn uống/vé/lưu trú; phản hồi du khách,36.23,51.8,36.0,40.02,Thấp,mixed_proxy_thieu_du_lieu,43.75,20/05/2026 22:18
Pleiku,còn dư địa hoặc cần theo dõi,"Phân luồng tại tuyến ven biển, đặt biển báo, tăng lực lượng ở nút vào bãi biển/POI",Công an/giao thông,trung bình,Tăng doanh thu mùa thấp điểm và kéo dài thời gian lưu trú nếu kích cầu đúng phân khúc.,"Vấn đề -> Hành động -> KPI thay đổi -> Hiệu quả kinh tế: giảm áp lực tại điểm nóng, tăng chi tiêu ăn uống/vận tải/lưu trú/vé ở vùng phụ và giảm chi phí xã hội do kẹt xe/quá tải.",Điểm áp lực; điểm điều phối; điểm hạ tầng; cơ hội kinh tế; doanh thu ăn uống/vé/lưu trú; phản hồi du khách,37.42,46.2,36.0,39.38,Thấp,mixed_proxy_thieu_du_lieu,43.75,20/05/2026 22:18
Pleiku,còn dư địa hoặc cần theo dõi,"Bán gói liên vùng, chuyển tour sang khung giờ thấp điểm hoặc điểm còn dư địa",Doanh nghiệp du lịch,thấp-trung bình,Tăng doanh thu mùa thấp điểm và kéo dài thời gian lưu trú nếu kích cầu đúng phân khúc.,"Vấn đề -> Hành động -> KPI thay đổi -> Hiệu quả kinh tế: giảm áp lực tại điểm nóng, tăng chi tiêu ăn uống/vận tải/lưu trú/vé ở vùng phụ và giảm chi phí xã hội do kẹt xe/quá tải.",Điểm áp lực; điểm điều phối; điểm hạ tầng; cơ hội kinh tế; doanh thu ăn uống/vé/lưu trú; phản hồi du khách,36.52,52.5,36.0,40.28,Thấp,mixed_proxy_thieu_du_lieu,43.75,20/05/2026 22:18
Pleiku,còn dư địa hoặc cần theo dõi,"Tạo combo lưu trú dài hơn, voucher ăn uống địa phương và điều tiết giá theo trải nghiệm",Khách sạn,thấp-trung bình,Tăng doanh thu mùa thấp điểm và kéo dài thời gian lưu trú nếu kích cầu đúng phân khúc.,"Vấn đề -> Hành động -> KPI thay đổi -> Hiệu quả kinh tế: giảm áp lực tại điểm nóng, tăng chi tiêu ăn uống/vận tải/lưu trú/vé ở vùng phụ và giảm chi phí xã hội do kẹt xe/quá tải.",Điểm áp lực; điểm điều phối; điểm hạ tầng; cơ hội kinh tế; doanh thu ăn uống/vé/lưu trú; phản hồi du khách,35.62,53.9,36.0,40.2,Thấp,mixed_proxy_thieu_du_lieu,43.75,20/05/2026 22:18
Pleiku,còn dư địa hoặc cần theo dõi,"Chia vé theo khung giờ, tăng nhân sự soát vé, đẩy QR/e-ticket",Khu vui chơi,thấp-trung bình,Tăng doanh thu mùa thấp điểm và kéo dài thời gian lưu trú nếu kích cầu đúng phân khúc.,"Vấn đề -> Hành động -> KPI thay đổi -> Hiệu quả kinh tế: giảm áp lực tại điểm nóng, tăng chi tiêu ăn uống/vận tải/lưu trú/vé ở vùng phụ và giảm chi phí xã hội do kẹt xe/quá tải.",Điểm áp lực; điểm điều phối; điểm hạ tầng; cơ hội kinh tế; doanh thu ăn uống/vé/lưu trú; phản hồi du khách,36.08,53.2,36.0,40.25,Thấp,mixed_proxy_thieu_du_lieu,43.75,20/05/2026 22:18
Pleiku,còn dư địa hoặc cần theo dõi,"Tạo voucher giờ thấp điểm, menu combo địa phương và điểm bán vệ tinh",Nhà hàng/OCOP,thấp-trung bình,Tăng doanh thu mùa thấp điểm và kéo dài thời gian lưu trú nếu kích cầu đúng phân khúc.,"Vấn đề -> Hành động -> KPI thay đổi -> Hiệu quả kinh tế: giảm áp lực tại điểm nóng, tăng chi tiêu ăn uống/vận tải/lưu trú/vé ở vùng phụ và giảm chi phí xã hội do kẹt xe/quá tải.",Điểm áp lực; điểm điều phối; điểm hạ tầng; cơ hội kinh tế; doanh thu ăn uống/vé/lưu trú; phản hồi du khách,35.02,54.6,36.0,40.1,Thấp,mixed_proxy_thieu_du_lieu,43.75,20/05/2026 22:18
Pleiku,còn dư địa hoặc cần theo dõi,Tăng shuttle từ bãi đỗ vệ tinh và tuyến thay thế khi điểm áp lực tăng,Vận tải/shuttle,trung bình,Tăng doanh thu mùa thấp điểm và kéo dài thời gian lưu trú nếu kích cầu đúng phân khúc.,"Vấn đề -> Hành động -> KPI thay đổi -> Hiệu quả kinh tế: giảm áp lực tại điểm nóng, tăng chi tiêu ăn uống/vận tải/lưu trú/vé ở vùng phụ và giảm chi phí xã hội do kẹt xe/quá tải.",Điểm áp lực; điểm điều phối; điểm hạ tầng; cơ hội kinh tế; doanh thu ăn uống/vé/lưu trú; phản hồi du khách,37.12,48.3,36.0,39.69,Thấp,mixed_proxy_thieu_du_lieu,43.75,20/05/2026 22:18
Buôn Ma Thuột,còn dư địa hoặc cần theo dõi,"Điều chỉnh truyền thông, kích cầu điểm phụ, công bố cảnh báo trên dashboard/app",Chính quyền,cao,Tăng doanh thu mùa thấp điểm và kéo dài thời gian lưu trú nếu kích cầu đúng phân khúc.,"Vấn đề -> Hành động -> KPI thay đổi -> Hiệu quả kinh tế: giảm áp lực tại điểm nóng, tăng chi tiêu ăn uống/vận tải/lưu trú/vé ở vùng phụ và giảm chi phí xã hội do kẹt xe/quá tải.",Điểm áp lực; điểm điều phối; điểm hạ tầng; cơ hội kinh tế; doanh thu ăn uống/vé/lưu trú; phản hồi du khách,36.23,51.8,36.0,40.02,Thấp,mixed_proxy_thieu_du_lieu,43.75,20/05/2026 22:18
Buôn Ma Thuột,còn dư địa hoặc cần theo dõi,"Phân luồng tại tuyến ven biển, đặt biển báo, tăng lực lượng ở nút vào bãi biển/POI",Công an/giao thông,trung bình,Tăng doanh thu mùa thấp điểm và kéo dài thời gian lưu trú nếu kích cầu đúng phân khúc.,"Vấn đề -> Hành động -> KPI thay đổi -> Hiệu quả kinh tế: giảm áp lực tại điểm nóng, tăng chi tiêu ăn uống/vận tải/lưu trú/vé ở vùng phụ và giảm chi phí xã hội do kẹt xe/quá tải.",Điểm áp lực; điểm điều phối; điểm hạ tầng; cơ hội kinh tế; doanh thu ăn uống/vé/lưu trú; phản hồi du khách,37.42,46.2,36.0,39.38,Thấp,mixed_proxy_thieu_du_lieu,43.75,20/05/2026 22:18
Buôn Ma Thuột,còn dư địa hoặc cần theo dõi,"Bán gói liên vùng, chuyển tour sang khung giờ thấp điểm hoặc điểm còn dư địa",Doanh nghiệp du lịch,thấp-trung bình,Tăng doanh thu mùa thấp điểm và kéo dài thời gian lưu trú nếu kích cầu đúng phân khúc.,"Vấn đề -> Hành động -> KPI thay đổi -> Hiệu quả kinh tế: giảm áp lực tại điểm nóng, tăng chi tiêu ăn uống/vận tải/lưu trú/vé ở vùng phụ và giảm chi phí xã hội do kẹt xe/quá tải.",Điểm áp lực; điểm điều phối; điểm hạ tầng; cơ hội kinh tế; doanh thu ăn uống/vé/lưu trú; phản hồi du khách,36.52,52.5,36.0,40.28,Thấp,mixed_proxy_thieu_du_lieu,43.75,20/05/2026 22:18
Buôn Ma Thuột,còn dư địa hoặc cần theo dõi,"Tạo combo lưu trú dài hơn, voucher ăn uống địa phương và điều tiết giá theo trải nghiệm",Khách sạn,thấp-trung bình,Tăng doanh thu mùa thấp điểm và kéo dài thời gian lưu trú nếu kích cầu đúng phân khúc.,"Vấn đề -> Hành động -> KPI thay đổi -> Hiệu quả kinh tế: giảm áp lực tại điểm nóng, tăng chi tiêu ăn uống/vận tải/lưu trú/vé ở vùng phụ và giảm chi phí xã hội do kẹt xe/quá tải.",Điểm áp lực; điểm điều phối; điểm hạ tầng; cơ hội kinh tế; doanh thu ăn uống/vé/lưu trú; phản hồi du khách,35.62,53.9,36.0,40.2,Thấp,mixed_proxy_thieu_du_lieu,43.75,20/05/2026 22:18
Buôn Ma Thuột,còn dư địa hoặc cần theo dõi,"Chia vé theo khung giờ, tăng nhân sự soát vé, đẩy QR/e-ticket",Khu vui chơi,thấp-trung bình,Tăng doanh thu mùa thấp điểm và kéo dài thời gian lưu trú nếu kích cầu đúng phân khúc.,"Vấn đề -> Hành động -> KPI thay đổi -> Hiệu quả kinh tế: giảm áp lực tại điểm nóng, tăng chi tiêu ăn uống/vận tải/lưu trú/vé ở vùng phụ và giảm chi phí xã hội do kẹt xe/quá tải.",Điểm áp lực; điểm điều phối; điểm hạ tầng; cơ hội kinh tế; doanh thu ăn uống/vé/lưu trú; phản hồi du khách,36.08,53.2,36.0,40.25,Thấp,mixed_proxy_thieu_du_lieu,43.75,20/05/2026 22:18
Buôn Ma Thuột,còn dư địa hoặc cần theo dõi,"Tạo voucher giờ thấp điểm, menu combo địa phương và điểm bán vệ tinh",Nhà hàng/OCOP,thấp-trung bình,Tăng doanh thu mùa thấp điểm và kéo dài thời gian lưu trú nếu kích cầu đúng phân khúc.,"Vấn đề -> Hành động -> KPI thay đổi -> Hiệu quả kinh tế: giảm áp lực tại điểm nóng, tăng chi tiêu ăn uống/vận tải/lưu trú/vé ở vùng phụ và giảm chi phí xã hội do kẹt xe/quá tải.",Điểm áp lực; điểm điều phối; điểm hạ tầng; cơ hội kinh tế; doanh thu ăn uống/vé/lưu trú; phản hồi du khách,35.02,54.6,36.0,40.1,Thấp,mixed_proxy_thieu_du_lieu,43.75,20/05/2026 22:18
Buôn Ma Thuột,còn dư địa hoặc cần theo dõi,Tăng shuttle từ bãi đỗ vệ tinh và tuyến thay thế khi điểm áp lực tăng,Vận tải/shuttle,trung bình,Tăng doanh thu mùa thấp điểm và kéo dài thời gian lưu trú nếu kích cầu đúng phân khúc.,"Vấn đề -> Hành động -> KPI thay đổi -> Hiệu quả kinh tế: giảm áp lực tại điểm nóng, tăng chi tiêu ăn uống/vận tải/lưu trú/vé ở vùng phụ và giảm chi phí xã hội do kẹt xe/quá tải.",Điểm áp lực; điểm điều phối; điểm hạ tầng; cơ hội kinh tế; doanh thu ăn uống/vé/lưu trú; phản hồi du khách,37.12,48.3,36.0,39.69,Thấp,mixed_proxy_thieu_du_lieu,43.75,20/05/2026 22:18
Châu Đốc,còn dư địa hoặc cần theo dõi,"Điều chỉnh truyền thông, kích cầu điểm phụ, công bố cảnh báo trên dashboard/app",Chính quyền,cao,Tăng doanh thu mùa thấp điểm và kéo dài thời gian lưu trú nếu kích cầu đúng phân khúc.,"Vấn đề -> Hành động -> KPI thay đổi -> Hiệu quả kinh tế: giảm áp lực tại điểm nóng, tăng chi tiêu ăn uống/vận tải/lưu trú/vé ở vùng phụ và giảm chi phí xã hội do kẹt xe/quá tải.",Điểm áp lực; điểm điều phối; điểm hạ tầng; cơ hội kinh tế; doanh thu ăn uống/vé/lưu trú; phản hồi du khách,36.23,51.8,36.0,40.02,Thấp,mixed_proxy_thieu_du_lieu,43.75,20/05/2026 22:18
Châu Đốc,còn dư địa hoặc cần theo dõi,"Phân luồng tại tuyến ven biển, đặt biển báo, tăng lực lượng ở nút vào bãi biển/POI",Công an/giao thông,trung bình,Tăng doanh thu mùa thấp điểm và kéo dài thời gian lưu trú nếu kích cầu đúng phân khúc.,"Vấn đề -> Hành động -> KPI thay đổi -> Hiệu quả kinh tế: giảm áp lực tại điểm nóng, tăng chi tiêu ăn uống/vận tải/lưu trú/vé ở vùng phụ và giảm chi phí xã hội do kẹt xe/quá tải.",Điểm áp lực; điểm điều phối; điểm hạ tầng; cơ hội kinh tế; doanh thu ăn uống/vé/lưu trú; phản hồi du khách,37.42,46.2,36.0,39.38,Thấp,mixed_proxy_thieu_du_lieu,43.75,20/05/2026 22:18
Châu Đốc,còn dư địa hoặc cần theo dõi,"Bán gói liên vùng, chuyển tour sang khung giờ thấp điểm hoặc điểm còn dư địa",Doanh nghiệp du lịch,thấp-trung bình,Tăng doanh thu mùa thấp điểm và kéo dài thời gian lưu trú nếu kích cầu đúng phân khúc.,"Vấn đề -> Hành động -> KPI thay đổi -> Hiệu quả kinh tế: giảm áp lực tại điểm nóng, tăng chi tiêu ăn uống/vận tải/lưu trú/vé ở vùng phụ và giảm chi phí xã hội do kẹt xe/quá tải.",Điểm áp lực; điểm điều phối; điểm hạ tầng; cơ hội kinh tế; doanh thu ăn uống/vé/lưu trú; phản hồi du khách,36.52,52.5,36.0,40.28,Thấp,mixed_proxy_thieu_du_lieu,43.75,20/05/2026 22:18
Châu Đốc,còn dư địa hoặc cần theo dõi,"Tạo combo lưu trú dài hơn, voucher ăn uống địa phương và điều tiết giá theo trải nghiệm",Khách sạn,thấp-trung bình,Tăng doanh thu mùa thấp điểm và kéo dài thời gian lưu trú nếu kích cầu đúng phân khúc.,"Vấn đề -> Hành động -> KPI thay đổi -> Hiệu quả kinh tế: giảm áp lực tại điểm nóng, tăng chi tiêu ăn uống/vận tải/lưu trú/vé ở vùng phụ và giảm chi phí xã hội do kẹt xe/quá tải.",Điểm áp lực; điểm điều phối; điểm hạ tầng; cơ hội kinh tế; doanh thu ăn uống/vé/lưu trú; phản hồi du khách,35.62,53.9,36.0,40.2,Thấp,mixed_proxy_thieu_du_lieu,43.75,20/05/2026 22:18
Châu Đốc,còn dư địa hoặc cần theo dõi,"Chia vé theo khung giờ, tăng nhân sự soát vé, đẩy QR/e-ticket",Khu vui chơi,thấp-trung bình,Tăng doanh thu mùa thấp điểm và kéo dài thời gian lưu trú nếu kích cầu đúng phân khúc.,"Vấn đề -> Hành động -> KPI thay đổi -> Hiệu quả kinh tế: giảm áp lực tại điểm nóng, tăng chi tiêu ăn uống/vận tải/lưu trú/vé ở vùng phụ và giảm chi phí xã hội do kẹt xe/quá tải.",Điểm áp lực; điểm điều phối; điểm hạ tầng; cơ hội kinh tế; doanh thu ăn uống/vé/lưu trú; phản hồi du khách,36.08,53.2,36.0,40.25,Thấp,mixed_proxy_thieu_du_lieu,43.75,20/05/2026 22:18
Châu Đốc,còn dư địa hoặc cần theo dõi,"Tạo voucher giờ thấp điểm, menu combo địa phương và điểm bán vệ tinh",Nhà hàng/OCOP,thấp-trung bình,Tăng doanh thu mùa thấp điểm và kéo dài thời gian lưu trú nếu kích cầu đúng phân khúc.,"Vấn đề -> Hành động -> KPI thay đổi -> Hiệu quả kinh tế: giảm áp lực tại điểm nóng, tăng chi tiêu ăn uống/vận tải/lưu trú/vé ở vùng phụ và giảm chi phí xã hội do kẹt xe/quá tải.",Điểm áp lực; điểm điều phối; điểm hạ tầng; cơ hội kinh tế; doanh thu ăn uống/vé/lưu trú; phản hồi du khách,35.02,54.6,36.0,40.1,Thấp,mixed_proxy_thieu_du_lieu,43.75,20/05/2026 22:18
Châu Đốc,còn dư địa hoặc cần theo dõi,Tăng shuttle từ bãi đỗ vệ tinh và tuyến thay thế khi điểm áp lực tăng,Vận tải/shuttle,trung bình,Tăng doanh thu mùa thấp điểm và kéo dài thời gian lưu trú nếu kích cầu đúng phân khúc.,"Vấn đề -> Hành động -> KPI thay đổi -> Hiệu quả kinh tế: giảm áp lực tại điểm nóng, tăng chi tiêu ăn uống/vận tải/lưu trú/vé ở vùng phụ và giảm chi phí xã hội do kẹt xe/quá tải.",Điểm áp lực; điểm điều phối; điểm hạ tầng; cơ hội kinh tế; doanh thu ăn uống/vé/lưu trú; phản hồi du khách,37.12,48.3,36.0,39.69,Thấp,mixed_proxy_thieu_du_lieu,43.75,20/05/2026 22:18
Ba Vì,còn dư địa hoặc cần theo dõi,"Điều chỉnh truyền thông, kích cầu điểm phụ, công bố cảnh báo trên dashboard/app",Chính quyền,cao,Tăng doanh thu mùa thấp điểm và kéo dài thời gian lưu trú nếu kích cầu đúng phân khúc.,"Vấn đề -> Hành động -> KPI thay đổi -> Hiệu quả kinh tế: giảm áp lực tại điểm nóng, tăng chi tiêu ăn uống/vận tải/lưu trú/vé ở vùng phụ và giảm chi phí xã hội do kẹt xe/quá tải.",Điểm áp lực; điểm điều phối; điểm hạ tầng; cơ hội kinh tế; doanh thu ăn uống/vé/lưu trú; phản hồi du khách,36.23,51.8,36.0,40.02,Thấp,mixed_proxy_thieu_du_lieu,43.75,20/05/2026 22:18
Ba Vì,còn dư địa hoặc cần theo dõi,"Phân luồng tại tuyến ven biển, đặt biển báo, tăng lực lượng ở nút vào bãi biển/POI",Công an/giao thông,trung bình,Tăng doanh thu mùa thấp điểm và kéo dài thời gian lưu trú nếu kích cầu đúng phân khúc.,"Vấn đề -> Hành động -> KPI thay đổi -> Hiệu quả kinh tế: giảm áp lực tại điểm nóng, tăng chi tiêu ăn uống/vận tải/lưu trú/vé ở vùng phụ và giảm chi phí xã hội do kẹt xe/quá tải.",Điểm áp lực; điểm điều phối; điểm hạ tầng; cơ hội kinh tế; doanh thu ăn uống/vé/lưu trú; phản hồi du khách,37.42,46.2,36.0,39.38,Thấp,mixed_proxy_thieu_du_lieu,43.75,20/05/2026 22:18
Ba Vì,còn dư địa hoặc cần theo dõi,"Bán gói liên vùng, chuyển tour sang khung giờ thấp điểm hoặc điểm còn dư địa",Doanh nghiệp du lịch,thấp-trung bình,Tăng doanh thu mùa thấp điểm và kéo dài thời gian lưu trú nếu kích cầu đúng phân khúc.,"Vấn đề -> Hành động -> KPI thay đổi -> Hiệu quả kinh tế: giảm áp lực tại điểm nóng, tăng chi tiêu ăn uống/vận tải/lưu trú/vé ở vùng phụ và giảm chi phí xã hội do kẹt xe/quá tải.",Điểm áp lực; điểm điều phối; điểm hạ tầng; cơ hội kinh tế; doanh thu ăn uống/vé/lưu trú; phản hồi du khách,36.52,52.5,36.0,40.28,Thấp,mixed_proxy_thieu_du_lieu,43.75,20/05/2026 22:18
Ba Vì,còn dư địa hoặc cần theo dõi,"Tạo combo lưu trú dài hơn, voucher ăn uống địa phương và điều tiết giá theo trải nghiệm",Khách sạn,thấp-trung bình,Tăng doanh thu mùa thấp điểm và kéo dài thời gian lưu trú nếu kích cầu đúng phân khúc.,"Vấn đề -> Hành động -> KPI thay đổi -> Hiệu quả kinh tế: giảm áp lực tại điểm nóng, tăng chi tiêu ăn uống/vận tải/lưu trú/vé ở vùng phụ và giảm chi phí xã hội do kẹt xe/quá tải.",Điểm áp lực; điểm điều phối; điểm hạ tầng; cơ hội kinh tế; doanh thu ăn uống/vé/lưu trú; phản hồi du khách,35.62,53.9,36.0,40.2,Thấp,mixed_proxy_thieu_du_lieu,43.75,20/05/2026 22:18
Ba Vì,còn dư địa hoặc cần theo dõi,"Chia vé theo khung giờ, tăng nhân sự soát vé, đẩy QR/e-ticket",Khu vui chơi,thấp-trung bình,Tăng doanh thu mùa thấp điểm và kéo dài thời gian lưu trú nếu kích cầu đúng phân khúc.,"Vấn đề -> Hành động -> KPI thay đổi -> Hiệu quả kinh tế: giảm áp lực tại điểm nóng, tăng chi tiêu ăn uống/vận tải/lưu trú/vé ở vùng phụ và giảm chi phí xã hội do kẹt xe/quá tải.",Điểm áp lực; điểm điều phối; điểm hạ tầng; cơ hội kinh tế; doanh thu ăn uống/vé/lưu trú; phản hồi du khách,36.08,53.2,36.0,40.25,Thấp,mixed_proxy_thieu_du_lieu,43.75,20/05/2026 22:18
Ba Vì,còn dư địa hoặc cần theo dõi,"Tạo voucher giờ thấp điểm, menu combo địa phương và điểm bán vệ tinh",Nhà hàng/OCOP,thấp-trung bình,Tăng doanh thu mùa thấp điểm và kéo dài thời gian lưu trú nếu kích cầu đúng phân khúc.,"Vấn đề -> Hành động -> KPI thay đổi -> Hiệu quả kinh tế: giảm áp lực tại điểm nóng, tăng chi tiêu ăn uống/vận tải/lưu trú/vé ở vùng phụ và giảm chi phí xã hội do kẹt xe/quá tải.",Điểm áp lực; điểm điều phối; điểm hạ tầng; cơ hội kinh tế; doanh thu ăn uống/vé/lưu trú; phản hồi du khách,35.02,54.6,36.0,40.1,Thấp,mixed_proxy_thieu_du_lieu,43.75,20/05/2026 22:18
Ba Vì,còn dư địa hoặc cần theo dõi,Tăng shuttle từ bãi đỗ vệ tinh và tuyến thay thế khi điểm áp lực tăng,Vận tải/shuttle,trung bình,Tăng doanh thu mùa thấp điểm và kéo dài thời gian lưu trú nếu kích cầu đúng phân khúc.,"Vấn đề -> Hành động -> KPI thay đổi -> Hiệu quả kinh tế: giảm áp lực tại điểm nóng, tăng chi tiêu ăn uống/vận tải/lưu trú/vé ở vùng phụ và giảm chi phí xã hội do kẹt xe/quá tải.",Điểm áp lực; điểm điều phối; điểm hạ tầng; cơ hội kinh tế; doanh thu ăn uống/vé/lưu trú; phản hồi du khách,37.12,48.3,36.0,39.69,Thấp,mixed_proxy_thieu_du_lieu,43.75,20/05/2026 22:18
Thiên Cầm,còn dư địa hoặc cần theo dõi,"Điều chỉnh truyền thông, kích cầu điểm phụ, công bố cảnh báo trên dashboard/app",Chính quyền,cao,Tăng doanh thu mùa thấp điểm và kéo dài thời gian lưu trú nếu kích cầu đúng phân khúc.,"Vấn đề -> Hành động -> KPI thay đổi -> Hiệu quả kinh tế: giảm áp lực tại điểm nóng, tăng chi tiêu ăn uống/vận tải/lưu trú/vé ở vùng phụ và giảm chi phí xã hội do kẹt xe/quá tải.",Điểm áp lực; điểm điều phối; điểm hạ tầng; cơ hội kinh tế; doanh thu ăn uống/vé/lưu trú; phản hồi du khách,36.23,51.8,36.0,40.02,Thấp,mixed_proxy_thieu_du_lieu,43.75,20/05/2026 22:18
Thiên Cầm,còn dư địa hoặc cần theo dõi,"Phân luồng tại tuyến ven biển, đặt biển báo, tăng lực lượng ở nút vào bãi biển/POI",Công an/giao thông,trung bình,Tăng doanh thu mùa thấp điểm và kéo dài thời gian lưu trú nếu kích cầu đúng phân khúc.,"Vấn đề -> Hành động -> KPI thay đổi -> Hiệu quả kinh tế: giảm áp lực tại điểm nóng, tăng chi tiêu ăn uống/vận tải/lưu trú/vé ở vùng phụ và giảm chi phí xã hội do kẹt xe/quá tải.",Điểm áp lực; điểm điều phối; điểm hạ tầng; cơ hội kinh tế; doanh thu ăn uống/vé/lưu trú; phản hồi du khách,37.42,46.2,36.0,39.38,Thấp,mixed_proxy_thieu_du_lieu,43.75,20/05/2026 22:18
Thiên Cầm,còn dư địa hoặc cần theo dõi,"Bán gói liên vùng, chuyển tour sang khung giờ thấp điểm hoặc điểm còn dư địa",Doanh nghiệp du lịch,thấp-trung bình,Tăng doanh thu mùa thấp điểm và kéo dài thời gian lưu trú nếu kích cầu đúng phân khúc.,"Vấn đề -> Hành động -> KPI thay đổi -> Hiệu quả kinh tế: giảm áp lực tại điểm nóng, tăng chi tiêu ăn uống/vận tải/lưu trú/vé ở vùng phụ và giảm chi phí xã hội do kẹt xe/quá tải.",Điểm áp lực; điểm điều phối; điểm hạ tầng; cơ hội kinh tế; doanh thu ăn uống/vé/lưu trú; phản hồi du khách,36.52,52.5,36.0,40.28,Thấp,mixed_proxy_thieu_du_lieu,43.75,20/05/2026 22:18
Thiên Cầm,còn dư địa hoặc cần theo dõi,"Tạo combo lưu trú dài hơn, voucher ăn uống địa phương và điều tiết giá theo trải nghiệm",Khách sạn,thấp-trung bình,Tăng doanh thu mùa thấp điểm và kéo dài thời gian lưu trú nếu kích cầu đúng phân khúc.,"Vấn đề -> Hành động -> KPI thay đổi -> Hiệu quả kinh tế: giảm áp lực tại điểm nóng, tăng chi tiêu ăn uống/vận tải/lưu trú/vé ở vùng phụ và giảm chi phí xã hội do kẹt xe/quá tải.",Điểm áp lực; điểm điều phối; điểm hạ tầng; cơ hội kinh tế; doanh thu ăn uống/vé/lưu trú; phản hồi du khách,35.62,53.9,36.0,40.2,Thấp,mixed_proxy_thieu_du_lieu,43.75,20/05/2026 22:18
Thiên Cầm,còn dư địa hoặc cần theo dõi,"Chia vé theo khung giờ, tăng nhân sự soát vé, đẩy QR/e-ticket",Khu vui chơi,thấp-trung bình,Tăng doanh thu mùa thấp điểm và kéo dài thời gian lưu trú nếu kích cầu đúng phân khúc.,"Vấn đề -> Hành động -> KPI thay đổi -> Hiệu quả kinh tế: giảm áp lực tại điểm nóng, tăng chi tiêu ăn uống/vận tải/lưu trú/vé ở vùng phụ và giảm chi phí xã hội do kẹt xe/quá tải.",Điểm áp lực; điểm điều phối; điểm hạ tầng; cơ hội kinh tế; doanh thu ăn uống/vé/lưu trú; phản hồi du khách,36.08,53.2,36.0,40.25,Thấp,mixed_proxy_thieu_du_lieu,43.75,20/05/2026 22:18
Thiên Cầm,còn dư địa hoặc cần theo dõi,"Tạo voucher giờ thấp điểm, menu combo địa phương và điểm bán vệ tinh",Nhà hàng/OCOP,thấp-trung bình,Tăng doanh thu mùa thấp điểm và kéo dài thời gian lưu trú nếu kích cầu đúng phân khúc.,"Vấn đề -> Hành động -> KPI thay đổi -> Hiệu quả kinh tế: giảm áp lực tại điểm nóng, tăng chi tiêu ăn uống/vận tải/lưu trú/vé ở vùng phụ và giảm chi phí xã hội do kẹt xe/quá tải.",Điểm áp lực; điểm điều phối; điểm hạ tầng; cơ hội kinh tế; doanh thu ăn uống/vé/lưu trú; phản hồi du khách,35.02,54.6,36.0,40.1,Thấp,mixed_proxy_thieu_du_lieu,43.75,20/05/2026 22:18
Thiên Cầm,còn dư địa hoặc cần theo dõi,Tăng shuttle từ bãi đỗ vệ tinh và tuyến thay thế khi điểm áp lực tăng,Vận tải/shuttle,trung bình,Tăng doanh thu mùa thấp điểm và kéo dài thời gian lưu trú nếu kích cầu đúng phân khúc.,"Vấn đề -> Hành động -> KPI thay đổi -> Hiệu quả kinh tế: giảm áp lực tại điểm nóng, tăng chi tiêu ăn uống/vận tải/lưu trú/vé ở vùng phụ và giảm chi phí xã hội do kẹt xe/quá tải.",Điểm áp lực; điểm điều phối; điểm hạ tầng; cơ hội kinh tế; doanh thu ăn uống/vé/lưu trú; phản hồi du khách,37.12,48.3,36.0,39.69,Thấp,mixed_proxy_thieu_du_lieu,43.75,20/05/2026 22:18
Nhật Lệ,còn dư địa hoặc cần theo dõi,"Điều chỉnh truyền thông, kích cầu điểm phụ, công bố cảnh báo trên dashboard/app",Chính quyền,cao,Tăng doanh thu mùa thấp điểm và kéo dài thời gian lưu trú nếu kích cầu đúng phân khúc.,"Vấn đề -> Hành động -> KPI thay đổi -> Hiệu quả kinh tế: giảm áp lực tại điểm nóng, tăng chi tiêu ăn uống/vận tải/lưu trú/vé ở vùng phụ và giảm chi phí xã hội do kẹt xe/quá tải.",Điểm áp lực; điểm điều phối; điểm hạ tầng; cơ hội kinh tế; doanh thu ăn uống/vé/lưu trú; phản hồi du khách,36.23,51.8,36.0,40.02,Thấp,mixed_proxy_thieu_du_lieu,43.75,20/05/2026 22:18
Nhật Lệ,còn dư địa hoặc cần theo dõi,"Phân luồng tại tuyến ven biển, đặt biển báo, tăng lực lượng ở nút vào bãi biển/POI",Công an/giao thông,trung bình,Tăng doanh thu mùa thấp điểm và kéo dài thời gian lưu trú nếu kích cầu đúng phân khúc.,"Vấn đề -> Hành động -> KPI thay đổi -> Hiệu quả kinh tế: giảm áp lực tại điểm nóng, tăng chi tiêu ăn uống/vận tải/lưu trú/vé ở vùng phụ và giảm chi phí xã hội do kẹt xe/quá tải.",Điểm áp lực; điểm điều phối; điểm hạ tầng; cơ hội kinh tế; doanh thu ăn uống/vé/lưu trú; phản hồi du khách,37.42,46.2,36.0,39.38,Thấp,mixed_proxy_thieu_du_lieu,43.75,20/05/2026 22:18
Nhật Lệ,còn dư địa hoặc cần theo dõi,"Bán gói liên vùng, chuyển tour sang khung giờ thấp điểm hoặc điểm còn dư địa",Doanh nghiệp du lịch,thấp-trung bình,Tăng doanh thu mùa thấp điểm và kéo dài thời gian lưu trú nếu kích cầu đúng phân khúc.,"Vấn đề -> Hành động -> KPI thay đổi -> Hiệu quả kinh tế: giảm áp lực tại điểm nóng, tăng chi tiêu ăn uống/vận tải/lưu trú/vé ở vùng phụ và giảm chi phí xã hội do kẹt xe/quá tải.",Điểm áp lực; điểm điều phối; điểm hạ tầng; cơ hội kinh tế; doanh thu ăn uống/vé/lưu trú; phản hồi du khách,36.52,52.5,36.0,40.28,Thấp,mixed_proxy_thieu_du_lieu,43.75,20/05/2026 22:18
Nhật Lệ,còn dư địa hoặc cần theo dõi,"Tạo combo lưu trú dài hơn, voucher ăn uống địa phương và điều tiết giá theo trải nghiệm",Khách sạn,thấp-trung bình,Tăng doanh thu mùa thấp điểm và kéo dài thời gian lưu trú nếu kích cầu đúng phân khúc.,"Vấn đề -> Hành động -> KPI thay đổi -> Hiệu quả kinh tế: giảm áp lực tại điểm nóng, tăng chi tiêu ăn uống/vận tải/lưu trú/vé ở vùng phụ và giảm chi phí xã hội do kẹt xe/quá tải.",Điểm áp lực; điểm điều phối; điểm hạ tầng; cơ hội kinh tế; doanh thu ăn uống/vé/lưu trú; phản hồi du khách,35.62,53.9,36.0,40.2,Thấp,mixed_proxy_thieu_du_lieu,43.75,20/05/2026 22:18
Nhật Lệ,còn dư địa hoặc cần theo dõi,"Chia vé theo khung giờ, tăng nhân sự soát vé, đẩy QR/e-ticket",Khu vui chơi,thấp-trung bình,Tăng doanh thu mùa thấp điểm và kéo dài thời gian lưu trú nếu kích cầu đúng phân khúc.,"Vấn đề -> Hành động -> KPI thay đổi -> Hiệu quả kinh tế: giảm áp lực tại điểm nóng, tăng chi tiêu ăn uống/vận tải/lưu trú/vé ở vùng phụ và giảm chi phí xã hội do kẹt xe/quá tải.",Điểm áp lực; điểm điều phối; điểm hạ tầng; cơ hội kinh tế; doanh thu ăn uống/vé/lưu trú; phản hồi du khách,36.08,53.2,36.0,40.25,Thấp,mixed_proxy_thieu_du_lieu,43.75,20/05/2026 22:18
Nhật Lệ,còn dư địa hoặc cần theo dõi,"Tạo voucher giờ thấp điểm, menu combo địa phương và điểm bán vệ tinh",Nhà hàng/OCOP,thấp-trung bình,Tăng doanh thu mùa thấp điểm và kéo dài thời gian lưu trú nếu kích cầu đúng phân khúc.,"Vấn đề -> Hành động -> KPI thay đổi -> Hiệu quả kinh tế: giảm áp lực tại điểm nóng, tăng chi tiêu ăn uống/vận tải/lưu trú/vé ở vùng phụ và giảm chi phí xã hội do kẹt xe/quá tải.",Điểm áp lực; điểm điều phối; điểm hạ tầng; cơ hội kinh tế; doanh thu ăn uống/vé/lưu trú; phản hồi du khách,35.02,54.6,36.0,40.1,Thấp,mixed_proxy_thieu_du_lieu,43.75,20/05/2026 22:18
Nhật Lệ,còn dư địa hoặc cần theo dõi,Tăng shuttle từ bãi đỗ vệ tinh và tuyến thay thế khi điểm áp lực tăng,Vận tải/shuttle,trung bình,Tăng doanh thu mùa thấp điểm và kéo dài thời gian lưu trú nếu kích cầu đúng phân khúc.,"Vấn đề -> Hành động -> KPI thay đổi -> Hiệu quả kinh tế: giảm áp lực tại điểm nóng, tăng chi tiêu ăn uống/vận tải/lưu trú/vé ở vùng phụ và giảm chi phí xã hội do kẹt xe/quá tải.",Điểm áp lực; điểm điều phối; điểm hạ tầng; cơ hội kinh tế; doanh thu ăn uống/vé/lưu trú; phản hồi du khách,37.12,48.3,36.0,39.69,Thấp,mixed_proxy_thieu_du_lieu,43.75,20/05/2026 22:18
Cửa Tùng,còn dư địa hoặc cần theo dõi,"Điều chỉnh truyền thông, kích cầu điểm phụ, công bố cảnh báo trên dashboard/app",Chính quyền,cao,Tăng doanh thu mùa thấp điểm và kéo dài thời gian lưu trú nếu kích cầu đúng phân khúc.,"Vấn đề -> Hành động -> KPI thay đổi -> Hiệu quả kinh tế: giảm áp lực tại điểm nóng, tăng chi tiêu ăn uống/vận tải/lưu trú/vé ở vùng phụ và giảm chi phí xã hội do kẹt xe/quá tải.",Điểm áp lực; điểm điều phối; điểm hạ tầng; cơ hội kinh tế; doanh thu ăn uống/vé/lưu trú; phản hồi du khách,36.23,51.8,36.0,40.02,Thấp,mixed_proxy_thieu_du_lieu,43.75,20/05/2026 22:18
Cửa Tùng,còn dư địa hoặc cần theo dõi,"Phân luồng tại tuyến ven biển, đặt biển báo, tăng lực lượng ở nút vào bãi biển/POI",Công an/giao thông,trung bình,Tăng doanh thu mùa thấp điểm và kéo dài thời gian lưu trú nếu kích cầu đúng phân khúc.,"Vấn đề -> Hành động -> KPI thay đổi -> Hiệu quả kinh tế: giảm áp lực tại điểm nóng, tăng chi tiêu ăn uống/vận tải/lưu trú/vé ở vùng phụ và giảm chi phí xã hội do kẹt xe/quá tải.",Điểm áp lực; điểm điều phối; điểm hạ tầng; cơ hội kinh tế; doanh thu ăn uống/vé/lưu trú; phản hồi du khách,37.42,46.2,36.0,39.38,Thấp,mixed_proxy_thieu_du_lieu,43.75,20/05/2026 22:18
Cửa Tùng,còn dư địa hoặc cần theo dõi,"Bán gói liên vùng, chuyển tour sang khung giờ thấp điểm hoặc điểm còn dư địa",Doanh nghiệp du lịch,thấp-trung bình,Tăng doanh thu mùa thấp điểm và kéo dài thời gian lưu trú nếu kích cầu đúng phân khúc.,"Vấn đề -> Hành động -> KPI thay đổi -> Hiệu quả kinh tế: giảm áp lực tại điểm nóng, tăng chi tiêu ăn uống/vận tải/lưu trú/vé ở vùng phụ và giảm chi phí xã hội do kẹt xe/quá tải.",Điểm áp lực; điểm điều phối; điểm hạ tầng; cơ hội kinh tế; doanh thu ăn uống/vé/lưu trú; phản hồi du khách,36.52,52.5,36.0,40.28,Thấp,mixed_proxy_thieu_du_lieu,43.75,20/05/2026 22:18
Cửa Tùng,còn dư địa hoặc cần theo dõi,"Tạo combo lưu trú dài hơn, voucher ăn uống địa phương và điều tiết giá theo trải nghiệm",Khách sạn,thấp-trung bình,Tăng doanh thu mùa thấp điểm và kéo dài thời gian lưu trú nếu kích cầu đúng phân khúc.,"Vấn đề -> Hành động -> KPI thay đổi -> Hiệu quả kinh tế: giảm áp lực tại điểm nóng, tăng chi tiêu ăn uống/vận tải/lưu trú/vé ở vùng phụ và giảm chi phí xã hội do kẹt xe/quá tải.",Điểm áp lực; điểm điều phối; điểm hạ tầng; cơ hội kinh tế; doanh thu ăn uống/vé/lưu trú; phản hồi du khách,35.62,53.9,36.0,40.2,Thấp,mixed_proxy_thieu_du_lieu,43.75,20/05/2026 22:18
Cửa Tùng,còn dư địa hoặc cần theo dõi,"Chia vé theo khung giờ, tăng nhân sự soát vé, đẩy QR/e-ticket",Khu vui chơi,thấp-trung bình,Tăng doanh thu mùa thấp điểm và kéo dài thời gian lưu trú nếu kích cầu đúng phân khúc.,"Vấn đề -> Hành động -> KPI thay đổi -> Hiệu quả kinh tế: giảm áp lực tại điểm nóng, tăng chi tiêu ăn uống/vận tải/lưu trú/vé ở vùng phụ và giảm chi phí xã hội do kẹt xe/quá tải.",Điểm áp lực; điểm điều phối; điểm hạ tầng; cơ hội kinh tế; doanh thu ăn uống/vé/lưu trú; phản hồi du khách,36.08,53.2,36.0,40.25,Thấp,mixed_proxy_thieu_du_lieu,43.75,20/05/2026 22:18
Cửa Tùng,còn dư địa hoặc cần theo dõi,"Tạo voucher giờ thấp điểm, menu combo địa phương và điểm bán vệ tinh",Nhà hàng/OCOP,thấp-trung bình,Tăng doanh thu mùa thấp điểm và kéo dài thời gian lưu trú nếu kích cầu đúng phân khúc.,"Vấn đề -> Hành động -> KPI thay đổi -> Hiệu quả kinh tế: giảm áp lực tại điểm nóng, tăng chi tiêu ăn uống/vận tải/lưu trú/vé ở vùng phụ và giảm chi phí xã hội do kẹt xe/quá tải.",Điểm áp lực; điểm điều phối; điểm hạ tầng; cơ hội kinh tế; doanh thu ăn uống/vé/lưu trú; phản hồi du khách,35.02,54.6,36.0,40.1,Thấp,mixed_proxy_thieu_du_lieu,43.75,20/05/2026 22:18
Cửa Tùng,còn dư địa hoặc cần theo dõi,Tăng shuttle từ bãi đỗ vệ tinh và tuyến thay thế khi điểm áp lực tăng,Vận tải/shuttle,trung bình,Tăng doanh thu mùa thấp điểm và kéo dài thời gian lưu trú nếu kích cầu đúng phân khúc.,"Vấn đề -> Hành động -> KPI thay đổi -> Hiệu quả kinh tế: giảm áp lực tại điểm nóng, tăng chi tiêu ăn uống/vận tải/lưu trú/vé ở vùng phụ và giảm chi phí xã hội do kẹt xe/quá tải.",Điểm áp lực; điểm điều phối; điểm hạ tầng; cơ hội kinh tế; doanh thu ăn uống/vé/lưu trú; phản hồi du khách,37.12,48.3,36.0,39.69,Thấp,mixed_proxy_thieu_du_lieu,43.75,20/05/2026 22:18
Hải Tiến,còn dư địa hoặc cần theo dõi,"Điều chỉnh truyền thông, kích cầu điểm phụ, công bố cảnh báo trên dashboard/app",Chính quyền,cao,Tăng doanh thu mùa thấp điểm và kéo dài thời gian lưu trú nếu kích cầu đúng phân khúc.,"Vấn đề -> Hành động -> KPI thay đổi -> Hiệu quả kinh tế: giảm áp lực tại điểm nóng, tăng chi tiêu ăn uống/vận tải/lưu trú/vé ở vùng phụ và giảm chi phí xã hội do kẹt xe/quá tải.",Điểm áp lực; điểm điều phối; điểm hạ tầng; cơ hội kinh tế; doanh thu ăn uống/vé/lưu trú; phản hồi du khách,36.23,51.8,36.0,40.02,Thấp,mixed_proxy_thieu_du_lieu,43.75,20/05/2026 22:18
Hải Tiến,còn dư địa hoặc cần theo dõi,"Phân luồng tại tuyến ven biển, đặt biển báo, tăng lực lượng ở nút vào bãi biển/POI",Công an/giao thông,trung bình,Tăng doanh thu mùa thấp điểm và kéo dài thời gian lưu trú nếu kích cầu đúng phân khúc.,"Vấn đề -> Hành động -> KPI thay đổi -> Hiệu quả kinh tế: giảm áp lực tại điểm nóng, tăng chi tiêu ăn uống/vận tải/lưu trú/vé ở vùng phụ và giảm chi phí xã hội do kẹt xe/quá tải.",Điểm áp lực; điểm điều phối; điểm hạ tầng; cơ hội kinh tế; doanh thu ăn uống/vé/lưu trú; phản hồi du khách,37.42,46.2,36.0,39.38,Thấp,mixed_proxy_thieu_du_lieu,43.75,20/05/2026 22:18
Hải Tiến,còn dư địa hoặc cần theo dõi,"Bán gói liên vùng, chuyển tour sang khung giờ thấp điểm hoặc điểm còn dư địa",Doanh nghiệp du lịch,thấp-trung bình,Tăng doanh thu mùa thấp điểm và kéo dài thời gian lưu trú nếu kích cầu đúng phân khúc.,"Vấn đề -> Hành động -> KPI thay đổi -> Hiệu quả kinh tế: giảm áp lực tại điểm nóng, tăng chi tiêu ăn uống/vận tải/lưu trú/vé ở vùng phụ và giảm chi phí xã hội do kẹt xe/quá tải.",Điểm áp lực; điểm điều phối; điểm hạ tầng; cơ hội kinh tế; doanh thu ăn uống/vé/lưu trú; phản hồi du khách,36.52,52.5,36.0,40.28,Thấp,mixed_proxy_thieu_du_lieu,43.75,20/05/2026 22:18
Hải Tiến,còn dư địa hoặc cần theo dõi,"Tạo combo lưu trú dài hơn, voucher ăn uống địa phương và điều tiết giá theo trải nghiệm",Khách sạn,thấp-trung bình,Tăng doanh thu mùa thấp điểm và kéo dài thời gian lưu trú nếu kích cầu đúng phân khúc.,"Vấn đề -> Hành động -> KPI thay đổi -> Hiệu quả kinh tế: giảm áp lực tại điểm nóng, tăng chi tiêu ăn uống/vận tải/lưu trú/vé ở vùng phụ và giảm chi phí xã hội do kẹt xe/quá tải.",Điểm áp lực; điểm điều phối; điểm hạ tầng; cơ hội kinh tế; doanh thu ăn uống/vé/lưu trú; phản hồi du khách,35.62,53.9,36.0,40.2,Thấp,mixed_proxy_thieu_du_lieu,43.75,20/05/2026 22:18
Hải Tiến,còn dư địa hoặc cần theo dõi,"Chia vé theo khung giờ, tăng nhân sự soát vé, đẩy QR/e-ticket",Khu vui chơi,thấp-trung bình,Tăng doanh thu mùa thấp điểm và kéo dài thời gian lưu trú nếu kích cầu đúng phân khúc.,"Vấn đề -> Hành động -> KPI thay đổi -> Hiệu quả kinh tế: giảm áp lực tại điểm nóng, tăng chi tiêu ăn uống/vận tải/lưu trú/vé ở vùng phụ và giảm chi phí xã hội do kẹt xe/quá tải.",Điểm áp lực; điểm điều phối; điểm hạ tầng; cơ hội kinh tế; doanh thu ăn uống/vé/lưu trú; phản hồi du khách,36.08,53.2,36.0,40.25,Thấp,mixed_proxy_thieu_du_lieu,43.75,20/05/2026 22:18
Hải Tiến,còn dư địa hoặc cần theo dõi,"Tạo voucher giờ thấp điểm, menu combo địa phương và điểm bán vệ tinh",Nhà hàng/OCOP,thấp-trung bình,Tăng doanh thu mùa thấp điểm và kéo dài thời gian lưu trú nếu kích cầu đúng phân khúc.,"Vấn đề -> Hành động -> KPI thay đổi -> Hiệu quả kinh tế: giảm áp lực tại điểm nóng, tăng chi tiêu ăn uống/vận tải/lưu trú/vé ở vùng phụ và giảm chi phí xã hội do kẹt xe/quá tải.",Điểm áp lực; điểm điều phối; điểm hạ tầng; cơ hội kinh tế; doanh thu ăn uống/vé/lưu trú; phản hồi du khách,35.02,54.6,36.0,40.1,Thấp,mixed_proxy_thieu_du_lieu,43.75,20/05/2026 22:18
Hải Tiến,còn dư địa hoặc cần theo dõi,Tăng shuttle từ bãi đỗ vệ tinh và tuyến thay thế khi điểm áp lực tăng,Vận tải/shuttle,trung bình,Tăng doanh thu mùa thấp điểm và kéo dài thời gian lưu trú nếu kích cầu đúng phân khúc.,"Vấn đề -> Hành động -> KPI thay đổi -> Hiệu quả kinh tế: giảm áp lực tại điểm nóng, tăng chi tiêu ăn uống/vận tải/lưu trú/vé ở vùng phụ và giảm chi phí xã hội do kẹt xe/quá tải.",Điểm áp lực; điểm điều phối; điểm hạ tầng; cơ hội kinh tế; doanh thu ăn uống/vé/lưu trú; phản hồi du khách,37.12,48.3,36.0,39.69,Thấp,mixed_proxy_thieu_du_lieu,43.75,20/05/2026 22:18
Lăng Cô,còn dư địa hoặc cần theo dõi,"Điều chỉnh truyền thông, kích cầu điểm phụ, công bố cảnh báo trên dashboard/app",Chính quyền,cao,Tăng doanh thu mùa thấp điểm và kéo dài thời gian lưu trú nếu kích cầu đúng phân khúc.,"Vấn đề -> Hành động -> KPI thay đổi -> Hiệu quả kinh tế: giảm áp lực tại điểm nóng, tăng chi tiêu ăn uống/vận tải/lưu trú/vé ở vùng phụ và giảm chi phí xã hội do kẹt xe/quá tải.",Điểm áp lực; điểm điều phối; điểm hạ tầng; cơ hội kinh tế; doanh thu ăn uống/vé/lưu trú; phản hồi du khách,36.23,51.8,36.0,40.02,Thấp,mixed_proxy_thieu_du_lieu,43.75,20/05/2026 22:18
Lăng Cô,còn dư địa hoặc cần theo dõi,"Phân luồng tại tuyến ven biển, đặt biển báo, tăng lực lượng ở nút vào bãi biển/POI",Công an/giao thông,trung bình,Tăng doanh thu mùa thấp điểm và kéo dài thời gian lưu trú nếu kích cầu đúng phân khúc.,"Vấn đề -> Hành động -> KPI thay đổi -> Hiệu quả kinh tế: giảm áp lực tại điểm nóng, tăng chi tiêu ăn uống/vận tải/lưu trú/vé ở vùng phụ và giảm chi phí xã hội do kẹt xe/quá tải.",Điểm áp lực; điểm điều phối; điểm hạ tầng; cơ hội kinh tế; doanh thu ăn uống/vé/lưu trú; phản hồi du khách,37.42,46.2,36.0,39.38,Thấp,mixed_proxy_thieu_du_lieu,43.75,20/05/2026 22:18
Lăng Cô,còn dư địa hoặc cần theo dõi,"Bán gói liên vùng, chuyển tour sang khung giờ thấp điểm hoặc điểm còn dư địa",Doanh nghiệp du lịch,thấp-trung bình,Tăng doanh thu mùa thấp điểm và kéo dài thời gian lưu trú nếu kích cầu đúng phân khúc.,"Vấn đề -> Hành động -> KPI thay đổi -> Hiệu quả kinh tế: giảm áp lực tại điểm nóng, tăng chi tiêu ăn uống/vận tải/lưu trú/vé ở vùng phụ và giảm chi phí xã hội do kẹt xe/quá tải.",Điểm áp lực; điểm điều phối; điểm hạ tầng; cơ hội kinh tế; doanh thu ăn uống/vé/lưu trú; phản hồi du khách,36.52,52.5,36.0,40.28,Thấp,mixed_proxy_thieu_du_lieu,43.75,20/05/2026 22:18
Lăng Cô,còn dư địa hoặc cần theo dõi,"Tạo combo lưu trú dài hơn, voucher ăn uống địa phương và điều tiết giá theo trải nghiệm",Khách sạn,thấp-trung bình,Tăng doanh thu mùa thấp điểm và kéo dài thời gian lưu trú nếu kích cầu đúng phân khúc.,"Vấn đề -> Hành động -> KPI thay đổi -> Hiệu quả kinh tế: giảm áp lực tại điểm nóng, tăng chi tiêu ăn uống/vận tải/lưu trú/vé ở vùng phụ và giảm chi phí xã hội do kẹt xe/quá tải.",Điểm áp lực; điểm điều phối; điểm hạ tầng; cơ hội kinh tế; doanh thu ăn uống/vé/lưu trú; phản hồi du khách,35.62,53.9,36.0,40.2,Thấp,mixed_proxy_thieu_du_lieu,43.75,20/05/2026 22:18
Lăng Cô,còn dư địa hoặc cần theo dõi,"Chia vé theo khung giờ, tăng nhân sự soát vé, đẩy QR/e-ticket",Khu vui chơi,thấp-trung bình,Tăng doanh thu mùa thấp điểm và kéo dài thời gian lưu trú nếu kích cầu đúng phân khúc.,"Vấn đề -> Hành động -> KPI thay đổi -> Hiệu quả kinh tế: giảm áp lực tại điểm nóng, tăng chi tiêu ăn uống/vận tải/lưu trú/vé ở vùng phụ và giảm chi phí xã hội do kẹt xe/quá tải.",Điểm áp lực; điểm điều phối; điểm hạ tầng; cơ hội kinh tế; doanh thu ăn uống/vé/lưu trú; phản hồi du khách,36.08,53.2,36.0,40.25,Thấp,mixed_proxy_thieu_du_lieu,43.75,20/05/2026 22:18
Lăng Cô,còn dư địa hoặc cần theo dõi,"Tạo voucher giờ thấp điểm, menu combo địa phương và điểm bán vệ tinh",Nhà hàng/OCOP,thấp-trung bình,Tăng doanh thu mùa thấp điểm và kéo dài thời gian lưu trú nếu kích cầu đúng phân khúc.,"Vấn đề -> Hành động -> KPI thay đổi -> Hiệu quả kinh tế: giảm áp lực tại điểm nóng, tăng chi tiêu ăn uống/vận tải/lưu trú/vé ở vùng phụ và giảm chi phí xã hội do kẹt xe/quá tải.",Điểm áp lực; điểm điều phối; điểm hạ tầng; cơ hội kinh tế; doanh thu ăn uống/vé/lưu trú; phản hồi du khách,35.02,54.6,36.0,40.1,Thấp,mixed_proxy_thieu_du_lieu,43.75,20/05/2026 22:18
Lăng Cô,còn dư địa hoặc cần theo dõi,Tăng shuttle từ bãi đỗ vệ tinh và tuyến thay thế khi điểm áp lực tăng,Vận tải/shuttle,trung bình,Tăng doanh thu mùa thấp điểm và kéo dài thời gian lưu trú nếu kích cầu đúng phân khúc.,"Vấn đề -> Hành động -> KPI thay đổi -> Hiệu quả kinh tế: giảm áp lực tại điểm nóng, tăng chi tiêu ăn uống/vận tải/lưu trú/vé ở vùng phụ và giảm chi phí xã hội do kẹt xe/quá tải.",Điểm áp lực; điểm điều phối; điểm hạ tầng; cơ hội kinh tế; doanh thu ăn uống/vé/lưu trú; phản hồi du khách,37.12,48.3,36.0,39.69,Thấp,mixed_proxy_thieu_du_lieu,43.75,20/05/2026 22:18
Cù Lao Chàm,còn dư địa hoặc cần theo dõi,"Điều chỉnh truyền thông, kích cầu điểm phụ, công bố cảnh báo trên dashboard/app",Chính quyền,cao,Tăng doanh thu mùa thấp điểm và kéo dài thời gian lưu trú nếu kích cầu đúng phân khúc.,"Vấn đề -> Hành động -> KPI thay đổi -> Hiệu quả kinh tế: giảm áp lực tại điểm nóng, tăng chi tiêu ăn uống/vận tải/lưu trú/vé ở vùng phụ và giảm chi phí xã hội do kẹt xe/quá tải.",Điểm áp lực; điểm điều phối; điểm hạ tầng; cơ hội kinh tế; doanh thu ăn uống/vé/lưu trú; phản hồi du khách,36.23,51.8,36.0,40.02,Thấp,mixed_proxy_thieu_du_lieu,43.75,20/05/2026 22:18
Cù Lao Chàm,còn dư địa hoặc cần theo dõi,"Phân luồng tại tuyến ven biển, đặt biển báo, tăng lực lượng ở nút vào bãi biển/POI",Công an/giao thông,trung bình,Tăng doanh thu mùa thấp điểm và kéo dài thời gian lưu trú nếu kích cầu đúng phân khúc.,"Vấn đề -> Hành động -> KPI thay đổi -> Hiệu quả kinh tế: giảm áp lực tại điểm nóng, tăng chi tiêu ăn uống/vận tải/lưu trú/vé ở vùng phụ và giảm chi phí xã hội do kẹt xe/quá tải.",Điểm áp lực; điểm điều phối; điểm hạ tầng; cơ hội kinh tế; doanh thu ăn uống/vé/lưu trú; phản hồi du khách,37.42,46.2,36.0,39.38,Thấp,mixed_proxy_thieu_du_lieu,43.75,20/05/2026 22:18
Cù Lao Chàm,còn dư địa hoặc cần theo dõi,"Bán gói liên vùng, chuyển tour sang khung giờ thấp điểm hoặc điểm còn dư địa",Doanh nghiệp du lịch,thấp-trung bình,Tăng doanh thu mùa thấp điểm và kéo dài thời gian lưu trú nếu kích cầu đúng phân khúc.,"Vấn đề -> Hành động -> KPI thay đổi -> Hiệu quả kinh tế: giảm áp lực tại điểm nóng, tăng chi tiêu ăn uống/vận tải/lưu trú/vé ở vùng phụ và giảm chi phí xã hội do kẹt xe/quá tải.",Điểm áp lực; điểm điều phối; điểm hạ tầng; cơ hội kinh tế; doanh thu ăn uống/vé/lưu trú; phản hồi du khách,36.52,52.5,36.0,40.28,Thấp,mixed_proxy_thieu_du_lieu,43.75,20/05/2026 22:18
Cù Lao Chàm,còn dư địa hoặc cần theo dõi,"Tạo combo lưu trú dài hơn, voucher ăn uống địa phương và điều tiết giá theo trải nghiệm",Khách sạn,thấp-trung bình,Tăng doanh thu mùa thấp điểm và kéo dài thời gian lưu trú nếu kích cầu đúng phân khúc.,"Vấn đề -> Hành động -> KPI thay đổi -> Hiệu quả kinh tế: giảm áp lực tại điểm nóng, tăng chi tiêu ăn uống/vận tải/lưu trú/vé ở vùng phụ và giảm chi phí xã hội do kẹt xe/quá tải.",Điểm áp lực; điểm điều phối; điểm hạ tầng; cơ hội kinh tế; doanh thu ăn uống/vé/lưu trú; phản hồi du khách,35.62,53.9,36.0,40.2,Thấp,mixed_proxy_thieu_du_lieu,43.75,20/05/2026 22:18
Cù Lao Chàm,còn dư địa hoặc cần theo dõi,"Chia vé theo khung giờ, tăng nhân sự soát vé, đẩy QR/e-ticket",Khu vui chơi,thấp-trung bình,Tăng doanh thu mùa thấp điểm và kéo dài thời gian lưu trú nếu kích cầu đúng phân khúc.,"Vấn đề -> Hành động -> KPI thay đổi -> Hiệu quả kinh tế: giảm áp lực tại điểm nóng, tăng chi tiêu ăn uống/vận tải/lưu trú/vé ở vùng phụ và giảm chi phí xã hội do kẹt xe/quá tải.",Điểm áp lực; điểm điều phối; điểm hạ tầng; cơ hội kinh tế; doanh thu ăn uống/vé/lưu trú; phản hồi du khách,36.08,53.2,36.0,40.25,Thấp,mixed_proxy_thieu_du_lieu,43.75,20/05/2026 22:18
Cù Lao Chàm,còn dư địa hoặc cần theo dõi,"Tạo voucher giờ thấp điểm, menu combo địa phương và điểm bán vệ tinh",Nhà hàng/OCOP,thấp-trung bình,Tăng doanh thu mùa thấp điểm và kéo dài thời gian lưu trú nếu kích cầu đúng phân khúc.,"Vấn đề -> Hành động -> KPI thay đổi -> Hiệu quả kinh tế: giảm áp lực tại điểm nóng, tăng chi tiêu ăn uống/vận tải/lưu trú/vé ở vùng phụ và giảm chi phí xã hội do kẹt xe/quá tải.",Điểm áp lực; điểm điều phối; điểm hạ tầng; cơ hội kinh tế; doanh thu ăn uống/vé/lưu trú; phản hồi du khách,35.02,54.6,36.0,40.1,Thấp,mixed_proxy_thieu_du_lieu,43.75,20/05/2026 22:18
Cù Lao Chàm,còn dư địa hoặc cần theo dõi,Tăng shuttle từ bãi đỗ vệ tinh và tuyến thay thế khi điểm áp lực tăng,Vận tải/shuttle,trung bình,Tăng doanh thu mùa thấp điểm và kéo dài thời gian lưu trú nếu kích cầu đúng phân khúc.,"Vấn đề -> Hành động -> KPI thay đổi -> Hiệu quả kinh tế: giảm áp lực tại điểm nóng, tăng chi tiêu ăn uống/vận tải/lưu trú/vé ở vùng phụ và giảm chi phí xã hội do kẹt xe/quá tải.",Điểm áp lực; điểm điều phối; điểm hạ tầng; cơ hội kinh tế; doanh thu ăn uống/vé/lưu trú; phản hồi du khách,37.12,48.3,36.0,39.69,Thấp,mixed_proxy_thieu_du_lieu,43.75,20/05/2026 22:18
Tam Kỳ,còn dư địa hoặc cần theo dõi,"Điều chỉnh truyền thông, kích cầu điểm phụ, công bố cảnh báo trên dashboard/app",Chính quyền,cao,Tăng doanh thu mùa thấp điểm và kéo dài thời gian lưu trú nếu kích cầu đúng phân khúc.,"Vấn đề -> Hành động -> KPI thay đổi -> Hiệu quả kinh tế: giảm áp lực tại điểm nóng, tăng chi tiêu ăn uống/vận tải/lưu trú/vé ở vùng phụ và giảm chi phí xã hội do kẹt xe/quá tải.",Điểm áp lực; điểm điều phối; điểm hạ tầng; cơ hội kinh tế; doanh thu ăn uống/vé/lưu trú; phản hồi du khách,36.23,51.8,36.0,40.02,Thấp,mixed_proxy_thieu_du_lieu,43.75,20/05/2026 22:18
Tam Kỳ,còn dư địa hoặc cần theo dõi,"Phân luồng tại tuyến ven biển, đặt biển báo, tăng lực lượng ở nút vào bãi biển/POI",Công an/giao thông,trung bình,Tăng doanh thu mùa thấp điểm và kéo dài thời gian lưu trú nếu kích cầu đúng phân khúc.,"Vấn đề -> Hành động -> KPI thay đổi -> Hiệu quả kinh tế: giảm áp lực tại điểm nóng, tăng chi tiêu ăn uống/vận tải/lưu trú/vé ở vùng phụ và giảm chi phí xã hội do kẹt xe/quá tải.",Điểm áp lực; điểm điều phối; điểm hạ tầng; cơ hội kinh tế; doanh thu ăn uống/vé/lưu trú; phản hồi du khách,37.42,46.2,36.0,39.38,Thấp,mixed_proxy_thieu_du_lieu,43.75,20/05/2026 22:18
Tam Kỳ,còn dư địa hoặc cần theo dõi,"Bán gói liên vùng, chuyển tour sang khung giờ thấp điểm hoặc điểm còn dư địa",Doanh nghiệp du lịch,thấp-trung bình,Tăng doanh thu mùa thấp điểm và kéo dài thời gian lưu trú nếu kích cầu đúng phân khúc.,"Vấn đề -> Hành động -> KPI thay đổi -> Hiệu quả kinh tế: giảm áp lực tại điểm nóng, tăng chi tiêu ăn uống/vận tải/lưu trú/vé ở vùng phụ và giảm chi phí xã hội do kẹt xe/quá tải.",Điểm áp lực; điểm điều phối; điểm hạ tầng; cơ hội kinh tế; doanh thu ăn uống/vé/lưu trú; phản hồi du khách,36.52,52.5,36.0,40.28,Thấp,mixed_proxy_thieu_du_lieu,43.75,20/05/2026 22:18
Tam Kỳ,còn dư địa hoặc cần theo dõi,"Tạo combo lưu trú dài hơn, voucher ăn uống địa phương và điều tiết giá theo trải nghiệm",Khách sạn,thấp-trung bình,Tăng doanh thu mùa thấp điểm và kéo dài thời gian lưu trú nếu kích cầu đúng phân khúc.,"Vấn đề -> Hành động -> KPI thay đổi -> Hiệu quả kinh tế: giảm áp lực tại điểm nóng, tăng chi tiêu ăn uống/vận tải/lưu trú/vé ở vùng phụ và giảm chi phí xã hội do kẹt xe/quá tải.",Điểm áp lực; điểm điều phối; điểm hạ tầng; cơ hội kinh tế; doanh thu ăn uống/vé/lưu trú; phản hồi du khách,35.62,53.9,36.0,40.2,Thấp,mixed_proxy_thieu_du_lieu,43.75,20/05/2026 22:18
Tam Kỳ,còn dư địa hoặc cần theo dõi,"Chia vé theo khung giờ, tăng nhân sự soát vé, đẩy QR/e-ticket",Khu vui chơi,thấp-trung bình,Tăng doanh thu mùa thấp điểm và kéo dài thời gian lưu trú nếu kích cầu đúng phân khúc.,"Vấn đề -> Hành động -> KPI thay đổi -> Hiệu quả kinh tế: giảm áp lực tại điểm nóng, tăng chi tiêu ăn uống/vận tải/lưu trú/vé ở vùng phụ và giảm chi phí xã hội do kẹt xe/quá tải.",Điểm áp lực; điểm điều phối; điểm hạ tầng; cơ hội kinh tế; doanh thu ăn uống/vé/lưu trú; phản hồi du khách,36.08,53.2,36.0,40.25,Thấp,mixed_proxy_thieu_du_lieu,43.75,20/05/2026 22:18
Tam Kỳ,còn dư địa hoặc cần theo dõi,"Tạo voucher giờ thấp điểm, menu combo địa phương và điểm bán vệ tinh",Nhà hàng/OCOP,thấp-trung bình,Tăng doanh thu mùa thấp điểm và kéo dài thời gian lưu trú nếu kích cầu đúng phân khúc.,"Vấn đề -> Hành động -> KPI thay đổi -> Hiệu quả kinh tế: giảm áp lực tại điểm nóng, tăng chi tiêu ăn uống/vận tải/lưu trú/vé ở vùng phụ và giảm chi phí xã hội do kẹt xe/quá tải.",Điểm áp lực; điểm điều phối; điểm hạ tầng; cơ hội kinh tế; doanh thu ăn uống/vé/lưu trú; phản hồi du khách,35.02,54.6,36.0,40.1,Thấp,mixed_proxy_thieu_du_lieu,43.75,20/05/2026 22:18
Tam Kỳ,còn dư địa hoặc cần theo dõi,Tăng shuttle từ bãi đỗ vệ tinh và tuyến thay thế khi điểm áp lực tăng,Vận tải/shuttle,trung bình,Tăng doanh thu mùa thấp điểm và kéo dài thời gian lưu trú nếu kích cầu đúng phân khúc.,"Vấn đề -> Hành động -> KPI thay đổi -> Hiệu quả kinh tế: giảm áp lực tại điểm nóng, tăng chi tiêu ăn uống/vận tải/lưu trú/vé ở vùng phụ và giảm chi phí xã hội do kẹt xe/quá tải.",Điểm áp lực; điểm điều phối; điểm hạ tầng; cơ hội kinh tế; doanh thu ăn uống/vé/lưu trú; phản hồi du khách,37.12,48.3,36.0,39.69,Thấp,mixed_proxy_thieu_du_lieu,43.75,20/05/2026 22:18
Sa Huỳnh,còn dư địa hoặc cần theo dõi,"Điều chỉnh truyền thông, kích cầu điểm phụ, công bố cảnh báo trên dashboard/app",Chính quyền,cao,Tăng doanh thu mùa thấp điểm và kéo dài thời gian lưu trú nếu kích cầu đúng phân khúc.,"Vấn đề -> Hành động -> KPI thay đổi -> Hiệu quả kinh tế: giảm áp lực tại điểm nóng, tăng chi tiêu ăn uống/vận tải/lưu trú/vé ở vùng phụ và giảm chi phí xã hội do kẹt xe/quá tải.",Điểm áp lực; điểm điều phối; điểm hạ tầng; cơ hội kinh tế; doanh thu ăn uống/vé/lưu trú; phản hồi du khách,36.23,51.8,36.0,40.02,Thấp,mixed_proxy_thieu_du_lieu,43.75,20/05/2026 22:18
Sa Huỳnh,còn dư địa hoặc cần theo dõi,"Phân luồng tại tuyến ven biển, đặt biển báo, tăng lực lượng ở nút vào bãi biển/POI",Công an/giao thông,trung bình,Tăng doanh thu mùa thấp điểm và kéo dài thời gian lưu trú nếu kích cầu đúng phân khúc.,"Vấn đề -> Hành động -> KPI thay đổi -> Hiệu quả kinh tế: giảm áp lực tại điểm nóng, tăng chi tiêu ăn uống/vận tải/lưu trú/vé ở vùng phụ và giảm chi phí xã hội do kẹt xe/quá tải.",Điểm áp lực; điểm điều phối; điểm hạ tầng; cơ hội kinh tế; doanh thu ăn uống/vé/lưu trú; phản hồi du khách,37.42,46.2,36.0,39.38,Thấp,mixed_proxy_thieu_du_lieu,43.75,20/05/2026 22:18
Sa Huỳnh,còn dư địa hoặc cần theo dõi,"Bán gói liên vùng, chuyển tour sang khung giờ thấp điểm hoặc điểm còn dư địa",Doanh nghiệp du lịch,thấp-trung bình,Tăng doanh thu mùa thấp điểm và kéo dài thời gian lưu trú nếu kích cầu đúng phân khúc.,"Vấn đề -> Hành động -> KPI thay đổi -> Hiệu quả kinh tế: giảm áp lực tại điểm nóng, tăng chi tiêu ăn uống/vận tải/lưu trú/vé ở vùng phụ và giảm chi phí xã hội do kẹt xe/quá tải.",Điểm áp lực; điểm điều phối; điểm hạ tầng; cơ hội kinh tế; doanh thu ăn uống/vé/lưu trú; phản hồi du khách,36.52,52.5,36.0,40.28,Thấp,mixed_proxy_thieu_du_lieu,43.75,20/05/2026 22:18
Sa Huỳnh,còn dư địa hoặc cần theo dõi,"Tạo combo lưu trú dài hơn, voucher ăn uống địa phương và điều tiết giá theo trải nghiệm",Khách sạn,thấp-trung bình,Tăng doanh thu mùa thấp điểm và kéo dài thời gian lưu trú nếu kích cầu đúng phân khúc.,"Vấn đề -> Hành động -> KPI thay đổi -> Hiệu quả kinh tế: giảm áp lực tại điểm nóng, tăng chi tiêu ăn uống/vận tải/lưu trú/vé ở vùng phụ và giảm chi phí xã hội do kẹt xe/quá tải.",Điểm áp lực; điểm điều phối; điểm hạ tầng; cơ hội kinh tế; doanh thu ăn uống/vé/lưu trú; phản hồi du khách,35.62,53.9,36.0,40.2,Thấp,mixed_proxy_thieu_du_lieu,43.75,20/05/2026 22:18
Sa Huỳnh,còn dư địa hoặc cần theo dõi,"Chia vé theo khung giờ, tăng nhân sự soát vé, đẩy QR/e-ticket",Khu vui chơi,thấp-trung bình,Tăng doanh thu mùa thấp điểm và kéo dài thời gian lưu trú nếu kích cầu đúng phân khúc.,"Vấn đề -> Hành động -> KPI thay đổi -> Hiệu quả kinh tế: giảm áp lực tại điểm nóng, tăng chi tiêu ăn uống/vận tải/lưu trú/vé ở vùng phụ và giảm chi phí xã hội do kẹt xe/quá tải.",Điểm áp lực; điểm điều phối; điểm hạ tầng; cơ hội kinh tế; doanh thu ăn uống/vé/lưu trú; phản hồi du khách,36.08,53.2,36.0,40.25,Thấp,mixed_proxy_thieu_du_lieu,43.75,20/05/2026 22:18
Sa Huỳnh,còn dư địa hoặc cần theo dõi,"Tạo voucher giờ thấp điểm, menu combo địa phương và điểm bán vệ tinh",Nhà hàng/OCOP,thấp-trung bình,Tăng doanh thu mùa thấp điểm và kéo dài thời gian lưu trú nếu kích cầu đúng phân khúc.,"Vấn đề -> Hành động -> KPI thay đổi -> Hiệu quả kinh tế: giảm áp lực tại điểm nóng, tăng chi tiêu ăn uống/vận tải/lưu trú/vé ở vùng phụ và giảm chi phí xã hội do kẹt xe/quá tải.",Điểm áp lực; điểm điều phối; điểm hạ tầng; cơ hội kinh tế; doanh thu ăn uống/vé/lưu trú; phản hồi du khách,35.02,54.6,36.0,40.1,Thấp,mixed_proxy_thieu_du_lieu,43.75,20/05/2026 22:18
Sa Huỳnh,còn dư địa hoặc cần theo dõi,Tăng shuttle từ bãi đỗ vệ tinh và tuyến thay thế khi điểm áp lực tăng,Vận tải/shuttle,trung bình,Tăng doanh thu mùa thấp điểm và kéo dài thời gian lưu trú nếu kích cầu đúng phân khúc.,"Vấn đề -> Hành động -> KPI thay đổi -> Hiệu quả kinh tế: giảm áp lực tại điểm nóng, tăng chi tiêu ăn uống/vận tải/lưu trú/vé ở vùng phụ và giảm chi phí xã hội do kẹt xe/quá tải.",Điểm áp lực; điểm điều phối; điểm hạ tầng; cơ hội kinh tế; doanh thu ăn uống/vé/lưu trú; phản hồi du khách,37.12,48.3,36.0,39.69,Thấp,mixed_proxy_thieu_du_lieu,43.75,20/05/2026 22:18
Mỹ Khê,còn dư địa hoặc cần theo dõi,"Điều chỉnh truyền thông, kích cầu điểm phụ, công bố cảnh báo trên dashboard/app",Chính quyền,cao,Tăng doanh thu mùa thấp điểm và kéo dài thời gian lưu trú nếu kích cầu đúng phân khúc.,"Vấn đề -> Hành động -> KPI thay đổi -> Hiệu quả kinh tế: giảm áp lực tại điểm nóng, tăng chi tiêu ăn uống/vận tải/lưu trú/vé ở vùng phụ và giảm chi phí xã hội do kẹt xe/quá tải.",Điểm áp lực; điểm điều phối; điểm hạ tầng; cơ hội kinh tế; doanh thu ăn uống/vé/lưu trú; phản hồi du khách,36.23,51.8,36.0,40.02,Thấp,mixed_proxy_thieu_du_lieu,43.75,20/05/2026 22:18
Mỹ Khê,còn dư địa hoặc cần theo dõi,"Phân luồng tại tuyến ven biển, đặt biển báo, tăng lực lượng ở nút vào bãi biển/POI",Công an/giao thông,trung bình,Tăng doanh thu mùa thấp điểm và kéo dài thời gian lưu trú nếu kích cầu đúng phân khúc.,"Vấn đề -> Hành động -> KPI thay đổi -> Hiệu quả kinh tế: giảm áp lực tại điểm nóng, tăng chi tiêu ăn uống/vận tải/lưu trú/vé ở vùng phụ và giảm chi phí xã hội do kẹt xe/quá tải.",Điểm áp lực; điểm điều phối; điểm hạ tầng; cơ hội kinh tế; doanh thu ăn uống/vé/lưu trú; phản hồi du khách,37.42,46.2,36.0,39.38,Thấp,mixed_proxy_thieu_du_lieu,43.75,20/05/2026 22:18
Mỹ Khê,còn dư địa hoặc cần theo dõi,"Bán gói liên vùng, chuyển tour sang khung giờ thấp điểm hoặc điểm còn dư địa",Doanh nghiệp du lịch,thấp-trung bình,Tăng doanh thu mùa thấp điểm và kéo dài thời gian lưu trú nếu kích cầu đúng phân khúc.,"Vấn đề -> Hành động -> KPI thay đổi -> Hiệu quả kinh tế: giảm áp lực tại điểm nóng, tăng chi tiêu ăn uống/vận tải/lưu trú/vé ở vùng phụ và giảm chi phí xã hội do kẹt xe/quá tải.",Điểm áp lực; điểm điều phối; điểm hạ tầng; cơ hội kinh tế; doanh thu ăn uống/vé/lưu trú; phản hồi du khách,36.52,52.5,36.0,40.28,Thấp,mixed_proxy_thieu_du_lieu,43.75,20/05/2026 22:18
Mỹ Khê,còn dư địa hoặc cần theo dõi,"Tạo combo lưu trú dài hơn, voucher ăn uống địa phương và điều tiết giá theo trải nghiệm",Khách sạn,thấp-trung bình,Tăng doanh thu mùa thấp điểm và kéo dài thời gian lưu trú nếu kích cầu đúng phân khúc.,"Vấn đề -> Hành động -> KPI thay đổi -> Hiệu quả kinh tế: giảm áp lực tại điểm nóng, tăng chi tiêu ăn uống/vận tải/lưu trú/vé ở vùng phụ và giảm chi phí xã hội do kẹt xe/quá tải.",Điểm áp lực; điểm điều phối; điểm hạ tầng; cơ hội kinh tế; doanh thu ăn uống/vé/lưu trú; phản hồi du khách,35.62,53.9,36.0,40.2,Thấp,mixed_proxy_thieu_du_lieu,43.75,20/05/2026 22:18
Mỹ Khê,còn dư địa hoặc cần theo dõi,"Chia vé theo khung giờ, tăng nhân sự soát vé, đẩy QR/e-ticket",Khu vui chơi,thấp-trung bình,Tăng doanh thu mùa thấp điểm và kéo dài thời gian lưu trú nếu kích cầu đúng phân khúc.,"Vấn đề -> Hành động -> KPI thay đổi -> Hiệu quả kinh tế: giảm áp lực tại điểm nóng, tăng chi tiêu ăn uống/vận tải/lưu trú/vé ở vùng phụ và giảm chi phí xã hội do kẹt xe/quá tải.",Điểm áp lực; điểm điều phối; điểm hạ tầng; cơ hội kinh tế; doanh thu ăn uống/vé/lưu trú; phản hồi du khách,36.08,53.2,36.0,40.25,Thấp,mixed_proxy_thieu_du_lieu,43.75,20/05/2026 22:18
Mỹ Khê,còn dư địa hoặc cần theo dõi,"Tạo voucher giờ thấp điểm, menu combo địa phương và điểm bán vệ tinh",Nhà hàng/OCOP,thấp-trung bình,Tăng doanh thu mùa thấp điểm và kéo dài thời gian lưu trú nếu kích cầu đúng phân khúc.,"Vấn đề -> Hành động -> KPI thay đổi -> Hiệu quả kinh tế: giảm áp lực tại điểm nóng, tăng chi tiêu ăn uống/vận tải/lưu trú/vé ở vùng phụ và giảm chi phí xã hội do kẹt xe/quá tải.",Điểm áp lực; điểm điều phối; điểm hạ tầng; cơ hội kinh tế; doanh thu ăn uống/vé/lưu trú; phản hồi du khách,35.02,54.6,36.0,40.1,Thấp,mixed_proxy_thieu_du_lieu,43.75,20/05/2026 22:18
Mỹ Khê,còn dư địa hoặc cần theo dõi,Tăng shuttle từ bãi đỗ vệ tinh và tuyến thay thế khi điểm áp lực tăng,Vận tải/shuttle,trung bình,Tăng doanh thu mùa thấp điểm và kéo dài thời gian lưu trú nếu kích cầu đúng phân khúc.,"Vấn đề -> Hành động -> KPI thay đổi -> Hiệu quả kinh tế: giảm áp lực tại điểm nóng, tăng chi tiêu ăn uống/vận tải/lưu trú/vé ở vùng phụ và giảm chi phí xã hội do kẹt xe/quá tải.",Điểm áp lực; điểm điều phối; điểm hạ tầng; cơ hội kinh tế; doanh thu ăn uống/vé/lưu trú; phản hồi du khách,37.12,48.3,36.0,39.69,Thấp,mixed_proxy_thieu_du_lieu,43.75,20/05/2026 22:18
La Gi,còn dư địa hoặc cần theo dõi,"Điều chỉnh truyền thông, kích cầu điểm phụ, công bố cảnh báo trên dashboard/app",Chính quyền,cao,Tăng doanh thu mùa thấp điểm và kéo dài thời gian lưu trú nếu kích cầu đúng phân khúc.,"Vấn đề -> Hành động -> KPI thay đổi -> Hiệu quả kinh tế: giảm áp lực tại điểm nóng, tăng chi tiêu ăn uống/vận tải/lưu trú/vé ở vùng phụ và giảm chi phí xã hội do kẹt xe/quá tải.",Điểm áp lực; điểm điều phối; điểm hạ tầng; cơ hội kinh tế; doanh thu ăn uống/vé/lưu trú; phản hồi du khách,36.23,51.8,36.0,40.02,Thấp,mixed_proxy_thieu_du_lieu,43.75,20/05/2026 22:18
La Gi,còn dư địa hoặc cần theo dõi,"Phân luồng tại tuyến ven biển, đặt biển báo, tăng lực lượng ở nút vào bãi biển/POI",Công an/giao thông,trung bình,Tăng doanh thu mùa thấp điểm và kéo dài thời gian lưu trú nếu kích cầu đúng phân khúc.,"Vấn đề -> Hành động -> KPI thay đổi -> Hiệu quả kinh tế: giảm áp lực tại điểm nóng, tăng chi tiêu ăn uống/vận tải/lưu trú/vé ở vùng phụ và giảm chi phí xã hội do kẹt xe/quá tải.",Điểm áp lực; điểm điều phối; điểm hạ tầng; cơ hội kinh tế; doanh thu ăn uống/vé/lưu trú; phản hồi du khách,37.42,46.2,36.0,39.38,Thấp,mixed_proxy_thieu_du_lieu,43.75,20/05/2026 22:18
La Gi,còn dư địa hoặc cần theo dõi,"Bán gói liên vùng, chuyển tour sang khung giờ thấp điểm hoặc điểm còn dư địa",Doanh nghiệp du lịch,thấp-trung bình,Tăng doanh thu mùa thấp điểm và kéo dài thời gian lưu trú nếu kích cầu đúng phân khúc.,"Vấn đề -> Hành động -> KPI thay đổi -> Hiệu quả kinh tế: giảm áp lực tại điểm nóng, tăng chi tiêu ăn uống/vận tải/lưu trú/vé ở vùng phụ và giảm chi phí xã hội do kẹt xe/quá tải.",Điểm áp lực; điểm điều phối; điểm hạ tầng; cơ hội kinh tế; doanh thu ăn uống/vé/lưu trú; phản hồi du khách,36.52,52.5,36.0,40.28,Thấp,mixed_proxy_thieu_du_lieu,43.75,20/05/2026 22:18
La Gi,còn dư địa hoặc cần theo dõi,"Tạo combo lưu trú dài hơn, voucher ăn uống địa phương và điều tiết giá theo trải nghiệm",Khách sạn,thấp-trung bình,Tăng doanh thu mùa thấp điểm và kéo dài thời gian lưu trú nếu kích cầu đúng phân khúc.,"Vấn đề -> Hành động -> KPI thay đổi -> Hiệu quả kinh tế: giảm áp lực tại điểm nóng, tăng chi tiêu ăn uống/vận tải/lưu trú/vé ở vùng phụ và giảm chi phí xã hội do kẹt xe/quá tải.",Điểm áp lực; điểm điều phối; điểm hạ tầng; cơ hội kinh tế; doanh thu ăn uống/vé/lưu trú; phản hồi du khách,35.62,53.9,36.0,40.2,Thấp,mixed_proxy_thieu_du_lieu,43.75,20/05/2026 22:18
La Gi,còn dư địa hoặc cần theo dõi,"Chia vé theo khung giờ, tăng nhân sự soát vé, đẩy QR/e-ticket",Khu vui chơi,thấp-trung bình,Tăng doanh thu mùa thấp điểm và kéo dài thời gian lưu trú nếu kích cầu đúng phân khúc.,"Vấn đề -> Hành động -> KPI thay đổi -> Hiệu quả kinh tế: giảm áp lực tại điểm nóng, tăng chi tiêu ăn uống/vận tải/lưu trú/vé ở vùng phụ và giảm chi phí xã hội do kẹt xe/quá tải.",Điểm áp lực; điểm điều phối; điểm hạ tầng; cơ hội kinh tế; doanh thu ăn uống/vé/lưu trú; phản hồi du khách,36.08,53.2,36.0,40.25,Thấp,mixed_proxy_thieu_du_lieu,43.75,20/05/2026 22:18
La Gi,còn dư địa hoặc cần theo dõi,"Tạo voucher giờ thấp điểm, menu combo địa phương và điểm bán vệ tinh",Nhà hàng/OCOP,thấp-trung bình,Tăng doanh thu mùa thấp điểm và kéo dài thời gian lưu trú nếu kích cầu đúng phân khúc.,"Vấn đề -> Hành động -> KPI thay đổi -> Hiệu quả kinh tế: giảm áp lực tại điểm nóng, tăng chi tiêu ăn uống/vận tải/lưu trú/vé ở vùng phụ và giảm chi phí xã hội do kẹt xe/quá tải.",Điểm áp lực; điểm điều phối; điểm hạ tầng; cơ hội kinh tế; doanh thu ăn uống/vé/lưu trú; phản hồi du khách,35.02,54.6,36.0,40.1,Thấp,mixed_proxy_thieu_du_lieu,43.75,20/05/2026 22:18
La Gi,còn dư địa hoặc cần theo dõi,Tăng shuttle từ bãi đỗ vệ tinh và tuyến thay thế khi điểm áp lực tăng,Vận tải/shuttle,trung bình,Tăng doanh thu mùa thấp điểm và kéo dài thời gian lưu trú nếu kích cầu đúng phân khúc.,"Vấn đề -> Hành động -> KPI thay đổi -> Hiệu quả kinh tế: giảm áp lực tại điểm nóng, tăng chi tiêu ăn uống/vận tải/lưu trú/vé ở vùng phụ và giảm chi phí xã hội do kẹt xe/quá tải.",Điểm áp lực; điểm điều phối; điểm hạ tầng; cơ hội kinh tế; doanh thu ăn uống/vé/lưu trú; phản hồi du khách,37.12,48.3,36.0,39.69,Thấp,mixed_proxy_thieu_du_lieu,43.75,20/05/2026 22:18
Phan Thiết,còn dư địa hoặc cần theo dõi,"Điều chỉnh truyền thông, kích cầu điểm phụ, công bố cảnh báo trên dashboard/app",Chính quyền,cao,Tăng doanh thu mùa thấp điểm và kéo dài thời gian lưu trú nếu kích cầu đúng phân khúc.,"Vấn đề -> Hành động -> KPI thay đổi -> Hiệu quả kinh tế: giảm áp lực tại điểm nóng, tăng chi tiêu ăn uống/vận tải/lưu trú/vé ở vùng phụ và giảm chi phí xã hội do kẹt xe/quá tải.",Điểm áp lực; điểm điều phối; điểm hạ tầng; cơ hội kinh tế; doanh thu ăn uống/vé/lưu trú; phản hồi du khách,36.23,51.8,36.0,40.02,Thấp,mixed_proxy_thieu_du_lieu,43.75,20/05/2026 22:18
Phan Thiết,còn dư địa hoặc cần theo dõi,"Phân luồng tại tuyến ven biển, đặt biển báo, tăng lực lượng ở nút vào bãi biển/POI",Công an/giao thông,trung bình,Tăng doanh thu mùa thấp điểm và kéo dài thời gian lưu trú nếu kích cầu đúng phân khúc.,"Vấn đề -> Hành động -> KPI thay đổi -> Hiệu quả kinh tế: giảm áp lực tại điểm nóng, tăng chi tiêu ăn uống/vận tải/lưu trú/vé ở vùng phụ và giảm chi phí xã hội do kẹt xe/quá tải.",Điểm áp lực; điểm điều phối; điểm hạ tầng; cơ hội kinh tế; doanh thu ăn uống/vé/lưu trú; phản hồi du khách,37.42,46.2,36.0,39.38,Thấp,mixed_proxy_thieu_du_lieu,43.75,20/05/2026 22:18
Phan Thiết,còn dư địa hoặc cần theo dõi,"Bán gói liên vùng, chuyển tour sang khung giờ thấp điểm hoặc điểm còn dư địa",Doanh nghiệp du lịch,thấp-trung bình,Tăng doanh thu mùa thấp điểm và kéo dài thời gian lưu trú nếu kích cầu đúng phân khúc.,"Vấn đề -> Hành động -> KPI thay đổi -> Hiệu quả kinh tế: giảm áp lực tại điểm nóng, tăng chi tiêu ăn uống/vận tải/lưu trú/vé ở vùng phụ và giảm chi phí xã hội do kẹt xe/quá tải.",Điểm áp lực; điểm điều phối; điểm hạ tầng; cơ hội kinh tế; doanh thu ăn uống/vé/lưu trú; phản hồi du khách,36.52,52.5,36.0,40.28,Thấp,mixed_proxy_thieu_du_lieu,43.75,20/05/2026 22:18
Phan Thiết,còn dư địa hoặc cần theo dõi,"Tạo combo lưu trú dài hơn, voucher ăn uống địa phương và điều tiết giá theo trải nghiệm",Khách sạn,thấp-trung bình,Tăng doanh thu mùa thấp điểm và kéo dài thời gian lưu trú nếu kích cầu đúng phân khúc.,"Vấn đề -> Hành động -> KPI thay đổi -> Hiệu quả kinh tế: giảm áp lực tại điểm nóng, tăng chi tiêu ăn uống/vận tải/lưu trú/vé ở vùng phụ và giảm chi phí xã hội do kẹt xe/quá tải.",Điểm áp lực; điểm điều phối; điểm hạ tầng; cơ hội kinh tế; doanh thu ăn uống/vé/lưu trú; phản hồi du khách,35.62,53.9,36.0,40.2,Thấp,mixed_proxy_thieu_du_lieu,43.75,20/05/2026 22:18
Phan Thiết,còn dư địa hoặc cần theo dõi,"Chia vé theo khung giờ, tăng nhân sự soát vé, đẩy QR/e-ticket",Khu vui chơi,thấp-trung bình,Tăng doanh thu mùa thấp điểm và kéo dài thời gian lưu trú nếu kích cầu đúng phân khúc.,"Vấn đề -> Hành động -> KPI thay đổi -> Hiệu quả kinh tế: giảm áp lực tại điểm nóng, tăng chi tiêu ăn uống/vận tải/lưu trú/vé ở vùng phụ và giảm chi phí xã hội do kẹt xe/quá tải.",Điểm áp lực; điểm điều phối; điểm hạ tầng; cơ hội kinh tế; doanh thu ăn uống/vé/lưu trú; phản hồi du khách,36.08,53.2,36.0,40.25,Thấp,mixed_proxy_thieu_du_lieu,43.75,20/05/2026 22:18
Phan Thiết,còn dư địa hoặc cần theo dõi,"Tạo voucher giờ thấp điểm, menu combo địa phương và điểm bán vệ tinh",Nhà hàng/OCOP,thấp-trung bình,Tăng doanh thu mùa thấp điểm và kéo dài thời gian lưu trú nếu kích cầu đúng phân khúc.,"Vấn đề -> Hành động -> KPI thay đổi -> Hiệu quả kinh tế: giảm áp lực tại điểm nóng, tăng chi tiêu ăn uống/vận tải/lưu trú/vé ở vùng phụ và giảm chi phí xã hội do kẹt xe/quá tải.",Điểm áp lực; điểm điều phối; điểm hạ tầng; cơ hội kinh tế; doanh thu ăn uống/vé/lưu trú; phản hồi du khách,35.02,54.6,36.0,40.1,Thấp,mixed_proxy_thieu_du_lieu,43.75,20/05/2026 22:18
Phan Thiết,còn dư địa hoặc cần theo dõi,Tăng shuttle từ bãi đỗ vệ tinh và tuyến thay thế khi điểm áp lực tăng,Vận tải/shuttle,trung bình,Tăng doanh thu mùa thấp điểm và kéo dài thời gian lưu trú nếu kích cầu đúng phân khúc.,"Vấn đề -> Hành động -> KPI thay đổi -> Hiệu quả kinh tế: giảm áp lực tại điểm nóng, tăng chi tiêu ăn uống/vận tải/lưu trú/vé ở vùng phụ và giảm chi phí xã hội do kẹt xe/quá tải.",Điểm áp lực; điểm điều phối; điểm hạ tầng; cơ hội kinh tế; doanh thu ăn uống/vé/lưu trú; phản hồi du khách,37.12,48.3,36.0,39.69,Thấp,mixed_proxy_thieu_du_lieu,43.75,20/05/2026 22:18
Kỳ Co,còn dư địa hoặc cần theo dõi,"Điều chỉnh truyền thông, kích cầu điểm phụ, công bố cảnh báo trên dashboard/app",Chính quyền,cao,Tăng doanh thu mùa thấp điểm và kéo dài thời gian lưu trú nếu kích cầu đúng phân khúc.,"Vấn đề -> Hành động -> KPI thay đổi -> Hiệu quả kinh tế: giảm áp lực tại điểm nóng, tăng chi tiêu ăn uống/vận tải/lưu trú/vé ở vùng phụ và giảm chi phí xã hội do kẹt xe/quá tải.",Điểm áp lực; điểm điều phối; điểm hạ tầng; cơ hội kinh tế; doanh thu ăn uống/vé/lưu trú; phản hồi du khách,36.23,51.8,36.0,40.02,Thấp,mixed_proxy_thieu_du_lieu,43.75,20/05/2026 22:18
Kỳ Co,còn dư địa hoặc cần theo dõi,"Phân luồng tại tuyến ven biển, đặt biển báo, tăng lực lượng ở nút vào bãi biển/POI",Công an/giao thông,trung bình,Tăng doanh thu mùa thấp điểm và kéo dài thời gian lưu trú nếu kích cầu đúng phân khúc.,"Vấn đề -> Hành động -> KPI thay đổi -> Hiệu quả kinh tế: giảm áp lực tại điểm nóng, tăng chi tiêu ăn uống/vận tải/lưu trú/vé ở vùng phụ và giảm chi phí xã hội do kẹt xe/quá tải.",Điểm áp lực; điểm điều phối; điểm hạ tầng; cơ hội kinh tế; doanh thu ăn uống/vé/lưu trú; phản hồi du khách,37.42,46.2,36.0,39.38,Thấp,mixed_proxy_thieu_du_lieu,43.75,20/05/2026 22:18
Kỳ Co,còn dư địa hoặc cần theo dõi,"Bán gói liên vùng, chuyển tour sang khung giờ thấp điểm hoặc điểm còn dư địa",Doanh nghiệp du lịch,thấp-trung bình,Tăng doanh thu mùa thấp điểm và kéo dài thời gian lưu trú nếu kích cầu đúng phân khúc.,"Vấn đề -> Hành động -> KPI thay đổi -> Hiệu quả kinh tế: giảm áp lực tại điểm nóng, tăng chi tiêu ăn uống/vận tải/lưu trú/vé ở vùng phụ và giảm chi phí xã hội do kẹt xe/quá tải.",Điểm áp lực; điểm điều phối; điểm hạ tầng; cơ hội kinh tế; doanh thu ăn uống/vé/lưu trú; phản hồi du khách,36.52,52.5,36.0,40.28,Thấp,mixed_proxy_thieu_du_lieu,43.75,20/05/2026 22:18
Kỳ Co,còn dư địa hoặc cần theo dõi,"Tạo combo lưu trú dài hơn, voucher ăn uống địa phương và điều tiết giá theo trải nghiệm",Khách sạn,thấp-trung bình,Tăng doanh thu mùa thấp điểm và kéo dài thời gian lưu trú nếu kích cầu đúng phân khúc.,"Vấn đề -> Hành động -> KPI thay đổi -> Hiệu quả kinh tế: giảm áp lực tại điểm nóng, tăng chi tiêu ăn uống/vận tải/lưu trú/vé ở vùng phụ và giảm chi phí xã hội do kẹt xe/quá tải.",Điểm áp lực; điểm điều phối; điểm hạ tầng; cơ hội kinh tế; doanh thu ăn uống/vé/lưu trú; phản hồi du khách,35.62,53.9,36.0,40.2,Thấp,mixed_proxy_thieu_du_lieu,43.75,20/05/2026 22:18
Kỳ Co,còn dư địa hoặc cần theo dõi,"Chia vé theo khung giờ, tăng nhân sự soát vé, đẩy QR/e-ticket",Khu vui chơi,thấp-trung bình,Tăng doanh thu mùa thấp điểm và kéo dài thời gian lưu trú nếu kích cầu đúng phân khúc.,"Vấn đề -> Hành động -> KPI thay đổi -> Hiệu quả kinh tế: giảm áp lực tại điểm nóng, tăng chi tiêu ăn uống/vận tải/lưu trú/vé ở vùng phụ và giảm chi phí xã hội do kẹt xe/quá tải.",Điểm áp lực; điểm điều phối; điểm hạ tầng; cơ hội kinh tế; doanh thu ăn uống/vé/lưu trú; phản hồi du khách,36.08,53.2,36.0,40.25,Thấp,mixed_proxy_thieu_du_lieu,43.75,20/05/2026 22:18
Kỳ Co,còn dư địa hoặc cần theo dõi,"Tạo voucher giờ thấp điểm, menu combo địa phương và điểm bán vệ tinh",Nhà hàng/OCOP,thấp-trung bình,Tăng doanh thu mùa thấp điểm và kéo dài thời gian lưu trú nếu kích cầu đúng phân khúc.,"Vấn đề -> Hành động -> KPI thay đổi -> Hiệu quả kinh tế: giảm áp lực tại điểm nóng, tăng chi tiêu ăn uống/vận tải/lưu trú/vé ở vùng phụ và giảm chi phí xã hội do kẹt xe/quá tải.",Điểm áp lực; điểm điều phối; điểm hạ tầng; cơ hội kinh tế; doanh thu ăn uống/vé/lưu trú; phản hồi du khách,35.02,54.6,36.0,40.1,Thấp,mixed_proxy_thieu_du_lieu,43.75,20/05/2026 22:18
Kỳ Co,còn dư địa hoặc cần theo dõi,Tăng shuttle từ bãi đỗ vệ tinh và tuyến thay thế khi điểm áp lực tăng,Vận tải/shuttle,trung bình,Tăng doanh thu mùa thấp điểm và kéo dài thời gian lưu trú nếu kích cầu đúng phân khúc.,"Vấn đề -> Hành động -> KPI thay đổi -> Hiệu quả kinh tế: giảm áp lực tại điểm nóng, tăng chi tiêu ăn uống/vận tải/lưu trú/vé ở vùng phụ và giảm chi phí xã hội do kẹt xe/quá tải.",Điểm áp lực; điểm điều phối; điểm hạ tầng; cơ hội kinh tế; doanh thu ăn uống/vé/lưu trú; phản hồi du khách,37.12,48.3,36.0,39.69,Thấp,mixed_proxy_thieu_du_lieu,43.75,20/05/2026 22:18
Bình Ba,còn dư địa hoặc cần theo dõi,"Điều chỉnh truyền thông, kích cầu điểm phụ, công bố cảnh báo trên dashboard/app",Chính quyền,cao,Tăng doanh thu mùa thấp điểm và kéo dài thời gian lưu trú nếu kích cầu đúng phân khúc.,"Vấn đề -> Hành động -> KPI thay đổi -> Hiệu quả kinh tế: giảm áp lực tại điểm nóng, tăng chi tiêu ăn uống/vận tải/lưu trú/vé ở vùng phụ và giảm chi phí xã hội do kẹt xe/quá tải.",Điểm áp lực; điểm điều phối; điểm hạ tầng; cơ hội kinh tế; doanh thu ăn uống/vé/lưu trú; phản hồi du khách,36.23,51.8,36.0,40.02,Thấp,mixed_proxy_thieu_du_lieu,43.75,20/05/2026 22:18
Bình Ba,còn dư địa hoặc cần theo dõi,"Phân luồng tại tuyến ven biển, đặt biển báo, tăng lực lượng ở nút vào bãi biển/POI",Công an/giao thông,trung bình,Tăng doanh thu mùa thấp điểm và kéo dài thời gian lưu trú nếu kích cầu đúng phân khúc.,"Vấn đề -> Hành động -> KPI thay đổi -> Hiệu quả kinh tế: giảm áp lực tại điểm nóng, tăng chi tiêu ăn uống/vận tải/lưu trú/vé ở vùng phụ và giảm chi phí xã hội do kẹt xe/quá tải.",Điểm áp lực; điểm điều phối; điểm hạ tầng; cơ hội kinh tế; doanh thu ăn uống/vé/lưu trú; phản hồi du khách,37.42,46.2,36.0,39.38,Thấp,mixed_proxy_thieu_du_lieu,43.75,20/05/2026 22:18
Bình Ba,còn dư địa hoặc cần theo dõi,"Bán gói liên vùng, chuyển tour sang khung giờ thấp điểm hoặc điểm còn dư địa",Doanh nghiệp du lịch,thấp-trung bình,Tăng doanh thu mùa thấp điểm và kéo dài thời gian lưu trú nếu kích cầu đúng phân khúc.,"Vấn đề -> Hành động -> KPI thay đổi -> Hiệu quả kinh tế: giảm áp lực tại điểm nóng, tăng chi tiêu ăn uống/vận tải/lưu trú/vé ở vùng phụ và giảm chi phí xã hội do kẹt xe/quá tải.",Điểm áp lực; điểm điều phối; điểm hạ tầng; cơ hội kinh tế; doanh thu ăn uống/vé/lưu trú; phản hồi du khách,36.52,52.5,36.0,40.28,Thấp,mixed_proxy_thieu_du_lieu,43.75,20/05/2026 22:18
Bình Ba,còn dư địa hoặc cần theo dõi,"Tạo combo lưu trú dài hơn, voucher ăn uống địa phương và điều tiết giá theo trải nghiệm",Khách sạn,thấp-trung bình,Tăng doanh thu mùa thấp điểm và kéo dài thời gian lưu trú nếu kích cầu đúng phân khúc.,"Vấn đề -> Hành động -> KPI thay đổi -> Hiệu quả kinh tế: giảm áp lực tại điểm nóng, tăng chi tiêu ăn uống/vận tải/lưu trú/vé ở vùng phụ và giảm chi phí xã hội do kẹt xe/quá tải.",Điểm áp lực; điểm điều phối; điểm hạ tầng; cơ hội kinh tế; doanh thu ăn uống/vé/lưu trú; phản hồi du khách,35.62,53.9,36.0,40.2,Thấp,mixed_proxy_thieu_du_lieu,43.75,20/05/2026 22:18
Bình Ba,còn dư địa hoặc cần theo dõi,"Chia vé theo khung giờ, tăng nhân sự soát vé, đẩy QR/e-ticket",Khu vui chơi,thấp-trung bình,Tăng doanh thu mùa thấp điểm và kéo dài thời gian lưu trú nếu kích cầu đúng phân khúc.,"Vấn đề -> Hành động -> KPI thay đổi -> Hiệu quả kinh tế: giảm áp lực tại điểm nóng, tăng chi tiêu ăn uống/vận tải/lưu trú/vé ở vùng phụ và giảm chi phí xã hội do kẹt xe/quá tải.",Điểm áp lực; điểm điều phối; điểm hạ tầng; cơ hội kinh tế; doanh thu ăn uống/vé/lưu trú; phản hồi du khách,36.08,53.2,36.0,40.25,Thấp,mixed_proxy_thieu_du_lieu,43.75,20/05/2026 22:18
Bình Ba,còn dư địa hoặc cần theo dõi,"Tạo voucher giờ thấp điểm, menu combo địa phương và điểm bán vệ tinh",Nhà hàng/OCOP,thấp-trung bình,Tăng doanh thu mùa thấp điểm và kéo dài thời gian lưu trú nếu kích cầu đúng phân khúc.,"Vấn đề -> Hành động -> KPI thay đổi -> Hiệu quả kinh tế: giảm áp lực tại điểm nóng, tăng chi tiêu ăn uống/vận tải/lưu trú/vé ở vùng phụ và giảm chi phí xã hội do kẹt xe/quá tải.",Điểm áp lực; điểm điều phối; điểm hạ tầng; cơ hội kinh tế; doanh thu ăn uống/vé/lưu trú; phản hồi du khách,35.02,54.6,36.0,40.1,Thấp,mixed_proxy_thieu_du_lieu,43.75,20/05/2026 22:18
Bình Ba,còn dư địa hoặc cần theo dõi,Tăng shuttle từ bãi đỗ vệ tinh và tuyến thay thế khi điểm áp lực tăng,Vận tải/shuttle,trung bình,Tăng doanh thu mùa thấp điểm và kéo dài thời gian lưu trú nếu kích cầu đúng phân khúc.,"Vấn đề -> Hành động -> KPI thay đổi -> Hiệu quả kinh tế: giảm áp lực tại điểm nóng, tăng chi tiêu ăn uống/vận tải/lưu trú/vé ở vùng phụ và giảm chi phí xã hội do kẹt xe/quá tải.",Điểm áp lực; điểm điều phối; điểm hạ tầng; cơ hội kinh tế; doanh thu ăn uống/vé/lưu trú; phản hồi du khách,37.12,48.3,36.0,39.69,Thấp,mixed_proxy_thieu_du_lieu,43.75,20/05/2026 22:18
Cam Ranh,còn dư địa hoặc cần theo dõi,"Điều chỉnh truyền thông, kích cầu điểm phụ, công bố cảnh báo trên dashboard/app",Chính quyền,cao,Tăng doanh thu mùa thấp điểm và kéo dài thời gian lưu trú nếu kích cầu đúng phân khúc.,"Vấn đề -> Hành động -> KPI thay đổi -> Hiệu quả kinh tế: giảm áp lực tại điểm nóng, tăng chi tiêu ăn uống/vận tải/lưu trú/vé ở vùng phụ và giảm chi phí xã hội do kẹt xe/quá tải.",Điểm áp lực; điểm điều phối; điểm hạ tầng; cơ hội kinh tế; doanh thu ăn uống/vé/lưu trú; phản hồi du khách,36.23,51.8,36.0,40.02,Thấp,mixed_proxy_thieu_du_lieu,43.75,20/05/2026 22:18
Cam Ranh,còn dư địa hoặc cần theo dõi,"Phân luồng tại tuyến ven biển, đặt biển báo, tăng lực lượng ở nút vào bãi biển/POI",Công an/giao thông,trung bình,Tăng doanh thu mùa thấp điểm và kéo dài thời gian lưu trú nếu kích cầu đúng phân khúc.,"Vấn đề -> Hành động -> KPI thay đổi -> Hiệu quả kinh tế: giảm áp lực tại điểm nóng, tăng chi tiêu ăn uống/vận tải/lưu trú/vé ở vùng phụ và giảm chi phí xã hội do kẹt xe/quá tải.",Điểm áp lực; điểm điều phối; điểm hạ tầng; cơ hội kinh tế; doanh thu ăn uống/vé/lưu trú; phản hồi du khách,37.42,46.2,36.0,39.38,Thấp,mixed_proxy_thieu_du_lieu,43.75,20/05/2026 22:18
Cam Ranh,còn dư địa hoặc cần theo dõi,"Bán gói liên vùng, chuyển tour sang khung giờ thấp điểm hoặc điểm còn dư địa",Doanh nghiệp du lịch,thấp-trung bình,Tăng doanh thu mùa thấp điểm và kéo dài thời gian lưu trú nếu kích cầu đúng phân khúc.,"Vấn đề -> Hành động -> KPI thay đổi -> Hiệu quả kinh tế: giảm áp lực tại điểm nóng, tăng chi tiêu ăn uống/vận tải/lưu trú/vé ở vùng phụ và giảm chi phí xã hội do kẹt xe/quá tải.",Điểm áp lực; điểm điều phối; điểm hạ tầng; cơ hội kinh tế; doanh thu ăn uống/vé/lưu trú; phản hồi du khách,36.52,52.5,36.0,40.28,Thấp,mixed_proxy_thieu_du_lieu,43.75,20/05/2026 22:18
Cam Ranh,còn dư địa hoặc cần theo dõi,"Tạo combo lưu trú dài hơn, voucher ăn uống địa phương và điều tiết giá theo trải nghiệm",Khách sạn,thấp-trung bình,Tăng doanh thu mùa thấp điểm và kéo dài thời gian lưu trú nếu kích cầu đúng phân khúc.,"Vấn đề -> Hành động -> KPI thay đổi -> Hiệu quả kinh tế: giảm áp lực tại điểm nóng, tăng chi tiêu ăn uống/vận tải/lưu trú/vé ở vùng phụ và giảm chi phí xã hội do kẹt xe/quá tải.",Điểm áp lực; điểm điều phối; điểm hạ tầng; cơ hội kinh tế; doanh thu ăn uống/vé/lưu trú; phản hồi du khách,35.62,53.9,36.0,40.2,Thấp,mixed_proxy_thieu_du_lieu,43.75,20/05/2026 22:18
Cam Ranh,còn dư địa hoặc cần theo dõi,"Chia vé theo khung giờ, tăng nhân sự soát vé, đẩy QR/e-ticket",Khu vui chơi,thấp-trung bình,Tăng doanh thu mùa thấp điểm và kéo dài thời gian lưu trú nếu kích cầu đúng phân khúc.,"Vấn đề -> Hành động -> KPI thay đổi -> Hiệu quả kinh tế: giảm áp lực tại điểm nóng, tăng chi tiêu ăn uống/vận tải/lưu trú/vé ở vùng phụ và giảm chi phí xã hội do kẹt xe/quá tải.",Điểm áp lực; điểm điều phối; điểm hạ tầng; cơ hội kinh tế; doanh thu ăn uống/vé/lưu trú; phản hồi du khách,36.08,53.2,36.0,40.25,Thấp,mixed_proxy_thieu_du_lieu,43.75,20/05/2026 22:18
Cam Ranh,còn dư địa hoặc cần theo dõi,"Tạo voucher giờ thấp điểm, menu combo địa phương và điểm bán vệ tinh",Nhà hàng/OCOP,thấp-trung bình,Tăng doanh thu mùa thấp điểm và kéo dài thời gian lưu trú nếu kích cầu đúng phân khúc.,"Vấn đề -> Hành động -> KPI thay đổi -> Hiệu quả kinh tế: giảm áp lực tại điểm nóng, tăng chi tiêu ăn uống/vận tải/lưu trú/vé ở vùng phụ và giảm chi phí xã hội do kẹt xe/quá tải.",Điểm áp lực; điểm điều phối; điểm hạ tầng; cơ hội kinh tế; doanh thu ăn uống/vé/lưu trú; phản hồi du khách,35.02,54.6,36.0,40.1,Thấp,mixed_proxy_thieu_du_lieu,43.75,20/05/2026 22:18
Cam Ranh,còn dư địa hoặc cần theo dõi,Tăng shuttle từ bãi đỗ vệ tinh và tuyến thay thế khi điểm áp lực tăng,Vận tải/shuttle,trung bình,Tăng doanh thu mùa thấp điểm và kéo dài thời gian lưu trú nếu kích cầu đúng phân khúc.,"Vấn đề -> Hành động -> KPI thay đổi -> Hiệu quả kinh tế: giảm áp lực tại điểm nóng, tăng chi tiêu ăn uống/vận tải/lưu trú/vé ở vùng phụ và giảm chi phí xã hội do kẹt xe/quá tải.",Điểm áp lực; điểm điều phối; điểm hạ tầng; cơ hội kinh tế; doanh thu ăn uống/vé/lưu trú; phản hồi du khách,37.12,48.3,36.0,39.69,Thấp,mixed_proxy_thieu_du_lieu,43.75,20/05/2026 22:18
Phan Rang - Tháp Chàm,còn dư địa hoặc cần theo dõi,"Điều chỉnh truyền thông, kích cầu điểm phụ, công bố cảnh báo trên dashboard/app",Chính quyền,cao,Tăng doanh thu mùa thấp điểm và kéo dài thời gian lưu trú nếu kích cầu đúng phân khúc.,"Vấn đề -> Hành động -> KPI thay đổi -> Hiệu quả kinh tế: giảm áp lực tại điểm nóng, tăng chi tiêu ăn uống/vận tải/lưu trú/vé ở vùng phụ và giảm chi phí xã hội do kẹt xe/quá tải.",Điểm áp lực; điểm điều phối; điểm hạ tầng; cơ hội kinh tế; doanh thu ăn uống/vé/lưu trú; phản hồi du khách,36.23,51.8,36.0,40.02,Thấp,mixed_proxy_thieu_du_lieu,43.75,20/05/2026 22:18
Phan Rang - Tháp Chàm,còn dư địa hoặc cần theo dõi,"Phân luồng tại tuyến ven biển, đặt biển báo, tăng lực lượng ở nút vào bãi biển/POI",Công an/giao thông,trung bình,Tăng doanh thu mùa thấp điểm và kéo dài thời gian lưu trú nếu kích cầu đúng phân khúc.,"Vấn đề -> Hành động -> KPI thay đổi -> Hiệu quả kinh tế: giảm áp lực tại điểm nóng, tăng chi tiêu ăn uống/vận tải/lưu trú/vé ở vùng phụ và giảm chi phí xã hội do kẹt xe/quá tải.",Điểm áp lực; điểm điều phối; điểm hạ tầng; cơ hội kinh tế; doanh thu ăn uống/vé/lưu trú; phản hồi du khách,37.42,46.2,36.0,39.38,Thấp,mixed_proxy_thieu_du_lieu,43.75,20/05/2026 22:18
Phan Rang - Tháp Chàm,còn dư địa hoặc cần theo dõi,"Bán gói liên vùng, chuyển tour sang khung giờ thấp điểm hoặc điểm còn dư địa",Doanh nghiệp du lịch,thấp-trung bình,Tăng doanh thu mùa thấp điểm và kéo dài thời gian lưu trú nếu kích cầu đúng phân khúc.,"Vấn đề -> Hành động -> KPI thay đổi -> Hiệu quả kinh tế: giảm áp lực tại điểm nóng, tăng chi tiêu ăn uống/vận tải/lưu trú/vé ở vùng phụ và giảm chi phí xã hội do kẹt xe/quá tải.",Điểm áp lực; điểm điều phối; điểm hạ tầng; cơ hội kinh tế; doanh thu ăn uống/vé/lưu trú; phản hồi du khách,36.52,52.5,36.0,40.28,Thấp,mixed_proxy_thieu_du_lieu,43.75,20/05/2026 22:18
Phan Rang - Tháp Chàm,còn dư địa hoặc cần theo dõi,"Tạo combo lưu trú dài hơn, voucher ăn uống địa phương và điều tiết giá theo trải nghiệm",Khách sạn,thấp-trung bình,Tăng doanh thu mùa thấp điểm và kéo dài thời gian lưu trú nếu kích cầu đúng phân khúc.,"Vấn đề -> Hành động -> KPI thay đổi -> Hiệu quả kinh tế: giảm áp lực tại điểm nóng, tăng chi tiêu ăn uống/vận tải/lưu trú/vé ở vùng phụ và giảm chi phí xã hội do kẹt xe/quá tải.",Điểm áp lực; điểm điều phối; điểm hạ tầng; cơ hội kinh tế; doanh thu ăn uống/vé/lưu trú; phản hồi du khách,35.62,53.9,36.0,40.2,Thấp,mixed_proxy_thieu_du_lieu,43.75,20/05/2026 22:18
Phan Rang - Tháp Chàm,còn dư địa hoặc cần theo dõi,"Chia vé theo khung giờ, tăng nhân sự soát vé, đẩy QR/e-ticket",Khu vui chơi,thấp-trung bình,Tăng doanh thu mùa thấp điểm và kéo dài thời gian lưu trú nếu kích cầu đúng phân khúc.,"Vấn đề -> Hành động -> KPI thay đổi -> Hiệu quả kinh tế: giảm áp lực tại điểm nóng, tăng chi tiêu ăn uống/vận tải/lưu trú/vé ở vùng phụ và giảm chi phí xã hội do kẹt xe/quá tải.",Điểm áp lực; điểm điều phối; điểm hạ tầng; cơ hội kinh tế; doanh thu ăn uống/vé/lưu trú; phản hồi du khách,36.08,53.2,36.0,40.25,Thấp,mixed_proxy_thieu_du_lieu,43.75,20/05/2026 22:18
Phan Rang - Tháp Chàm,còn dư địa hoặc cần theo dõi,"Tạo voucher giờ thấp điểm, menu combo địa phương và điểm bán vệ tinh",Nhà hàng/OCOP,thấp-trung bình,Tăng doanh thu mùa thấp điểm và kéo dài thời gian lưu trú nếu kích cầu đúng phân khúc.,"Vấn đề -> Hành động -> KPI thay đổi -> Hiệu quả kinh tế: giảm áp lực tại điểm nóng, tăng chi tiêu ăn uống/vận tải/lưu trú/vé ở vùng phụ và giảm chi phí xã hội do kẹt xe/quá tải.",Điểm áp lực; điểm điều phối; điểm hạ tầng; cơ hội kinh tế; doanh thu ăn uống/vé/lưu trú; phản hồi du khách,35.02,54.6,36.0,40.1,Thấp,mixed_proxy_thieu_du_lieu,43.75,20/05/2026 22:18
Phan Rang - Tháp Chàm,còn dư địa hoặc cần theo dõi,Tăng shuttle từ bãi đỗ vệ tinh và tuyến thay thế khi điểm áp lực tăng,Vận tải/shuttle,trung bình,Tăng doanh thu mùa thấp điểm và kéo dài thời gian lưu trú nếu kích cầu đúng phân khúc.,"Vấn đề -> Hành động -> KPI thay đổi -> Hiệu quả kinh tế: giảm áp lực tại điểm nóng, tăng chi tiêu ăn uống/vận tải/lưu trú/vé ở vùng phụ và giảm chi phí xã hội do kẹt xe/quá tải.",Điểm áp lực; điểm điều phối; điểm hạ tầng; cơ hội kinh tế; doanh thu ăn uống/vé/lưu trú; phản hồi du khách,37.12,48.3,36.0,39.69,Thấp,mixed_proxy_thieu_du_lieu,43.75,20/05/2026 22:18
Vĩnh Hy,còn dư địa hoặc cần theo dõi,"Điều chỉnh truyền thông, kích cầu điểm phụ, công bố cảnh báo trên dashboard/app",Chính quyền,cao,Tăng doanh thu mùa thấp điểm và kéo dài thời gian lưu trú nếu kích cầu đúng phân khúc.,"Vấn đề -> Hành động -> KPI thay đổi -> Hiệu quả kinh tế: giảm áp lực tại điểm nóng, tăng chi tiêu ăn uống/vận tải/lưu trú/vé ở vùng phụ và giảm chi phí xã hội do kẹt xe/quá tải.",Điểm áp lực; điểm điều phối; điểm hạ tầng; cơ hội kinh tế; doanh thu ăn uống/vé/lưu trú; phản hồi du khách,36.23,51.8,36.0,40.02,Thấp,mixed_proxy_thieu_du_lieu,43.75,20/05/2026 22:18
Vĩnh Hy,còn dư địa hoặc cần theo dõi,"Phân luồng tại tuyến ven biển, đặt biển báo, tăng lực lượng ở nút vào bãi biển/POI",Công an/giao thông,trung bình,Tăng doanh thu mùa thấp điểm và kéo dài thời gian lưu trú nếu kích cầu đúng phân khúc.,"Vấn đề -> Hành động -> KPI thay đổi -> Hiệu quả kinh tế: giảm áp lực tại điểm nóng, tăng chi tiêu ăn uống/vận tải/lưu trú/vé ở vùng phụ và giảm chi phí xã hội do kẹt xe/quá tải.",Điểm áp lực; điểm điều phối; điểm hạ tầng; cơ hội kinh tế; doanh thu ăn uống/vé/lưu trú; phản hồi du khách,37.42,46.2,36.0,39.38,Thấp,mixed_proxy_thieu_du_lieu,43.75,20/05/2026 22:18
Vĩnh Hy,còn dư địa hoặc cần theo dõi,"Bán gói liên vùng, chuyển tour sang khung giờ thấp điểm hoặc điểm còn dư địa",Doanh nghiệp du lịch,thấp-trung bình,Tăng doanh thu mùa thấp điểm và kéo dài thời gian lưu trú nếu kích cầu đúng phân khúc.,"Vấn đề -> Hành động -> KPI thay đổi -> Hiệu quả kinh tế: giảm áp lực tại điểm nóng, tăng chi tiêu ăn uống/vận tải/lưu trú/vé ở vùng phụ và giảm chi phí xã hội do kẹt xe/quá tải.",Điểm áp lực; điểm điều phối; điểm hạ tầng; cơ hội kinh tế; doanh thu ăn uống/vé/lưu trú; phản hồi du khách,36.52,52.5,36.0,40.28,Thấp,mixed_proxy_thieu_du_lieu,43.75,20/05/2026 22:18
Vĩnh Hy,còn dư địa hoặc cần theo dõi,"Tạo combo lưu trú dài hơn, voucher ăn uống địa phương và điều tiết giá theo trải nghiệm",Khách sạn,thấp-trung bình,Tăng doanh thu mùa thấp điểm và kéo dài thời gian lưu trú nếu kích cầu đúng phân khúc.,"Vấn đề -> Hành động -> KPI thay đổi -> Hiệu quả kinh tế: giảm áp lực tại điểm nóng, tăng chi tiêu ăn uống/vận tải/lưu trú/vé ở vùng phụ và giảm chi phí xã hội do kẹt xe/quá tải.",Điểm áp lực; điểm điều phối; điểm hạ tầng; cơ hội kinh tế; doanh thu ăn uống/vé/lưu trú; phản hồi du khách,35.62,53.9,36.0,40.2,Thấp,mixed_proxy_thieu_du_lieu,43.75,20/05/2026 22:18
Vĩnh Hy,còn dư địa hoặc cần theo dõi,"Chia vé theo khung giờ, tăng nhân sự soát vé, đẩy QR/e-ticket",Khu vui chơi,thấp-trung bình,Tăng doanh thu mùa thấp điểm và kéo dài thời gian lưu trú nếu kích cầu đúng phân khúc.,"Vấn đề -> Hành động -> KPI thay đổi -> Hiệu quả kinh tế: giảm áp lực tại điểm nóng, tăng chi tiêu ăn uống/vận tải/lưu trú/vé ở vùng phụ và giảm chi phí xã hội do kẹt xe/quá tải.",Điểm áp lực; điểm điều phối; điểm hạ tầng; cơ hội kinh tế; doanh thu ăn uống/vé/lưu trú; phản hồi du khách,36.08,53.2,36.0,40.25,Thấp,mixed_proxy_thieu_du_lieu,43.75,20/05/2026 22:18
Vĩnh Hy,còn dư địa hoặc cần theo dõi,"Tạo voucher giờ thấp điểm, menu combo địa phương và điểm bán vệ tinh",Nhà hàng/OCOP,thấp-trung bình,Tăng doanh thu mùa thấp điểm và kéo dài thời gian lưu trú nếu kích cầu đúng phân khúc.,"Vấn đề -> Hành động -> KPI thay đổi -> Hiệu quả kinh tế: giảm áp lực tại điểm nóng, tăng chi tiêu ăn uống/vận tải/lưu trú/vé ở vùng phụ và giảm chi phí xã hội do kẹt xe/quá tải.",Điểm áp lực; điểm điều phối; điểm hạ tầng; cơ hội kinh tế; doanh thu ăn uống/vé/lưu trú; phản hồi du khách,35.02,54.6,36.0,40.1,Thấp,mixed_proxy_thieu_du_lieu,43.75,20/05/2026 22:18
Vĩnh Hy,còn dư địa hoặc cần theo dõi,Tăng shuttle từ bãi đỗ vệ tinh và tuyến thay thế khi điểm áp lực tăng,Vận tải/shuttle,trung bình,Tăng doanh thu mùa thấp điểm và kéo dài thời gian lưu trú nếu kích cầu đúng phân khúc.,"Vấn đề -> Hành động -> KPI thay đổi -> Hiệu quả kinh tế: giảm áp lực tại điểm nóng, tăng chi tiêu ăn uống/vận tải/lưu trú/vé ở vùng phụ và giảm chi phí xã hội do kẹt xe/quá tải.",Điểm áp lực; điểm điều phối; điểm hạ tầng; cơ hội kinh tế; doanh thu ăn uống/vé/lưu trú; phản hồi du khách,37.12,48.3,36.0,39.69,Thấp,mixed_proxy_thieu_du_lieu,43.75,20/05/2026 22:18
Gành Đá Đĩa,còn dư địa hoặc cần theo dõi,"Điều chỉnh truyền thông, kích cầu điểm phụ, công bố cảnh báo trên dashboard/app",Chính quyền,cao,Tăng doanh thu mùa thấp điểm và kéo dài thời gian lưu trú nếu kích cầu đúng phân khúc.,"Vấn đề -> Hành động -> KPI thay đổi -> Hiệu quả kinh tế: giảm áp lực tại điểm nóng, tăng chi tiêu ăn uống/vận tải/lưu trú/vé ở vùng phụ và giảm chi phí xã hội do kẹt xe/quá tải.",Điểm áp lực; điểm điều phối; điểm hạ tầng; cơ hội kinh tế; doanh thu ăn uống/vé/lưu trú; phản hồi du khách,36.23,51.8,36.0,40.02,Thấp,mixed_proxy_thieu_du_lieu,43.75,20/05/2026 22:18
Gành Đá Đĩa,còn dư địa hoặc cần theo dõi,"Phân luồng tại tuyến ven biển, đặt biển báo, tăng lực lượng ở nút vào bãi biển/POI",Công an/giao thông,trung bình,Tăng doanh thu mùa thấp điểm và kéo dài thời gian lưu trú nếu kích cầu đúng phân khúc.,"Vấn đề -> Hành động -> KPI thay đổi -> Hiệu quả kinh tế: giảm áp lực tại điểm nóng, tăng chi tiêu ăn uống/vận tải/lưu trú/vé ở vùng phụ và giảm chi phí xã hội do kẹt xe/quá tải.",Điểm áp lực; điểm điều phối; điểm hạ tầng; cơ hội kinh tế; doanh thu ăn uống/vé/lưu trú; phản hồi du khách,37.42,46.2,36.0,39.38,Thấp,mixed_proxy_thieu_du_lieu,43.75,20/05/2026 22:18
Gành Đá Đĩa,còn dư địa hoặc cần theo dõi,"Bán gói liên vùng, chuyển tour sang khung giờ thấp điểm hoặc điểm còn dư địa",Doanh nghiệp du lịch,thấp-trung bình,Tăng doanh thu mùa thấp điểm và kéo dài thời gian lưu trú nếu kích cầu đúng phân khúc.,"Vấn đề -> Hành động -> KPI thay đổi -> Hiệu quả kinh tế: giảm áp lực tại điểm nóng, tăng chi tiêu ăn uống/vận tải/lưu trú/vé ở vùng phụ và giảm chi phí xã hội do kẹt xe/quá tải.",Điểm áp lực; điểm điều phối; điểm hạ tầng; cơ hội kinh tế; doanh thu ăn uống/vé/lưu trú; phản hồi du khách,36.52,52.5,36.0,40.28,Thấp,mixed_proxy_thieu_du_lieu,43.75,20/05/2026 22:18
Gành Đá Đĩa,còn dư địa hoặc cần theo dõi,"Tạo combo lưu trú dài hơn, voucher ăn uống địa phương và điều tiết giá theo trải nghiệm",Khách sạn,thấp-trung bình,Tăng doanh thu mùa thấp điểm và kéo dài thời gian lưu trú nếu kích cầu đúng phân khúc.,"Vấn đề -> Hành động -> KPI thay đổi -> Hiệu quả kinh tế: giảm áp lực tại điểm nóng, tăng chi tiêu ăn uống/vận tải/lưu trú/vé ở vùng phụ và giảm chi phí xã hội do kẹt xe/quá tải.",Điểm áp lực; điểm điều phối; điểm hạ tầng; cơ hội kinh tế; doanh thu ăn uống/vé/lưu trú; phản hồi du khách,35.62,53.9,36.0,40.2,Thấp,mixed_proxy_thieu_du_lieu,43.75,20/05/2026 22:18
Gành Đá Đĩa,còn dư địa hoặc cần theo dõi,"Chia vé theo khung giờ, tăng nhân sự soát vé, đẩy QR/e-ticket",Khu vui chơi,thấp-trung bình,Tăng doanh thu mùa thấp điểm và kéo dài thời gian lưu trú nếu kích cầu đúng phân khúc.,"Vấn đề -> Hành động -> KPI thay đổi -> Hiệu quả kinh tế: giảm áp lực tại điểm nóng, tăng chi tiêu ăn uống/vận tải/lưu trú/vé ở vùng phụ và giảm chi phí xã hội do kẹt xe/quá tải.",Điểm áp lực; điểm điều phối; điểm hạ tầng; cơ hội kinh tế; doanh thu ăn uống/vé/lưu trú; phản hồi du khách,36.08,53.2,36.0,40.25,Thấp,mixed_proxy_thieu_du_lieu,43.75,20/05/2026 22:18
Gành Đá Đĩa,còn dư địa hoặc cần theo dõi,"Tạo voucher giờ thấp điểm, menu combo địa phương và điểm bán vệ tinh",Nhà hàng/OCOP,thấp-trung bình,Tăng doanh thu mùa thấp điểm và kéo dài thời gian lưu trú nếu kích cầu đúng phân khúc.,"Vấn đề -> Hành động -> KPI thay đổi -> Hiệu quả kinh tế: giảm áp lực tại điểm nóng, tăng chi tiêu ăn uống/vận tải/lưu trú/vé ở vùng phụ và giảm chi phí xã hội do kẹt xe/quá tải.",Điểm áp lực; điểm điều phối; điểm hạ tầng; cơ hội kinh tế; doanh thu ăn uống/vé/lưu trú; phản hồi du khách,35.02,54.6,36.0,40.1,Thấp,mixed_proxy_thieu_du_lieu,43.75,20/05/2026 22:18
Gành Đá Đĩa,còn dư địa hoặc cần theo dõi,Tăng shuttle từ bãi đỗ vệ tinh và tuyến thay thế khi điểm áp lực tăng,Vận tải/shuttle,trung bình,Tăng doanh thu mùa thấp điểm và kéo dài thời gian lưu trú nếu kích cầu đúng phân khúc.,"Vấn đề -> Hành động -> KPI thay đổi -> Hiệu quả kinh tế: giảm áp lực tại điểm nóng, tăng chi tiêu ăn uống/vận tải/lưu trú/vé ở vùng phụ và giảm chi phí xã hội do kẹt xe/quá tải.",Điểm áp lực; điểm điều phối; điểm hạ tầng; cơ hội kinh tế; doanh thu ăn uống/vé/lưu trú; phản hồi du khách,37.12,48.3,36.0,39.69,Thấp,mixed_proxy_thieu_du_lieu,43.75,20/05/2026 22:18
Tuy Hòa,còn dư địa hoặc cần theo dõi,"Điều chỉnh truyền thông, kích cầu điểm phụ, công bố cảnh báo trên dashboard/app",Chính quyền,cao,Tăng doanh thu mùa thấp điểm và kéo dài thời gian lưu trú nếu kích cầu đúng phân khúc.,"Vấn đề -> Hành động -> KPI thay đổi -> Hiệu quả kinh tế: giảm áp lực tại điểm nóng, tăng chi tiêu ăn uống/vận tải/lưu trú/vé ở vùng phụ và giảm chi phí xã hội do kẹt xe/quá tải.",Điểm áp lực; điểm điều phối; điểm hạ tầng; cơ hội kinh tế; doanh thu ăn uống/vé/lưu trú; phản hồi du khách,36.23,51.8,36.0,40.02,Thấp,mixed_proxy_thieu_du_lieu,43.75,20/05/2026 22:18
Tuy Hòa,còn dư địa hoặc cần theo dõi,"Phân luồng tại tuyến ven biển, đặt biển báo, tăng lực lượng ở nút vào bãi biển/POI",Công an/giao thông,trung bình,Tăng doanh thu mùa thấp điểm và kéo dài thời gian lưu trú nếu kích cầu đúng phân khúc.,"Vấn đề -> Hành động -> KPI thay đổi -> Hiệu quả kinh tế: giảm áp lực tại điểm nóng, tăng chi tiêu ăn uống/vận tải/lưu trú/vé ở vùng phụ và giảm chi phí xã hội do kẹt xe/quá tải.",Điểm áp lực; điểm điều phối; điểm hạ tầng; cơ hội kinh tế; doanh thu ăn uống/vé/lưu trú; phản hồi du khách,37.42,46.2,36.0,39.38,Thấp,mixed_proxy_thieu_du_lieu,43.75,20/05/2026 22:18
Tuy Hòa,còn dư địa hoặc cần theo dõi,"Bán gói liên vùng, chuyển tour sang khung giờ thấp điểm hoặc điểm còn dư địa",Doanh nghiệp du lịch,thấp-trung bình,Tăng doanh thu mùa thấp điểm và kéo dài thời gian lưu trú nếu kích cầu đúng phân khúc.,"Vấn đề -> Hành động -> KPI thay đổi -> Hiệu quả kinh tế: giảm áp lực tại điểm nóng, tăng chi tiêu ăn uống/vận tải/lưu trú/vé ở vùng phụ và giảm chi phí xã hội do kẹt xe/quá tải.",Điểm áp lực; điểm điều phối; điểm hạ tầng; cơ hội kinh tế; doanh thu ăn uống/vé/lưu trú; phản hồi du khách,36.52,52.5,36.0,40.28,Thấp,mixed_proxy_thieu_du_lieu,43.75,20/05/2026 22:18
Tuy Hòa,còn dư địa hoặc cần theo dõi,"Tạo combo lưu trú dài hơn, voucher ăn uống địa phương và điều tiết giá theo trải nghiệm",Khách sạn,thấp-trung bình,Tăng doanh thu mùa thấp điểm và kéo dài thời gian lưu trú nếu kích cầu đúng phân khúc.,"Vấn đề -> Hành động -> KPI thay đổi -> Hiệu quả kinh tế: giảm áp lực tại điểm nóng, tăng chi tiêu ăn uống/vận tải/lưu trú/vé ở vùng phụ và giảm chi phí xã hội do kẹt xe/quá tải.",Điểm áp lực; điểm điều phối; điểm hạ tầng; cơ hội kinh tế; doanh thu ăn uống/vé/lưu trú; phản hồi du khách,35.62,53.9,36.0,40.2,Thấp,mixed_proxy_thieu_du_lieu,43.75,20/05/2026 22:18
Tuy Hòa,còn dư địa hoặc cần theo dõi,"Chia vé theo khung giờ, tăng nhân sự soát vé, đẩy QR/e-ticket",Khu vui chơi,thấp-trung bình,Tăng doanh thu mùa thấp điểm và kéo dài thời gian lưu trú nếu kích cầu đúng phân khúc.,"Vấn đề -> Hành động -> KPI thay đổi -> Hiệu quả kinh tế: giảm áp lực tại điểm nóng, tăng chi tiêu ăn uống/vận tải/lưu trú/vé ở vùng phụ và giảm chi phí xã hội do kẹt xe/quá tải.",Điểm áp lực; điểm điều phối; điểm hạ tầng; cơ hội kinh tế; doanh thu ăn uống/vé/lưu trú; phản hồi du khách,36.08,53.2,36.0,40.25,Thấp,mixed_proxy_thieu_du_lieu,43.75,20/05/2026 22:18
Tuy Hòa,còn dư địa hoặc cần theo dõi,"Tạo voucher giờ thấp điểm, menu combo địa phương và điểm bán vệ tinh",Nhà hàng/OCOP,thấp-trung bình,Tăng doanh thu mùa thấp điểm và kéo dài thời gian lưu trú nếu kích cầu đúng phân khúc.,"Vấn đề -> Hành động -> KPI thay đổi -> Hiệu quả kinh tế: giảm áp lực tại điểm nóng, tăng chi tiêu ăn uống/vận tải/lưu trú/vé ở vùng phụ và giảm chi phí xã hội do kẹt xe/quá tải.",Điểm áp lực; điểm điều phối; điểm hạ tầng; cơ hội kinh tế; doanh thu ăn uống/vé/lưu trú; phản hồi du khách,35.02,54.6,36.0,40.1,Thấp,mixed_proxy_thieu_du_lieu,43.75,20/05/2026 22:18
Tuy Hòa,còn dư địa hoặc cần theo dõi,Tăng shuttle từ bãi đỗ vệ tinh và tuyến thay thế khi điểm áp lực tăng,Vận tải/shuttle,trung bình,Tăng doanh thu mùa thấp điểm và kéo dài thời gian lưu trú nếu kích cầu đúng phân khúc.,"Vấn đề -> Hành động -> KPI thay đổi -> Hiệu quả kinh tế: giảm áp lực tại điểm nóng, tăng chi tiêu ăn uống/vận tải/lưu trú/vé ở vùng phụ và giảm chi phí xã hội do kẹt xe/quá tải.",Điểm áp lực; điểm điều phối; điểm hạ tầng; cơ hội kinh tế; doanh thu ăn uống/vé/lưu trú; phản hồi du khách,37.12,48.3,36.0,39.69,Thấp,mixed_proxy_thieu_du_lieu,43.75,20/05/2026 22:18
Hà Tiên,còn dư địa hoặc cần theo dõi,"Điều chỉnh truyền thông, kích cầu điểm phụ, công bố cảnh báo trên dashboard/app",Chính quyền,cao,Tăng doanh thu mùa thấp điểm và kéo dài thời gian lưu trú nếu kích cầu đúng phân khúc.,"Vấn đề -> Hành động -> KPI thay đổi -> Hiệu quả kinh tế: giảm áp lực tại điểm nóng, tăng chi tiêu ăn uống/vận tải/lưu trú/vé ở vùng phụ và giảm chi phí xã hội do kẹt xe/quá tải.",Điểm áp lực; điểm điều phối; điểm hạ tầng; cơ hội kinh tế; doanh thu ăn uống/vé/lưu trú; phản hồi du khách,36.23,51.8,36.0,40.02,Thấp,mixed_proxy_thieu_du_lieu,43.75,20/05/2026 22:18
Hà Tiên,còn dư địa hoặc cần theo dõi,"Phân luồng tại tuyến ven biển, đặt biển báo, tăng lực lượng ở nút vào bãi biển/POI",Công an/giao thông,trung bình,Tăng doanh thu mùa thấp điểm và kéo dài thời gian lưu trú nếu kích cầu đúng phân khúc.,"Vấn đề -> Hành động -> KPI thay đổi -> Hiệu quả kinh tế: giảm áp lực tại điểm nóng, tăng chi tiêu ăn uống/vận tải/lưu trú/vé ở vùng phụ và giảm chi phí xã hội do kẹt xe/quá tải.",Điểm áp lực; điểm điều phối; điểm hạ tầng; cơ hội kinh tế; doanh thu ăn uống/vé/lưu trú; phản hồi du khách,37.42,46.2,36.0,39.38,Thấp,mixed_proxy_thieu_du_lieu,43.75,20/05/2026 22:18
Hà Tiên,còn dư địa hoặc cần theo dõi,"Bán gói liên vùng, chuyển tour sang khung giờ thấp điểm hoặc điểm còn dư địa",Doanh nghiệp du lịch,thấp-trung bình,Tăng doanh thu mùa thấp điểm và kéo dài thời gian lưu trú nếu kích cầu đúng phân khúc.,"Vấn đề -> Hành động -> KPI thay đổi -> Hiệu quả kinh tế: giảm áp lực tại điểm nóng, tăng chi tiêu ăn uống/vận tải/lưu trú/vé ở vùng phụ và giảm chi phí xã hội do kẹt xe/quá tải.",Điểm áp lực; điểm điều phối; điểm hạ tầng; cơ hội kinh tế; doanh thu ăn uống/vé/lưu trú; phản hồi du khách,36.52,52.5,36.0,40.28,Thấp,mixed_proxy_thieu_du_lieu,43.75,20/05/2026 22:18
Hà Tiên,còn dư địa hoặc cần theo dõi,"Tạo combo lưu trú dài hơn, voucher ăn uống địa phương và điều tiết giá theo trải nghiệm",Khách sạn,thấp-trung bình,Tăng doanh thu mùa thấp điểm và kéo dài thời gian lưu trú nếu kích cầu đúng phân khúc.,"Vấn đề -> Hành động -> KPI thay đổi -> Hiệu quả kinh tế: giảm áp lực tại điểm nóng, tăng chi tiêu ăn uống/vận tải/lưu trú/vé ở vùng phụ và giảm chi phí xã hội do kẹt xe/quá tải.",Điểm áp lực; điểm điều phối; điểm hạ tầng; cơ hội kinh tế; doanh thu ăn uống/vé/lưu trú; phản hồi du khách,35.62,53.9,36.0,40.2,Thấp,mixed_proxy_thieu_du_lieu,43.75,20/05/2026 22:18
Hà Tiên,còn dư địa hoặc cần theo dõi,"Chia vé theo khung giờ, tăng nhân sự soát vé, đẩy QR/e-ticket",Khu vui chơi,thấp-trung bình,Tăng doanh thu mùa thấp điểm và kéo dài thời gian lưu trú nếu kích cầu đúng phân khúc.,"Vấn đề -> Hành động -> KPI thay đổi -> Hiệu quả kinh tế: giảm áp lực tại điểm nóng, tăng chi tiêu ăn uống/vận tải/lưu trú/vé ở vùng phụ và giảm chi phí xã hội do kẹt xe/quá tải.",Điểm áp lực; điểm điều phối; điểm hạ tầng; cơ hội kinh tế; doanh thu ăn uống/vé/lưu trú; phản hồi du khách,36.08,53.2,36.0,40.25,Thấp,mixed_proxy_thieu_du_lieu,43.75,20/05/2026 22:18
Hà Tiên,còn dư địa hoặc cần theo dõi,"Tạo voucher giờ thấp điểm, menu combo địa phương và điểm bán vệ tinh",Nhà hàng/OCOP,thấp-trung bình,Tăng doanh thu mùa thấp điểm và kéo dài thời gian lưu trú nếu kích cầu đúng phân khúc.,"Vấn đề -> Hành động -> KPI thay đổi -> Hiệu quả kinh tế: giảm áp lực tại điểm nóng, tăng chi tiêu ăn uống/vận tải/lưu trú/vé ở vùng phụ và giảm chi phí xã hội do kẹt xe/quá tải.",Điểm áp lực; điểm điều phối; điểm hạ tầng; cơ hội kinh tế; doanh thu ăn uống/vé/lưu trú; phản hồi du khách,35.02,54.6,36.0,40.1,Thấp,mixed_proxy_thieu_du_lieu,43.75,20/05/2026 22:18
Hà Tiên,còn dư địa hoặc cần theo dõi,Tăng shuttle từ bãi đỗ vệ tinh và tuyến thay thế khi điểm áp lực tăng,Vận tải/shuttle,trung bình,Tăng doanh thu mùa thấp điểm và kéo dài thời gian lưu trú nếu kích cầu đúng phân khúc.,"Vấn đề -> Hành động -> KPI thay đổi -> Hiệu quả kinh tế: giảm áp lực tại điểm nóng, tăng chi tiêu ăn uống/vận tải/lưu trú/vé ở vùng phụ và giảm chi phí xã hội do kẹt xe/quá tải.",Điểm áp lực; điểm điều phối; điểm hạ tầng; cơ hội kinh tế; doanh thu ăn uống/vé/lưu trú; phản hồi du khách,37.12,48.3,36.0,39.69,Thấp,mixed_proxy_thieu_du_lieu,43.75,20/05/2026 22:18
Cô Tô,còn dư địa hoặc cần theo dõi,"Điều chỉnh truyền thông, kích cầu điểm phụ, công bố cảnh báo trên dashboard/app",Chính quyền,cao,Tăng doanh thu mùa thấp điểm và kéo dài thời gian lưu trú nếu kích cầu đúng phân khúc.,"Vấn đề -> Hành động -> KPI thay đổi -> Hiệu quả kinh tế: giảm áp lực tại điểm nóng, tăng chi tiêu ăn uống/vận tải/lưu trú/vé ở vùng phụ và giảm chi phí xã hội do kẹt xe/quá tải.",Điểm áp lực; điểm điều phối; điểm hạ tầng; cơ hội kinh tế; doanh thu ăn uống/vé/lưu trú; phản hồi du khách,36.23,51.8,36.0,40.02,Thấp,mixed_proxy_thieu_du_lieu,43.75,20/05/2026 22:18
Cô Tô,còn dư địa hoặc cần theo dõi,"Phân luồng tại tuyến ven biển, đặt biển báo, tăng lực lượng ở nút vào bãi biển/POI",Công an/giao thông,trung bình,Tăng doanh thu mùa thấp điểm và kéo dài thời gian lưu trú nếu kích cầu đúng phân khúc.,"Vấn đề -> Hành động -> KPI thay đổi -> Hiệu quả kinh tế: giảm áp lực tại điểm nóng, tăng chi tiêu ăn uống/vận tải/lưu trú/vé ở vùng phụ và giảm chi phí xã hội do kẹt xe/quá tải.",Điểm áp lực; điểm điều phối; điểm hạ tầng; cơ hội kinh tế; doanh thu ăn uống/vé/lưu trú; phản hồi du khách,37.42,46.2,36.0,39.38,Thấp,mixed_proxy_thieu_du_lieu,43.75,20/05/2026 22:18
Cô Tô,còn dư địa hoặc cần theo dõi,"Bán gói liên vùng, chuyển tour sang khung giờ thấp điểm hoặc điểm còn dư địa",Doanh nghiệp du lịch,thấp-trung bình,Tăng doanh thu mùa thấp điểm và kéo dài thời gian lưu trú nếu kích cầu đúng phân khúc.,"Vấn đề -> Hành động -> KPI thay đổi -> Hiệu quả kinh tế: giảm áp lực tại điểm nóng, tăng chi tiêu ăn uống/vận tải/lưu trú/vé ở vùng phụ và giảm chi phí xã hội do kẹt xe/quá tải.",Điểm áp lực; điểm điều phối; điểm hạ tầng; cơ hội kinh tế; doanh thu ăn uống/vé/lưu trú; phản hồi du khách,36.52,52.5,36.0,40.28,Thấp,mixed_proxy_thieu_du_lieu,43.75,20/05/2026 22:18
Cô Tô,còn dư địa hoặc cần theo dõi,"Tạo combo lưu trú dài hơn, voucher ăn uống địa phương và điều tiết giá theo trải nghiệm",Khách sạn,thấp-trung bình,Tăng doanh thu mùa thấp điểm và kéo dài thời gian lưu trú nếu kích cầu đúng phân khúc.,"Vấn đề -> Hành động -> KPI thay đổi -> Hiệu quả kinh tế: giảm áp lực tại điểm nóng, tăng chi tiêu ăn uống/vận tải/lưu trú/vé ở vùng phụ và giảm chi phí xã hội do kẹt xe/quá tải.",Điểm áp lực; điểm điều phối; điểm hạ tầng; cơ hội kinh tế; doanh thu ăn uống/vé/lưu trú; phản hồi du khách,35.62,53.9,36.0,40.2,Thấp,mixed_proxy_thieu_du_lieu,43.75,20/05/2026 22:18
Cô Tô,còn dư địa hoặc cần theo dõi,"Chia vé theo khung giờ, tăng nhân sự soát vé, đẩy QR/e-ticket",Khu vui chơi,thấp-trung bình,Tăng doanh thu mùa thấp điểm và kéo dài thời gian lưu trú nếu kích cầu đúng phân khúc.,"Vấn đề -> Hành động -> KPI thay đổi -> Hiệu quả kinh tế: giảm áp lực tại điểm nóng, tăng chi tiêu ăn uống/vận tải/lưu trú/vé ở vùng phụ và giảm chi phí xã hội do kẹt xe/quá tải.",Điểm áp lực; điểm điều phối; điểm hạ tầng; cơ hội kinh tế; doanh thu ăn uống/vé/lưu trú; phản hồi du khách,36.08,53.2,36.0,40.25,Thấp,mixed_proxy_thieu_du_lieu,43.75,20/05/2026 22:18
Cô Tô,còn dư địa hoặc cần theo dõi,"Tạo voucher giờ thấp điểm, menu combo địa phương và điểm bán vệ tinh",Nhà hàng/OCOP,thấp-trung bình,Tăng doanh thu mùa thấp điểm và kéo dài thời gian lưu trú nếu kích cầu đúng phân khúc.,"Vấn đề -> Hành động -> KPI thay đổi -> Hiệu quả kinh tế: giảm áp lực tại điểm nóng, tăng chi tiêu ăn uống/vận tải/lưu trú/vé ở vùng phụ và giảm chi phí xã hội do kẹt xe/quá tải.",Điểm áp lực; điểm điều phối; điểm hạ tầng; cơ hội kinh tế; doanh thu ăn uống/vé/lưu trú; phản hồi du khách,35.02,54.6,36.0,40.1,Thấp,mixed_proxy_thieu_du_lieu,43.75,20/05/2026 22:18
Cô Tô,còn dư địa hoặc cần theo dõi,Tăng shuttle từ bãi đỗ vệ tinh và tuyến thay thế khi điểm áp lực tăng,Vận tải/shuttle,trung bình,Tăng doanh thu mùa thấp điểm và kéo dài thời gian lưu trú nếu kích cầu đúng phân khúc.,"Vấn đề -> Hành động -> KPI thay đổi -> Hiệu quả kinh tế: giảm áp lực tại điểm nóng, tăng chi tiêu ăn uống/vận tải/lưu trú/vé ở vùng phụ và giảm chi phí xã hội do kẹt xe/quá tải.",Điểm áp lực; điểm điều phối; điểm hạ tầng; cơ hội kinh tế; doanh thu ăn uống/vé/lưu trú; phản hồi du khách,37.12,48.3,36.0,39.69,Thấp,mixed_proxy_thieu_du_lieu,43.75,20/05/2026 22:18
Trà Cổ,còn dư địa hoặc cần theo dõi,"Điều chỉnh truyền thông, kích cầu điểm phụ, công bố cảnh báo trên dashboard/app",Chính quyền,cao,Tăng doanh thu mùa thấp điểm và kéo dài thời gian lưu trú nếu kích cầu đúng phân khúc.,"Vấn đề -> Hành động -> KPI thay đổi -> Hiệu quả kinh tế: giảm áp lực tại điểm nóng, tăng chi tiêu ăn uống/vận tải/lưu trú/vé ở vùng phụ và giảm chi phí xã hội do kẹt xe/quá tải.",Điểm áp lực; điểm điều phối; điểm hạ tầng; cơ hội kinh tế; doanh thu ăn uống/vé/lưu trú; phản hồi du khách,36.23,51.8,36.0,40.02,Thấp,mixed_proxy_thieu_du_lieu,43.75,20/05/2026 22:18
Trà Cổ,còn dư địa hoặc cần theo dõi,"Phân luồng tại tuyến ven biển, đặt biển báo, tăng lực lượng ở nút vào bãi biển/POI",Công an/giao thông,trung bình,Tăng doanh thu mùa thấp điểm và kéo dài thời gian lưu trú nếu kích cầu đúng phân khúc.,"Vấn đề -> Hành động -> KPI thay đổi -> Hiệu quả kinh tế: giảm áp lực tại điểm nóng, tăng chi tiêu ăn uống/vận tải/lưu trú/vé ở vùng phụ và giảm chi phí xã hội do kẹt xe/quá tải.",Điểm áp lực; điểm điều phối; điểm hạ tầng; cơ hội kinh tế; doanh thu ăn uống/vé/lưu trú; phản hồi du khách,37.42,46.2,36.0,39.38,Thấp,mixed_proxy_thieu_du_lieu,43.75,20/05/2026 22:18
Trà Cổ,còn dư địa hoặc cần theo dõi,"Bán gói liên vùng, chuyển tour sang khung giờ thấp điểm hoặc điểm còn dư địa",Doanh nghiệp du lịch,thấp-trung bình,Tăng doanh thu mùa thấp điểm và kéo dài thời gian lưu trú nếu kích cầu đúng phân khúc.,"Vấn đề -> Hành động -> KPI thay đổi -> Hiệu quả kinh tế: giảm áp lực tại điểm nóng, tăng chi tiêu ăn uống/vận tải/lưu trú/vé ở vùng phụ và giảm chi phí xã hội do kẹt xe/quá tải.",Điểm áp lực; điểm điều phối; điểm hạ tầng; cơ hội kinh tế; doanh thu ăn uống/vé/lưu trú; phản hồi du khách,36.52,52.5,36.0,40.28,Thấp,mixed_proxy_thieu_du_lieu,43.75,20/05/2026 22:18
Trà Cổ,còn dư địa hoặc cần theo dõi,"Tạo combo lưu trú dài hơn, voucher ăn uống địa phương và điều tiết giá theo trải nghiệm",Khách sạn,thấp-trung bình,Tăng doanh thu mùa thấp điểm và kéo dài thời gian lưu trú nếu kích cầu đúng phân khúc.,"Vấn đề -> Hành động -> KPI thay đổi -> Hiệu quả kinh tế: giảm áp lực tại điểm nóng, tăng chi tiêu ăn uống/vận tải/lưu trú/vé ở vùng phụ và giảm chi phí xã hội do kẹt xe/quá tải.",Điểm áp lực; điểm điều phối; điểm hạ tầng; cơ hội kinh tế; doanh thu ăn uống/vé/lưu trú; phản hồi du khách,35.62,53.9,36.0,40.2,Thấp,mixed_proxy_thieu_du_lieu,43.75,20/05/2026 22:18
Trà Cổ,còn dư địa hoặc cần theo dõi,"Chia vé theo khung giờ, tăng nhân sự soát vé, đẩy QR/e-ticket",Khu vui chơi,thấp-trung bình,Tăng doanh thu mùa thấp điểm và kéo dài thời gian lưu trú nếu kích cầu đúng phân khúc.,"Vấn đề -> Hành động -> KPI thay đổi -> Hiệu quả kinh tế: giảm áp lực tại điểm nóng, tăng chi tiêu ăn uống/vận tải/lưu trú/vé ở vùng phụ và giảm chi phí xã hội do kẹt xe/quá tải.",Điểm áp lực; điểm điều phối; điểm hạ tầng; cơ hội kinh tế; doanh thu ăn uống/vé/lưu trú; phản hồi du khách,36.08,53.2,36.0,40.25,Thấp,mixed_proxy_thieu_du_lieu,43.75,20/05/2026 22:18
Trà Cổ,còn dư địa hoặc cần theo dõi,"Tạo voucher giờ thấp điểm, menu combo địa phương và điểm bán vệ tinh",Nhà hàng/OCOP,thấp-trung bình,Tăng doanh thu mùa thấp điểm và kéo dài thời gian lưu trú nếu kích cầu đúng phân khúc.,"Vấn đề -> Hành động -> KPI thay đổi -> Hiệu quả kinh tế: giảm áp lực tại điểm nóng, tăng chi tiêu ăn uống/vận tải/lưu trú/vé ở vùng phụ và giảm chi phí xã hội do kẹt xe/quá tải.",Điểm áp lực; điểm điều phối; điểm hạ tầng; cơ hội kinh tế; doanh thu ăn uống/vé/lưu trú; phản hồi du khách,35.02,54.6,36.0,40.1,Thấp,mixed_proxy_thieu_du_lieu,43.75,20/05/2026 22:18
Trà Cổ,còn dư địa hoặc cần theo dõi,Tăng shuttle từ bãi đỗ vệ tinh và tuyến thay thế khi điểm áp lực tăng,Vận tải/shuttle,trung bình,Tăng doanh thu mùa thấp điểm và kéo dài thời gian lưu trú nếu kích cầu đúng phân khúc.,"Vấn đề -> Hành động -> KPI thay đổi -> Hiệu quả kinh tế: giảm áp lực tại điểm nóng, tăng chi tiêu ăn uống/vận tải/lưu trú/vé ở vùng phụ và giảm chi phí xã hội do kẹt xe/quá tải.",Điểm áp lực; điểm điều phối; điểm hạ tầng; cơ hội kinh tế; doanh thu ăn uống/vé/lưu trú; phản hồi du khách,37.12,48.3,36.0,39.69,Thấp,mixed_proxy_thieu_du_lieu,43.75,20/05/2026 22:18
Hồ Tràm,còn dư địa hoặc cần theo dõi,"Điều chỉnh truyền thông, kích cầu điểm phụ, công bố cảnh báo trên dashboard/app",Chính quyền,cao,Tăng doanh thu mùa thấp điểm và kéo dài thời gian lưu trú nếu kích cầu đúng phân khúc.,"Vấn đề -> Hành động -> KPI thay đổi -> Hiệu quả kinh tế: giảm áp lực tại điểm nóng, tăng chi tiêu ăn uống/vận tải/lưu trú/vé ở vùng phụ và giảm chi phí xã hội do kẹt xe/quá tải.",Điểm áp lực; điểm điều phối; điểm hạ tầng; cơ hội kinh tế; doanh thu ăn uống/vé/lưu trú; phản hồi du khách,36.23,51.8,36.0,40.02,Thấp,mixed_proxy_thieu_du_lieu,43.75,20/05/2026 22:18
Hồ Tràm,còn dư địa hoặc cần theo dõi,"Phân luồng tại tuyến ven biển, đặt biển báo, tăng lực lượng ở nút vào bãi biển/POI",Công an/giao thông,trung bình,Tăng doanh thu mùa thấp điểm và kéo dài thời gian lưu trú nếu kích cầu đúng phân khúc.,"Vấn đề -> Hành động -> KPI thay đổi -> Hiệu quả kinh tế: giảm áp lực tại điểm nóng, tăng chi tiêu ăn uống/vận tải/lưu trú/vé ở vùng phụ và giảm chi phí xã hội do kẹt xe/quá tải.",Điểm áp lực; điểm điều phối; điểm hạ tầng; cơ hội kinh tế; doanh thu ăn uống/vé/lưu trú; phản hồi du khách,37.42,46.2,36.0,39.38,Thấp,mixed_proxy_thieu_du_lieu,43.75,20/05/2026 22:18
Hồ Tràm,còn dư địa hoặc cần theo dõi,"Bán gói liên vùng, chuyển tour sang khung giờ thấp điểm hoặc điểm còn dư địa",Doanh nghiệp du lịch,thấp-trung bình,Tăng doanh thu mùa thấp điểm và kéo dài thời gian lưu trú nếu kích cầu đúng phân khúc.,"Vấn đề -> Hành động -> KPI thay đổi -> Hiệu quả kinh tế: giảm áp lực tại điểm nóng, tăng chi tiêu ăn uống/vận tải/lưu trú/vé ở vùng phụ và giảm chi phí xã hội do kẹt xe/quá tải.",Điểm áp lực; điểm điều phối; điểm hạ tầng; cơ hội kinh tế; doanh thu ăn uống/vé/lưu trú; phản hồi du khách,36.52,52.5,36.0,40.28,Thấp,mixed_proxy_thieu_du_lieu,43.75,20/05/2026 22:18
Hồ Tràm,còn dư địa hoặc cần theo dõi,"Tạo combo lưu trú dài hơn, voucher ăn uống địa phương và điều tiết giá theo trải nghiệm",Khách sạn,thấp-trung bình,Tăng doanh thu mùa thấp điểm và kéo dài thời gian lưu trú nếu kích cầu đúng phân khúc.,"Vấn đề -> Hành động -> KPI thay đổi -> Hiệu quả kinh tế: giảm áp lực tại điểm nóng, tăng chi tiêu ăn uống/vận tải/lưu trú/vé ở vùng phụ và giảm chi phí xã hội do kẹt xe/quá tải.",Điểm áp lực; điểm điều phối; điểm hạ tầng; cơ hội kinh tế; doanh thu ăn uống/vé/lưu trú; phản hồi du khách,35.62,53.9,36.0,40.2,Thấp,mixed_proxy_thieu_du_lieu,43.75,20/05/2026 22:18
Hồ Tràm,còn dư địa hoặc cần theo dõi,"Chia vé theo khung giờ, tăng nhân sự soát vé, đẩy QR/e-ticket",Khu vui chơi,thấp-trung bình,Tăng doanh thu mùa thấp điểm và kéo dài thời gian lưu trú nếu kích cầu đúng phân khúc.,"Vấn đề -> Hành động -> KPI thay đổi -> Hiệu quả kinh tế: giảm áp lực tại điểm nóng, tăng chi tiêu ăn uống/vận tải/lưu trú/vé ở vùng phụ và giảm chi phí xã hội do kẹt xe/quá tải.",Điểm áp lực; điểm điều phối; điểm hạ tầng; cơ hội kinh tế; doanh thu ăn uống/vé/lưu trú; phản hồi du khách,36.08,53.2,36.0,40.25,Thấp,mixed_proxy_thieu_du_lieu,43.75,20/05/2026 22:18
Hồ Tràm,còn dư địa hoặc cần theo dõi,"Tạo voucher giờ thấp điểm, menu combo địa phương và điểm bán vệ tinh",Nhà hàng/OCOP,thấp-trung bình,Tăng doanh thu mùa thấp điểm và kéo dài thời gian lưu trú nếu kích cầu đúng phân khúc.,"Vấn đề -> Hành động -> KPI thay đổi -> Hiệu quả kinh tế: giảm áp lực tại điểm nóng, tăng chi tiêu ăn uống/vận tải/lưu trú/vé ở vùng phụ và giảm chi phí xã hội do kẹt xe/quá tải.",Điểm áp lực; điểm điều phối; điểm hạ tầng; cơ hội kinh tế; doanh thu ăn uống/vé/lưu trú; phản hồi du khách,35.02,54.6,36.0,40.1,Thấp,mixed_proxy_thieu_du_lieu,43.75,20/05/2026 22:18
Hồ Tràm,còn dư địa hoặc cần theo dõi,Tăng shuttle từ bãi đỗ vệ tinh và tuyến thay thế khi điểm áp lực tăng,Vận tải/shuttle,trung bình,Tăng doanh thu mùa thấp điểm và kéo dài thời gian lưu trú nếu kích cầu đúng phân khúc.,"Vấn đề -> Hành động -> KPI thay đổi -> Hiệu quả kinh tế: giảm áp lực tại điểm nóng, tăng chi tiêu ăn uống/vận tải/lưu trú/vé ở vùng phụ và giảm chi phí xã hội do kẹt xe/quá tải.",Điểm áp lực; điểm điều phối; điểm hạ tầng; cơ hội kinh tế; doanh thu ăn uống/vé/lưu trú; phản hồi du khách,37.12,48.3,36.0,39.69,Thấp,mixed_proxy_thieu_du_lieu,43.75,20/05/2026 22:18
Cần Giờ,còn dư địa hoặc cần theo dõi,"Điều chỉnh truyền thông, kích cầu điểm phụ, công bố cảnh báo trên dashboard/app",Chính quyền,cao,Tăng doanh thu mùa thấp điểm và kéo dài thời gian lưu trú nếu kích cầu đúng phân khúc.,"Vấn đề -> Hành động -> KPI thay đổi -> Hiệu quả kinh tế: giảm áp lực tại điểm nóng, tăng chi tiêu ăn uống/vận tải/lưu trú/vé ở vùng phụ và giảm chi phí xã hội do kẹt xe/quá tải.",Điểm áp lực; điểm điều phối; điểm hạ tầng; cơ hội kinh tế; doanh thu ăn uống/vé/lưu trú; phản hồi du khách,36.23,51.8,36.0,40.02,Thấp,mixed_proxy_thieu_du_lieu,43.75,20/05/2026 22:18
Cần Giờ,còn dư địa hoặc cần theo dõi,"Phân luồng tại tuyến ven biển, đặt biển báo, tăng lực lượng ở nút vào bãi biển/POI",Công an/giao thông,trung bình,Tăng doanh thu mùa thấp điểm và kéo dài thời gian lưu trú nếu kích cầu đúng phân khúc.,"Vấn đề -> Hành động -> KPI thay đổi -> Hiệu quả kinh tế: giảm áp lực tại điểm nóng, tăng chi tiêu ăn uống/vận tải/lưu trú/vé ở vùng phụ và giảm chi phí xã hội do kẹt xe/quá tải.",Điểm áp lực; điểm điều phối; điểm hạ tầng; cơ hội kinh tế; doanh thu ăn uống/vé/lưu trú; phản hồi du khách,37.42,46.2,36.0,39.38,Thấp,mixed_proxy_thieu_du_lieu,43.75,20/05/2026 22:18
Cần Giờ,còn dư địa hoặc cần theo dõi,"Bán gói liên vùng, chuyển tour sang khung giờ thấp điểm hoặc điểm còn dư địa",Doanh nghiệp du lịch,thấp-trung bình,Tăng doanh thu mùa thấp điểm và kéo dài thời gian lưu trú nếu kích cầu đúng phân khúc.,"Vấn đề -> Hành động -> KPI thay đổi -> Hiệu quả kinh tế: giảm áp lực tại điểm nóng, tăng chi tiêu ăn uống/vận tải/lưu trú/vé ở vùng phụ và giảm chi phí xã hội do kẹt xe/quá tải.",Điểm áp lực; điểm điều phối; điểm hạ tầng; cơ hội kinh tế; doanh thu ăn uống/vé/lưu trú; phản hồi du khách,36.52,52.5,36.0,40.28,Thấp,mixed_proxy_thieu_du_lieu,43.75,20/05/2026 22:18
Cần Giờ,còn dư địa hoặc cần theo dõi,"Tạo combo lưu trú dài hơn, voucher ăn uống địa phương và điều tiết giá theo trải nghiệm",Khách sạn,thấp-trung bình,Tăng doanh thu mùa thấp điểm và kéo dài thời gian lưu trú nếu kích cầu đúng phân khúc.,"Vấn đề -> Hành động -> KPI thay đổi -> Hiệu quả kinh tế: giảm áp lực tại điểm nóng, tăng chi tiêu ăn uống/vận tải/lưu trú/vé ở vùng phụ và giảm chi phí xã hội do kẹt xe/quá tải.",Điểm áp lực; điểm điều phối; điểm hạ tầng; cơ hội kinh tế; doanh thu ăn uống/vé/lưu trú; phản hồi du khách,35.62,53.9,36.0,40.2,Thấp,mixed_proxy_thieu_du_lieu,43.75,20/05/2026 22:18
Cần Giờ,còn dư địa hoặc cần theo dõi,"Chia vé theo khung giờ, tăng nhân sự soát vé, đẩy QR/e-ticket",Khu vui chơi,thấp-trung bình,Tăng doanh thu mùa thấp điểm và kéo dài thời gian lưu trú nếu kích cầu đúng phân khúc.,"Vấn đề -> Hành động -> KPI thay đổi -> Hiệu quả kinh tế: giảm áp lực tại điểm nóng, tăng chi tiêu ăn uống/vận tải/lưu trú/vé ở vùng phụ và giảm chi phí xã hội do kẹt xe/quá tải.",Điểm áp lực; điểm điều phối; điểm hạ tầng; cơ hội kinh tế; doanh thu ăn uống/vé/lưu trú; phản hồi du khách,36.08,53.2,36.0,40.25,Thấp,mixed_proxy_thieu_du_lieu,43.75,20/05/2026 22:18
Cần Giờ,còn dư địa hoặc cần theo dõi,"Tạo voucher giờ thấp điểm, menu combo địa phương và điểm bán vệ tinh",Nhà hàng/OCOP,thấp-trung bình,Tăng doanh thu mùa thấp điểm và kéo dài thời gian lưu trú nếu kích cầu đúng phân khúc.,"Vấn đề -> Hành động -> KPI thay đổi -> Hiệu quả kinh tế: giảm áp lực tại điểm nóng, tăng chi tiêu ăn uống/vận tải/lưu trú/vé ở vùng phụ và giảm chi phí xã hội do kẹt xe/quá tải.",Điểm áp lực; điểm điều phối; điểm hạ tầng; cơ hội kinh tế; doanh thu ăn uống/vé/lưu trú; phản hồi du khách,35.02,54.6,36.0,40.1,Thấp,mixed_proxy_thieu_du_lieu,43.75,20/05/2026 22:18
Cần Giờ,còn dư địa hoặc cần theo dõi,Tăng shuttle từ bãi đỗ vệ tinh và tuyến thay thế khi điểm áp lực tăng,Vận tải/shuttle,trung bình,Tăng doanh thu mùa thấp điểm và kéo dài thời gian lưu trú nếu kích cầu đúng phân khúc.,"Vấn đề -> Hành động -> KPI thay đổi -> Hiệu quả kinh tế: giảm áp lực tại điểm nóng, tăng chi tiêu ăn uống/vận tải/lưu trú/vé ở vùng phụ và giảm chi phí xã hội do kẹt xe/quá tải.",Điểm áp lực; điểm điều phối; điểm hạ tầng; cơ hội kinh tế; doanh thu ăn uống/vé/lưu trú; phản hồi du khách,37.12,48.3,36.0,39.69,Thấp,mixed_proxy_thieu_du_lieu,43.75,20/05/2026 22:18
Hòn Sơn,còn dư địa hoặc cần theo dõi,"Điều chỉnh truyền thông, kích cầu điểm phụ, công bố cảnh báo trên dashboard/app",Chính quyền,cao,Tăng doanh thu mùa thấp điểm và kéo dài thời gian lưu trú nếu kích cầu đúng phân khúc.,"Vấn đề -> Hành động -> KPI thay đổi -> Hiệu quả kinh tế: giảm áp lực tại điểm nóng, tăng chi tiêu ăn uống/vận tải/lưu trú/vé ở vùng phụ và giảm chi phí xã hội do kẹt xe/quá tải.",Điểm áp lực; điểm điều phối; điểm hạ tầng; cơ hội kinh tế; doanh thu ăn uống/vé/lưu trú; phản hồi du khách,36.23,51.8,36.0,40.02,Thấp,mixed_proxy_thieu_du_lieu,43.75,20/05/2026 22:18
Hòn Sơn,còn dư địa hoặc cần theo dõi,"Phân luồng tại tuyến ven biển, đặt biển báo, tăng lực lượng ở nút vào bãi biển/POI",Công an/giao thông,trung bình,Tăng doanh thu mùa thấp điểm và kéo dài thời gian lưu trú nếu kích cầu đúng phân khúc.,"Vấn đề -> Hành động -> KPI thay đổi -> Hiệu quả kinh tế: giảm áp lực tại điểm nóng, tăng chi tiêu ăn uống/vận tải/lưu trú/vé ở vùng phụ và giảm chi phí xã hội do kẹt xe/quá tải.",Điểm áp lực; điểm điều phối; điểm hạ tầng; cơ hội kinh tế; doanh thu ăn uống/vé/lưu trú; phản hồi du khách,37.42,46.2,36.0,39.38,Thấp,mixed_proxy_thieu_du_lieu,43.75,20/05/2026 22:18
Hòn Sơn,còn dư địa hoặc cần theo dõi,"Bán gói liên vùng, chuyển tour sang khung giờ thấp điểm hoặc điểm còn dư địa",Doanh nghiệp du lịch,thấp-trung bình,Tăng doanh thu mùa thấp điểm và kéo dài thời gian lưu trú nếu kích cầu đúng phân khúc.,"Vấn đề -> Hành động -> KPI thay đổi -> Hiệu quả kinh tế: giảm áp lực tại điểm nóng, tăng chi tiêu ăn uống/vận tải/lưu trú/vé ở vùng phụ và giảm chi phí xã hội do kẹt xe/quá tải.",Điểm áp lực; điểm điều phối; điểm hạ tầng; cơ hội kinh tế; doanh thu ăn uống/vé/lưu trú; phản hồi du khách,36.52,52.5,36.0,40.28,Thấp,mixed_proxy_thieu_du_lieu,43.75,20/05/2026 22:18
Hòn Sơn,còn dư địa hoặc cần theo dõi,"Tạo combo lưu trú dài hơn, voucher ăn uống địa phương và điều tiết giá theo trải nghiệm",Khách sạn,thấp-trung bình,Tăng doanh thu mùa thấp điểm và kéo dài thời gian lưu trú nếu kích cầu đúng phân khúc.,"Vấn đề -> Hành động -> KPI thay đổi -> Hiệu quả kinh tế: giảm áp lực tại điểm nóng, tăng chi tiêu ăn uống/vận tải/lưu trú/vé ở vùng phụ và giảm chi phí xã hội do kẹt xe/quá tải.",Điểm áp lực; điểm điều phối; điểm hạ tầng; cơ hội kinh tế; doanh thu ăn uống/vé/lưu trú; phản hồi du khách,35.62,53.9,36.0,40.2,Thấp,mixed_proxy_thieu_du_lieu,43.75,20/05/2026 22:18
Hòn Sơn,còn dư địa hoặc cần theo dõi,"Chia vé theo khung giờ, tăng nhân sự soát vé, đẩy QR/e-ticket",Khu vui chơi,thấp-trung bình,Tăng doanh thu mùa thấp điểm và kéo dài thời gian lưu trú nếu kích cầu đúng phân khúc.,"Vấn đề -> Hành động -> KPI thay đổi -> Hiệu quả kinh tế: giảm áp lực tại điểm nóng, tăng chi tiêu ăn uống/vận tải/lưu trú/vé ở vùng phụ và giảm chi phí xã hội do kẹt xe/quá tải.",Điểm áp lực; điểm điều phối; điểm hạ tầng; cơ hội kinh tế; doanh thu ăn uống/vé/lưu trú; phản hồi du khách,36.08,53.2,36.0,40.25,Thấp,mixed_proxy_thieu_du_lieu,43.75,20/05/2026 22:18
Hòn Sơn,còn dư địa hoặc cần theo dõi,"Tạo voucher giờ thấp điểm, menu combo địa phương và điểm bán vệ tinh",Nhà hàng/OCOP,thấp-trung bình,Tăng doanh thu mùa thấp điểm và kéo dài thời gian lưu trú nếu kích cầu đúng phân khúc.,"Vấn đề -> Hành động -> KPI thay đổi -> Hiệu quả kinh tế: giảm áp lực tại điểm nóng, tăng chi tiêu ăn uống/vận tải/lưu trú/vé ở vùng phụ và giảm chi phí xã hội do kẹt xe/quá tải.",Điểm áp lực; điểm điều phối; điểm hạ tầng; cơ hội kinh tế; doanh thu ăn uống/vé/lưu trú; phản hồi du khách,35.02,54.6,36.0,40.1,Thấp,mixed_proxy_thieu_du_lieu,43.75,20/05/2026 22:18
Hòn Sơn,còn dư địa hoặc cần theo dõi,Tăng shuttle từ bãi đỗ vệ tinh và tuyến thay thế khi điểm áp lực tăng,Vận tải/shuttle,trung bình,Tăng doanh thu mùa thấp điểm và kéo dài thời gian lưu trú nếu kích cầu đúng phân khúc.,"Vấn đề -> Hành động -> KPI thay đổi -> Hiệu quả kinh tế: giảm áp lực tại điểm nóng, tăng chi tiêu ăn uống/vận tải/lưu trú/vé ở vùng phụ và giảm chi phí xã hội do kẹt xe/quá tải.",Điểm áp lực; điểm điều phối; điểm hạ tầng; cơ hội kinh tế; doanh thu ăn uống/vé/lưu trú; phản hồi du khách,37.12,48.3,36.0,39.69,Thấp,mixed_proxy_thieu_du_lieu,43.75,20/05/2026 22:18
Nam Du,còn dư địa hoặc cần theo dõi,"Điều chỉnh truyền thông, kích cầu điểm phụ, công bố cảnh báo trên dashboard/app",Chính quyền,cao,Tăng doanh thu mùa thấp điểm và kéo dài thời gian lưu trú nếu kích cầu đúng phân khúc.,"Vấn đề -> Hành động -> KPI thay đổi -> Hiệu quả kinh tế: giảm áp lực tại điểm nóng, tăng chi tiêu ăn uống/vận tải/lưu trú/vé ở vùng phụ và giảm chi phí xã hội do kẹt xe/quá tải.",Điểm áp lực; điểm điều phối; điểm hạ tầng; cơ hội kinh tế; doanh thu ăn uống/vé/lưu trú; phản hồi du khách,36.23,51.8,36.0,40.02,Thấp,mixed_proxy_thieu_du_lieu,43.75,20/05/2026 22:18
Nam Du,còn dư địa hoặc cần theo dõi,"Phân luồng tại tuyến ven biển, đặt biển báo, tăng lực lượng ở nút vào bãi biển/POI",Công an/giao thông,trung bình,Tăng doanh thu mùa thấp điểm và kéo dài thời gian lưu trú nếu kích cầu đúng phân khúc.,"Vấn đề -> Hành động -> KPI thay đổi -> Hiệu quả kinh tế: giảm áp lực tại điểm nóng, tăng chi tiêu ăn uống/vận tải/lưu trú/vé ở vùng phụ và giảm chi phí xã hội do kẹt xe/quá tải.",Điểm áp lực; điểm điều phối; điểm hạ tầng; cơ hội kinh tế; doanh thu ăn uống/vé/lưu trú; phản hồi du khách,37.42,46.2,36.0,39.38,Thấp,mixed_proxy_thieu_du_lieu,43.75,20/05/2026 22:18
Nam Du,còn dư địa hoặc cần theo dõi,"Bán gói liên vùng, chuyển tour sang khung giờ thấp điểm hoặc điểm còn dư địa",Doanh nghiệp du lịch,thấp-trung bình,Tăng doanh thu mùa thấp điểm và kéo dài thời gian lưu trú nếu kích cầu đúng phân khúc.,"Vấn đề -> Hành động -> KPI thay đổi -> Hiệu quả kinh tế: giảm áp lực tại điểm nóng, tăng chi tiêu ăn uống/vận tải/lưu trú/vé ở vùng phụ và giảm chi phí xã hội do kẹt xe/quá tải.",Điểm áp lực; điểm điều phối; điểm hạ tầng; cơ hội kinh tế; doanh thu ăn uống/vé/lưu trú; phản hồi du khách,36.52,52.5,36.0,40.28,Thấp,mixed_proxy_thieu_du_lieu,43.75,20/05/2026 22:18
Nam Du,còn dư địa hoặc cần theo dõi,"Tạo combo lưu trú dài hơn, voucher ăn uống địa phương và điều tiết giá theo trải nghiệm",Khách sạn,thấp-trung bình,Tăng doanh thu mùa thấp điểm và kéo dài thời gian lưu trú nếu kích cầu đúng phân khúc.,"Vấn đề -> Hành động -> KPI thay đổi -> Hiệu quả kinh tế: giảm áp lực tại điểm nóng, tăng chi tiêu ăn uống/vận tải/lưu trú/vé ở vùng phụ và giảm chi phí xã hội do kẹt xe/quá tải.",Điểm áp lực; điểm điều phối; điểm hạ tầng; cơ hội kinh tế; doanh thu ăn uống/vé/lưu trú; phản hồi du khách,35.62,53.9,36.0,40.2,Thấp,mixed_proxy_thieu_du_lieu,43.75,20/05/2026 22:18
Nam Du,còn dư địa hoặc cần theo dõi,"Chia vé theo khung giờ, tăng nhân sự soát vé, đẩy QR/e-ticket",Khu vui chơi,thấp-trung bình,Tăng doanh thu mùa thấp điểm và kéo dài thời gian lưu trú nếu kích cầu đúng phân khúc.,"Vấn đề -> Hành động -> KPI thay đổi -> Hiệu quả kinh tế: giảm áp lực tại điểm nóng, tăng chi tiêu ăn uống/vận tải/lưu trú/vé ở vùng phụ và giảm chi phí xã hội do kẹt xe/quá tải.",Điểm áp lực; điểm điều phối; điểm hạ tầng; cơ hội kinh tế; doanh thu ăn uống/vé/lưu trú; phản hồi du khách,36.08,53.2,36.0,40.25,Thấp,mixed_proxy_thieu_du_lieu,43.75,20/05/2026 22:18
Nam Du,còn dư địa hoặc cần theo dõi,"Tạo voucher giờ thấp điểm, menu combo địa phương và điểm bán vệ tinh",Nhà hàng/OCOP,thấp-trung bình,Tăng doanh thu mùa thấp điểm và kéo dài thời gian lưu trú nếu kích cầu đúng phân khúc.,"Vấn đề -> Hành động -> KPI thay đổi -> Hiệu quả kinh tế: giảm áp lực tại điểm nóng, tăng chi tiêu ăn uống/vận tải/lưu trú/vé ở vùng phụ và giảm chi phí xã hội do kẹt xe/quá tải.",Điểm áp lực; điểm điều phối; điểm hạ tầng; cơ hội kinh tế; doanh thu ăn uống/vé/lưu trú; phản hồi du khách,35.02,54.6,36.0,40.1,Thấp,mixed_proxy_thieu_du_lieu,43.75,20/05/2026 22:18
Nam Du,còn dư địa hoặc cần theo dõi,Tăng shuttle từ bãi đỗ vệ tinh và tuyến thay thế khi điểm áp lực tăng,Vận tải/shuttle,trung bình,Tăng doanh thu mùa thấp điểm và kéo dài thời gian lưu trú nếu kích cầu đúng phân khúc.,"Vấn đề -> Hành động -> KPI thay đổi -> Hiệu quả kinh tế: giảm áp lực tại điểm nóng, tăng chi tiêu ăn uống/vận tải/lưu trú/vé ở vùng phụ và giảm chi phí xã hội do kẹt xe/quá tải.",Điểm áp lực; điểm điều phối; điểm hạ tầng; cơ hội kinh tế; doanh thu ăn uống/vé/lưu trú; phản hồi du khách,37.12,48.3,36.0,39.69,Thấp,mixed_proxy_thieu_du_lieu,43.75,20/05/2026 22:18
Bạc Liêu,còn dư địa hoặc cần theo dõi,"Điều chỉnh truyền thông, kích cầu điểm phụ, công bố cảnh báo trên dashboard/app",Chính quyền,cao,Tăng doanh thu mùa thấp điểm và kéo dài thời gian lưu trú nếu kích cầu đúng phân khúc.,"Vấn đề -> Hành động -> KPI thay đổi -> Hiệu quả kinh tế: giảm áp lực tại điểm nóng, tăng chi tiêu ăn uống/vận tải/lưu trú/vé ở vùng phụ và giảm chi phí xã hội do kẹt xe/quá tải.",Điểm áp lực; điểm điều phối; điểm hạ tầng; cơ hội kinh tế; doanh thu ăn uống/vé/lưu trú; phản hồi du khách,36.23,51.8,36.0,40.02,Thấp,mixed_proxy_thieu_du_lieu,43.75,20/05/2026 22:18
Bạc Liêu,còn dư địa hoặc cần theo dõi,"Phân luồng tại tuyến ven biển, đặt biển báo, tăng lực lượng ở nút vào bãi biển/POI",Công an/giao thông,trung bình,Tăng doanh thu mùa thấp điểm và kéo dài thời gian lưu trú nếu kích cầu đúng phân khúc.,"Vấn đề -> Hành động -> KPI thay đổi -> Hiệu quả kinh tế: giảm áp lực tại điểm nóng, tăng chi tiêu ăn uống/vận tải/lưu trú/vé ở vùng phụ và giảm chi phí xã hội do kẹt xe/quá tải.",Điểm áp lực; điểm điều phối; điểm hạ tầng; cơ hội kinh tế; doanh thu ăn uống/vé/lưu trú; phản hồi du khách,37.42,46.2,36.0,39.38,Thấp,mixed_proxy_thieu_du_lieu,43.75,20/05/2026 22:18
Bạc Liêu,còn dư địa hoặc cần theo dõi,"Bán gói liên vùng, chuyển tour sang khung giờ thấp điểm hoặc điểm còn dư địa",Doanh nghiệp du lịch,thấp-trung bình,Tăng doanh thu mùa thấp điểm và kéo dài thời gian lưu trú nếu kích cầu đúng phân khúc.,"Vấn đề -> Hành động -> KPI thay đổi -> Hiệu quả kinh tế: giảm áp lực tại điểm nóng, tăng chi tiêu ăn uống/vận tải/lưu trú/vé ở vùng phụ và giảm chi phí xã hội do kẹt xe/quá tải.",Điểm áp lực; điểm điều phối; điểm hạ tầng; cơ hội kinh tế; doanh thu ăn uống/vé/lưu trú; phản hồi du khách,36.52,52.5,36.0,40.28,Thấp,mixed_proxy_thieu_du_lieu,43.75,20/05/2026 22:18
Bạc Liêu,còn dư địa hoặc cần theo dõi,"Tạo combo lưu trú dài hơn, voucher ăn uống địa phương và điều tiết giá theo trải nghiệm",Khách sạn,thấp-trung bình,Tăng doanh thu mùa thấp điểm và kéo dài thời gian lưu trú nếu kích cầu đúng phân khúc.,"Vấn đề -> Hành động -> KPI thay đổi -> Hiệu quả kinh tế: giảm áp lực tại điểm nóng, tăng chi tiêu ăn uống/vận tải/lưu trú/vé ở vùng phụ và giảm chi phí xã hội do kẹt xe/quá tải.",Điểm áp lực; điểm điều phối; điểm hạ tầng; cơ hội kinh tế; doanh thu ăn uống/vé/lưu trú; phản hồi du khách,35.62,53.9,36.0,40.2,Thấp,mixed_proxy_thieu_du_lieu,43.75,20/05/2026 22:18
Bạc Liêu,còn dư địa hoặc cần theo dõi,"Chia vé theo khung giờ, tăng nhân sự soát vé, đẩy QR/e-ticket",Khu vui chơi,thấp-trung bình,Tăng doanh thu mùa thấp điểm và kéo dài thời gian lưu trú nếu kích cầu đúng phân khúc.,"Vấn đề -> Hành động -> KPI thay đổi -> Hiệu quả kinh tế: giảm áp lực tại điểm nóng, tăng chi tiêu ăn uống/vận tải/lưu trú/vé ở vùng phụ và giảm chi phí xã hội do kẹt xe/quá tải.",Điểm áp lực; điểm điều phối; điểm hạ tầng; cơ hội kinh tế; doanh thu ăn uống/vé/lưu trú; phản hồi du khách,36.08,53.2,36.0,40.25,Thấp,mixed_proxy_thieu_du_lieu,43.75,20/05/2026 22:18
Bạc Liêu,còn dư địa hoặc cần theo dõi,"Tạo voucher giờ thấp điểm, menu combo địa phương và điểm bán vệ tinh",Nhà hàng/OCOP,thấp-trung bình,Tăng doanh thu mùa thấp điểm và kéo dài thời gian lưu trú nếu kích cầu đúng phân khúc.,"Vấn đề -> Hành động -> KPI thay đổi -> Hiệu quả kinh tế: giảm áp lực tại điểm nóng, tăng chi tiêu ăn uống/vận tải/lưu trú/vé ở vùng phụ và giảm chi phí xã hội do kẹt xe/quá tải.",Điểm áp lực; điểm điều phối; điểm hạ tầng; cơ hội kinh tế; doanh thu ăn uống/vé/lưu trú; phản hồi du khách,35.02,54.6,36.0,40.1,Thấp,mixed_proxy_thieu_du_lieu,43.75,20/05/2026 22:18
Bạc Liêu,còn dư địa hoặc cần theo dõi,Tăng shuttle từ bãi đỗ vệ tinh và tuyến thay thế khi điểm áp lực tăng,Vận tải/shuttle,trung bình,Tăng doanh thu mùa thấp điểm và kéo dài thời gian lưu trú nếu kích cầu đúng phân khúc.,"Vấn đề -> Hành động -> KPI thay đổi -> Hiệu quả kinh tế: giảm áp lực tại điểm nóng, tăng chi tiêu ăn uống/vận tải/lưu trú/vé ở vùng phụ và giảm chi phí xã hội do kẹt xe/quá tải.",Điểm áp lực; điểm điều phối; điểm hạ tầng; cơ hội kinh tế; doanh thu ăn uống/vé/lưu trú; phản hồi du khách,37.12,48.3,36.0,39.69,Thấp,mixed_proxy_thieu_du_lieu,43.75,20/05/2026 22:18
Đất Mũi Cà Mau,còn dư địa hoặc cần theo dõi,"Điều chỉnh truyền thông, kích cầu điểm phụ, công bố cảnh báo trên dashboard/app",Chính quyền,cao,Tăng doanh thu mùa thấp điểm và kéo dài thời gian lưu trú nếu kích cầu đúng phân khúc.,"Vấn đề -> Hành động -> KPI thay đổi -> Hiệu quả kinh tế: giảm áp lực tại điểm nóng, tăng chi tiêu ăn uống/vận tải/lưu trú/vé ở vùng phụ và giảm chi phí xã hội do kẹt xe/quá tải.",Điểm áp lực; điểm điều phối; điểm hạ tầng; cơ hội kinh tế; doanh thu ăn uống/vé/lưu trú; phản hồi du khách,36.23,51.8,36.0,40.02,Thấp,mixed_proxy_thieu_du_lieu,43.75,20/05/2026 22:18
Đất Mũi Cà Mau,còn dư địa hoặc cần theo dõi,"Phân luồng tại tuyến ven biển, đặt biển báo, tăng lực lượng ở nút vào bãi biển/POI",Công an/giao thông,trung bình,Tăng doanh thu mùa thấp điểm và kéo dài thời gian lưu trú nếu kích cầu đúng phân khúc.,"Vấn đề -> Hành động -> KPI thay đổi -> Hiệu quả kinh tế: giảm áp lực tại điểm nóng, tăng chi tiêu ăn uống/vận tải/lưu trú/vé ở vùng phụ và giảm chi phí xã hội do kẹt xe/quá tải.",Điểm áp lực; điểm điều phối; điểm hạ tầng; cơ hội kinh tế; doanh thu ăn uống/vé/lưu trú; phản hồi du khách,37.42,46.2,36.0,39.38,Thấp,mixed_proxy_thieu_du_lieu,43.75,20/05/2026 22:18
Đất Mũi Cà Mau,còn dư địa hoặc cần theo dõi,"Bán gói liên vùng, chuyển tour sang khung giờ thấp điểm hoặc điểm còn dư địa",Doanh nghiệp du lịch,thấp-trung bình,Tăng doanh thu mùa thấp điểm và kéo dài thời gian lưu trú nếu kích cầu đúng phân khúc.,"Vấn đề -> Hành động -> KPI thay đổi -> Hiệu quả kinh tế: giảm áp lực tại điểm nóng, tăng chi tiêu ăn uống/vận tải/lưu trú/vé ở vùng phụ và giảm chi phí xã hội do kẹt xe/quá tải.",Điểm áp lực; điểm điều phối; điểm hạ tầng; cơ hội kinh tế; doanh thu ăn uống/vé/lưu trú; phản hồi du khách,36.52,52.5,36.0,40.28,Thấp,mixed_proxy_thieu_du_lieu,43.75,20/05/2026 22:18
Đất Mũi Cà Mau,còn dư địa hoặc cần theo dõi,"Tạo combo lưu trú dài hơn, voucher ăn uống địa phương và điều tiết giá theo trải nghiệm",Khách sạn,thấp-trung bình,Tăng doanh thu mùa thấp điểm và kéo dài thời gian lưu trú nếu kích cầu đúng phân khúc.,"Vấn đề -> Hành động -> KPI thay đổi -> Hiệu quả kinh tế: giảm áp lực tại điểm nóng, tăng chi tiêu ăn uống/vận tải/lưu trú/vé ở vùng phụ và giảm chi phí xã hội do kẹt xe/quá tải.",Điểm áp lực; điểm điều phối; điểm hạ tầng; cơ hội kinh tế; doanh thu ăn uống/vé/lưu trú; phản hồi du khách,35.62,53.9,36.0,40.2,Thấp,mixed_proxy_thieu_du_lieu,43.75,20/05/2026 22:18
Đất Mũi Cà Mau,còn dư địa hoặc cần theo dõi,"Chia vé theo khung giờ, tăng nhân sự soát vé, đẩy QR/e-ticket",Khu vui chơi,thấp-trung bình,Tăng doanh thu mùa thấp điểm và kéo dài thời gian lưu trú nếu kích cầu đúng phân khúc.,"Vấn đề -> Hành động -> KPI thay đổi -> Hiệu quả kinh tế: giảm áp lực tại điểm nóng, tăng chi tiêu ăn uống/vận tải/lưu trú/vé ở vùng phụ và giảm chi phí xã hội do kẹt xe/quá tải.",Điểm áp lực; điểm điều phối; điểm hạ tầng; cơ hội kinh tế; doanh thu ăn uống/vé/lưu trú; phản hồi du khách,36.08,53.2,36.0,40.25,Thấp,mixed_proxy_thieu_du_lieu,43.75,20/05/2026 22:18
Đất Mũi Cà Mau,còn dư địa hoặc cần theo dõi,"Tạo voucher giờ thấp điểm, menu combo địa phương và điểm bán vệ tinh",Nhà hàng/OCOP,thấp-trung bình,Tăng doanh thu mùa thấp điểm và kéo dài thời gian lưu trú nếu kích cầu đúng phân khúc.,"Vấn đề -> Hành động -> KPI thay đổi -> Hiệu quả kinh tế: giảm áp lực tại điểm nóng, tăng chi tiêu ăn uống/vận tải/lưu trú/vé ở vùng phụ và giảm chi phí xã hội do kẹt xe/quá tải.",Điểm áp lực; điểm điều phối; điểm hạ tầng; cơ hội kinh tế; doanh thu ăn uống/vé/lưu trú; phản hồi du khách,35.02,54.6,36.0,40.1,Thấp,mixed_proxy_thieu_du_lieu,43.75,20/05/2026 22:18
Đất Mũi Cà Mau,còn dư địa hoặc cần theo dõi,Tăng shuttle từ bãi đỗ vệ tinh và tuyến thay thế khi điểm áp lực tăng,Vận tải/shuttle,trung bình,Tăng doanh thu mùa thấp điểm và kéo dài thời gian lưu trú nếu kích cầu đúng phân khúc.,"Vấn đề -> Hành động -> KPI thay đổi -> Hiệu quả kinh tế: giảm áp lực tại điểm nóng, tăng chi tiêu ăn uống/vận tải/lưu trú/vé ở vùng phụ và giảm chi phí xã hội do kẹt xe/quá tải.",Điểm áp lực; điểm điều phối; điểm hạ tầng; cơ hội kinh tế; doanh thu ăn uống/vé/lưu trú; phản hồi du khách,37.12,48.3,36.0,39.69,Thấp,mixed_proxy_thieu_du_lieu,43.75,20/05/2026 22:18
Sóc Trăng,còn dư địa hoặc cần theo dõi,"Điều chỉnh truyền thông, kích cầu điểm phụ, công bố cảnh báo trên dashboard/app",Chính quyền,cao,Tăng doanh thu mùa thấp điểm và kéo dài thời gian lưu trú nếu kích cầu đúng phân khúc.,"Vấn đề -> Hành động -> KPI thay đổi -> Hiệu quả kinh tế: giảm áp lực tại điểm nóng, tăng chi tiêu ăn uống/vận tải/lưu trú/vé ở vùng phụ và giảm chi phí xã hội do kẹt xe/quá tải.",Điểm áp lực; điểm điều phối; điểm hạ tầng; cơ hội kinh tế; doanh thu ăn uống/vé/lưu trú; phản hồi du khách,36.23,51.8,36.0,40.02,Thấp,mixed_proxy_thieu_du_lieu,43.75,20/05/2026 22:18
Sóc Trăng,còn dư địa hoặc cần theo dõi,"Phân luồng tại tuyến ven biển, đặt biển báo, tăng lực lượng ở nút vào bãi biển/POI",Công an/giao thông,trung bình,Tăng doanh thu mùa thấp điểm và kéo dài thời gian lưu trú nếu kích cầu đúng phân khúc.,"Vấn đề -> Hành động -> KPI thay đổi -> Hiệu quả kinh tế: giảm áp lực tại điểm nóng, tăng chi tiêu ăn uống/vận tải/lưu trú/vé ở vùng phụ và giảm chi phí xã hội do kẹt xe/quá tải.",Điểm áp lực; điểm điều phối; điểm hạ tầng; cơ hội kinh tế; doanh thu ăn uống/vé/lưu trú; phản hồi du khách,37.42,46.2,36.0,39.38,Thấp,mixed_proxy_thieu_du_lieu,43.75,20/05/2026 22:18
Sóc Trăng,còn dư địa hoặc cần theo dõi,"Bán gói liên vùng, chuyển tour sang khung giờ thấp điểm hoặc điểm còn dư địa",Doanh nghiệp du lịch,thấp-trung bình,Tăng doanh thu mùa thấp điểm và kéo dài thời gian lưu trú nếu kích cầu đúng phân khúc.,"Vấn đề -> Hành động -> KPI thay đổi -> Hiệu quả kinh tế: giảm áp lực tại điểm nóng, tăng chi tiêu ăn uống/vận tải/lưu trú/vé ở vùng phụ và giảm chi phí xã hội do kẹt xe/quá tải.",Điểm áp lực; điểm điều phối; điểm hạ tầng; cơ hội kinh tế; doanh thu ăn uống/vé/lưu trú; phản hồi du khách,36.52,52.5,36.0,40.28,Thấp,mixed_proxy_thieu_du_lieu,43.75,20/05/2026 22:18
Sóc Trăng,còn dư địa hoặc cần theo dõi,"Tạo combo lưu trú dài hơn, voucher ăn uống địa phương và điều tiết giá theo trải nghiệm",Khách sạn,thấp-trung bình,Tăng doanh thu mùa thấp điểm và kéo dài thời gian lưu trú nếu kích cầu đúng phân khúc.,"Vấn đề -> Hành động -> KPI thay đổi -> Hiệu quả kinh tế: giảm áp lực tại điểm nóng, tăng chi tiêu ăn uống/vận tải/lưu trú/vé ở vùng phụ và giảm chi phí xã hội do kẹt xe/quá tải.",Điểm áp lực; điểm điều phối; điểm hạ tầng; cơ hội kinh tế; doanh thu ăn uống/vé/lưu trú; phản hồi du khách,35.62,53.9,36.0,40.2,Thấp,mixed_proxy_thieu_du_lieu,43.75,20/05/2026 22:18
Sóc Trăng,còn dư địa hoặc cần theo dõi,"Chia vé theo khung giờ, tăng nhân sự soát vé, đẩy QR/e-ticket",Khu vui chơi,thấp-trung bình,Tăng doanh thu mùa thấp điểm và kéo dài thời gian lưu trú nếu kích cầu đúng phân khúc.,"Vấn đề -> Hành động -> KPI thay đổi -> Hiệu quả kinh tế: giảm áp lực tại điểm nóng, tăng chi tiêu ăn uống/vận tải/lưu trú/vé ở vùng phụ và giảm chi phí xã hội do kẹt xe/quá tải.",Điểm áp lực; điểm điều phối; điểm hạ tầng; cơ hội kinh tế; doanh thu ăn uống/vé/lưu trú; phản hồi du khách,36.08,53.2,36.0,40.25,Thấp,mixed_proxy_thieu_du_lieu,43.75,20/05/2026 22:18
Sóc Trăng,còn dư địa hoặc cần theo dõi,"Tạo voucher giờ thấp điểm, menu combo địa phương và điểm bán vệ tinh",Nhà hàng/OCOP,thấp-trung bình,Tăng doanh thu mùa thấp điểm và kéo dài thời gian lưu trú nếu kích cầu đúng phân khúc.,"Vấn đề -> Hành động -> KPI thay đổi -> Hiệu quả kinh tế: giảm áp lực tại điểm nóng, tăng chi tiêu ăn uống/vận tải/lưu trú/vé ở vùng phụ và giảm chi phí xã hội do kẹt xe/quá tải.",Điểm áp lực; điểm điều phối; điểm hạ tầng; cơ hội kinh tế; doanh thu ăn uống/vé/lưu trú; phản hồi du khách,35.02,54.6,36.0,40.1,Thấp,mixed_proxy_thieu_du_lieu,43.75,20/05/2026 22:18
Sóc Trăng,còn dư địa hoặc cần theo dõi,Tăng shuttle từ bãi đỗ vệ tinh và tuyến thay thế khi điểm áp lực tăng,Vận tải/shuttle,trung bình,Tăng doanh thu mùa thấp điểm và kéo dài thời gian lưu trú nếu kích cầu đúng phân khúc.,"Vấn đề -> Hành động -> KPI thay đổi -> Hiệu quả kinh tế: giảm áp lực tại điểm nóng, tăng chi tiêu ăn uống/vận tải/lưu trú/vé ở vùng phụ và giảm chi phí xã hội do kẹt xe/quá tải.",Điểm áp lực; điểm điều phối; điểm hạ tầng; cơ hội kinh tế; doanh thu ăn uống/vé/lưu trú; phản hồi du khách,37.12,48.3,36.0,39.69,Thấp,mixed_proxy_thieu_du_lieu,43.75,20/05/2026 22:18
Trà Vinh,còn dư địa hoặc cần theo dõi,"Điều chỉnh truyền thông, kích cầu điểm phụ, công bố cảnh báo trên dashboard/app",Chính quyền,cao,Tăng doanh thu mùa thấp điểm và kéo dài thời gian lưu trú nếu kích cầu đúng phân khúc.,"Vấn đề -> Hành động -> KPI thay đổi -> Hiệu quả kinh tế: giảm áp lực tại điểm nóng, tăng chi tiêu ăn uống/vận tải/lưu trú/vé ở vùng phụ và giảm chi phí xã hội do kẹt xe/quá tải.",Điểm áp lực; điểm điều phối; điểm hạ tầng; cơ hội kinh tế; doanh thu ăn uống/vé/lưu trú; phản hồi du khách,36.23,51.8,36.0,40.02,Thấp,mixed_proxy_thieu_du_lieu,43.75,20/05/2026 22:18
Trà Vinh,còn dư địa hoặc cần theo dõi,"Phân luồng tại tuyến ven biển, đặt biển báo, tăng lực lượng ở nút vào bãi biển/POI",Công an/giao thông,trung bình,Tăng doanh thu mùa thấp điểm và kéo dài thời gian lưu trú nếu kích cầu đúng phân khúc.,"Vấn đề -> Hành động -> KPI thay đổi -> Hiệu quả kinh tế: giảm áp lực tại điểm nóng, tăng chi tiêu ăn uống/vận tải/lưu trú/vé ở vùng phụ và giảm chi phí xã hội do kẹt xe/quá tải.",Điểm áp lực; điểm điều phối; điểm hạ tầng; cơ hội kinh tế; doanh thu ăn uống/vé/lưu trú; phản hồi du khách,37.42,46.2,36.0,39.38,Thấp,mixed_proxy_thieu_du_lieu,43.75,20/05/2026 22:18
Trà Vinh,còn dư địa hoặc cần theo dõi,"Bán gói liên vùng, chuyển tour sang khung giờ thấp điểm hoặc điểm còn dư địa",Doanh nghiệp du lịch,thấp-trung bình,Tăng doanh thu mùa thấp điểm và kéo dài thời gian lưu trú nếu kích cầu đúng phân khúc.,"Vấn đề -> Hành động -> KPI thay đổi -> Hiệu quả kinh tế: giảm áp lực tại điểm nóng, tăng chi tiêu ăn uống/vận tải/lưu trú/vé ở vùng phụ và giảm chi phí xã hội do kẹt xe/quá tải.",Điểm áp lực; điểm điều phối; điểm hạ tầng; cơ hội kinh tế; doanh thu ăn uống/vé/lưu trú; phản hồi du khách,36.52,52.5,36.0,40.28,Thấp,mixed_proxy_thieu_du_lieu,43.75,20/05/2026 22:18
Trà Vinh,còn dư địa hoặc cần theo dõi,"Tạo combo lưu trú dài hơn, voucher ăn uống địa phương và điều tiết giá theo trải nghiệm",Khách sạn,thấp-trung bình,Tăng doanh thu mùa thấp điểm và kéo dài thời gian lưu trú nếu kích cầu đúng phân khúc.,"Vấn đề -> Hành động -> KPI thay đổi -> Hiệu quả kinh tế: giảm áp lực tại điểm nóng, tăng chi tiêu ăn uống/vận tải/lưu trú/vé ở vùng phụ và giảm chi phí xã hội do kẹt xe/quá tải.",Điểm áp lực; điểm điều phối; điểm hạ tầng; cơ hội kinh tế; doanh thu ăn uống/vé/lưu trú; phản hồi du khách,35.62,53.9,36.0,40.2,Thấp,mixed_proxy_thieu_du_lieu,43.75,20/05/2026 22:18
Trà Vinh,còn dư địa hoặc cần theo dõi,"Chia vé theo khung giờ, tăng nhân sự soát vé, đẩy QR/e-ticket",Khu vui chơi,thấp-trung bình,Tăng doanh thu mùa thấp điểm và kéo dài thời gian lưu trú nếu kích cầu đúng phân khúc.,"Vấn đề -> Hành động -> KPI thay đổi -> Hiệu quả kinh tế: giảm áp lực tại điểm nóng, tăng chi tiêu ăn uống/vận tải/lưu trú/vé ở vùng phụ và giảm chi phí xã hội do kẹt xe/quá tải.",Điểm áp lực; điểm điều phối; điểm hạ tầng; cơ hội kinh tế; doanh thu ăn uống/vé/lưu trú; phản hồi du khách,36.08,53.2,36.0,40.25,Thấp,mixed_proxy_thieu_du_lieu,43.75,20/05/2026 22:18
Trà Vinh,còn dư địa hoặc cần theo dõi,"Tạo voucher giờ thấp điểm, menu combo địa phương và điểm bán vệ tinh",Nhà hàng/OCOP,thấp-trung bình,Tăng doanh thu mùa thấp điểm và kéo dài thời gian lưu trú nếu kích cầu đúng phân khúc.,"Vấn đề -> Hành động -> KPI thay đổi -> Hiệu quả kinh tế: giảm áp lực tại điểm nóng, tăng chi tiêu ăn uống/vận tải/lưu trú/vé ở vùng phụ và giảm chi phí xã hội do kẹt xe/quá tải.",Điểm áp lực; điểm điều phối; điểm hạ tầng; cơ hội kinh tế; doanh thu ăn uống/vé/lưu trú; phản hồi du khách,35.02,54.6,36.0,40.1,Thấp,mixed_proxy_thieu_du_lieu,43.75,20/05/2026 22:18
Trà Vinh,còn dư địa hoặc cần theo dõi,Tăng shuttle từ bãi đỗ vệ tinh và tuyến thay thế khi điểm áp lực tăng,Vận tải/shuttle,trung bình,Tăng doanh thu mùa thấp điểm và kéo dài thời gian lưu trú nếu kích cầu đúng phân khúc.,"Vấn đề -> Hành động -> KPI thay đổi -> Hiệu quả kinh tế: giảm áp lực tại điểm nóng, tăng chi tiêu ăn uống/vận tải/lưu trú/vé ở vùng phụ và giảm chi phí xã hội do kẹt xe/quá tải.",Điểm áp lực; điểm điều phối; điểm hạ tầng; cơ hội kinh tế; doanh thu ăn uống/vé/lưu trú; phản hồi du khách,37.12,48.3,36.0,39.69,Thấp,mixed_proxy_thieu_du_lieu,43.75,20/05/2026 22:18
Đồ Sơn,còn dư địa hoặc cần theo dõi,"Điều chỉnh truyền thông, kích cầu điểm phụ, công bố cảnh báo trên dashboard/app",Chính quyền,cao,Tăng doanh thu mùa thấp điểm và kéo dài thời gian lưu trú nếu kích cầu đúng phân khúc.,"Vấn đề -> Hành động -> KPI thay đổi -> Hiệu quả kinh tế: giảm áp lực tại điểm nóng, tăng chi tiêu ăn uống/vận tải/lưu trú/vé ở vùng phụ và giảm chi phí xã hội do kẹt xe/quá tải.",Điểm áp lực; điểm điều phối; điểm hạ tầng; cơ hội kinh tế; doanh thu ăn uống/vé/lưu trú; phản hồi du khách,36.23,51.8,36.0,40.02,Thấp,mixed_proxy_thieu_du_lieu,43.75,20/05/2026 22:18
Đồ Sơn,còn dư địa hoặc cần theo dõi,"Phân luồng tại tuyến ven biển, đặt biển báo, tăng lực lượng ở nút vào bãi biển/POI",Công an/giao thông,trung bình,Tăng doanh thu mùa thấp điểm và kéo dài thời gian lưu trú nếu kích cầu đúng phân khúc.,"Vấn đề -> Hành động -> KPI thay đổi -> Hiệu quả kinh tế: giảm áp lực tại điểm nóng, tăng chi tiêu ăn uống/vận tải/lưu trú/vé ở vùng phụ và giảm chi phí xã hội do kẹt xe/quá tải.",Điểm áp lực; điểm điều phối; điểm hạ tầng; cơ hội kinh tế; doanh thu ăn uống/vé/lưu trú; phản hồi du khách,37.42,46.2,36.0,39.38,Thấp,mixed_proxy_thieu_du_lieu,43.75,20/05/2026 22:18
Đồ Sơn,còn dư địa hoặc cần theo dõi,"Bán gói liên vùng, chuyển tour sang khung giờ thấp điểm hoặc điểm còn dư địa",Doanh nghiệp du lịch,thấp-trung bình,Tăng doanh thu mùa thấp điểm và kéo dài thời gian lưu trú nếu kích cầu đúng phân khúc.,"Vấn đề -> Hành động -> KPI thay đổi -> Hiệu quả kinh tế: giảm áp lực tại điểm nóng, tăng chi tiêu ăn uống/vận tải/lưu trú/vé ở vùng phụ và giảm chi phí xã hội do kẹt xe/quá tải.",Điểm áp lực; điểm điều phối; điểm hạ tầng; cơ hội kinh tế; doanh thu ăn uống/vé/lưu trú; phản hồi du khách,36.52,52.5,36.0,40.28,Thấp,mixed_proxy_thieu_du_lieu,43.75,20/05/2026 22:18
Đồ Sơn,còn dư địa hoặc cần theo dõi,"Tạo combo lưu trú dài hơn, voucher ăn uống địa phương và điều tiết giá theo trải nghiệm",Khách sạn,thấp-trung bình,Tăng doanh thu mùa thấp điểm và kéo dài thời gian lưu trú nếu kích cầu đúng phân khúc.,"Vấn đề -> Hành động -> KPI thay đổi -> Hiệu quả kinh tế: giảm áp lực tại điểm nóng, tăng chi tiêu ăn uống/vận tải/lưu trú/vé ở vùng phụ và giảm chi phí xã hội do kẹt xe/quá tải.",Điểm áp lực; điểm điều phối; điểm hạ tầng; cơ hội kinh tế; doanh thu ăn uống/vé/lưu trú; phản hồi du khách,35.62,53.9,36.0,40.2,Thấp,mixed_proxy_thieu_du_lieu,43.75,20/05/2026 22:18
Đồ Sơn,còn dư địa hoặc cần theo dõi,"Chia vé theo khung giờ, tăng nhân sự soát vé, đẩy QR/e-ticket",Khu vui chơi,thấp-trung bình,Tăng doanh thu mùa thấp điểm và kéo dài thời gian lưu trú nếu kích cầu đúng phân khúc.,"Vấn đề -> Hành động -> KPI thay đổi -> Hiệu quả kinh tế: giảm áp lực tại điểm nóng, tăng chi tiêu ăn uống/vận tải/lưu trú/vé ở vùng phụ và giảm chi phí xã hội do kẹt xe/quá tải.",Điểm áp lực; điểm điều phối; điểm hạ tầng; cơ hội kinh tế; doanh thu ăn uống/vé/lưu trú; phản hồi du khách,36.08,53.2,36.0,40.25,Thấp,mixed_proxy_thieu_du_lieu,43.75,20/05/2026 22:18
Đồ Sơn,còn dư địa hoặc cần theo dõi,"Tạo voucher giờ thấp điểm, menu combo địa phương và điểm bán vệ tinh",Nhà hàng/OCOP,thấp-trung bình,Tăng doanh thu mùa thấp điểm và kéo dài thời gian lưu trú nếu kích cầu đúng phân khúc.,"Vấn đề -> Hành động -> KPI thay đổi -> Hiệu quả kinh tế: giảm áp lực tại điểm nóng, tăng chi tiêu ăn uống/vận tải/lưu trú/vé ở vùng phụ và giảm chi phí xã hội do kẹt xe/quá tải.",Điểm áp lực; điểm điều phối; điểm hạ tầng; cơ hội kinh tế; doanh thu ăn uống/vé/lưu trú; phản hồi du khách,35.02,54.6,36.0,40.1,Thấp,mixed_proxy_thieu_du_lieu,43.75,20/05/2026 22:18
Đồ Sơn,còn dư địa hoặc cần theo dõi,Tăng shuttle từ bãi đỗ vệ tinh và tuyến thay thế khi điểm áp lực tăng,Vận tải/shuttle,trung bình,Tăng doanh thu mùa thấp điểm và kéo dài thời gian lưu trú nếu kích cầu đúng phân khúc.,"Vấn đề -> Hành động -> KPI thay đổi -> Hiệu quả kinh tế: giảm áp lực tại điểm nóng, tăng chi tiêu ăn uống/vận tải/lưu trú/vé ở vùng phụ và giảm chi phí xã hội do kẹt xe/quá tải.",Điểm áp lực; điểm điều phối; điểm hạ tầng; cơ hội kinh tế; doanh thu ăn uống/vé/lưu trú; phản hồi du khách,37.12,48.3,36.0,39.69,Thấp,mixed_proxy_thieu_du_lieu,43.75,20/05/2026 22:18
Thịnh Long,còn dư địa hoặc cần theo dõi,"Điều chỉnh truyền thông, kích cầu điểm phụ, công bố cảnh báo trên dashboard/app",Chính quyền,cao,Tăng doanh thu mùa thấp điểm và kéo dài thời gian lưu trú nếu kích cầu đúng phân khúc.,"Vấn đề -> Hành động -> KPI thay đổi -> Hiệu quả kinh tế: giảm áp lực tại điểm nóng, tăng chi tiêu ăn uống/vận tải/lưu trú/vé ở vùng phụ và giảm chi phí xã hội do kẹt xe/quá tải.",Điểm áp lực; điểm điều phối; điểm hạ tầng; cơ hội kinh tế; doanh thu ăn uống/vé/lưu trú; phản hồi du khách,36.23,51.8,36.0,40.02,Thấp,mixed_proxy_thieu_du_lieu,43.75,20/05/2026 22:18
Thịnh Long,còn dư địa hoặc cần theo dõi,"Phân luồng tại tuyến ven biển, đặt biển báo, tăng lực lượng ở nút vào bãi biển/POI",Công an/giao thông,trung bình,Tăng doanh thu mùa thấp điểm và kéo dài thời gian lưu trú nếu kích cầu đúng phân khúc.,"Vấn đề -> Hành động -> KPI thay đổi -> Hiệu quả kinh tế: giảm áp lực tại điểm nóng, tăng chi tiêu ăn uống/vận tải/lưu trú/vé ở vùng phụ và giảm chi phí xã hội do kẹt xe/quá tải.",Điểm áp lực; điểm điều phối; điểm hạ tầng; cơ hội kinh tế; doanh thu ăn uống/vé/lưu trú; phản hồi du khách,37.42,46.2,36.0,39.38,Thấp,mixed_proxy_thieu_du_lieu,43.75,20/05/2026 22:18
Thịnh Long,còn dư địa hoặc cần theo dõi,"Bán gói liên vùng, chuyển tour sang khung giờ thấp điểm hoặc điểm còn dư địa",Doanh nghiệp du lịch,thấp-trung bình,Tăng doanh thu mùa thấp điểm và kéo dài thời gian lưu trú nếu kích cầu đúng phân khúc.,"Vấn đề -> Hành động -> KPI thay đổi -> Hiệu quả kinh tế: giảm áp lực tại điểm nóng, tăng chi tiêu ăn uống/vận tải/lưu trú/vé ở vùng phụ và giảm chi phí xã hội do kẹt xe/quá tải.",Điểm áp lực; điểm điều phối; điểm hạ tầng; cơ hội kinh tế; doanh thu ăn uống/vé/lưu trú; phản hồi du khách,36.52,52.5,36.0,40.28,Thấp,mixed_proxy_thieu_du_lieu,43.75,20/05/2026 22:18
Thịnh Long,còn dư địa hoặc cần theo dõi,"Tạo combo lưu trú dài hơn, voucher ăn uống địa phương và điều tiết giá theo trải nghiệm",Khách sạn,thấp-trung bình,Tăng doanh thu mùa thấp điểm và kéo dài thời gian lưu trú nếu kích cầu đúng phân khúc.,"Vấn đề -> Hành động -> KPI thay đổi -> Hiệu quả kinh tế: giảm áp lực tại điểm nóng, tăng chi tiêu ăn uống/vận tải/lưu trú/vé ở vùng phụ và giảm chi phí xã hội do kẹt xe/quá tải.",Điểm áp lực; điểm điều phối; điểm hạ tầng; cơ hội kinh tế; doanh thu ăn uống/vé/lưu trú; phản hồi du khách,35.62,53.9,36.0,40.2,Thấp,mixed_proxy_thieu_du_lieu,43.75,20/05/2026 22:18
Thịnh Long,còn dư địa hoặc cần theo dõi,"Chia vé theo khung giờ, tăng nhân sự soát vé, đẩy QR/e-ticket",Khu vui chơi,thấp-trung bình,Tăng doanh thu mùa thấp điểm và kéo dài thời gian lưu trú nếu kích cầu đúng phân khúc.,"Vấn đề -> Hành động -> KPI thay đổi -> Hiệu quả kinh tế: giảm áp lực tại điểm nóng, tăng chi tiêu ăn uống/vận tải/lưu trú/vé ở vùng phụ và giảm chi phí xã hội do kẹt xe/quá tải.",Điểm áp lực; điểm điều phối; điểm hạ tầng; cơ hội kinh tế; doanh thu ăn uống/vé/lưu trú; phản hồi du khách,36.08,53.2,36.0,40.25,Thấp,mixed_proxy_thieu_du_lieu,43.75,20/05/2026 22:18
Thịnh Long,còn dư địa hoặc cần theo dõi,"Tạo voucher giờ thấp điểm, menu combo địa phương và điểm bán vệ tinh",Nhà hàng/OCOP,thấp-trung bình,Tăng doanh thu mùa thấp điểm và kéo dài thời gian lưu trú nếu kích cầu đúng phân khúc.,"Vấn đề -> Hành động -> KPI thay đổi -> Hiệu quả kinh tế: giảm áp lực tại điểm nóng, tăng chi tiêu ăn uống/vận tải/lưu trú/vé ở vùng phụ và giảm chi phí xã hội do kẹt xe/quá tải.",Điểm áp lực; điểm điều phối; điểm hạ tầng; cơ hội kinh tế; doanh thu ăn uống/vé/lưu trú; phản hồi du khách,35.02,54.6,36.0,40.1,Thấp,mixed_proxy_thieu_du_lieu,43.75,20/05/2026 22:18
Thịnh Long,còn dư địa hoặc cần theo dõi,Tăng shuttle từ bãi đỗ vệ tinh và tuyến thay thế khi điểm áp lực tăng,Vận tải/shuttle,trung bình,Tăng doanh thu mùa thấp điểm và kéo dài thời gian lưu trú nếu kích cầu đúng phân khúc.,"Vấn đề -> Hành động -> KPI thay đổi -> Hiệu quả kinh tế: giảm áp lực tại điểm nóng, tăng chi tiêu ăn uống/vận tải/lưu trú/vé ở vùng phụ và giảm chi phí xã hội do kẹt xe/quá tải.",Điểm áp lực; điểm điều phối; điểm hạ tầng; cơ hội kinh tế; doanh thu ăn uống/vé/lưu trú; phản hồi du khách,37.12,48.3,36.0,39.69,Thấp,mixed_proxy_thieu_du_lieu,43.75,20/05/2026 22:18
Mộc Châu,còn dư địa hoặc cần theo dõi,"Điều chỉnh truyền thông, kích cầu điểm phụ, công bố cảnh báo trên dashboard/app",Chính quyền,cao,Tăng doanh thu mùa thấp điểm và kéo dài thời gian lưu trú nếu kích cầu đúng phân khúc.,"Vấn đề -> Hành động -> KPI thay đổi -> Hiệu quả kinh tế: giảm áp lực tại điểm nóng, tăng chi tiêu ăn uống/vận tải/lưu trú/vé ở vùng phụ và giảm chi phí xã hội do kẹt xe/quá tải.",Điểm áp lực; điểm điều phối; điểm hạ tầng; cơ hội kinh tế; doanh thu ăn uống/vé/lưu trú; phản hồi du khách,35.37,54.05,34.61,41.49,Thấp,mixed_proxy_thieu_du_lieu,61.5,20/05/2026 22:18
Mộc Châu,còn dư địa hoặc cần theo dõi,"Phân luồng tại tuyến ven biển, đặt biển báo, tăng lực lượng ở nút vào bãi biển/POI",Công an/giao thông,trung bình,Tăng doanh thu mùa thấp điểm và kéo dài thời gian lưu trú nếu kích cầu đúng phân khúc.,"Vấn đề -> Hành động -> KPI thay đổi -> Hiệu quả kinh tế: giảm áp lực tại điểm nóng, tăng chi tiêu ăn uống/vận tải/lưu trú/vé ở vùng phụ và giảm chi phí xã hội do kẹt xe/quá tải.",Điểm áp lực; điểm điều phối; điểm hạ tầng; cơ hội kinh tế; doanh thu ăn uống/vé/lưu trú; phản hồi du khách,36.57,48.44,34.61,40.85,Thấp,mixed_proxy_thieu_du_lieu,61.5,20/05/2026 22:18
Mộc Châu,còn dư địa hoặc cần theo dõi,"Bán gói liên vùng, chuyển tour sang khung giờ thấp điểm hoặc điểm còn dư địa",Doanh nghiệp du lịch,thấp-trung bình,Tăng doanh thu mùa thấp điểm và kéo dài thời gian lưu trú nếu kích cầu đúng phân khúc.,"Vấn đề -> Hành động -> KPI thay đổi -> Hiệu quả kinh tế: giảm áp lực tại điểm nóng, tăng chi tiêu ăn uống/vận tải/lưu trú/vé ở vùng phụ và giảm chi phí xã hội do kẹt xe/quá tải.",Điểm áp lực; điểm điều phối; điểm hạ tầng; cơ hội kinh tế; doanh thu ăn uống/vé/lưu trú; phản hồi du khách,35.67,54.75,34.61,41.75,Thấp,mixed_proxy_thieu_du_lieu,61.5,20/05/2026 22:18
Mộc Châu,còn dư địa hoặc cần theo dõi,"Tạo combo lưu trú dài hơn, voucher ăn uống địa phương và điều tiết giá theo trải nghiệm",Khách sạn,thấp-trung bình,Tăng doanh thu mùa thấp điểm và kéo dài thời gian lưu trú nếu kích cầu đúng phân khúc.,"Vấn đề -> Hành động -> KPI thay đổi -> Hiệu quả kinh tế: giảm áp lực tại điểm nóng, tăng chi tiêu ăn uống/vận tải/lưu trú/vé ở vùng phụ và giảm chi phí xã hội do kẹt xe/quá tải.",Điểm áp lực; điểm điều phối; điểm hạ tầng; cơ hội kinh tế; doanh thu ăn uống/vé/lưu trú; phản hồi du khách,34.77,56.14,34.61,41.67,Thấp,mixed_proxy_thieu_du_lieu,61.5,20/05/2026 22:18
Mộc Châu,còn dư địa hoặc cần theo dõi,"Chia vé theo khung giờ, tăng nhân sự soát vé, đẩy QR/e-ticket",Khu vui chơi,thấp-trung bình,Tăng doanh thu mùa thấp điểm và kéo dài thời gian lưu trú nếu kích cầu đúng phân khúc.,"Vấn đề -> Hành động -> KPI thay đổi -> Hiệu quả kinh tế: giảm áp lực tại điểm nóng, tăng chi tiêu ăn uống/vận tải/lưu trú/vé ở vùng phụ và giảm chi phí xã hội do kẹt xe/quá tải.",Điểm áp lực; điểm điều phối; điểm hạ tầng; cơ hội kinh tế; doanh thu ăn uống/vé/lưu trú; phản hồi du khách,35.22,55.44,34.61,41.71,Thấp,mixed_proxy_thieu_du_lieu,61.5,20/05/2026 22:18
Mộc Châu,còn dư địa hoặc cần theo dõi,"Tạo voucher giờ thấp điểm, menu combo địa phương và điểm bán vệ tinh",Nhà hàng/OCOP,thấp-trung bình,Tăng doanh thu mùa thấp điểm và kéo dài thời gian lưu trú nếu kích cầu đúng phân khúc.,"Vấn đề -> Hành động -> KPI thay đổi -> Hiệu quả kinh tế: giảm áp lực tại điểm nóng, tăng chi tiêu ăn uống/vận tải/lưu trú/vé ở vùng phụ và giảm chi phí xã hội do kẹt xe/quá tải.",Điểm áp lực; điểm điều phối; điểm hạ tầng; cơ hội kinh tế; doanh thu ăn uống/vé/lưu trú; phản hồi du khách,34.17,56.84,34.61,41.57,Thấp,mixed_proxy_thieu_du_lieu,61.5,20/05/2026 22:18
Mộc Châu,còn dư địa hoặc cần theo dõi,Tăng shuttle từ bãi đỗ vệ tinh và tuyến thay thế khi điểm áp lực tăng,Vận tải/shuttle,trung bình,Tăng doanh thu mùa thấp điểm và kéo dài thời gian lưu trú nếu kích cầu đúng phân khúc.,"Vấn đề -> Hành động -> KPI thay đổi -> Hiệu quả kinh tế: giảm áp lực tại điểm nóng, tăng chi tiêu ăn uống/vận tải/lưu trú/vé ở vùng phụ và giảm chi phí xã hội do kẹt xe/quá tải.",Điểm áp lực; điểm điều phối; điểm hạ tầng; cơ hội kinh tế; doanh thu ăn uống/vé/lưu trú; phản hồi du khách,36.27,50.55,34.61,41.15,Thấp,mixed_proxy_thieu_du_lieu,61.5,20/05/2026 22:18
Bến Tre,còn dư địa hoặc cần theo dõi,"Điều chỉnh truyền thông, kích cầu điểm phụ, công bố cảnh báo trên dashboard/app",Chính quyền,cao,Tăng doanh thu mùa thấp điểm và kéo dài thời gian lưu trú nếu kích cầu đúng phân khúc.,"Vấn đề -> Hành động -> KPI thay đổi -> Hiệu quả kinh tế: giảm áp lực tại điểm nóng, tăng chi tiêu ăn uống/vận tải/lưu trú/vé ở vùng phụ và giảm chi phí xã hội do kẹt xe/quá tải.",Điểm áp lực; điểm điều phối; điểm hạ tầng; cơ hội kinh tế; doanh thu ăn uống/vé/lưu trú; phản hồi du khách,35.24,54.38,33.56,41.19,Thấp,mixed_proxy_thieu_du_lieu,61.5,20/05/2026 22:18
Bến Tre,còn dư địa hoặc cần theo dõi,"Phân luồng tại tuyến ven biển, đặt biển báo, tăng lực lượng ở nút vào bãi biển/POI",Công an/giao thông,trung bình,Tăng doanh thu mùa thấp điểm và kéo dài thời gian lưu trú nếu kích cầu đúng phân khúc.,"Vấn đề -> Hành động -> KPI thay đổi -> Hiệu quả kinh tế: giảm áp lực tại điểm nóng, tăng chi tiêu ăn uống/vận tải/lưu trú/vé ở vùng phụ và giảm chi phí xã hội do kẹt xe/quá tải.",Điểm áp lực; điểm điều phối; điểm hạ tầng; cơ hội kinh tế; doanh thu ăn uống/vé/lưu trú; phản hồi du khách,36.44,48.78,33.56,40.55,Thấp,mixed_proxy_thieu_du_lieu,61.5,20/05/2026 22:18
Bến Tre,còn dư địa hoặc cần theo dõi,"Bán gói liên vùng, chuyển tour sang khung giờ thấp điểm hoặc điểm còn dư địa",Doanh nghiệp du lịch,thấp-trung bình,Tăng doanh thu mùa thấp điểm và kéo dài thời gian lưu trú nếu kích cầu đúng phân khúc.,"Vấn đề -> Hành động -> KPI thay đổi -> Hiệu quả kinh tế: giảm áp lực tại điểm nóng, tăng chi tiêu ăn uống/vận tải/lưu trú/vé ở vùng phụ và giảm chi phí xã hội do kẹt xe/quá tải.",Điểm áp lực; điểm điều phối; điểm hạ tầng; cơ hội kinh tế; doanh thu ăn uống/vé/lưu trú; phản hồi du khách,35.54,55.08,33.56,41.45,Thấp,mixed_proxy_thieu_du_lieu,61.5,20/05/2026 22:18
Bến Tre,còn dư địa hoặc cần theo dõi,"Tạo combo lưu trú dài hơn, voucher ăn uống địa phương và điều tiết giá theo trải nghiệm",Khách sạn,thấp-trung bình,Tăng doanh thu mùa thấp điểm và kéo dài thời gian lưu trú nếu kích cầu đúng phân khúc.,"Vấn đề -> Hành động -> KPI thay đổi -> Hiệu quả kinh tế: giảm áp lực tại điểm nóng, tăng chi tiêu ăn uống/vận tải/lưu trú/vé ở vùng phụ và giảm chi phí xã hội do kẹt xe/quá tải.",Điểm áp lực; điểm điều phối; điểm hạ tầng; cơ hội kinh tế; doanh thu ăn uống/vé/lưu trú; phản hồi du khách,34.64,56.48,33.56,41.37,Thấp,mixed_proxy_thieu_du_lieu,61.5,20/05/2026 22:18
Bến Tre,còn dư địa hoặc cần theo dõi,"Chia vé theo khung giờ, tăng nhân sự soát vé, đẩy QR/e-ticket",Khu vui chơi,thấp-trung bình,Tăng doanh thu mùa thấp điểm và kéo dài thời gian lưu trú nếu kích cầu đúng phân khúc.,"Vấn đề -> Hành động -> KPI thay đổi -> Hiệu quả kinh tế: giảm áp lực tại điểm nóng, tăng chi tiêu ăn uống/vận tải/lưu trú/vé ở vùng phụ và giảm chi phí xã hội do kẹt xe/quá tải.",Điểm áp lực; điểm điều phối; điểm hạ tầng; cơ hội kinh tế; doanh thu ăn uống/vé/lưu trú; phản hồi du khách,35.09,55.78,33.56,41.41,Thấp,mixed_proxy_thieu_du_lieu,61.5,20/05/2026 22:18
Bến Tre,còn dư địa hoặc cần theo dõi,"Tạo voucher giờ thấp điểm, menu combo địa phương và điểm bán vệ tinh",Nhà hàng/OCOP,thấp-trung bình,Tăng doanh thu mùa thấp điểm và kéo dài thời gian lưu trú nếu kích cầu đúng phân khúc.,"Vấn đề -> Hành động -> KPI thay đổi -> Hiệu quả kinh tế: giảm áp lực tại điểm nóng, tăng chi tiêu ăn uống/vận tải/lưu trú/vé ở vùng phụ và giảm chi phí xã hội do kẹt xe/quá tải.",Điểm áp lực; điểm điều phối; điểm hạ tầng; cơ hội kinh tế; doanh thu ăn uống/vé/lưu trú; phản hồi du khách,34.04,57.18,33.56,41.27,Thấp,mixed_proxy_thieu_du_lieu,61.5,20/05/2026 22:18
Bến Tre,còn dư địa hoặc cần theo dõi,Tăng shuttle từ bãi đỗ vệ tinh và tuyến thay thế khi điểm áp lực tăng,Vận tải/shuttle,trung bình,Tăng doanh thu mùa thấp điểm và kéo dài thời gian lưu trú nếu kích cầu đúng phân khúc.,"Vấn đề -> Hành động -> KPI thay đổi -> Hiệu quả kinh tế: giảm áp lực tại điểm nóng, tăng chi tiêu ăn uống/vận tải/lưu trú/vé ở vùng phụ và giảm chi phí xã hội do kẹt xe/quá tải.",Điểm áp lực; điểm điều phối; điểm hạ tầng; cơ hội kinh tế; doanh thu ăn uống/vé/lưu trú; phản hồi du khách,36.14,50.88,33.56,40.85,Thấp,mixed_proxy_thieu_du_lieu,61.5,20/05/2026 22:18
An Giang,còn dư địa hoặc cần theo dõi,"Điều chỉnh truyền thông, kích cầu điểm phụ, công bố cảnh báo trên dashboard/app",Chính quyền,cao,Tăng doanh thu mùa thấp điểm và kéo dài thời gian lưu trú nếu kích cầu đúng phân khúc.,"Vấn đề -> Hành động -> KPI thay đổi -> Hiệu quả kinh tế: giảm áp lực tại điểm nóng, tăng chi tiêu ăn uống/vận tải/lưu trú/vé ở vùng phụ và giảm chi phí xã hội do kẹt xe/quá tải.",Điểm áp lực; điểm điều phối; điểm hạ tầng; cơ hội kinh tế; doanh thu ăn uống/vé/lưu trú; phản hồi du khách,35.12,54.68,32.63,40.92,Thấp,mixed_proxy_thieu_du_lieu,61.5,20/05/2026 22:18
An Giang,còn dư địa hoặc cần theo dõi,"Phân luồng tại tuyến ven biển, đặt biển báo, tăng lực lượng ở nút vào bãi biển/POI",Công an/giao thông,trung bình,Tăng doanh thu mùa thấp điểm và kéo dài thời gian lưu trú nếu kích cầu đúng phân khúc.,"Vấn đề -> Hành động -> KPI thay đổi -> Hiệu quả kinh tế: giảm áp lực tại điểm nóng, tăng chi tiêu ăn uống/vận tải/lưu trú/vé ở vùng phụ và giảm chi phí xã hội do kẹt xe/quá tải.",Điểm áp lực; điểm điều phối; điểm hạ tầng; cơ hội kinh tế; doanh thu ăn uống/vé/lưu trú; phản hồi du khách,36.32,49.08,32.63,40.28,Thấp,mixed_proxy_thieu_du_lieu,61.5,20/05/2026 22:18
An Giang,còn dư địa hoặc cần theo dõi,"Bán gói liên vùng, chuyển tour sang khung giờ thấp điểm hoặc điểm còn dư địa",Doanh nghiệp du lịch,thấp-trung bình,Tăng doanh thu mùa thấp điểm và kéo dài thời gian lưu trú nếu kích cầu đúng phân khúc.,"Vấn đề -> Hành động -> KPI thay đổi -> Hiệu quả kinh tế: giảm áp lực tại điểm nóng, tăng chi tiêu ăn uống/vận tải/lưu trú/vé ở vùng phụ và giảm chi phí xã hội do kẹt xe/quá tải.",Điểm áp lực; điểm điều phối; điểm hạ tầng; cơ hội kinh tế; doanh thu ăn uống/vé/lưu trú; phản hồi du khách,35.42,55.38,32.63,41.18,Thấp,mixed_proxy_thieu_du_lieu,61.5,20/05/2026 22:18
An Giang,còn dư địa hoặc cần theo dõi,"Tạo combo lưu trú dài hơn, voucher ăn uống địa phương và điều tiết giá theo trải nghiệm",Khách sạn,thấp-trung bình,Tăng doanh thu mùa thấp điểm và kéo dài thời gian lưu trú nếu kích cầu đúng phân khúc.,"Vấn đề -> Hành động -> KPI thay đổi -> Hiệu quả kinh tế: giảm áp lực tại điểm nóng, tăng chi tiêu ăn uống/vận tải/lưu trú/vé ở vùng phụ và giảm chi phí xã hội do kẹt xe/quá tải.",Điểm áp lực; điểm điều phối; điểm hạ tầng; cơ hội kinh tế; doanh thu ăn uống/vé/lưu trú; phản hồi du khách,34.52,56.78,32.63,41.1,Thấp,mixed_proxy_thieu_du_lieu,61.5,20/05/2026 22:18
An Giang,còn dư địa hoặc cần theo dõi,"Chia vé theo khung giờ, tăng nhân sự soát vé, đẩy QR/e-ticket",Khu vui chơi,thấp-trung bình,Tăng doanh thu mùa thấp điểm và kéo dài thời gian lưu trú nếu kích cầu đúng phân khúc.,"Vấn đề -> Hành động -> KPI thay đổi -> Hiệu quả kinh tế: giảm áp lực tại điểm nóng, tăng chi tiêu ăn uống/vận tải/lưu trú/vé ở vùng phụ và giảm chi phí xã hội do kẹt xe/quá tải.",Điểm áp lực; điểm điều phối; điểm hạ tầng; cơ hội kinh tế; doanh thu ăn uống/vé/lưu trú; phản hồi du khách,34.97,56.08,32.63,41.14,Thấp,mixed_proxy_thieu_du_lieu,61.5,20/05/2026 22:18
An Giang,còn dư địa hoặc cần theo dõi,"Tạo voucher giờ thấp điểm, menu combo địa phương và điểm bán vệ tinh",Nhà hàng/OCOP,thấp-trung bình,Tăng doanh thu mùa thấp điểm và kéo dài thời gian lưu trú nếu kích cầu đúng phân khúc.,"Vấn đề -> Hành động -> KPI thay đổi -> Hiệu quả kinh tế: giảm áp lực tại điểm nóng, tăng chi tiêu ăn uống/vận tải/lưu trú/vé ở vùng phụ và giảm chi phí xã hội do kẹt xe/quá tải.",Điểm áp lực; điểm điều phối; điểm hạ tầng; cơ hội kinh tế; doanh thu ăn uống/vé/lưu trú; phản hồi du khách,33.92,57.48,32.63,41.0,Thấp,mixed_proxy_thieu_du_lieu,61.5,20/05/2026 22:18
An Giang,còn dư địa hoặc cần theo dõi,Tăng shuttle từ bãi đỗ vệ tinh và tuyến thay thế khi điểm áp lực tăng,Vận tải/shuttle,trung bình,Tăng doanh thu mùa thấp điểm và kéo dài thời gian lưu trú nếu kích cầu đúng phân khúc.,"Vấn đề -> Hành động -> KPI thay đổi -> Hiệu quả kinh tế: giảm áp lực tại điểm nóng, tăng chi tiêu ăn uống/vận tải/lưu trú/vé ở vùng phụ và giảm chi phí xã hội do kẹt xe/quá tải.",Điểm áp lực; điểm điều phối; điểm hạ tầng; cơ hội kinh tế; doanh thu ăn uống/vé/lưu trú; phản hồi du khách,36.02,51.18,32.63,40.58,Thấp,mixed_proxy_thieu_du_lieu,61.5,20/05/2026 22:18
Cần Thơ,còn dư địa hoặc cần theo dõi,"Điều chỉnh truyền thông, kích cầu điểm phụ, công bố cảnh báo trên dashboard/app",Chính quyền,cao,Tăng doanh thu mùa thấp điểm và kéo dài thời gian lưu trú nếu kích cầu đúng phân khúc.,"Vấn đề -> Hành động -> KPI thay đổi -> Hiệu quả kinh tế: giảm áp lực tại điểm nóng, tăng chi tiêu ăn uống/vận tải/lưu trú/vé ở vùng phụ và giảm chi phí xã hội do kẹt xe/quá tải.",Điểm áp lực; điểm điều phối; điểm hạ tầng; cơ hội kinh tế; doanh thu ăn uống/vé/lưu trú; phản hồi du khách,35.9,55.31,32.07,41.2,Thấp,mixed_proxy_thieu_du_lieu,61.5,20/05/2026 22:18
Cần Thơ,còn dư địa hoặc cần theo dõi,"Phân luồng tại tuyến ven biển, đặt biển báo, tăng lực lượng ở nút vào bãi biển/POI",Công an/giao thông,trung bình,Tăng doanh thu mùa thấp điểm và kéo dài thời gian lưu trú nếu kích cầu đúng phân khúc.,"Vấn đề -> Hành động -> KPI thay đổi -> Hiệu quả kinh tế: giảm áp lực tại điểm nóng, tăng chi tiêu ăn uống/vận tải/lưu trú/vé ở vùng phụ và giảm chi phí xã hội do kẹt xe/quá tải.",Điểm áp lực; điểm điều phối; điểm hạ tầng; cơ hội kinh tế; doanh thu ăn uống/vé/lưu trú; phản hồi du khách,37.1,49.71,32.07,40.56,Thấp,mixed_proxy_thieu_du_lieu,61.5,20/05/2026 22:18
Cần Thơ,còn dư địa hoặc cần theo dõi,"Bán gói liên vùng, chuyển tour sang khung giờ thấp điểm hoặc điểm còn dư địa",Doanh nghiệp du lịch,thấp-trung bình,Tăng doanh thu mùa thấp điểm và kéo dài thời gian lưu trú nếu kích cầu đúng phân khúc.,"Vấn đề -> Hành động -> KPI thay đổi -> Hiệu quả kinh tế: giảm áp lực tại điểm nóng, tăng chi tiêu ăn uống/vận tải/lưu trú/vé ở vùng phụ và giảm chi phí xã hội do kẹt xe/quá tải.",Điểm áp lực; điểm điều phối; điểm hạ tầng; cơ hội kinh tế; doanh thu ăn uống/vé/lưu trú; phản hồi du khách,36.2,56.01,32.07,41.46,Thấp,mixed_proxy_thieu_du_lieu,61.5,20/05/2026 22:18
Cần Thơ,còn dư địa hoặc cần theo dõi,"Tạo combo lưu trú dài hơn, voucher ăn uống địa phương và điều tiết giá theo trải nghiệm",Khách sạn,thấp-trung bình,Tăng doanh thu mùa thấp điểm và kéo dài thời gian lưu trú nếu kích cầu đúng phân khúc.,"Vấn đề -> Hành động -> KPI thay đổi -> Hiệu quả kinh tế: giảm áp lực tại điểm nóng, tăng chi tiêu ăn uống/vận tải/lưu trú/vé ở vùng phụ và giảm chi phí xã hội do kẹt xe/quá tải.",Điểm áp lực; điểm điều phối; điểm hạ tầng; cơ hội kinh tế; doanh thu ăn uống/vé/lưu trú; phản hồi du khách,35.3,57.41,32.07,41.38,Thấp,mixed_proxy_thieu_du_lieu,61.5,20/05/2026 22:18
Cần Thơ,còn dư địa hoặc cần theo dõi,"Chia vé theo khung giờ, tăng nhân sự soát vé, đẩy QR/e-ticket",Khu vui chơi,thấp-trung bình,Tăng doanh thu mùa thấp điểm và kéo dài thời gian lưu trú nếu kích cầu đúng phân khúc.,"Vấn đề -> Hành động -> KPI thay đổi -> Hiệu quả kinh tế: giảm áp lực tại điểm nóng, tăng chi tiêu ăn uống/vận tải/lưu trú/vé ở vùng phụ và giảm chi phí xã hội do kẹt xe/quá tải.",Điểm áp lực; điểm điều phối; điểm hạ tầng; cơ hội kinh tế; doanh thu ăn uống/vé/lưu trú; phản hồi du khách,35.75,56.71,32.07,41.42,Thấp,mixed_proxy_thieu_du_lieu,61.5,20/05/2026 22:18
Cần Thơ,còn dư địa hoặc cần theo dõi,"Tạo voucher giờ thấp điểm, menu combo địa phương và điểm bán vệ tinh",Nhà hàng/OCOP,thấp-trung bình,Tăng doanh thu mùa thấp điểm và kéo dài thời gian lưu trú nếu kích cầu đúng phân khúc.,"Vấn đề -> Hành động -> KPI thay đổi -> Hiệu quả kinh tế: giảm áp lực tại điểm nóng, tăng chi tiêu ăn uống/vận tải/lưu trú/vé ở vùng phụ và giảm chi phí xã hội do kẹt xe/quá tải.",Điểm áp lực; điểm điều phối; điểm hạ tầng; cơ hội kinh tế; doanh thu ăn uống/vé/lưu trú; phản hồi du khách,34.7,58.11,32.07,41.28,Thấp,mixed_proxy_thieu_du_lieu,61.5,20/05/2026 22:18
Cần Thơ,còn dư địa hoặc cần theo dõi,Tăng shuttle từ bãi đỗ vệ tinh và tuyến thay thế khi điểm áp lực tăng,Vận tải/shuttle,trung bình,Tăng doanh thu mùa thấp điểm và kéo dài thời gian lưu trú nếu kích cầu đúng phân khúc.,"Vấn đề -> Hành động -> KPI thay đổi -> Hiệu quả kinh tế: giảm áp lực tại điểm nóng, tăng chi tiêu ăn uống/vận tải/lưu trú/vé ở vùng phụ và giảm chi phí xã hội do kẹt xe/quá tải.",Điểm áp lực; điểm điều phối; điểm hạ tầng; cơ hội kinh tế; doanh thu ăn uống/vé/lưu trú; phản hồi du khách,36.8,51.81,32.07,40.86,Thấp,mixed_proxy_thieu_du_lieu,61.5,20/05/2026 22:18
Nha Trang,còn dư địa hoặc cần theo dõi,"Điều chỉnh truyền thông, kích cầu điểm phụ, công bố cảnh báo trên dashboard/app",Chính quyền,thấp-trung bình,Tăng doanh thu mùa thấp điểm và kéo dài thời gian lưu trú nếu kích cầu đúng phân khúc.,"Vấn đề -> Hành động -> KPI thay đổi -> Hiệu quả kinh tế: giảm áp lực tại điểm nóng, tăng chi tiêu ăn uống/vận tải/lưu trú/vé ở vùng phụ và giảm chi phí xã hội do kẹt xe/quá tải.",Điểm áp lực; điểm điều phối; điểm hạ tầng; cơ hội kinh tế; doanh thu ăn uống/vé/lưu trú; phản hồi du khách,44.47,62.45,28.72,45.04,Thấp,mixed_proxy_thieu_du_lieu,61.5,20/05/2026 22:18
Nha Trang,còn dư địa hoặc cần theo dõi,"Phân luồng tại tuyến ven biển, đặt biển báo, tăng lực lượng ở nút vào bãi biển/POI",Công an/giao thông,trung bình,Tăng doanh thu mùa thấp điểm và kéo dài thời gian lưu trú nếu kích cầu đúng phân khúc.,"Vấn đề -> Hành động -> KPI thay đổi -> Hiệu quả kinh tế: giảm áp lực tại điểm nóng, tăng chi tiêu ăn uống/vận tải/lưu trú/vé ở vùng phụ và giảm chi phí xã hội do kẹt xe/quá tải.",Điểm áp lực; điểm điều phối; điểm hạ tầng; cơ hội kinh tế; doanh thu ăn uống/vé/lưu trú; phản hồi du khách,45.67,56.85,28.72,44.4,Thấp,mixed_proxy_thieu_du_lieu,61.5,20/05/2026 22:18
Nha Trang,còn dư địa hoặc cần theo dõi,"Bán gói liên vùng, chuyển tour sang khung giờ thấp điểm hoặc điểm còn dư địa",Doanh nghiệp du lịch,thấp-trung bình,Tăng doanh thu mùa thấp điểm và kéo dài thời gian lưu trú nếu kích cầu đúng phân khúc.,"Vấn đề -> Hành động -> KPI thay đổi -> Hiệu quả kinh tế: giảm áp lực tại điểm nóng, tăng chi tiêu ăn uống/vận tải/lưu trú/vé ở vùng phụ và giảm chi phí xã hội do kẹt xe/quá tải.",Điểm áp lực; điểm điều phối; điểm hạ tầng; cơ hội kinh tế; doanh thu ăn uống/vé/lưu trú; phản hồi du khách,44.77,63.15,28.72,45.3,Thấp,mixed_proxy_thieu_du_lieu,61.5,20/05/2026 22:18
Nha Trang,còn dư địa hoặc cần theo dõi,"Tạo combo lưu trú dài hơn, voucher ăn uống địa phương và điều tiết giá theo trải nghiệm",Khách sạn,thấp-trung bình,Tăng doanh thu mùa thấp điểm và kéo dài thời gian lưu trú nếu kích cầu đúng phân khúc.,"Vấn đề -> Hành động -> KPI thay đổi -> Hiệu quả kinh tế: giảm áp lực tại điểm nóng, tăng chi tiêu ăn uống/vận tải/lưu trú/vé ở vùng phụ và giảm chi phí xã hội do kẹt xe/quá tải.",Điểm áp lực; điểm điều phối; điểm hạ tầng; cơ hội kinh tế; doanh thu ăn uống/vé/lưu trú; phản hồi du khách,43.87,64.55,28.72,45.22,Thấp,mixed_proxy_thieu_du_lieu,61.5,20/05/2026 22:18
Nha Trang,còn dư địa hoặc cần theo dõi,"Chia vé theo khung giờ, tăng nhân sự soát vé, đẩy QR/e-ticket",Khu vui chơi,thấp-trung bình,Tăng doanh thu mùa thấp điểm và kéo dài thời gian lưu trú nếu kích cầu đúng phân khúc.,"Vấn đề -> Hành động -> KPI thay đổi -> Hiệu quả kinh tế: giảm áp lực tại điểm nóng, tăng chi tiêu ăn uống/vận tải/lưu trú/vé ở vùng phụ và giảm chi phí xã hội do kẹt xe/quá tải.",Điểm áp lực; điểm điều phối; điểm hạ tầng; cơ hội kinh tế; doanh thu ăn uống/vé/lưu trú; phản hồi du khách,44.32,63.85,28.72,45.26,Thấp,mixed_proxy_thieu_du_lieu,61.5,20/05/2026 22:18
Nha Trang,còn dư địa hoặc cần theo dõi,"Tạo voucher giờ thấp điểm, menu combo địa phương và điểm bán vệ tinh",Nhà hàng/OCOP,thấp-trung bình,Tăng doanh thu mùa thấp điểm và kéo dài thời gian lưu trú nếu kích cầu đúng phân khúc.,"Vấn đề -> Hành động -> KPI thay đổi -> Hiệu quả kinh tế: giảm áp lực tại điểm nóng, tăng chi tiêu ăn uống/vận tải/lưu trú/vé ở vùng phụ và giảm chi phí xã hội do kẹt xe/quá tải.",Điểm áp lực; điểm điều phối; điểm hạ tầng; cơ hội kinh tế; doanh thu ăn uống/vé/lưu trú; phản hồi du khách,43.27,65.25,28.72,45.12,Thấp,mixed_proxy_thieu_du_lieu,61.5,20/05/2026 22:18
Nha Trang,còn dư địa hoặc cần theo dõi,Tăng shuttle từ bãi đỗ vệ tinh và tuyến thay thế khi điểm áp lực tăng,Vận tải/shuttle,trung bình,Tăng doanh thu mùa thấp điểm và kéo dài thời gian lưu trú nếu kích cầu đúng phân khúc.,"Vấn đề -> Hành động -> KPI thay đổi -> Hiệu quả kinh tế: giảm áp lực tại điểm nóng, tăng chi tiêu ăn uống/vận tải/lưu trú/vé ở vùng phụ và giảm chi phí xã hội do kẹt xe/quá tải.",Điểm áp lực; điểm điều phối; điểm hạ tầng; cơ hội kinh tế; doanh thu ăn uống/vé/lưu trú; phản hồi du khách,45.37,58.95,28.72,44.7,Thấp,mixed_proxy_thieu_du_lieu,61.5,20/05/2026 22:18
Côn Đảo,còn dư địa hoặc cần theo dõi,"Điều chỉnh truyền thông, kích cầu điểm phụ, công bố cảnh báo trên dashboard/app",Chính quyền,cao,Tăng doanh thu mùa thấp điểm và kéo dài thời gian lưu trú nếu kích cầu đúng phân khúc.,"Vấn đề -> Hành động -> KPI thay đổi -> Hiệu quả kinh tế: giảm áp lực tại điểm nóng, tăng chi tiêu ăn uống/vận tải/lưu trú/vé ở vùng phụ và giảm chi phí xã hội do kẹt xe/quá tải.",Điểm áp lực; điểm điều phối; điểm hạ tầng; cơ hội kinh tế; doanh thu ăn uống/vé/lưu trú; phản hồi du khách,35.8,56.12,27.69,40.0,Thấp,mixed_proxy_thieu_du_lieu,61.5,20/05/2026 22:18
Côn Đảo,còn dư địa hoặc cần theo dõi,"Phân luồng tại tuyến ven biển, đặt biển báo, tăng lực lượng ở nút vào bãi biển/POI",Công an/giao thông,trung bình,Tăng doanh thu mùa thấp điểm và kéo dài thời gian lưu trú nếu kích cầu đúng phân khúc.,"Vấn đề -> Hành động -> KPI thay đổi -> Hiệu quả kinh tế: giảm áp lực tại điểm nóng, tăng chi tiêu ăn uống/vận tải/lưu trú/vé ở vùng phụ và giảm chi phí xã hội do kẹt xe/quá tải.",Điểm áp lực; điểm điều phối; điểm hạ tầng; cơ hội kinh tế; doanh thu ăn uống/vé/lưu trú; phản hồi du khách,37.0,50.52,27.69,39.36,Thấp,mixed_proxy_thieu_du_lieu,61.5,20/05/2026 22:18
Côn Đảo,còn dư địa hoặc cần theo dõi,"Bán gói liên vùng, chuyển tour sang khung giờ thấp điểm hoặc điểm còn dư địa",Doanh nghiệp du lịch,thấp-trung bình,Tăng doanh thu mùa thấp điểm và kéo dài thời gian lưu trú nếu kích cầu đúng phân khúc.,"Vấn đề -> Hành động -> KPI thay đổi -> Hiệu quả kinh tế: giảm áp lực tại điểm nóng, tăng chi tiêu ăn uống/vận tải/lưu trú/vé ở vùng phụ và giảm chi phí xã hội do kẹt xe/quá tải.",Điểm áp lực; điểm điều phối; điểm hạ tầng; cơ hội kinh tế; doanh thu ăn uống/vé/lưu trú; phản hồi du khách,36.1,56.82,27.69,40.26,Thấp,mixed_proxy_thieu_du_lieu,61.5,20/05/2026 22:18
Côn Đảo,còn dư địa hoặc cần theo dõi,"Tạo combo lưu trú dài hơn, voucher ăn uống địa phương và điều tiết giá theo trải nghiệm",Khách sạn,thấp-trung bình,Tăng doanh thu mùa thấp điểm và kéo dài thời gian lưu trú nếu kích cầu đúng phân khúc.,"Vấn đề -> Hành động -> KPI thay đổi -> Hiệu quả kinh tế: giảm áp lực tại điểm nóng, tăng chi tiêu ăn uống/vận tải/lưu trú/vé ở vùng phụ và giảm chi phí xã hội do kẹt xe/quá tải.",Điểm áp lực; điểm điều phối; điểm hạ tầng; cơ hội kinh tế; doanh thu ăn uống/vé/lưu trú; phản hồi du khách,35.2,58.22,27.69,40.18,Thấp,mixed_proxy_thieu_du_lieu,61.5,20/05/2026 22:18
Côn Đảo,còn dư địa hoặc cần theo dõi,"Chia vé theo khung giờ, tăng nhân sự soát vé, đẩy QR/e-ticket",Khu vui chơi,thấp-trung bình,Tăng doanh thu mùa thấp điểm và kéo dài thời gian lưu trú nếu kích cầu đúng phân khúc.,"Vấn đề -> Hành động -> KPI thay đổi -> Hiệu quả kinh tế: giảm áp lực tại điểm nóng, tăng chi tiêu ăn uống/vận tải/lưu trú/vé ở vùng phụ và giảm chi phí xã hội do kẹt xe/quá tải.",Điểm áp lực; điểm điều phối; điểm hạ tầng; cơ hội kinh tế; doanh thu ăn uống/vé/lưu trú; phản hồi du khách,35.65,57.52,27.69,40.22,Thấp,mixed_proxy_thieu_du_lieu,61.5,20/05/2026 22:18
Côn Đảo,còn dư địa hoặc cần theo dõi,"Tạo voucher giờ thấp điểm, menu combo địa phương và điểm bán vệ tinh",Nhà hàng/OCOP,thấp-trung bình,Tăng doanh thu mùa thấp điểm và kéo dài thời gian lưu trú nếu kích cầu đúng phân khúc.,"Vấn đề -> Hành động -> KPI thay đổi -> Hiệu quả kinh tế: giảm áp lực tại điểm nóng, tăng chi tiêu ăn uống/vận tải/lưu trú/vé ở vùng phụ và giảm chi phí xã hội do kẹt xe/quá tải.",Điểm áp lực; điểm điều phối; điểm hạ tầng; cơ hội kinh tế; doanh thu ăn uống/vé/lưu trú; phản hồi du khách,34.6,58.92,27.69,40.08,Thấp,mixed_proxy_thieu_du_lieu,61.5,20/05/2026 22:18
Côn Đảo,còn dư địa hoặc cần theo dõi,Tăng shuttle từ bãi đỗ vệ tinh và tuyến thay thế khi điểm áp lực tăng,Vận tải/shuttle,trung bình,Tăng doanh thu mùa thấp điểm và kéo dài thời gian lưu trú nếu kích cầu đúng phân khúc.,"Vấn đề -> Hành động -> KPI thay đổi -> Hiệu quả kinh tế: giảm áp lực tại điểm nóng, tăng chi tiêu ăn uống/vận tải/lưu trú/vé ở vùng phụ và giảm chi phí xã hội do kẹt xe/quá tải.",Điểm áp lực; điểm điều phối; điểm hạ tầng; cơ hội kinh tế; doanh thu ăn uống/vé/lưu trú; phản hồi du khách,36.7,52.62,27.69,39.66,Thấp,mixed_proxy_thieu_du_lieu,61.5,20/05/2026 22:18
Sa Pa,còn dư địa hoặc cần theo dõi,"Điều chỉnh truyền thông, kích cầu điểm phụ, công bố cảnh báo trên dashboard/app",Chính quyền,cao,Tăng doanh thu mùa thấp điểm và kéo dài thời gian lưu trú nếu kích cầu đúng phân khúc.,"Vấn đề -> Hành động -> KPI thay đổi -> Hiệu quả kinh tế: giảm áp lực tại điểm nóng, tăng chi tiêu ăn uống/vận tải/lưu trú/vé ở vùng phụ và giảm chi phí xã hội do kẹt xe/quá tải.",Điểm áp lực; điểm điều phối; điểm hạ tầng; cơ hội kinh tế; doanh thu ăn uống/vé/lưu trú; phản hồi du khách,39.56,59.85,24.69,41.35,Thấp,mixed_proxy_thieu_du_lieu,61.5,20/05/2026 22:18
Sa Pa,còn dư địa hoặc cần theo dõi,"Phân luồng tại tuyến ven biển, đặt biển báo, tăng lực lượng ở nút vào bãi biển/POI",Công an/giao thông,trung bình,Tăng doanh thu mùa thấp điểm và kéo dài thời gian lưu trú nếu kích cầu đúng phân khúc.,"Vấn đề -> Hành động -> KPI thay đổi -> Hiệu quả kinh tế: giảm áp lực tại điểm nóng, tăng chi tiêu ăn uống/vận tải/lưu trú/vé ở vùng phụ và giảm chi phí xã hội do kẹt xe/quá tải.",Điểm áp lực; điểm điều phối; điểm hạ tầng; cơ hội kinh tế; doanh thu ăn uống/vé/lưu trú; phản hồi du khách,40.76,54.25,24.69,40.71,Thấp,mixed_proxy_thieu_du_lieu,61.5,20/05/2026 22:18
Sa Pa,còn dư địa hoặc cần theo dõi,"Bán gói liên vùng, chuyển tour sang khung giờ thấp điểm hoặc điểm còn dư địa",Doanh nghiệp du lịch,thấp-trung bình,Tăng doanh thu mùa thấp điểm và kéo dài thời gian lưu trú nếu kích cầu đúng phân khúc.,"Vấn đề -> Hành động -> KPI thay đổi -> Hiệu quả kinh tế: giảm áp lực tại điểm nóng, tăng chi tiêu ăn uống/vận tải/lưu trú/vé ở vùng phụ và giảm chi phí xã hội do kẹt xe/quá tải.",Điểm áp lực; điểm điều phối; điểm hạ tầng; cơ hội kinh tế; doanh thu ăn uống/vé/lưu trú; phản hồi du khách,39.86,60.55,24.69,41.61,Thấp,mixed_proxy_thieu_du_lieu,61.5,20/05/2026 22:18
Sa Pa,còn dư địa hoặc cần theo dõi,"Tạo combo lưu trú dài hơn, voucher ăn uống địa phương và điều tiết giá theo trải nghiệm",Khách sạn,thấp-trung bình,Tăng doanh thu mùa thấp điểm và kéo dài thời gian lưu trú nếu kích cầu đúng phân khúc.,"Vấn đề -> Hành động -> KPI thay đổi -> Hiệu quả kinh tế: giảm áp lực tại điểm nóng, tăng chi tiêu ăn uống/vận tải/lưu trú/vé ở vùng phụ và giảm chi phí xã hội do kẹt xe/quá tải.",Điểm áp lực; điểm điều phối; điểm hạ tầng; cơ hội kinh tế; doanh thu ăn uống/vé/lưu trú; phản hồi du khách,38.96,61.95,24.69,41.53,Thấp,mixed_proxy_thieu_du_lieu,61.5,20/05/2026 22:18
Sa Pa,còn dư địa hoặc cần theo dõi,"Chia vé theo khung giờ, tăng nhân sự soát vé, đẩy QR/e-ticket",Khu vui chơi,thấp-trung bình,Tăng doanh thu mùa thấp điểm và kéo dài thời gian lưu trú nếu kích cầu đúng phân khúc.,"Vấn đề -> Hành động -> KPI thay đổi -> Hiệu quả kinh tế: giảm áp lực tại điểm nóng, tăng chi tiêu ăn uống/vận tải/lưu trú/vé ở vùng phụ và giảm chi phí xã hội do kẹt xe/quá tải.",Điểm áp lực; điểm điều phối; điểm hạ tầng; cơ hội kinh tế; doanh thu ăn uống/vé/lưu trú; phản hồi du khách,39.41,61.25,24.69,41.57,Thấp,mixed_proxy_thieu_du_lieu,61.5,20/05/2026 22:18
Sa Pa,còn dư địa hoặc cần theo dõi,"Tạo voucher giờ thấp điểm, menu combo địa phương và điểm bán vệ tinh",Nhà hàng/OCOP,thấp-trung bình,Tăng doanh thu mùa thấp điểm và kéo dài thời gian lưu trú nếu kích cầu đúng phân khúc.,"Vấn đề -> Hành động -> KPI thay đổi -> Hiệu quả kinh tế: giảm áp lực tại điểm nóng, tăng chi tiêu ăn uống/vận tải/lưu trú/vé ở vùng phụ và giảm chi phí xã hội do kẹt xe/quá tải.",Điểm áp lực; điểm điều phối; điểm hạ tầng; cơ hội kinh tế; doanh thu ăn uống/vé/lưu trú; phản hồi du khách,38.36,62.65,24.69,41.43,Thấp,mixed_proxy_thieu_du_lieu,61.5,20/05/2026 22:18
Sa Pa,còn dư địa hoặc cần theo dõi,Tăng shuttle từ bãi đỗ vệ tinh và tuyến thay thế khi điểm áp lực tăng,Vận tải/shuttle,trung bình,Tăng doanh thu mùa thấp điểm và kéo dài thời gian lưu trú nếu kích cầu đúng phân khúc.,"Vấn đề -> Hành động -> KPI thay đổi -> Hiệu quả kinh tế: giảm áp lực tại điểm nóng, tăng chi tiêu ăn uống/vận tải/lưu trú/vé ở vùng phụ và giảm chi phí xã hội do kẹt xe/quá tải.",Điểm áp lực; điểm điều phối; điểm hạ tầng; cơ hội kinh tế; doanh thu ăn uống/vé/lưu trú; phản hồi du khách,40.46,56.35,24.69,41.01,Thấp,mixed_proxy_thieu_du_lieu,61.5,20/05/2026 22:18
TP Hồ Chí Minh,còn dư địa hoặc cần theo dõi,"Điều chỉnh truyền thông, kích cầu điểm phụ, công bố cảnh báo trên dashboard/app",Chính quyền,cao,Tăng doanh thu mùa thấp điểm và kéo dài thời gian lưu trú nếu kích cầu đúng phân khúc.,"Vấn đề -> Hành động -> KPI thay đổi -> Hiệu quả kinh tế: giảm áp lực tại điểm nóng, tăng chi tiêu ăn uống/vận tải/lưu trú/vé ở vùng phụ và giảm chi phí xã hội do kẹt xe/quá tải.",Điểm áp lực; điểm điều phối; điểm hạ tầng; cơ hội kinh tế; doanh thu ăn uống/vé/lưu trú; phản hồi du khách,33.2,57.68,16.48,35.91,Thấp,mixed_proxy_thieu_du_lieu,61.5,20/05/2026 22:18
TP Hồ Chí Minh,còn dư địa hoặc cần theo dõi,"Phân luồng tại tuyến ven biển, đặt biển báo, tăng lực lượng ở nút vào bãi biển/POI",Công an/giao thông,trung bình,Tăng doanh thu mùa thấp điểm và kéo dài thời gian lưu trú nếu kích cầu đúng phân khúc.,"Vấn đề -> Hành động -> KPI thay đổi -> Hiệu quả kinh tế: giảm áp lực tại điểm nóng, tăng chi tiêu ăn uống/vận tải/lưu trú/vé ở vùng phụ và giảm chi phí xã hội do kẹt xe/quá tải.",Điểm áp lực; điểm điều phối; điểm hạ tầng; cơ hội kinh tế; doanh thu ăn uống/vé/lưu trú; phản hồi du khách,34.4,52.08,16.48,35.27,Thấp,mixed_proxy_thieu_du_lieu,61.5,20/05/2026 22:18
TP Hồ Chí Minh,còn dư địa hoặc cần theo dõi,"Bán gói liên vùng, chuyển tour sang khung giờ thấp điểm hoặc điểm còn dư địa",Doanh nghiệp du lịch,thấp-trung bình,Tăng doanh thu mùa thấp điểm và kéo dài thời gian lưu trú nếu kích cầu đúng phân khúc.,"Vấn đề -> Hành động -> KPI thay đổi -> Hiệu quả kinh tế: giảm áp lực tại điểm nóng, tăng chi tiêu ăn uống/vận tải/lưu trú/vé ở vùng phụ và giảm chi phí xã hội do kẹt xe/quá tải.",Điểm áp lực; điểm điều phối; điểm hạ tầng; cơ hội kinh tế; doanh thu ăn uống/vé/lưu trú; phản hồi du khách,33.5,58.38,16.48,36.17,Thấp,mixed_proxy_thieu_du_lieu,61.5,20/05/2026 22:18
TP Hồ Chí Minh,còn dư địa hoặc cần theo dõi,"Tạo combo lưu trú dài hơn, voucher ăn uống địa phương và điều tiết giá theo trải nghiệm",Khách sạn,thấp-trung bình,Tăng doanh thu mùa thấp điểm và kéo dài thời gian lưu trú nếu kích cầu đúng phân khúc.,"Vấn đề -> Hành động -> KPI thay đổi -> Hiệu quả kinh tế: giảm áp lực tại điểm nóng, tăng chi tiêu ăn uống/vận tải/lưu trú/vé ở vùng phụ và giảm chi phí xã hội do kẹt xe/quá tải.",Điểm áp lực; điểm điều phối; điểm hạ tầng; cơ hội kinh tế; doanh thu ăn uống/vé/lưu trú; phản hồi du khách,32.6,59.78,16.48,36.09,Thấp,mixed_proxy_thieu_du_lieu,61.5,20/05/2026 22:18
TP Hồ Chí Minh,còn dư địa hoặc cần theo dõi,"Chia vé theo khung giờ, tăng nhân sự soát vé, đẩy QR/e-ticket",Khu vui chơi,thấp-trung bình,Tăng doanh thu mùa thấp điểm và kéo dài thời gian lưu trú nếu kích cầu đúng phân khúc.,"Vấn đề -> Hành động -> KPI thay đổi -> Hiệu quả kinh tế: giảm áp lực tại điểm nóng, tăng chi tiêu ăn uống/vận tải/lưu trú/vé ở vùng phụ và giảm chi phí xã hội do kẹt xe/quá tải.",Điểm áp lực; điểm điều phối; điểm hạ tầng; cơ hội kinh tế; doanh thu ăn uống/vé/lưu trú; phản hồi du khách,33.05,59.08,16.48,36.13,Thấp,mixed_proxy_thieu_du_lieu,61.5,20/05/2026 22:18
TP Hồ Chí Minh,còn dư địa hoặc cần theo dõi,"Tạo voucher giờ thấp điểm, menu combo địa phương và điểm bán vệ tinh",Nhà hàng/OCOP,thấp-trung bình,Tăng doanh thu mùa thấp điểm và kéo dài thời gian lưu trú nếu kích cầu đúng phân khúc.,"Vấn đề -> Hành động -> KPI thay đổi -> Hiệu quả kinh tế: giảm áp lực tại điểm nóng, tăng chi tiêu ăn uống/vận tải/lưu trú/vé ở vùng phụ và giảm chi phí xã hội do kẹt xe/quá tải.",Điểm áp lực; điểm điều phối; điểm hạ tầng; cơ hội kinh tế; doanh thu ăn uống/vé/lưu trú; phản hồi du khách,32.0,60.48,16.48,35.99,Thấp,mixed_proxy_thieu_du_lieu,61.5,20/05/2026 22:18
TP Hồ Chí Minh,còn dư địa hoặc cần theo dõi,Tăng shuttle từ bãi đỗ vệ tinh và tuyến thay thế khi điểm áp lực tăng,Vận tải/shuttle,trung bình,Tăng doanh thu mùa thấp điểm và kéo dài thời gian lưu trú nếu kích cầu đúng phân khúc.,"Vấn đề -> Hành động -> KPI thay đổi -> Hiệu quả kinh tế: giảm áp lực tại điểm nóng, tăng chi tiêu ăn uống/vận tải/lưu trú/vé ở vùng phụ và giảm chi phí xã hội do kẹt xe/quá tải.",Điểm áp lực; điểm điều phối; điểm hạ tầng; cơ hội kinh tế; doanh thu ăn uống/vé/lưu trú; phản hồi du khách,34.1,54.18,16.48,35.57,Thấp,mixed_proxy_thieu_du_lieu,61.5,20/05/2026 22:18
Đà Lạt,còn dư địa hoặc cần theo dõi,"Điều chỉnh truyền thông, kích cầu điểm phụ, công bố cảnh báo trên dashboard/app",Chính quyền,thấp-trung bình,Tăng doanh thu mùa thấp điểm và kéo dài thời gian lưu trú nếu kích cầu đúng phân khúc.,"Vấn đề -> Hành động -> KPI thay đổi -> Hiệu quả kinh tế: giảm áp lực tại điểm nóng, tăng chi tiêu ăn uống/vận tải/lưu trú/vé ở vùng phụ và giảm chi phí xã hội do kẹt xe/quá tải.",Điểm áp lực; điểm điều phối; điểm hạ tầng; cơ hội kinh tế; doanh thu ăn uống/vé/lưu trú; phản hồi du khách,44.89,64.54,16.38,41.93,Thấp,mixed_proxy_thieu_du_lieu,61.5,20/05/2026 22:18
Đà Lạt,còn dư địa hoặc cần theo dõi,"Phân luồng tại tuyến ven biển, đặt biển báo, tăng lực lượng ở nút vào bãi biển/POI",Công an/giao thông,trung bình,Tăng doanh thu mùa thấp điểm và kéo dài thời gian lưu trú nếu kích cầu đúng phân khúc.,"Vấn đề -> Hành động -> KPI thay đổi -> Hiệu quả kinh tế: giảm áp lực tại điểm nóng, tăng chi tiêu ăn uống/vận tải/lưu trú/vé ở vùng phụ và giảm chi phí xã hội do kẹt xe/quá tải.",Điểm áp lực; điểm điều phối; điểm hạ tầng; cơ hội kinh tế; doanh thu ăn uống/vé/lưu trú; phản hồi du khách,46.09,58.94,16.38,41.29,Thấp,mixed_proxy_thieu_du_lieu,61.5,20/05/2026 22:18
Đà Lạt,còn dư địa hoặc cần theo dõi,"Bán gói liên vùng, chuyển tour sang khung giờ thấp điểm hoặc điểm còn dư địa",Doanh nghiệp du lịch,thấp-trung bình,Tăng doanh thu mùa thấp điểm và kéo dài thời gian lưu trú nếu kích cầu đúng phân khúc.,"Vấn đề -> Hành động -> KPI thay đổi -> Hiệu quả kinh tế: giảm áp lực tại điểm nóng, tăng chi tiêu ăn uống/vận tải/lưu trú/vé ở vùng phụ và giảm chi phí xã hội do kẹt xe/quá tải.",Điểm áp lực; điểm điều phối; điểm hạ tầng; cơ hội kinh tế; doanh thu ăn uống/vé/lưu trú; phản hồi du khách,45.19,65.24,16.38,42.19,Thấp,mixed_proxy_thieu_du_lieu,61.5,20/05/2026 22:18
Đà Lạt,còn dư địa hoặc cần theo dõi,"Tạo combo lưu trú dài hơn, voucher ăn uống địa phương và điều tiết giá theo trải nghiệm",Khách sạn,thấp-trung bình,Tăng doanh thu mùa thấp điểm và kéo dài thời gian lưu trú nếu kích cầu đúng phân khúc.,"Vấn đề -> Hành động -> KPI thay đổi -> Hiệu quả kinh tế: giảm áp lực tại điểm nóng, tăng chi tiêu ăn uống/vận tải/lưu trú/vé ở vùng phụ và giảm chi phí xã hội do kẹt xe/quá tải.",Điểm áp lực; điểm điều phối; điểm hạ tầng; cơ hội kinh tế; doanh thu ăn uống/vé/lưu trú; phản hồi du khách,44.29,66.64,16.38,42.11,Thấp,mixed_proxy_thieu_du_lieu,61.5,20/05/2026 22:18
Đà Lạt,còn dư địa hoặc cần theo dõi,"Chia vé theo khung giờ, tăng nhân sự soát vé, đẩy QR/e-ticket",Khu vui chơi,thấp-trung bình,Tăng doanh thu mùa thấp điểm và kéo dài thời gian lưu trú nếu kích cầu đúng phân khúc.,"Vấn đề -> Hành động -> KPI thay đổi -> Hiệu quả kinh tế: giảm áp lực tại điểm nóng, tăng chi tiêu ăn uống/vận tải/lưu trú/vé ở vùng phụ và giảm chi phí xã hội do kẹt xe/quá tải.",Điểm áp lực; điểm điều phối; điểm hạ tầng; cơ hội kinh tế; doanh thu ăn uống/vé/lưu trú; phản hồi du khách,44.74,65.94,16.38,42.15,Thấp,mixed_proxy_thieu_du_lieu,61.5,20/05/2026 22:18
Đà Lạt,còn dư địa hoặc cần theo dõi,"Tạo voucher giờ thấp điểm, menu combo địa phương và điểm bán vệ tinh",Nhà hàng/OCOP,thấp-trung bình,Tăng doanh thu mùa thấp điểm và kéo dài thời gian lưu trú nếu kích cầu đúng phân khúc.,"Vấn đề -> Hành động -> KPI thay đổi -> Hiệu quả kinh tế: giảm áp lực tại điểm nóng, tăng chi tiêu ăn uống/vận tải/lưu trú/vé ở vùng phụ và giảm chi phí xã hội do kẹt xe/quá tải.",Điểm áp lực; điểm điều phối; điểm hạ tầng; cơ hội kinh tế; doanh thu ăn uống/vé/lưu trú; phản hồi du khách,43.69,67.34,16.38,42.01,Thấp,mixed_proxy_thieu_du_lieu,61.5,20/05/2026 22:18
Đà Lạt,còn dư địa hoặc cần theo dõi,Tăng shuttle từ bãi đỗ vệ tinh và tuyến thay thế khi điểm áp lực tăng,Vận tải/shuttle,trung bình,Tăng doanh thu mùa thấp điểm và kéo dài thời gian lưu trú nếu kích cầu đúng phân khúc.,"Vấn đề -> Hành động -> KPI thay đổi -> Hiệu quả kinh tế: giảm áp lực tại điểm nóng, tăng chi tiêu ăn uống/vận tải/lưu trú/vé ở vùng phụ và giảm chi phí xã hội do kẹt xe/quá tải.",Điểm áp lực; điểm điều phối; điểm hạ tầng; cơ hội kinh tế; doanh thu ăn uống/vé/lưu trú; phản hồi du khách,45.79,61.04,16.38,41.59,Thấp,mixed_proxy_thieu_du_lieu,61.5,20/05/2026 22:18
