"diem_den","van_de","hanh_dong","doi_tuong_thuc_hien","chi_phi_trien_khai","loi_ich_ky_vong","logic_kinh_te","kpi_do_luong","diem_tac_dong_kinh_te","diem_kha_thi","diem_khan_cap","diem_uu_tien","muc_uu_tien","du_lieu_dung","do_tin_cay"
"Ha Long","áp lực cao/nguy cơ quá tải","Điều chỉnh truyền thông, kích cầu điểm phụ, công bố cảnh báo trên dashboard/app","Chính quyền","thấp-trung bình","Giảm áp lực điểm nóng, tăng chi tiêu ăn uống/vận tải/lưu trú ở điểm phụ, giảm chi phí xã hội do kẹt xe và trải nghiệm xấu.","Vấn đề -> Hành động -> KPI thay đổi -> Hiệu quả kinh tế: giảm áp lực tại điểm nóng, tăng chi tiêu ăn uống/vận tải/lưu trú/vé ở vùng phụ và giảm chi phí xã hội do kẹt xe/quá tải.","Điểm áp lực; điểm điều phối; điểm hạ tầng; cơ hội kinh tế; doanh thu ăn uống/vé/lưu trú; phản hồi du khách","64.5","68.66","84.73","85","Cao","mixed_proxy_near_real_time","76.5"
"Ha Long","áp lực cao/nguy cơ quá tải","Phân luồng tại tuyến ven biển, đặt biển báo, tăng lực lượng ở nút vào bãi biển/POI","Công an/giao thông","trung bình","Giảm áp lực điểm nóng, tăng chi tiêu ăn uống/vận tải/lưu trú ở điểm phụ, giảm chi phí xã hội do kẹt xe và trải nghiệm xấu.","Vấn đề -> Hành động -> KPI thay đổi -> Hiệu quả kinh tế: giảm áp lực tại điểm nóng, tăng chi tiêu ăn uống/vận tải/lưu trú/vé ở vùng phụ và giảm chi phí xã hội do kẹt xe/quá tải.","Điểm áp lực; điểm điều phối; điểm hạ tầng; cơ hội kinh tế; doanh thu ăn uống/vé/lưu trú; phản hồi du khách","65.7","63.05","84.73","84","Cao","mixed_proxy_near_real_time","76.5"
"Ha Long","áp lực cao/nguy cơ quá tải","Bán gói liên vùng, chuyển tour sang khung giờ thấp điểm hoặc điểm còn dư địa","Doanh nghiệp du lịch","thấp-trung bình","Giảm áp lực điểm nóng, tăng chi tiêu ăn uống/vận tải/lưu trú ở điểm phụ, giảm chi phí xã hội do kẹt xe và trải nghiệm xấu.","Vấn đề -> Hành động -> KPI thay đổi -> Hiệu quả kinh tế: giảm áp lực tại điểm nóng, tăng chi tiêu ăn uống/vận tải/lưu trú/vé ở vùng phụ và giảm chi phí xã hội do kẹt xe/quá tải.","Điểm áp lực; điểm điều phối; điểm hạ tầng; cơ hội kinh tế; doanh thu ăn uống/vé/lưu trú; phản hồi du khách","64.8","69.36","84.73","85","Cao","mixed_proxy_near_real_time","76.5"
"Ha Long","áp lực cao/nguy cơ quá tải","Tạo combo lưu trú dài hơn, voucher ăn uống địa phương và điều tiết giá theo trải nghiệm","Khách sạn","thấp-trung bình","Giảm áp lực điểm nóng, tăng chi tiêu ăn uống/vận tải/lưu trú ở điểm phụ, giảm chi phí xã hội do kẹt xe và trải nghiệm xấu.","Vấn đề -> Hành động -> KPI thay đổi -> Hiệu quả kinh tế: giảm áp lực tại điểm nóng, tăng chi tiêu ăn uống/vận tải/lưu trú/vé ở vùng phụ và giảm chi phí xã hội do kẹt xe/quá tải.","Điểm áp lực; điểm điều phối; điểm hạ tầng; cơ hội kinh tế; doanh thu ăn uống/vé/lưu trú; phản hồi du khách","63.9","70.75","84.73","85","Cao","mixed_proxy_near_real_time","76.5"
"Ha Long","áp lực cao/nguy cơ quá tải","Chia vé theo khung giờ, tăng nhân sự soát vé, đẩy QR/e-ticket","Khu vui chơi","thấp-trung bình","Giảm áp lực điểm nóng, tăng chi tiêu ăn uống/vận tải/lưu trú ở điểm phụ, giảm chi phí xã hội do kẹt xe và trải nghiệm xấu.","Vấn đề -> Hành động -> KPI thay đổi -> Hiệu quả kinh tế: giảm áp lực tại điểm nóng, tăng chi tiêu ăn uống/vận tải/lưu trú/vé ở vùng phụ và giảm chi phí xã hội do kẹt xe/quá tải.","Điểm áp lực; điểm điều phối; điểm hạ tầng; cơ hội kinh tế; doanh thu ăn uống/vé/lưu trú; phản hồi du khách","64.35","70.05","84.73","85","Cao","mixed_proxy_near_real_time","76.5"
"Ha Long","áp lực cao/nguy cơ quá tải","Tạo voucher giờ thấp điểm, menu combo địa phương và điểm bán vệ tinh","Nhà hàng/OCOP","thấp-trung bình","Giảm áp lực điểm nóng, tăng chi tiêu ăn uống/vận tải/lưu trú ở điểm phụ, giảm chi phí xã hội do kẹt xe và trải nghiệm xấu.","Vấn đề -> Hành động -> KPI thay đổi -> Hiệu quả kinh tế: giảm áp lực tại điểm nóng, tăng chi tiêu ăn uống/vận tải/lưu trú/vé ở vùng phụ và giảm chi phí xã hội do kẹt xe/quá tải.","Điểm áp lực; điểm điều phối; điểm hạ tầng; cơ hội kinh tế; doanh thu ăn uống/vé/lưu trú; phản hồi du khách","63.3","71.45","84.73","85","Cao","mixed_proxy_near_real_time","76.5"
"Ha Long","áp lực cao/nguy cơ quá tải","Tăng shuttle từ bãi đỗ vệ tinh và tuyến thay thế khi điểm áp lực tăng","Vận tải/shuttle","trung bình","Giảm áp lực điểm nóng, tăng chi tiêu ăn uống/vận tải/lưu trú ở điểm phụ, giảm chi phí xã hội do kẹt xe và trải nghiệm xấu.","Vấn đề -> Hành động -> KPI thay đổi -> Hiệu quả kinh tế: giảm áp lực tại điểm nóng, tăng chi tiêu ăn uống/vận tải/lưu trú/vé ở vùng phụ và giảm chi phí xã hội do kẹt xe/quá tải.","Điểm áp lực; điểm điều phối; điểm hạ tầng; cơ hội kinh tế; doanh thu ăn uống/vé/lưu trú; phản hồi du khách","65.4","65.16","84.73","84","Cao","mixed_proxy_near_real_time","76.5"
"Cat Ba","áp lực cao/nguy cơ quá tải","Điều chỉnh truyền thông, kích cầu điểm phụ, công bố cảnh báo trên dashboard/app","Chính quyền","thấp-trung bình","Giảm áp lực điểm nóng, tăng chi tiêu ăn uống/vận tải/lưu trú ở điểm phụ, giảm chi phí xã hội do kẹt xe và trải nghiệm xấu.","Vấn đề -> Hành động -> KPI thay đổi -> Hiệu quả kinh tế: giảm áp lực tại điểm nóng, tăng chi tiêu ăn uống/vận tải/lưu trú/vé ở vùng phụ và giảm chi phí xã hội do kẹt xe/quá tải.","Điểm áp lực; điểm điều phối; điểm hạ tầng; cơ hội kinh tế; doanh thu ăn uống/vé/lưu trú; phản hồi du khách","59.66","67.27","70.81","78","Trung bình","mixed_proxy_near_real_time","76.5"
"Cat Ba","áp lực cao/nguy cơ quá tải","Phân luồng tại tuyến ven biển, đặt biển báo, tăng lực lượng ở nút vào bãi biển/POI","Công an/giao thông","trung bình","Giảm áp lực điểm nóng, tăng chi tiêu ăn uống/vận tải/lưu trú ở điểm phụ, giảm chi phí xã hội do kẹt xe và trải nghiệm xấu.","Vấn đề -> Hành động -> KPI thay đổi -> Hiệu quả kinh tế: giảm áp lực tại điểm nóng, tăng chi tiêu ăn uống/vận tải/lưu trú/vé ở vùng phụ và giảm chi phí xã hội do kẹt xe/quá tải.","Điểm áp lực; điểm điều phối; điểm hạ tầng; cơ hội kinh tế; doanh thu ăn uống/vé/lưu trú; phản hồi du khách","60.86","61.67","70.81","78","Trung bình","mixed_proxy_near_real_time","76.5"
"Cat Ba","áp lực cao/nguy cơ quá tải","Bán gói liên vùng, chuyển tour sang khung giờ thấp điểm hoặc điểm còn dư địa","Doanh nghiệp du lịch","thấp-trung bình","Giảm áp lực điểm nóng, tăng chi tiêu ăn uống/vận tải/lưu trú ở điểm phụ, giảm chi phí xã hội do kẹt xe và trải nghiệm xấu.","Vấn đề -> Hành động -> KPI thay đổi -> Hiệu quả kinh tế: giảm áp lực tại điểm nóng, tăng chi tiêu ăn uống/vận tải/lưu trú/vé ở vùng phụ và giảm chi phí xã hội do kẹt xe/quá tải.","Điểm áp lực; điểm điều phối; điểm hạ tầng; cơ hội kinh tế; doanh thu ăn uống/vé/lưu trú; phản hồi du khách","59.96","67.97","70.81","78","Trung bình","mixed_proxy_near_real_time","76.5"
"Cat Ba","áp lực cao/nguy cơ quá tải","Tạo combo lưu trú dài hơn, voucher ăn uống địa phương và điều tiết giá theo trải nghiệm","Khách sạn","thấp-trung bình","Giảm áp lực điểm nóng, tăng chi tiêu ăn uống/vận tải/lưu trú ở điểm phụ, giảm chi phí xã hội do kẹt xe và trải nghiệm xấu.","Vấn đề -> Hành động -> KPI thay đổi -> Hiệu quả kinh tế: giảm áp lực tại điểm nóng, tăng chi tiêu ăn uống/vận tải/lưu trú/vé ở vùng phụ và giảm chi phí xã hội do kẹt xe/quá tải.","Điểm áp lực; điểm điều phối; điểm hạ tầng; cơ hội kinh tế; doanh thu ăn uống/vé/lưu trú; phản hồi du khách","59.06","69.37","70.81","78","Trung bình","mixed_proxy_near_real_time","76.5"
"Cat Ba","áp lực cao/nguy cơ quá tải","Chia vé theo khung giờ, tăng nhân sự soát vé, đẩy QR/e-ticket","Khu vui chơi","thấp-trung bình","Giảm áp lực điểm nóng, tăng chi tiêu ăn uống/vận tải/lưu trú ở điểm phụ, giảm chi phí xã hội do kẹt xe và trải nghiệm xấu.","Vấn đề -> Hành động -> KPI thay đổi -> Hiệu quả kinh tế: giảm áp lực tại điểm nóng, tăng chi tiêu ăn uống/vận tải/lưu trú/vé ở vùng phụ và giảm chi phí xã hội do kẹt xe/quá tải.","Điểm áp lực; điểm điều phối; điểm hạ tầng; cơ hội kinh tế; doanh thu ăn uống/vé/lưu trú; phản hồi du khách","59.51","68.67","70.81","78","Trung bình","mixed_proxy_near_real_time","76.5"
"Cat Ba","áp lực cao/nguy cơ quá tải","Tạo voucher giờ thấp điểm, menu combo địa phương và điểm bán vệ tinh","Nhà hàng/OCOP","thấp-trung bình","Giảm áp lực điểm nóng, tăng chi tiêu ăn uống/vận tải/lưu trú ở điểm phụ, giảm chi phí xã hội do kẹt xe và trải nghiệm xấu.","Vấn đề -> Hành động -> KPI thay đổi -> Hiệu quả kinh tế: giảm áp lực tại điểm nóng, tăng chi tiêu ăn uống/vận tải/lưu trú/vé ở vùng phụ và giảm chi phí xã hội do kẹt xe/quá tải.","Điểm áp lực; điểm điều phối; điểm hạ tầng; cơ hội kinh tế; doanh thu ăn uống/vé/lưu trú; phản hồi du khách","58.46","70.07","70.81","78","Trung bình","mixed_proxy_near_real_time","76.5"
"Cat Ba","áp lực cao/nguy cơ quá tải","Tăng shuttle từ bãi đỗ vệ tinh và tuyến thay thế khi điểm áp lực tăng","Vận tải/shuttle","trung bình","Giảm áp lực điểm nóng, tăng chi tiêu ăn uống/vận tải/lưu trú ở điểm phụ, giảm chi phí xã hội do kẹt xe và trải nghiệm xấu.","Vấn đề -> Hành động -> KPI thay đổi -> Hiệu quả kinh tế: giảm áp lực tại điểm nóng, tăng chi tiêu ăn uống/vận tải/lưu trú/vé ở vùng phụ và giảm chi phí xã hội do kẹt xe/quá tải.","Điểm áp lực; điểm điều phối; điểm hạ tầng; cơ hội kinh tế; doanh thu ăn uống/vé/lưu trú; phản hồi du khách","60.56","63.77","70.81","78","Trung bình","mixed_proxy_near_real_time","76.5"
"Quy Nhon","còn dư địa hoặc cần theo dõi","Điều chỉnh truyền thông, kích cầu điểm phụ, công bố cảnh báo trên dashboard/app","Chính quyền","thấp-trung bình","Tăng doanh thu mùa thấp điểm và kéo dài thời gian lưu trú nếu kích cầu đúng phân khúc.","Vấn đề -> Hành động -> KPI thay đổi -> Hiệu quả kinh tế: giảm áp lực tại điểm nóng, tăng chi tiêu ăn uống/vận tải/lưu trú/vé ở vùng phụ và giảm chi phí xã hội do kẹt xe/quá tải.","Điểm áp lực; điểm điều phối; điểm hạ tầng; cơ hội kinh tế; doanh thu ăn uống/vé/lưu trú; phản hồi du khách","56.87","66.22","65.71","69","Trung bình","mixed_proxy_near_real_time","76.5"
"Quy Nhon","còn dư địa hoặc cần theo dõi","Phân luồng tại tuyến ven biển, đặt biển báo, tăng lực lượng ở nút vào bãi biển/POI","Công an/giao thông","trung bình","Tăng doanh thu mùa thấp điểm và kéo dài thời gian lưu trú nếu kích cầu đúng phân khúc.","Vấn đề -> Hành động -> KPI thay đổi -> Hiệu quả kinh tế: giảm áp lực tại điểm nóng, tăng chi tiêu ăn uống/vận tải/lưu trú/vé ở vùng phụ và giảm chi phí xã hội do kẹt xe/quá tải.","Điểm áp lực; điểm điều phối; điểm hạ tầng; cơ hội kinh tế; doanh thu ăn uống/vé/lưu trú; phản hồi du khách","58.07","60.62","65.71","69","Trung bình","mixed_proxy_near_real_time","76.5"
"Quy Nhon","còn dư địa hoặc cần theo dõi","Bán gói liên vùng, chuyển tour sang khung giờ thấp điểm hoặc điểm còn dư địa","Doanh nghiệp du lịch","thấp-trung bình","Tăng doanh thu mùa thấp điểm và kéo dài thời gian lưu trú nếu kích cầu đúng phân khúc.","Vấn đề -> Hành động -> KPI thay đổi -> Hiệu quả kinh tế: giảm áp lực tại điểm nóng, tăng chi tiêu ăn uống/vận tải/lưu trú/vé ở vùng phụ và giảm chi phí xã hội do kẹt xe/quá tải.","Điểm áp lực; điểm điều phối; điểm hạ tầng; cơ hội kinh tế; doanh thu ăn uống/vé/lưu trú; phản hồi du khách","57.17","66.92","65.71","70","Trung bình","mixed_proxy_near_real_time","76.5"
"Quy Nhon","còn dư địa hoặc cần theo dõi","Tạo combo lưu trú dài hơn, voucher ăn uống địa phương và điều tiết giá theo trải nghiệm","Khách sạn","thấp-trung bình","Tăng doanh thu mùa thấp điểm và kéo dài thời gian lưu trú nếu kích cầu đúng phân khúc.","Vấn đề -> Hành động -> KPI thay đổi -> Hiệu quả kinh tế: giảm áp lực tại điểm nóng, tăng chi tiêu ăn uống/vận tải/lưu trú/vé ở vùng phụ và giảm chi phí xã hội do kẹt xe/quá tải.","Điểm áp lực; điểm điều phối; điểm hạ tầng; cơ hội kinh tế; doanh thu ăn uống/vé/lưu trú; phản hồi du khách","56.27","68.32","65.71","70","Trung bình","mixed_proxy_near_real_time","76.5"
"Quy Nhon","còn dư địa hoặc cần theo dõi","Chia vé theo khung giờ, tăng nhân sự soát vé, đẩy QR/e-ticket","Khu vui chơi","thấp-trung bình","Tăng doanh thu mùa thấp điểm và kéo dài thời gian lưu trú nếu kích cầu đúng phân khúc.","Vấn đề -> Hành động -> KPI thay đổi -> Hiệu quả kinh tế: giảm áp lực tại điểm nóng, tăng chi tiêu ăn uống/vận tải/lưu trú/vé ở vùng phụ và giảm chi phí xã hội do kẹt xe/quá tải.","Điểm áp lực; điểm điều phối; điểm hạ tầng; cơ hội kinh tế; doanh thu ăn uống/vé/lưu trú; phản hồi du khách","56.72","67.62","65.71","70","Trung bình","mixed_proxy_near_real_time","76.5"
"Quy Nhon","còn dư địa hoặc cần theo dõi","Tạo voucher giờ thấp điểm, menu combo địa phương và điểm bán vệ tinh","Nhà hàng/OCOP","thấp-trung bình","Tăng doanh thu mùa thấp điểm và kéo dài thời gian lưu trú nếu kích cầu đúng phân khúc.","Vấn đề -> Hành động -> KPI thay đổi -> Hiệu quả kinh tế: giảm áp lực tại điểm nóng, tăng chi tiêu ăn uống/vận tải/lưu trú/vé ở vùng phụ và giảm chi phí xã hội do kẹt xe/quá tải.","Điểm áp lực; điểm điều phối; điểm hạ tầng; cơ hội kinh tế; doanh thu ăn uống/vé/lưu trú; phản hồi du khách","55.67","69.02","65.71","69","Trung bình","mixed_proxy_near_real_time","76.5"
"Quy Nhon","còn dư địa hoặc cần theo dõi","Tăng shuttle từ bãi đỗ vệ tinh và tuyến thay thế khi điểm áp lực tăng","Vận tải/shuttle","trung bình","Tăng doanh thu mùa thấp điểm và kéo dài thời gian lưu trú nếu kích cầu đúng phân khúc.","Vấn đề -> Hành động -> KPI thay đổi -> Hiệu quả kinh tế: giảm áp lực tại điểm nóng, tăng chi tiêu ăn uống/vận tải/lưu trú/vé ở vùng phụ và giảm chi phí xã hội do kẹt xe/quá tải.","Điểm áp lực; điểm điều phối; điểm hạ tầng; cơ hội kinh tế; doanh thu ăn uống/vé/lưu trú; phản hồi du khách","57.77","62.72","65.71","69","Trung bình","mixed_proxy_near_real_time","76.5"
"Da Nang","còn dư địa hoặc cần theo dõi","Điều chỉnh truyền thông, kích cầu điểm phụ, công bố cảnh báo trên dashboard/app","Chính quyền","thấp-trung bình","Tăng doanh thu mùa thấp điểm và kéo dài thời gian lưu trú nếu kích cầu đúng phân khúc.","Vấn đề -> Hành động -> KPI thay đổi -> Hiệu quả kinh tế: giảm áp lực tại điểm nóng, tăng chi tiêu ăn uống/vận tải/lưu trú/vé ở vùng phụ và giảm chi phí xã hội do kẹt xe/quá tải.","Điểm áp lực; điểm điều phối; điểm hạ tầng; cơ hội kinh tế; doanh thu ăn uống/vé/lưu trú; phản hồi du khách","66.93","76.36","63.06","75","Trung bình","mixed_proxy_near_real_time","76.5"
"Da Nang","còn dư địa hoặc cần theo dõi","Phân luồng tại tuyến ven biển, đặt biển báo, tăng lực lượng ở nút vào bãi biển/POI","Công an/giao thông","trung bình","Tăng doanh thu mùa thấp điểm và kéo dài thời gian lưu trú nếu kích cầu đúng phân khúc.","Vấn đề -> Hành động -> KPI thay đổi -> Hiệu quả kinh tế: giảm áp lực tại điểm nóng, tăng chi tiêu ăn uống/vận tải/lưu trú/vé ở vùng phụ và giảm chi phí xã hội do kẹt xe/quá tải.","Điểm áp lực; điểm điều phối; điểm hạ tầng; cơ hội kinh tế; doanh thu ăn uống/vé/lưu trú; phản hồi du khách","68.13","70.76","63.06","74","Trung bình","mixed_proxy_near_real_time","76.5"
"Da Nang","còn dư địa hoặc cần theo dõi","Bán gói liên vùng, chuyển tour sang khung giờ thấp điểm hoặc điểm còn dư địa","Doanh nghiệp du lịch","thấp-trung bình","Tăng doanh thu mùa thấp điểm và kéo dài thời gian lưu trú nếu kích cầu đúng phân khúc.","Vấn đề -> Hành động -> KPI thay đổi -> Hiệu quả kinh tế: giảm áp lực tại điểm nóng, tăng chi tiêu ăn uống/vận tải/lưu trú/vé ở vùng phụ và giảm chi phí xã hội do kẹt xe/quá tải.","Điểm áp lực; điểm điều phối; điểm hạ tầng; cơ hội kinh tế; doanh thu ăn uống/vé/lưu trú; phản hồi du khách","67.23","77.06","63.06","75","Trung bình","mixed_proxy_near_real_time","76.5"
"Da Nang","còn dư địa hoặc cần theo dõi","Tạo combo lưu trú dài hơn, voucher ăn uống địa phương và điều tiết giá theo trải nghiệm","Khách sạn","thấp-trung bình","Tăng doanh thu mùa thấp điểm và kéo dài thời gian lưu trú nếu kích cầu đúng phân khúc.","Vấn đề -> Hành động -> KPI thay đổi -> Hiệu quả kinh tế: giảm áp lực tại điểm nóng, tăng chi tiêu ăn uống/vận tải/lưu trú/vé ở vùng phụ và giảm chi phí xã hội do kẹt xe/quá tải.","Điểm áp lực; điểm điều phối; điểm hạ tầng; cơ hội kinh tế; doanh thu ăn uống/vé/lưu trú; phản hồi du khách","66.33","78.46","63.06","75","Trung bình","mixed_proxy_near_real_time","76.5"
"Da Nang","còn dư địa hoặc cần theo dõi","Chia vé theo khung giờ, tăng nhân sự soát vé, đẩy QR/e-ticket","Khu vui chơi","thấp-trung bình","Tăng doanh thu mùa thấp điểm và kéo dài thời gian lưu trú nếu kích cầu đúng phân khúc.","Vấn đề -> Hành động -> KPI thay đổi -> Hiệu quả kinh tế: giảm áp lực tại điểm nóng, tăng chi tiêu ăn uống/vận tải/lưu trú/vé ở vùng phụ và giảm chi phí xã hội do kẹt xe/quá tải.","Điểm áp lực; điểm điều phối; điểm hạ tầng; cơ hội kinh tế; doanh thu ăn uống/vé/lưu trú; phản hồi du khách","66.78","77.76","63.06","75","Trung bình","mixed_proxy_near_real_time","76.5"
"Da Nang","còn dư địa hoặc cần theo dõi","Tạo voucher giờ thấp điểm, menu combo địa phương và điểm bán vệ tinh","Nhà hàng/OCOP","thấp-trung bình","Tăng doanh thu mùa thấp điểm và kéo dài thời gian lưu trú nếu kích cầu đúng phân khúc.","Vấn đề -> Hành động -> KPI thay đổi -> Hiệu quả kinh tế: giảm áp lực tại điểm nóng, tăng chi tiêu ăn uống/vận tải/lưu trú/vé ở vùng phụ và giảm chi phí xã hội do kẹt xe/quá tải.","Điểm áp lực; điểm điều phối; điểm hạ tầng; cơ hội kinh tế; doanh thu ăn uống/vé/lưu trú; phản hồi du khách","65.73","79.16","63.06","75","Trung bình","mixed_proxy_near_real_time","76.5"
"Da Nang","còn dư địa hoặc cần theo dõi","Tăng shuttle từ bãi đỗ vệ tinh và tuyến thay thế khi điểm áp lực tăng","Vận tải/shuttle","trung bình","Tăng doanh thu mùa thấp điểm và kéo dài thời gian lưu trú nếu kích cầu đúng phân khúc.","Vấn đề -> Hành động -> KPI thay đổi -> Hiệu quả kinh tế: giảm áp lực tại điểm nóng, tăng chi tiêu ăn uống/vận tải/lưu trú/vé ở vùng phụ và giảm chi phí xã hội do kẹt xe/quá tải.","Điểm áp lực; điểm điều phối; điểm hạ tầng; cơ hội kinh tế; doanh thu ăn uống/vé/lưu trú; phản hồi du khách","67.83","72.86","63.06","74","Trung bình","mixed_proxy_near_real_time","76.5"
"Mui Ne","còn dư địa hoặc cần theo dõi","Điều chỉnh truyền thông, kích cầu điểm phụ, công bố cảnh báo trên dashboard/app","Chính quyền","thấp-trung bình","Tăng doanh thu mùa thấp điểm và kéo dài thời gian lưu trú nếu kích cầu đúng phân khúc.","Vấn đề -> Hành động -> KPI thay đổi -> Hiệu quả kinh tế: giảm áp lực tại điểm nóng, tăng chi tiêu ăn uống/vận tải/lưu trú/vé ở vùng phụ và giảm chi phí xã hội do kẹt xe/quá tải.","Điểm áp lực; điểm điều phối; điểm hạ tầng; cơ hội kinh tế; doanh thu ăn uống/vé/lưu trú; phản hồi du khách","57.95","69.1","60.78","69","Trung bình","mixed_proxy_near_real_time","76.5"
"Mui Ne","còn dư địa hoặc cần theo dõi","Phân luồng tại tuyến ven biển, đặt biển báo, tăng lực lượng ở nút vào bãi biển/POI","Công an/giao thông","trung bình","Tăng doanh thu mùa thấp điểm và kéo dài thời gian lưu trú nếu kích cầu đúng phân khúc.","Vấn đề -> Hành động -> KPI thay đổi -> Hiệu quả kinh tế: giảm áp lực tại điểm nóng, tăng chi tiêu ăn uống/vận tải/lưu trú/vé ở vùng phụ và giảm chi phí xã hội do kẹt xe/quá tải.","Điểm áp lực; điểm điều phối; điểm hạ tầng; cơ hội kinh tế; doanh thu ăn uống/vé/lưu trú; phản hồi du khách","59.15","63.5","60.78","68","Trung bình","mixed_proxy_near_real_time","76.5"
"Mui Ne","còn dư địa hoặc cần theo dõi","Bán gói liên vùng, chuyển tour sang khung giờ thấp điểm hoặc điểm còn dư địa","Doanh nghiệp du lịch","thấp-trung bình","Tăng doanh thu mùa thấp điểm và kéo dài thời gian lưu trú nếu kích cầu đúng phân khúc.","Vấn đề -> Hành động -> KPI thay đổi -> Hiệu quả kinh tế: giảm áp lực tại điểm nóng, tăng chi tiêu ăn uống/vận tải/lưu trú/vé ở vùng phụ và giảm chi phí xã hội do kẹt xe/quá tải.","Điểm áp lực; điểm điều phối; điểm hạ tầng; cơ hội kinh tế; doanh thu ăn uống/vé/lưu trú; phản hồi du khách","58.25","69.8","60.78","69","Trung bình","mixed_proxy_near_real_time","76.5"
"Mui Ne","còn dư địa hoặc cần theo dõi","Tạo combo lưu trú dài hơn, voucher ăn uống địa phương và điều tiết giá theo trải nghiệm","Khách sạn","thấp-trung bình","Tăng doanh thu mùa thấp điểm và kéo dài thời gian lưu trú nếu kích cầu đúng phân khúc.","Vấn đề -> Hành động -> KPI thay đổi -> Hiệu quả kinh tế: giảm áp lực tại điểm nóng, tăng chi tiêu ăn uống/vận tải/lưu trú/vé ở vùng phụ và giảm chi phí xã hội do kẹt xe/quá tải.","Điểm áp lực; điểm điều phối; điểm hạ tầng; cơ hội kinh tế; doanh thu ăn uống/vé/lưu trú; phản hồi du khách","57.35","71.2","60.78","69","Trung bình","mixed_proxy_near_real_time","76.5"
"Mui Ne","còn dư địa hoặc cần theo dõi","Chia vé theo khung giờ, tăng nhân sự soát vé, đẩy QR/e-ticket","Khu vui chơi","thấp-trung bình","Tăng doanh thu mùa thấp điểm và kéo dài thời gian lưu trú nếu kích cầu đúng phân khúc.","Vấn đề -> Hành động -> KPI thay đổi -> Hiệu quả kinh tế: giảm áp lực tại điểm nóng, tăng chi tiêu ăn uống/vận tải/lưu trú/vé ở vùng phụ và giảm chi phí xã hội do kẹt xe/quá tải.","Điểm áp lực; điểm điều phối; điểm hạ tầng; cơ hội kinh tế; doanh thu ăn uống/vé/lưu trú; phản hồi du khách","57.8","70.5","60.78","69","Trung bình","mixed_proxy_near_real_time","76.5"
"Mui Ne","còn dư địa hoặc cần theo dõi","Tạo voucher giờ thấp điểm, menu combo địa phương và điểm bán vệ tinh","Nhà hàng/OCOP","thấp-trung bình","Tăng doanh thu mùa thấp điểm và kéo dài thời gian lưu trú nếu kích cầu đúng phân khúc.","Vấn đề -> Hành động -> KPI thay đổi -> Hiệu quả kinh tế: giảm áp lực tại điểm nóng, tăng chi tiêu ăn uống/vận tải/lưu trú/vé ở vùng phụ và giảm chi phí xã hội do kẹt xe/quá tải.","Điểm áp lực; điểm điều phối; điểm hạ tầng; cơ hội kinh tế; doanh thu ăn uống/vé/lưu trú; phản hồi du khách","56.75","71.9","60.78","69","Trung bình","mixed_proxy_near_real_time","76.5"
"Mui Ne","còn dư địa hoặc cần theo dõi","Tăng shuttle từ bãi đỗ vệ tinh và tuyến thay thế khi điểm áp lực tăng","Vận tải/shuttle","trung bình","Tăng doanh thu mùa thấp điểm và kéo dài thời gian lưu trú nếu kích cầu đúng phân khúc.","Vấn đề -> Hành động -> KPI thay đổi -> Hiệu quả kinh tế: giảm áp lực tại điểm nóng, tăng chi tiêu ăn uống/vận tải/lưu trú/vé ở vùng phụ và giảm chi phí xã hội do kẹt xe/quá tải.","Điểm áp lực; điểm điều phối; điểm hạ tầng; cơ hội kinh tế; doanh thu ăn uống/vé/lưu trú; phản hồi du khách","58.85","65.6","60.78","69","Trung bình","mixed_proxy_near_real_time","76.5"
"Sam Son","còn dư địa hoặc cần theo dõi","Điều chỉnh truyền thông, kích cầu điểm phụ, công bố cảnh báo trên dashboard/app","Chính quyền","cao","Tăng doanh thu mùa thấp điểm và kéo dài thời gian lưu trú nếu kích cầu đúng phân khúc.","Vấn đề -> Hành động -> KPI thay đổi -> Hiệu quả kinh tế: giảm áp lực tại điểm nóng, tăng chi tiêu ăn uống/vận tải/lưu trú/vé ở vùng phụ và giảm chi phí xã hội do kẹt xe/quá tải.","Điểm áp lực; điểm điều phối; điểm hạ tầng; cơ hội kinh tế; doanh thu ăn uống/vé/lưu trú; phản hồi du khách","44.58","58.37","58.85","61","Trung bình","mixed_proxy_near_real_time","76.5"
"Sam Son","còn dư địa hoặc cần theo dõi","Phân luồng tại tuyến ven biển, đặt biển báo, tăng lực lượng ở nút vào bãi biển/POI","Công an/giao thông","trung bình","Tăng doanh thu mùa thấp điểm và kéo dài thời gian lưu trú nếu kích cầu đúng phân khúc.","Vấn đề -> Hành động -> KPI thay đổi -> Hiệu quả kinh tế: giảm áp lực tại điểm nóng, tăng chi tiêu ăn uống/vận tải/lưu trú/vé ở vùng phụ và giảm chi phí xã hội do kẹt xe/quá tải.","Điểm áp lực; điểm điều phối; điểm hạ tầng; cơ hội kinh tế; doanh thu ăn uống/vé/lưu trú; phản hồi du khách","45.78","52.77","58.85","60","Trung bình","mixed_proxy_near_real_time","76.5"
"Sam Son","còn dư địa hoặc cần theo dõi","Bán gói liên vùng, chuyển tour sang khung giờ thấp điểm hoặc điểm còn dư địa","Doanh nghiệp du lịch","thấp-trung bình","Tăng doanh thu mùa thấp điểm và kéo dài thời gian lưu trú nếu kích cầu đúng phân khúc.","Vấn đề -> Hành động -> KPI thay đổi -> Hiệu quả kinh tế: giảm áp lực tại điểm nóng, tăng chi tiêu ăn uống/vận tải/lưu trú/vé ở vùng phụ và giảm chi phí xã hội do kẹt xe/quá tải.","Điểm áp lực; điểm điều phối; điểm hạ tầng; cơ hội kinh tế; doanh thu ăn uống/vé/lưu trú; phản hồi du khách","44.88","59.07","58.85","61","Trung bình","mixed_proxy_near_real_time","76.5"
"Sam Son","còn dư địa hoặc cần theo dõi","Tạo combo lưu trú dài hơn, voucher ăn uống địa phương và điều tiết giá theo trải nghiệm","Khách sạn","thấp-trung bình","Tăng doanh thu mùa thấp điểm và kéo dài thời gian lưu trú nếu kích cầu đúng phân khúc.","Vấn đề -> Hành động -> KPI thay đổi -> Hiệu quả kinh tế: giảm áp lực tại điểm nóng, tăng chi tiêu ăn uống/vận tải/lưu trú/vé ở vùng phụ và giảm chi phí xã hội do kẹt xe/quá tải.","Điểm áp lực; điểm điều phối; điểm hạ tầng; cơ hội kinh tế; doanh thu ăn uống/vé/lưu trú; phản hồi du khách","43.98","60.47","58.85","61","Trung bình","mixed_proxy_near_real_time","76.5"
"Sam Son","còn dư địa hoặc cần theo dõi","Chia vé theo khung giờ, tăng nhân sự soát vé, đẩy QR/e-ticket","Khu vui chơi","thấp-trung bình","Tăng doanh thu mùa thấp điểm và kéo dài thời gian lưu trú nếu kích cầu đúng phân khúc.","Vấn đề -> Hành động -> KPI thay đổi -> Hiệu quả kinh tế: giảm áp lực tại điểm nóng, tăng chi tiêu ăn uống/vận tải/lưu trú/vé ở vùng phụ và giảm chi phí xã hội do kẹt xe/quá tải.","Điểm áp lực; điểm điều phối; điểm hạ tầng; cơ hội kinh tế; doanh thu ăn uống/vé/lưu trú; phản hồi du khách","44.43","59.77","58.85","61","Trung bình","mixed_proxy_near_real_time","76.5"
"Sam Son","còn dư địa hoặc cần theo dõi","Tạo voucher giờ thấp điểm, menu combo địa phương và điểm bán vệ tinh","Nhà hàng/OCOP","thấp-trung bình","Tăng doanh thu mùa thấp điểm và kéo dài thời gian lưu trú nếu kích cầu đúng phân khúc.","Vấn đề -> Hành động -> KPI thay đổi -> Hiệu quả kinh tế: giảm áp lực tại điểm nóng, tăng chi tiêu ăn uống/vận tải/lưu trú/vé ở vùng phụ và giảm chi phí xã hội do kẹt xe/quá tải.","Điểm áp lực; điểm điều phối; điểm hạ tầng; cơ hội kinh tế; doanh thu ăn uống/vé/lưu trú; phản hồi du khách","43.38","61.17","58.85","61","Trung bình","mixed_proxy_near_real_time","76.5"
"Sam Son","còn dư địa hoặc cần theo dõi","Tăng shuttle từ bãi đỗ vệ tinh và tuyến thay thế khi điểm áp lực tăng","Vận tải/shuttle","trung bình","Tăng doanh thu mùa thấp điểm và kéo dài thời gian lưu trú nếu kích cầu đúng phân khúc.","Vấn đề -> Hành động -> KPI thay đổi -> Hiệu quả kinh tế: giảm áp lực tại điểm nóng, tăng chi tiêu ăn uống/vận tải/lưu trú/vé ở vùng phụ và giảm chi phí xã hội do kẹt xe/quá tải.","Điểm áp lực; điểm điều phối; điểm hạ tầng; cơ hội kinh tế; doanh thu ăn uống/vé/lưu trú; phản hồi du khách","45.48","54.87","58.85","60","Trung bình","mixed_proxy_near_real_time","76.5"
"Hoi An","còn dư địa hoặc cần theo dõi","Điều chỉnh truyền thông, kích cầu điểm phụ, công bố cảnh báo trên dashboard/app","Chính quyền","thấp-trung bình","Tăng doanh thu mùa thấp điểm và kéo dài thời gian lưu trú nếu kích cầu đúng phân khúc.","Vấn đề -> Hành động -> KPI thay đổi -> Hiệu quả kinh tế: giảm áp lực tại điểm nóng, tăng chi tiêu ăn uống/vận tải/lưu trú/vé ở vùng phụ và giảm chi phí xã hội do kẹt xe/quá tải.","Điểm áp lực; điểm điều phối; điểm hạ tầng; cơ hội kinh tế; doanh thu ăn uống/vé/lưu trú; phản hồi du khách","69.94","79.42","52.25","73","Trung bình","mixed_proxy_near_real_time","76.5"
"Hoi An","còn dư địa hoặc cần theo dõi","Phân luồng tại tuyến ven biển, đặt biển báo, tăng lực lượng ở nút vào bãi biển/POI","Công an/giao thông","trung bình","Tăng doanh thu mùa thấp điểm và kéo dài thời gian lưu trú nếu kích cầu đúng phân khúc.","Vấn đề -> Hành động -> KPI thay đổi -> Hiệu quả kinh tế: giảm áp lực tại điểm nóng, tăng chi tiêu ăn uống/vận tải/lưu trú/vé ở vùng phụ và giảm chi phí xã hội do kẹt xe/quá tải.","Điểm áp lực; điểm điều phối; điểm hạ tầng; cơ hội kinh tế; doanh thu ăn uống/vé/lưu trú; phản hồi du khách","71.14","73.82","52.25","73","Trung bình","mixed_proxy_near_real_time","76.5"
"Hoi An","còn dư địa hoặc cần theo dõi","Bán gói liên vùng, chuyển tour sang khung giờ thấp điểm hoặc điểm còn dư địa","Doanh nghiệp du lịch","thấp-trung bình","Tăng doanh thu mùa thấp điểm và kéo dài thời gian lưu trú nếu kích cầu đúng phân khúc.","Vấn đề -> Hành động -> KPI thay đổi -> Hiệu quả kinh tế: giảm áp lực tại điểm nóng, tăng chi tiêu ăn uống/vận tải/lưu trú/vé ở vùng phụ và giảm chi phí xã hội do kẹt xe/quá tải.","Điểm áp lực; điểm điều phối; điểm hạ tầng; cơ hội kinh tế; doanh thu ăn uống/vé/lưu trú; phản hồi du khách","70.24","80.12","52.25","73","Trung bình","mixed_proxy_near_real_time","76.5"
"Hoi An","còn dư địa hoặc cần theo dõi","Tạo combo lưu trú dài hơn, voucher ăn uống địa phương và điều tiết giá theo trải nghiệm","Khách sạn","thấp-trung bình","Tăng doanh thu mùa thấp điểm và kéo dài thời gian lưu trú nếu kích cầu đúng phân khúc.","Vấn đề -> Hành động -> KPI thay đổi -> Hiệu quả kinh tế: giảm áp lực tại điểm nóng, tăng chi tiêu ăn uống/vận tải/lưu trú/vé ở vùng phụ và giảm chi phí xã hội do kẹt xe/quá tải.","Điểm áp lực; điểm điều phối; điểm hạ tầng; cơ hội kinh tế; doanh thu ăn uống/vé/lưu trú; phản hồi du khách","69.34","81.52","52.25","73","Trung bình","mixed_proxy_near_real_time","76.5"
"Hoi An","còn dư địa hoặc cần theo dõi","Chia vé theo khung giờ, tăng nhân sự soát vé, đẩy QR/e-ticket","Khu vui chơi","thấp-trung bình","Tăng doanh thu mùa thấp điểm và kéo dài thời gian lưu trú nếu kích cầu đúng phân khúc.","Vấn đề -> Hành động -> KPI thay đổi -> Hiệu quả kinh tế: giảm áp lực tại điểm nóng, tăng chi tiêu ăn uống/vận tải/lưu trú/vé ở vùng phụ và giảm chi phí xã hội do kẹt xe/quá tải.","Điểm áp lực; điểm điều phối; điểm hạ tầng; cơ hội kinh tế; doanh thu ăn uống/vé/lưu trú; phản hồi du khách","69.79","80.82","52.25","73","Trung bình","mixed_proxy_near_real_time","76.5"
"Hoi An","còn dư địa hoặc cần theo dõi","Tạo voucher giờ thấp điểm, menu combo địa phương và điểm bán vệ tinh","Nhà hàng/OCOP","thấp-trung bình","Tăng doanh thu mùa thấp điểm và kéo dài thời gian lưu trú nếu kích cầu đúng phân khúc.","Vấn đề -> Hành động -> KPI thay đổi -> Hiệu quả kinh tế: giảm áp lực tại điểm nóng, tăng chi tiêu ăn uống/vận tải/lưu trú/vé ở vùng phụ và giảm chi phí xã hội do kẹt xe/quá tải.","Điểm áp lực; điểm điều phối; điểm hạ tầng; cơ hội kinh tế; doanh thu ăn uống/vé/lưu trú; phản hồi du khách","68.74","82.22","52.25","73","Trung bình","mixed_proxy_near_real_time","76.5"
"Hoi An","còn dư địa hoặc cần theo dõi","Tăng shuttle từ bãi đỗ vệ tinh và tuyến thay thế khi điểm áp lực tăng","Vận tải/shuttle","trung bình","Tăng doanh thu mùa thấp điểm và kéo dài thời gian lưu trú nếu kích cầu đúng phân khúc.","Vấn đề -> Hành động -> KPI thay đổi -> Hiệu quả kinh tế: giảm áp lực tại điểm nóng, tăng chi tiêu ăn uống/vận tải/lưu trú/vé ở vùng phụ và giảm chi phí xã hội do kẹt xe/quá tải.","Điểm áp lực; điểm điều phối; điểm hạ tầng; cơ hội kinh tế; doanh thu ăn uống/vé/lưu trú; phản hồi du khách","70.84","75.92","52.25","73","Trung bình","mixed_proxy_near_real_time","76.5"
"Hue","còn dư địa hoặc cần theo dõi","Điều chỉnh truyền thông, kích cầu điểm phụ, công bố cảnh báo trên dashboard/app","Chính quyền","thấp-trung bình","Tăng doanh thu mùa thấp điểm và kéo dài thời gian lưu trú nếu kích cầu đúng phân khúc.","Vấn đề -> Hành động -> KPI thay đổi -> Hiệu quả kinh tế: giảm áp lực tại điểm nóng, tăng chi tiêu ăn uống/vận tải/lưu trú/vé ở vùng phụ và giảm chi phí xã hội do kẹt xe/quá tải.","Điểm áp lực; điểm điều phối; điểm hạ tầng; cơ hội kinh tế; doanh thu ăn uống/vé/lưu trú; phản hồi du khách","61.94","73.43","51.4","69","Trung bình","mixed_proxy_near_real_time","76.5"
"Hue","còn dư địa hoặc cần theo dõi","Phân luồng tại tuyến ven biển, đặt biển báo, tăng lực lượng ở nút vào bãi biển/POI","Công an/giao thông","trung bình","Tăng doanh thu mùa thấp điểm và kéo dài thời gian lưu trú nếu kích cầu đúng phân khúc.","Vấn đề -> Hành động -> KPI thay đổi -> Hiệu quả kinh tế: giảm áp lực tại điểm nóng, tăng chi tiêu ăn uống/vận tải/lưu trú/vé ở vùng phụ và giảm chi phí xã hội do kẹt xe/quá tải.","Điểm áp lực; điểm điều phối; điểm hạ tầng; cơ hội kinh tế; doanh thu ăn uống/vé/lưu trú; phản hồi du khách","63.14","67.83","51.4","68","Trung bình","mixed_proxy_near_real_time","76.5"
"Hue","còn dư địa hoặc cần theo dõi","Bán gói liên vùng, chuyển tour sang khung giờ thấp điểm hoặc điểm còn dư địa","Doanh nghiệp du lịch","thấp-trung bình","Tăng doanh thu mùa thấp điểm và kéo dài thời gian lưu trú nếu kích cầu đúng phân khúc.","Vấn đề -> Hành động -> KPI thay đổi -> Hiệu quả kinh tế: giảm áp lực tại điểm nóng, tăng chi tiêu ăn uống/vận tải/lưu trú/vé ở vùng phụ và giảm chi phí xã hội do kẹt xe/quá tải.","Điểm áp lực; điểm điều phối; điểm hạ tầng; cơ hội kinh tế; doanh thu ăn uống/vé/lưu trú; phản hồi du khách","62.24","74.13","51.4","69","Trung bình","mixed_proxy_near_real_time","76.5"
"Hue","còn dư địa hoặc cần theo dõi","Tạo combo lưu trú dài hơn, voucher ăn uống địa phương và điều tiết giá theo trải nghiệm","Khách sạn","thấp-trung bình","Tăng doanh thu mùa thấp điểm và kéo dài thời gian lưu trú nếu kích cầu đúng phân khúc.","Vấn đề -> Hành động -> KPI thay đổi -> Hiệu quả kinh tế: giảm áp lực tại điểm nóng, tăng chi tiêu ăn uống/vận tải/lưu trú/vé ở vùng phụ và giảm chi phí xã hội do kẹt xe/quá tải.","Điểm áp lực; điểm điều phối; điểm hạ tầng; cơ hội kinh tế; doanh thu ăn uống/vé/lưu trú; phản hồi du khách","61.34","75.53","51.4","69","Trung bình","mixed_proxy_near_real_time","76.5"
"Hue","còn dư địa hoặc cần theo dõi","Chia vé theo khung giờ, tăng nhân sự soát vé, đẩy QR/e-ticket","Khu vui chơi","thấp-trung bình","Tăng doanh thu mùa thấp điểm và kéo dài thời gian lưu trú nếu kích cầu đúng phân khúc.","Vấn đề -> Hành động -> KPI thay đổi -> Hiệu quả kinh tế: giảm áp lực tại điểm nóng, tăng chi tiêu ăn uống/vận tải/lưu trú/vé ở vùng phụ và giảm chi phí xã hội do kẹt xe/quá tải.","Điểm áp lực; điểm điều phối; điểm hạ tầng; cơ hội kinh tế; doanh thu ăn uống/vé/lưu trú; phản hồi du khách","61.79","74.83","51.4","69","Trung bình","mixed_proxy_near_real_time","76.5"
"Hue","còn dư địa hoặc cần theo dõi","Tạo voucher giờ thấp điểm, menu combo địa phương và điểm bán vệ tinh","Nhà hàng/OCOP","thấp-trung bình","Tăng doanh thu mùa thấp điểm và kéo dài thời gian lưu trú nếu kích cầu đúng phân khúc.","Vấn đề -> Hành động -> KPI thay đổi -> Hiệu quả kinh tế: giảm áp lực tại điểm nóng, tăng chi tiêu ăn uống/vận tải/lưu trú/vé ở vùng phụ và giảm chi phí xã hội do kẹt xe/quá tải.","Điểm áp lực; điểm điều phối; điểm hạ tầng; cơ hội kinh tế; doanh thu ăn uống/vé/lưu trú; phản hồi du khách","60.74","76.23","51.4","69","Trung bình","mixed_proxy_near_real_time","76.5"
"Hue","còn dư địa hoặc cần theo dõi","Tăng shuttle từ bãi đỗ vệ tinh và tuyến thay thế khi điểm áp lực tăng","Vận tải/shuttle","trung bình","Tăng doanh thu mùa thấp điểm và kéo dài thời gian lưu trú nếu kích cầu đúng phân khúc.","Vấn đề -> Hành động -> KPI thay đổi -> Hiệu quả kinh tế: giảm áp lực tại điểm nóng, tăng chi tiêu ăn uống/vận tải/lưu trú/vé ở vùng phụ và giảm chi phí xã hội do kẹt xe/quá tải.","Điểm áp lực; điểm điều phối; điểm hạ tầng; cơ hội kinh tế; doanh thu ăn uống/vé/lưu trú; phản hồi du khách","62.84","69.93","51.4","68","Trung bình","mixed_proxy_near_real_time","76.5"
"Vung Tau","còn dư địa hoặc cần theo dõi","Điều chỉnh truyền thông, kích cầu điểm phụ, công bố cảnh báo trên dashboard/app","Chính quyền","thấp-trung bình","Tăng doanh thu mùa thấp điểm và kéo dài thời gian lưu trú nếu kích cầu đúng phân khúc.","Vấn đề -> Hành động -> KPI thay đổi -> Hiệu quả kinh tế: giảm áp lực tại điểm nóng, tăng chi tiêu ăn uống/vận tải/lưu trú/vé ở vùng phụ và giảm chi phí xã hội do kẹt xe/quá tải.","Điểm áp lực; điểm điều phối; điểm hạ tầng; cơ hội kinh tế; doanh thu ăn uống/vé/lưu trú; phản hồi du khách","61.13","74.41","40.95","65","Trung bình","mixed_proxy_near_real_time","76.5"
"Vung Tau","còn dư địa hoặc cần theo dõi","Phân luồng tại tuyến ven biển, đặt biển báo, tăng lực lượng ở nút vào bãi biển/POI","Công an/giao thông","trung bình","Tăng doanh thu mùa thấp điểm và kéo dài thời gian lưu trú nếu kích cầu đúng phân khúc.","Vấn đề -> Hành động -> KPI thay đổi -> Hiệu quả kinh tế: giảm áp lực tại điểm nóng, tăng chi tiêu ăn uống/vận tải/lưu trú/vé ở vùng phụ và giảm chi phí xã hội do kẹt xe/quá tải.","Điểm áp lực; điểm điều phối; điểm hạ tầng; cơ hội kinh tế; doanh thu ăn uống/vé/lưu trú; phản hồi du khách","62.33","68.81","40.95","65","Trung bình","mixed_proxy_near_real_time","76.5"
"Vung Tau","còn dư địa hoặc cần theo dõi","Bán gói liên vùng, chuyển tour sang khung giờ thấp điểm hoặc điểm còn dư địa","Doanh nghiệp du lịch","thấp-trung bình","Tăng doanh thu mùa thấp điểm và kéo dài thời gian lưu trú nếu kích cầu đúng phân khúc.","Vấn đề -> Hành động -> KPI thay đổi -> Hiệu quả kinh tế: giảm áp lực tại điểm nóng, tăng chi tiêu ăn uống/vận tải/lưu trú/vé ở vùng phụ và giảm chi phí xã hội do kẹt xe/quá tải.","Điểm áp lực; điểm điều phối; điểm hạ tầng; cơ hội kinh tế; doanh thu ăn uống/vé/lưu trú; phản hồi du khách","61.43","75.11","40.95","66","Trung bình","mixed_proxy_near_real_time","76.5"
"Vung Tau","còn dư địa hoặc cần theo dõi","Tạo combo lưu trú dài hơn, voucher ăn uống địa phương và điều tiết giá theo trải nghiệm","Khách sạn","thấp-trung bình","Tăng doanh thu mùa thấp điểm và kéo dài thời gian lưu trú nếu kích cầu đúng phân khúc.","Vấn đề -> Hành động -> KPI thay đổi -> Hiệu quả kinh tế: giảm áp lực tại điểm nóng, tăng chi tiêu ăn uống/vận tải/lưu trú/vé ở vùng phụ và giảm chi phí xã hội do kẹt xe/quá tải.","Điểm áp lực; điểm điều phối; điểm hạ tầng; cơ hội kinh tế; doanh thu ăn uống/vé/lưu trú; phản hồi du khách","60.53","76.52","40.95","65","Trung bình","mixed_proxy_near_real_time","76.5"
"Vung Tau","còn dư địa hoặc cần theo dõi","Chia vé theo khung giờ, tăng nhân sự soát vé, đẩy QR/e-ticket","Khu vui chơi","thấp-trung bình","Tăng doanh thu mùa thấp điểm và kéo dài thời gian lưu trú nếu kích cầu đúng phân khúc.","Vấn đề -> Hành động -> KPI thay đổi -> Hiệu quả kinh tế: giảm áp lực tại điểm nóng, tăng chi tiêu ăn uống/vận tải/lưu trú/vé ở vùng phụ và giảm chi phí xã hội do kẹt xe/quá tải.","Điểm áp lực; điểm điều phối; điểm hạ tầng; cơ hội kinh tế; doanh thu ăn uống/vé/lưu trú; phản hồi du khách","60.98","75.81","40.95","65","Trung bình","mixed_proxy_near_real_time","76.5"
"Vung Tau","còn dư địa hoặc cần theo dõi","Tạo voucher giờ thấp điểm, menu combo địa phương và điểm bán vệ tinh","Nhà hàng/OCOP","thấp-trung bình","Tăng doanh thu mùa thấp điểm và kéo dài thời gian lưu trú nếu kích cầu đúng phân khúc.","Vấn đề -> Hành động -> KPI thay đổi -> Hiệu quả kinh tế: giảm áp lực tại điểm nóng, tăng chi tiêu ăn uống/vận tải/lưu trú/vé ở vùng phụ và giảm chi phí xã hội do kẹt xe/quá tải.","Điểm áp lực; điểm điều phối; điểm hạ tầng; cơ hội kinh tế; doanh thu ăn uống/vé/lưu trú; phản hồi du khách","59.93","77.22","40.95","65","Trung bình","mixed_proxy_near_real_time","76.5"
"Vung Tau","còn dư địa hoặc cần theo dõi","Tăng shuttle từ bãi đỗ vệ tinh và tuyến thay thế khi điểm áp lực tăng","Vận tải/shuttle","trung bình","Tăng doanh thu mùa thấp điểm và kéo dài thời gian lưu trú nếu kích cầu đúng phân khúc.","Vấn đề -> Hành động -> KPI thay đổi -> Hiệu quả kinh tế: giảm áp lực tại điểm nóng, tăng chi tiêu ăn uống/vận tải/lưu trú/vé ở vùng phụ và giảm chi phí xã hội do kẹt xe/quá tải.","Điểm áp lực; điểm điều phối; điểm hạ tầng; cơ hội kinh tế; doanh thu ăn uống/vé/lưu trú; phản hồi du khách","62.03","70.91","40.95","65","Trung bình","mixed_proxy_near_real_time","76.5"
"Cua Lo","còn dư địa hoặc cần theo dõi","Điều chỉnh truyền thông, kích cầu điểm phụ, công bố cảnh báo trên dashboard/app","Chính quyền","cao","Tăng doanh thu mùa thấp điểm và kéo dài thời gian lưu trú nếu kích cầu đúng phân khúc.","Vấn đề -> Hành động -> KPI thay đổi -> Hiệu quả kinh tế: giảm áp lực tại điểm nóng, tăng chi tiêu ăn uống/vận tải/lưu trú/vé ở vùng phụ và giảm chi phí xã hội do kẹt xe/quá tải.","Điểm áp lực; điểm điều phối; điểm hạ tầng; cơ hội kinh tế; doanh thu ăn uống/vé/lưu trú; phản hồi du khách","37.86","59.34","36.2","48","Thấp","mixed_proxy_near_real_time","76.5"
"Cua Lo","còn dư địa hoặc cần theo dõi","Phân luồng tại tuyến ven biển, đặt biển báo, tăng lực lượng ở nút vào bãi biển/POI","Công an/giao thông","trung bình","Tăng doanh thu mùa thấp điểm và kéo dài thời gian lưu trú nếu kích cầu đúng phân khúc.","Vấn đề -> Hành động -> KPI thay đổi -> Hiệu quả kinh tế: giảm áp lực tại điểm nóng, tăng chi tiêu ăn uống/vận tải/lưu trú/vé ở vùng phụ và giảm chi phí xã hội do kẹt xe/quá tải.","Điểm áp lực; điểm điều phối; điểm hạ tầng; cơ hội kinh tế; doanh thu ăn uống/vé/lưu trú; phản hồi du khách","39.05","53.74","36.2","47","Thấp","mixed_proxy_near_real_time","76.5"
"Cua Lo","còn dư địa hoặc cần theo dõi","Bán gói liên vùng, chuyển tour sang khung giờ thấp điểm hoặc điểm còn dư địa","Doanh nghiệp du lịch","thấp-trung bình","Tăng doanh thu mùa thấp điểm và kéo dài thời gian lưu trú nếu kích cầu đúng phân khúc.","Vấn đề -> Hành động -> KPI thay đổi -> Hiệu quả kinh tế: giảm áp lực tại điểm nóng, tăng chi tiêu ăn uống/vận tải/lưu trú/vé ở vùng phụ và giảm chi phí xã hội do kẹt xe/quá tải.","Điểm áp lực; điểm điều phối; điểm hạ tầng; cơ hội kinh tế; doanh thu ăn uống/vé/lưu trú; phản hồi du khách","38.16","60.04","36.2","48","Thấp","mixed_proxy_near_real_time","76.5"
"Cua Lo","còn dư địa hoặc cần theo dõi","Tạo combo lưu trú dài hơn, voucher ăn uống địa phương và điều tiết giá theo trải nghiệm","Khách sạn","thấp-trung bình","Tăng doanh thu mùa thấp điểm và kéo dài thời gian lưu trú nếu kích cầu đúng phân khúc.","Vấn đề -> Hành động -> KPI thay đổi -> Hiệu quả kinh tế: giảm áp lực tại điểm nóng, tăng chi tiêu ăn uống/vận tải/lưu trú/vé ở vùng phụ và giảm chi phí xã hội do kẹt xe/quá tải.","Điểm áp lực; điểm điều phối; điểm hạ tầng; cơ hội kinh tế; doanh thu ăn uống/vé/lưu trú; phản hồi du khách","37.26","61.44","36.2","48","Thấp","mixed_proxy_near_real_time","76.5"
"Cua Lo","còn dư địa hoặc cần theo dõi","Chia vé theo khung giờ, tăng nhân sự soát vé, đẩy QR/e-ticket","Khu vui chơi","thấp-trung bình","Tăng doanh thu mùa thấp điểm và kéo dài thời gian lưu trú nếu kích cầu đúng phân khúc.","Vấn đề -> Hành động -> KPI thay đổi -> Hiệu quả kinh tế: giảm áp lực tại điểm nóng, tăng chi tiêu ăn uống/vận tải/lưu trú/vé ở vùng phụ và giảm chi phí xã hội do kẹt xe/quá tải.","Điểm áp lực; điểm điều phối; điểm hạ tầng; cơ hội kinh tế; doanh thu ăn uống/vé/lưu trú; phản hồi du khách","37.7","60.74","36.2","48","Thấp","mixed_proxy_near_real_time","76.5"
"Cua Lo","còn dư địa hoặc cần theo dõi","Tạo voucher giờ thấp điểm, menu combo địa phương và điểm bán vệ tinh","Nhà hàng/OCOP","thấp-trung bình","Tăng doanh thu mùa thấp điểm và kéo dài thời gian lưu trú nếu kích cầu đúng phân khúc.","Vấn đề -> Hành động -> KPI thay đổi -> Hiệu quả kinh tế: giảm áp lực tại điểm nóng, tăng chi tiêu ăn uống/vận tải/lưu trú/vé ở vùng phụ và giảm chi phí xã hội do kẹt xe/quá tải.","Điểm áp lực; điểm điều phối; điểm hạ tầng; cơ hội kinh tế; doanh thu ăn uống/vé/lưu trú; phản hồi du khách","36.66","62.14","36.2","48","Thấp","mixed_proxy_near_real_time","76.5"
"Cua Lo","còn dư địa hoặc cần theo dõi","Tăng shuttle từ bãi đỗ vệ tinh và tuyến thay thế khi điểm áp lực tăng","Vận tải/shuttle","trung bình","Tăng doanh thu mùa thấp điểm và kéo dài thời gian lưu trú nếu kích cầu đúng phân khúc.","Vấn đề -> Hành động -> KPI thay đổi -> Hiệu quả kinh tế: giảm áp lực tại điểm nóng, tăng chi tiêu ăn uống/vận tải/lưu trú/vé ở vùng phụ và giảm chi phí xã hội do kẹt xe/quá tải.","Điểm áp lực; điểm điều phối; điểm hạ tầng; cơ hội kinh tế; doanh thu ăn uống/vé/lưu trú; phản hồi du khách","38.76","55.84","36.2","47","Thấp","mixed_proxy_near_real_time","76.5"
"Ninh Binh","còn dư địa hoặc cần theo dõi","Điều chỉnh truyền thông, kích cầu điểm phụ, công bố cảnh báo trên dashboard/app","Chính quyền","cao","Tăng doanh thu mùa thấp điểm và kéo dài thời gian lưu trú nếu kích cầu đúng phân khúc.","Vấn đề -> Hành động -> KPI thay đổi -> Hiệu quả kinh tế: giảm áp lực tại điểm nóng, tăng chi tiêu ăn uống/vận tải/lưu trú/vé ở vùng phụ và giảm chi phí xã hội do kẹt xe/quá tải.","Điểm áp lực; điểm điều phối; điểm hạ tầng; cơ hội kinh tế; doanh thu ăn uống/vé/lưu trú; phản hồi du khách","36.52","50.07","48.38","51","Thấp","mixed_proxy_thieu_du_lieu","61.5"
"Ninh Binh","còn dư địa hoặc cần theo dõi","Phân luồng tại tuyến ven biển, đặt biển báo, tăng lực lượng ở nút vào bãi biển/POI","Công an/giao thông","trung bình","Tăng doanh thu mùa thấp điểm và kéo dài thời gian lưu trú nếu kích cầu đúng phân khúc.","Vấn đề -> Hành động -> KPI thay đổi -> Hiệu quả kinh tế: giảm áp lực tại điểm nóng, tăng chi tiêu ăn uống/vận tải/lưu trú/vé ở vùng phụ và giảm chi phí xã hội do kẹt xe/quá tải.","Điểm áp lực; điểm điều phối; điểm hạ tầng; cơ hội kinh tế; doanh thu ăn uống/vé/lưu trú; phản hồi du khách","37.71","44.47","48.38","51","Thấp","mixed_proxy_thieu_du_lieu","61.5"
"Ninh Binh","còn dư địa hoặc cần theo dõi","Bán gói liên vùng, chuyển tour sang khung giờ thấp điểm hoặc điểm còn dư địa","Doanh nghiệp du lịch","thấp-trung bình","Tăng doanh thu mùa thấp điểm và kéo dài thời gian lưu trú nếu kích cầu đúng phân khúc.","Vấn đề -> Hành động -> KPI thay đổi -> Hiệu quả kinh tế: giảm áp lực tại điểm nóng, tăng chi tiêu ăn uống/vận tải/lưu trú/vé ở vùng phụ và giảm chi phí xã hội do kẹt xe/quá tải.","Điểm áp lực; điểm điều phối; điểm hạ tầng; cơ hội kinh tế; doanh thu ăn uống/vé/lưu trú; phản hồi du khách","36.81","50.77","48.38","52","Thấp","mixed_proxy_thieu_du_lieu","61.5"
"Ninh Binh","còn dư địa hoặc cần theo dõi","Tạo combo lưu trú dài hơn, voucher ăn uống địa phương và điều tiết giá theo trải nghiệm","Khách sạn","thấp-trung bình","Tăng doanh thu mùa thấp điểm và kéo dài thời gian lưu trú nếu kích cầu đúng phân khúc.","Vấn đề -> Hành động -> KPI thay đổi -> Hiệu quả kinh tế: giảm áp lực tại điểm nóng, tăng chi tiêu ăn uống/vận tải/lưu trú/vé ở vùng phụ và giảm chi phí xã hội do kẹt xe/quá tải.","Điểm áp lực; điểm điều phối; điểm hạ tầng; cơ hội kinh tế; doanh thu ăn uống/vé/lưu trú; phản hồi du khách","35.91","52.17","48.38","51","Thấp","mixed_proxy_thieu_du_lieu","61.5"
"Ninh Binh","còn dư địa hoặc cần theo dõi","Chia vé theo khung giờ, tăng nhân sự soát vé, đẩy QR/e-ticket","Khu vui chơi","thấp-trung bình","Tăng doanh thu mùa thấp điểm và kéo dài thời gian lưu trú nếu kích cầu đúng phân khúc.","Vấn đề -> Hành động -> KPI thay đổi -> Hiệu quả kinh tế: giảm áp lực tại điểm nóng, tăng chi tiêu ăn uống/vận tải/lưu trú/vé ở vùng phụ và giảm chi phí xã hội do kẹt xe/quá tải.","Điểm áp lực; điểm điều phối; điểm hạ tầng; cơ hội kinh tế; doanh thu ăn uống/vé/lưu trú; phản hồi du khách","36.36","51.47","48.38","52","Thấp","mixed_proxy_thieu_du_lieu","61.5"
"Ninh Binh","còn dư địa hoặc cần theo dõi","Tạo voucher giờ thấp điểm, menu combo địa phương và điểm bán vệ tinh","Nhà hàng/OCOP","thấp-trung bình","Tăng doanh thu mùa thấp điểm và kéo dài thời gian lưu trú nếu kích cầu đúng phân khúc.","Vấn đề -> Hành động -> KPI thay đổi -> Hiệu quả kinh tế: giảm áp lực tại điểm nóng, tăng chi tiêu ăn uống/vận tải/lưu trú/vé ở vùng phụ và giảm chi phí xã hội do kẹt xe/quá tải.","Điểm áp lực; điểm điều phối; điểm hạ tầng; cơ hội kinh tế; doanh thu ăn uống/vé/lưu trú; phản hồi du khách","35.31","52.87","48.38","51","Thấp","mixed_proxy_thieu_du_lieu","61.5"
"Ninh Binh","còn dư địa hoặc cần theo dõi","Tăng shuttle từ bãi đỗ vệ tinh và tuyến thay thế khi điểm áp lực tăng","Vận tải/shuttle","trung bình","Tăng doanh thu mùa thấp điểm và kéo dài thời gian lưu trú nếu kích cầu đúng phân khúc.","Vấn đề -> Hành động -> KPI thay đổi -> Hiệu quả kinh tế: giảm áp lực tại điểm nóng, tăng chi tiêu ăn uống/vận tải/lưu trú/vé ở vùng phụ và giảm chi phí xã hội do kẹt xe/quá tải.","Điểm áp lực; điểm điều phối; điểm hạ tầng; cơ hội kinh tế; doanh thu ăn uống/vé/lưu trú; phản hồi du khách","37.41","46.57","48.38","51","Thấp","mixed_proxy_thieu_du_lieu","61.5"
"Ly Son","còn dư địa hoặc cần theo dõi","Điều chỉnh truyền thông, kích cầu điểm phụ, công bố cảnh báo trên dashboard/app","Chính quyền","cao","Tăng doanh thu mùa thấp điểm và kéo dài thời gian lưu trú nếu kích cầu đúng phân khúc.","Vấn đề -> Hành động -> KPI thay đổi -> Hiệu quả kinh tế: giảm áp lực tại điểm nóng, tăng chi tiêu ăn uống/vận tải/lưu trú/vé ở vùng phụ và giảm chi phí xã hội do kẹt xe/quá tải.","Điểm áp lực; điểm điều phối; điểm hạ tầng; cơ hội kinh tế; doanh thu ăn uống/vé/lưu trú; phản hồi du khách","35.54","49.81","47.76","51","Thấp","mixed_proxy_thieu_du_lieu","61.5"
"Ly Son","còn dư địa hoặc cần theo dõi","Phân luồng tại tuyến ven biển, đặt biển báo, tăng lực lượng ở nút vào bãi biển/POI","Công an/giao thông","trung bình","Tăng doanh thu mùa thấp điểm và kéo dài thời gian lưu trú nếu kích cầu đúng phân khúc.","Vấn đề -> Hành động -> KPI thay đổi -> Hiệu quả kinh tế: giảm áp lực tại điểm nóng, tăng chi tiêu ăn uống/vận tải/lưu trú/vé ở vùng phụ và giảm chi phí xã hội do kẹt xe/quá tải.","Điểm áp lực; điểm điều phối; điểm hạ tầng; cơ hội kinh tế; doanh thu ăn uống/vé/lưu trú; phản hồi du khách","36.74","44.22","47.76","50","Thấp","mixed_proxy_thieu_du_lieu","61.5"
"Ly Son","còn dư địa hoặc cần theo dõi","Bán gói liên vùng, chuyển tour sang khung giờ thấp điểm hoặc điểm còn dư địa","Doanh nghiệp du lịch","thấp-trung bình","Tăng doanh thu mùa thấp điểm và kéo dài thời gian lưu trú nếu kích cầu đúng phân khúc.","Vấn đề -> Hành động -> KPI thay đổi -> Hiệu quả kinh tế: giảm áp lực tại điểm nóng, tăng chi tiêu ăn uống/vận tải/lưu trú/vé ở vùng phụ và giảm chi phí xã hội do kẹt xe/quá tải.","Điểm áp lực; điểm điều phối; điểm hạ tầng; cơ hội kinh tế; doanh thu ăn uống/vé/lưu trú; phản hồi du khách","35.84","50.52","47.76","51","Thấp","mixed_proxy_thieu_du_lieu","61.5"
"Ly Son","còn dư địa hoặc cần theo dõi","Tạo combo lưu trú dài hơn, voucher ăn uống địa phương và điều tiết giá theo trải nghiệm","Khách sạn","thấp-trung bình","Tăng doanh thu mùa thấp điểm và kéo dài thời gian lưu trú nếu kích cầu đúng phân khúc.","Vấn đề -> Hành động -> KPI thay đổi -> Hiệu quả kinh tế: giảm áp lực tại điểm nóng, tăng chi tiêu ăn uống/vận tải/lưu trú/vé ở vùng phụ và giảm chi phí xã hội do kẹt xe/quá tải.","Điểm áp lực; điểm điều phối; điểm hạ tầng; cơ hội kinh tế; doanh thu ăn uống/vé/lưu trú; phản hồi du khách","34.94","51.91","47.76","51","Thấp","mixed_proxy_thieu_du_lieu","61.5"
"Ly Son","còn dư địa hoặc cần theo dõi","Chia vé theo khung giờ, tăng nhân sự soát vé, đẩy QR/e-ticket","Khu vui chơi","thấp-trung bình","Tăng doanh thu mùa thấp điểm và kéo dài thời gian lưu trú nếu kích cầu đúng phân khúc.","Vấn đề -> Hành động -> KPI thay đổi -> Hiệu quả kinh tế: giảm áp lực tại điểm nóng, tăng chi tiêu ăn uống/vận tải/lưu trú/vé ở vùng phụ và giảm chi phí xã hội do kẹt xe/quá tải.","Điểm áp lực; điểm điều phối; điểm hạ tầng; cơ hội kinh tế; doanh thu ăn uống/vé/lưu trú; phản hồi du khách","35.39","51.22","47.76","51","Thấp","mixed_proxy_thieu_du_lieu","61.5"
"Ly Son","còn dư địa hoặc cần theo dõi","Tạo voucher giờ thấp điểm, menu combo địa phương và điểm bán vệ tinh","Nhà hàng/OCOP","thấp-trung bình","Tăng doanh thu mùa thấp điểm và kéo dài thời gian lưu trú nếu kích cầu đúng phân khúc.","Vấn đề -> Hành động -> KPI thay đổi -> Hiệu quả kinh tế: giảm áp lực tại điểm nóng, tăng chi tiêu ăn uống/vận tải/lưu trú/vé ở vùng phụ và giảm chi phí xã hội do kẹt xe/quá tải.","Điểm áp lực; điểm điều phối; điểm hạ tầng; cơ hội kinh tế; doanh thu ăn uống/vé/lưu trú; phản hồi du khách","34.34","52.61","47.76","51","Thấp","mixed_proxy_thieu_du_lieu","61.5"
"Ly Son","còn dư địa hoặc cần theo dõi","Tăng shuttle từ bãi đỗ vệ tinh và tuyến thay thế khi điểm áp lực tăng","Vận tải/shuttle","trung bình","Tăng doanh thu mùa thấp điểm và kéo dài thời gian lưu trú nếu kích cầu đúng phân khúc.","Vấn đề -> Hành động -> KPI thay đổi -> Hiệu quả kinh tế: giảm áp lực tại điểm nóng, tăng chi tiêu ăn uống/vận tải/lưu trú/vé ở vùng phụ và giảm chi phí xã hội do kẹt xe/quá tải.","Điểm áp lực; điểm điều phối; điểm hạ tầng; cơ hội kinh tế; doanh thu ăn uống/vé/lưu trú; phản hồi du khách","36.44","46.31","47.76","50","Thấp","mixed_proxy_thieu_du_lieu","61.5"
"Ha Noi","còn dư địa hoặc cần theo dõi","Điều chỉnh truyền thông, kích cầu điểm phụ, công bố cảnh báo trên dashboard/app","Chính quyền","cao","Tăng doanh thu mùa thấp điểm và kéo dài thời gian lưu trú nếu kích cầu đúng phân khúc.","Vấn đề -> Hành động -> KPI thay đổi -> Hiệu quả kinh tế: giảm áp lực tại điểm nóng, tăng chi tiêu ăn uống/vận tải/lưu trú/vé ở vùng phụ và giảm chi phí xã hội do kẹt xe/quá tải.","Điểm áp lực; điểm điều phối; điểm hạ tầng; cơ hội kinh tế; doanh thu ăn uống/vé/lưu trú; phản hồi du khách","38.04","54.86","45.65","52","Thấp","mixed_proxy_thieu_du_lieu","61.5"
"Ha Noi","còn dư địa hoặc cần theo dõi","Phân luồng tại tuyến ven biển, đặt biển báo, tăng lực lượng ở nút vào bãi biển/POI","Công an/giao thông","trung bình","Tăng doanh thu mùa thấp điểm và kéo dài thời gian lưu trú nếu kích cầu đúng phân khúc.","Vấn đề -> Hành động -> KPI thay đổi -> Hiệu quả kinh tế: giảm áp lực tại điểm nóng, tăng chi tiêu ăn uống/vận tải/lưu trú/vé ở vùng phụ và giảm chi phí xã hội do kẹt xe/quá tải.","Điểm áp lực; điểm điều phối; điểm hạ tầng; cơ hội kinh tế; doanh thu ăn uống/vé/lưu trú; phản hồi du khách","39.24","49.26","45.65","51","Thấp","mixed_proxy_thieu_du_lieu","61.5"
"Ha Noi","còn dư địa hoặc cần theo dõi","Bán gói liên vùng, chuyển tour sang khung giờ thấp điểm hoặc điểm còn dư địa","Doanh nghiệp du lịch","thấp-trung bình","Tăng doanh thu mùa thấp điểm và kéo dài thời gian lưu trú nếu kích cầu đúng phân khúc.","Vấn đề -> Hành động -> KPI thay đổi -> Hiệu quả kinh tế: giảm áp lực tại điểm nóng, tăng chi tiêu ăn uống/vận tải/lưu trú/vé ở vùng phụ và giảm chi phí xã hội do kẹt xe/quá tải.","Điểm áp lực; điểm điều phối; điểm hạ tầng; cơ hội kinh tế; doanh thu ăn uống/vé/lưu trú; phản hồi du khách","38.34","55.56","45.65","52","Thấp","mixed_proxy_thieu_du_lieu","61.5"
"Ha Noi","còn dư địa hoặc cần theo dõi","Tạo combo lưu trú dài hơn, voucher ăn uống địa phương và điều tiết giá theo trải nghiệm","Khách sạn","thấp-trung bình","Tăng doanh thu mùa thấp điểm và kéo dài thời gian lưu trú nếu kích cầu đúng phân khúc.","Vấn đề -> Hành động -> KPI thay đổi -> Hiệu quả kinh tế: giảm áp lực tại điểm nóng, tăng chi tiêu ăn uống/vận tải/lưu trú/vé ở vùng phụ và giảm chi phí xã hội do kẹt xe/quá tải.","Điểm áp lực; điểm điều phối; điểm hạ tầng; cơ hội kinh tế; doanh thu ăn uống/vé/lưu trú; phản hồi du khách","37.44","56.96","45.65","52","Thấp","mixed_proxy_thieu_du_lieu","61.5"
"Ha Noi","còn dư địa hoặc cần theo dõi","Chia vé theo khung giờ, tăng nhân sự soát vé, đẩy QR/e-ticket","Khu vui chơi","thấp-trung bình","Tăng doanh thu mùa thấp điểm và kéo dài thời gian lưu trú nếu kích cầu đúng phân khúc.","Vấn đề -> Hành động -> KPI thay đổi -> Hiệu quả kinh tế: giảm áp lực tại điểm nóng, tăng chi tiêu ăn uống/vận tải/lưu trú/vé ở vùng phụ và giảm chi phí xã hội do kẹt xe/quá tải.","Điểm áp lực; điểm điều phối; điểm hạ tầng; cơ hội kinh tế; doanh thu ăn uống/vé/lưu trú; phản hồi du khách","37.89","56.26","45.65","52","Thấp","mixed_proxy_thieu_du_lieu","61.5"
"Ha Noi","còn dư địa hoặc cần theo dõi","Tạo voucher giờ thấp điểm, menu combo địa phương và điểm bán vệ tinh","Nhà hàng/OCOP","thấp-trung bình","Tăng doanh thu mùa thấp điểm và kéo dài thời gian lưu trú nếu kích cầu đúng phân khúc.","Vấn đề -> Hành động -> KPI thay đổi -> Hiệu quả kinh tế: giảm áp lực tại điểm nóng, tăng chi tiêu ăn uống/vận tải/lưu trú/vé ở vùng phụ và giảm chi phí xã hội do kẹt xe/quá tải.","Điểm áp lực; điểm điều phối; điểm hạ tầng; cơ hội kinh tế; doanh thu ăn uống/vé/lưu trú; phản hồi du khách","36.84","57.66","45.65","52","Thấp","mixed_proxy_thieu_du_lieu","61.5"
"Ha Noi","còn dư địa hoặc cần theo dõi","Tăng shuttle từ bãi đỗ vệ tinh và tuyến thay thế khi điểm áp lực tăng","Vận tải/shuttle","trung bình","Tăng doanh thu mùa thấp điểm và kéo dài thời gian lưu trú nếu kích cầu đúng phân khúc.","Vấn đề -> Hành động -> KPI thay đổi -> Hiệu quả kinh tế: giảm áp lực tại điểm nóng, tăng chi tiêu ăn uống/vận tải/lưu trú/vé ở vùng phụ và giảm chi phí xã hội do kẹt xe/quá tải.","Điểm áp lực; điểm điều phối; điểm hạ tầng; cơ hội kinh tế; doanh thu ăn uống/vé/lưu trú; phản hồi du khách","38.94","51.36","45.65","52","Thấp","mixed_proxy_thieu_du_lieu","61.5"
"Ha Giang","còn dư địa hoặc cần theo dõi","Điều chỉnh truyền thông, kích cầu điểm phụ, công bố cảnh báo trên dashboard/app","Chính quyền","cao","Tăng doanh thu mùa thấp điểm và kéo dài thời gian lưu trú nếu kích cầu đúng phân khúc.","Vấn đề -> Hành động -> KPI thay đổi -> Hiệu quả kinh tế: giảm áp lực tại điểm nóng, tăng chi tiêu ăn uống/vận tải/lưu trú/vé ở vùng phụ và giảm chi phí xã hội do kẹt xe/quá tải.","Điểm áp lực; điểm điều phối; điểm hạ tầng; cơ hội kinh tế; doanh thu ăn uống/vé/lưu trú; phản hồi du khách","35.33","51.15","43.62","50","Thấp","mixed_proxy_thieu_du_lieu","61.5"
"Ha Giang","còn dư địa hoặc cần theo dõi","Phân luồng tại tuyến ven biển, đặt biển báo, tăng lực lượng ở nút vào bãi biển/POI","Công an/giao thông","trung bình","Tăng doanh thu mùa thấp điểm và kéo dài thời gian lưu trú nếu kích cầu đúng phân khúc.","Vấn đề -> Hành động -> KPI thay đổi -> Hiệu quả kinh tế: giảm áp lực tại điểm nóng, tăng chi tiêu ăn uống/vận tải/lưu trú/vé ở vùng phụ và giảm chi phí xã hội do kẹt xe/quá tải.","Điểm áp lực; điểm điều phối; điểm hạ tầng; cơ hội kinh tế; doanh thu ăn uống/vé/lưu trú; phản hồi du khách","36.53","45.55","43.62","49","Thấp","mixed_proxy_thieu_du_lieu","61.5"
"Ha Giang","còn dư địa hoặc cần theo dõi","Bán gói liên vùng, chuyển tour sang khung giờ thấp điểm hoặc điểm còn dư địa","Doanh nghiệp du lịch","thấp-trung bình","Tăng doanh thu mùa thấp điểm và kéo dài thời gian lưu trú nếu kích cầu đúng phân khúc.","Vấn đề -> Hành động -> KPI thay đổi -> Hiệu quả kinh tế: giảm áp lực tại điểm nóng, tăng chi tiêu ăn uống/vận tải/lưu trú/vé ở vùng phụ và giảm chi phí xã hội do kẹt xe/quá tải.","Điểm áp lực; điểm điều phối; điểm hạ tầng; cơ hội kinh tế; doanh thu ăn uống/vé/lưu trú; phản hồi du khách","35.63","51.85","43.62","50","Thấp","mixed_proxy_thieu_du_lieu","61.5"
"Ha Giang","còn dư địa hoặc cần theo dõi","Tạo combo lưu trú dài hơn, voucher ăn uống địa phương và điều tiết giá theo trải nghiệm","Khách sạn","thấp-trung bình","Tăng doanh thu mùa thấp điểm và kéo dài thời gian lưu trú nếu kích cầu đúng phân khúc.","Vấn đề -> Hành động -> KPI thay đổi -> Hiệu quả kinh tế: giảm áp lực tại điểm nóng, tăng chi tiêu ăn uống/vận tải/lưu trú/vé ở vùng phụ và giảm chi phí xã hội do kẹt xe/quá tải.","Điểm áp lực; điểm điều phối; điểm hạ tầng; cơ hội kinh tế; doanh thu ăn uống/vé/lưu trú; phản hồi du khách","34.73","53.25","43.62","50","Thấp","mixed_proxy_thieu_du_lieu","61.5"
"Ha Giang","còn dư địa hoặc cần theo dõi","Chia vé theo khung giờ, tăng nhân sự soát vé, đẩy QR/e-ticket","Khu vui chơi","thấp-trung bình","Tăng doanh thu mùa thấp điểm và kéo dài thời gian lưu trú nếu kích cầu đúng phân khúc.","Vấn đề -> Hành động -> KPI thay đổi -> Hiệu quả kinh tế: giảm áp lực tại điểm nóng, tăng chi tiêu ăn uống/vận tải/lưu trú/vé ở vùng phụ và giảm chi phí xã hội do kẹt xe/quá tải.","Điểm áp lực; điểm điều phối; điểm hạ tầng; cơ hội kinh tế; doanh thu ăn uống/vé/lưu trú; phản hồi du khách","35.18","52.55","43.62","50","Thấp","mixed_proxy_thieu_du_lieu","61.5"
"Ha Giang","còn dư địa hoặc cần theo dõi","Tạo voucher giờ thấp điểm, menu combo địa phương và điểm bán vệ tinh","Nhà hàng/OCOP","thấp-trung bình","Tăng doanh thu mùa thấp điểm và kéo dài thời gian lưu trú nếu kích cầu đúng phân khúc.","Vấn đề -> Hành động -> KPI thay đổi -> Hiệu quả kinh tế: giảm áp lực tại điểm nóng, tăng chi tiêu ăn uống/vận tải/lưu trú/vé ở vùng phụ và giảm chi phí xã hội do kẹt xe/quá tải.","Điểm áp lực; điểm điều phối; điểm hạ tầng; cơ hội kinh tế; doanh thu ăn uống/vé/lưu trú; phản hồi du khách","34.13","53.95","43.62","50","Thấp","mixed_proxy_thieu_du_lieu","61.5"
"Ha Giang","còn dư địa hoặc cần theo dõi","Tăng shuttle từ bãi đỗ vệ tinh và tuyến thay thế khi điểm áp lực tăng","Vận tải/shuttle","trung bình","Tăng doanh thu mùa thấp điểm và kéo dài thời gian lưu trú nếu kích cầu đúng phân khúc.","Vấn đề -> Hành động -> KPI thay đổi -> Hiệu quả kinh tế: giảm áp lực tại điểm nóng, tăng chi tiêu ăn uống/vận tải/lưu trú/vé ở vùng phụ và giảm chi phí xã hội do kẹt xe/quá tải.","Điểm áp lực; điểm điều phối; điểm hạ tầng; cơ hội kinh tế; doanh thu ăn uống/vé/lưu trú; phản hồi du khách","36.23","47.65","43.62","49","Thấp","mixed_proxy_thieu_du_lieu","61.5"
"Phu Quoc","còn dư địa hoặc cần theo dõi","Điều chỉnh truyền thông, kích cầu điểm phụ, công bố cảnh báo trên dashboard/app","Chính quyền","thấp-trung bình","Tăng doanh thu mùa thấp điểm và kéo dài thời gian lưu trú nếu kích cầu đúng phân khúc.","Vấn đề -> Hành động -> KPI thay đổi -> Hiệu quả kinh tế: giảm áp lực tại điểm nóng, tăng chi tiêu ăn uống/vận tải/lưu trú/vé ở vùng phụ và giảm chi phí xã hội do kẹt xe/quá tải.","Điểm áp lực; điểm điều phối; điểm hạ tầng; cơ hội kinh tế; doanh thu ăn uống/vé/lưu trú; phản hồi du khách","47.57","61.52","37.76","51","Thấp","mixed_proxy_thieu_du_lieu","61.5"
"Phu Quoc","còn dư địa hoặc cần theo dõi","Phân luồng tại tuyến ven biển, đặt biển báo, tăng lực lượng ở nút vào bãi biển/POI","Công an/giao thông","trung bình","Tăng doanh thu mùa thấp điểm và kéo dài thời gian lưu trú nếu kích cầu đúng phân khúc.","Vấn đề -> Hành động -> KPI thay đổi -> Hiệu quả kinh tế: giảm áp lực tại điểm nóng, tăng chi tiêu ăn uống/vận tải/lưu trú/vé ở vùng phụ và giảm chi phí xã hội do kẹt xe/quá tải.","Điểm áp lực; điểm điều phối; điểm hạ tầng; cơ hội kinh tế; doanh thu ăn uống/vé/lưu trú; phản hồi du khách","48.77","55.92","37.76","50","Thấp","mixed_proxy_thieu_du_lieu","61.5"
"Phu Quoc","còn dư địa hoặc cần theo dõi","Bán gói liên vùng, chuyển tour sang khung giờ thấp điểm hoặc điểm còn dư địa","Doanh nghiệp du lịch","thấp-trung bình","Tăng doanh thu mùa thấp điểm và kéo dài thời gian lưu trú nếu kích cầu đúng phân khúc.","Vấn đề -> Hành động -> KPI thay đổi -> Hiệu quả kinh tế: giảm áp lực tại điểm nóng, tăng chi tiêu ăn uống/vận tải/lưu trú/vé ở vùng phụ và giảm chi phí xã hội do kẹt xe/quá tải.","Điểm áp lực; điểm điều phối; điểm hạ tầng; cơ hội kinh tế; doanh thu ăn uống/vé/lưu trú; phản hồi du khách","47.87","62.22","37.76","51","Thấp","mixed_proxy_thieu_du_lieu","61.5"
"Phu Quoc","còn dư địa hoặc cần theo dõi","Tạo combo lưu trú dài hơn, voucher ăn uống địa phương và điều tiết giá theo trải nghiệm","Khách sạn","thấp-trung bình","Tăng doanh thu mùa thấp điểm và kéo dài thời gian lưu trú nếu kích cầu đúng phân khúc.","Vấn đề -> Hành động -> KPI thay đổi -> Hiệu quả kinh tế: giảm áp lực tại điểm nóng, tăng chi tiêu ăn uống/vận tải/lưu trú/vé ở vùng phụ và giảm chi phí xã hội do kẹt xe/quá tải.","Điểm áp lực; điểm điều phối; điểm hạ tầng; cơ hội kinh tế; doanh thu ăn uống/vé/lưu trú; phản hồi du khách","46.97","63.62","37.76","51","Thấp","mixed_proxy_thieu_du_lieu","61.5"
"Phu Quoc","còn dư địa hoặc cần theo dõi","Chia vé theo khung giờ, tăng nhân sự soát vé, đẩy QR/e-ticket","Khu vui chơi","thấp-trung bình","Tăng doanh thu mùa thấp điểm và kéo dài thời gian lưu trú nếu kích cầu đúng phân khúc.","Vấn đề -> Hành động -> KPI thay đổi -> Hiệu quả kinh tế: giảm áp lực tại điểm nóng, tăng chi tiêu ăn uống/vận tải/lưu trú/vé ở vùng phụ và giảm chi phí xã hội do kẹt xe/quá tải.","Điểm áp lực; điểm điều phối; điểm hạ tầng; cơ hội kinh tế; doanh thu ăn uống/vé/lưu trú; phản hồi du khách","47.42","62.92","37.76","51","Thấp","mixed_proxy_thieu_du_lieu","61.5"
"Phu Quoc","còn dư địa hoặc cần theo dõi","Tạo voucher giờ thấp điểm, menu combo địa phương và điểm bán vệ tinh","Nhà hàng/OCOP","thấp-trung bình","Tăng doanh thu mùa thấp điểm và kéo dài thời gian lưu trú nếu kích cầu đúng phân khúc.","Vấn đề -> Hành động -> KPI thay đổi -> Hiệu quả kinh tế: giảm áp lực tại điểm nóng, tăng chi tiêu ăn uống/vận tải/lưu trú/vé ở vùng phụ và giảm chi phí xã hội do kẹt xe/quá tải.","Điểm áp lực; điểm điều phối; điểm hạ tầng; cơ hội kinh tế; doanh thu ăn uống/vé/lưu trú; phản hồi du khách","46.37","64.32","37.76","51","Thấp","mixed_proxy_thieu_du_lieu","61.5"
"Phu Quoc","còn dư địa hoặc cần theo dõi","Tăng shuttle từ bãi đỗ vệ tinh và tuyến thay thế khi điểm áp lực tăng","Vận tải/shuttle","trung bình","Tăng doanh thu mùa thấp điểm và kéo dài thời gian lưu trú nếu kích cầu đúng phân khúc.","Vấn đề -> Hành động -> KPI thay đổi -> Hiệu quả kinh tế: giảm áp lực tại điểm nóng, tăng chi tiêu ăn uống/vận tải/lưu trú/vé ở vùng phụ và giảm chi phí xã hội do kẹt xe/quá tải.","Điểm áp lực; điểm điều phối; điểm hạ tầng; cơ hội kinh tế; doanh thu ăn uống/vé/lưu trú; phản hồi du khách","48.47","58.02","37.76","50","Thấp","mixed_proxy_thieu_du_lieu","61.5"
"Phong Nha - Kẻ Bàng","còn dư địa hoặc cần theo dõi","Điều chỉnh truyền thông, kích cầu điểm phụ, công bố cảnh báo trên dashboard/app","Chính quyền","cao","Tăng doanh thu mùa thấp điểm và kéo dài thời gian lưu trú nếu kích cầu đúng phân khúc.","Vấn đề -> Hành động -> KPI thay đổi -> Hiệu quả kinh tế: giảm áp lực tại điểm nóng, tăng chi tiêu ăn uống/vận tải/lưu trú/vé ở vùng phụ và giảm chi phí xã hội do kẹt xe/quá tải.","Điểm áp lực; điểm điều phối; điểm hạ tầng; cơ hội kinh tế; doanh thu ăn uống/vé/lưu trú; phản hồi du khách","35.68","51.8","36.0","42","Thấp","mixed_proxy_thieu_du_lieu","43.75"
"Phong Nha - Kẻ Bàng","còn dư địa hoặc cần theo dõi","Phân luồng tại tuyến ven biển, đặt biển báo, tăng lực lượng ở nút vào bãi biển/POI","Công an/giao thông","trung bình","Tăng doanh thu mùa thấp điểm và kéo dài thời gian lưu trú nếu kích cầu đúng phân khúc.","Vấn đề -> Hành động -> KPI thay đổi -> Hiệu quả kinh tế: giảm áp lực tại điểm nóng, tăng chi tiêu ăn uống/vận tải/lưu trú/vé ở vùng phụ và giảm chi phí xã hội do kẹt xe/quá tải.","Điểm áp lực; điểm điều phối; điểm hạ tầng; cơ hội kinh tế; doanh thu ăn uống/vé/lưu trú; phản hồi du khách","36.88","46.2","36.0","41","Thấp","mixed_proxy_thieu_du_lieu","43.75"
"Phong Nha - Kẻ Bàng","còn dư địa hoặc cần theo dõi","Bán gói liên vùng, chuyển tour sang khung giờ thấp điểm hoặc điểm còn dư địa","Doanh nghiệp du lịch","thấp-trung bình","Tăng doanh thu mùa thấp điểm và kéo dài thời gian lưu trú nếu kích cầu đúng phân khúc.","Vấn đề -> Hành động -> KPI thay đổi -> Hiệu quả kinh tế: giảm áp lực tại điểm nóng, tăng chi tiêu ăn uống/vận tải/lưu trú/vé ở vùng phụ và giảm chi phí xã hội do kẹt xe/quá tải.","Điểm áp lực; điểm điều phối; điểm hạ tầng; cơ hội kinh tế; doanh thu ăn uống/vé/lưu trú; phản hồi du khách","35.98","52.5","36.0","42","Thấp","mixed_proxy_thieu_du_lieu","43.75"
"Phong Nha - Kẻ Bàng","còn dư địa hoặc cần theo dõi","Tạo combo lưu trú dài hơn, voucher ăn uống địa phương và điều tiết giá theo trải nghiệm","Khách sạn","thấp-trung bình","Tăng doanh thu mùa thấp điểm và kéo dài thời gian lưu trú nếu kích cầu đúng phân khúc.","Vấn đề -> Hành động -> KPI thay đổi -> Hiệu quả kinh tế: giảm áp lực tại điểm nóng, tăng chi tiêu ăn uống/vận tải/lưu trú/vé ở vùng phụ và giảm chi phí xã hội do kẹt xe/quá tải.","Điểm áp lực; điểm điều phối; điểm hạ tầng; cơ hội kinh tế; doanh thu ăn uống/vé/lưu trú; phản hồi du khách","35.08","53.9","36.0","42","Thấp","mixed_proxy_thieu_du_lieu","43.75"
"Phong Nha - Kẻ Bàng","còn dư địa hoặc cần theo dõi","Chia vé theo khung giờ, tăng nhân sự soát vé, đẩy QR/e-ticket","Khu vui chơi","thấp-trung bình","Tăng doanh thu mùa thấp điểm và kéo dài thời gian lưu trú nếu kích cầu đúng phân khúc.","Vấn đề -> Hành động -> KPI thay đổi -> Hiệu quả kinh tế: giảm áp lực tại điểm nóng, tăng chi tiêu ăn uống/vận tải/lưu trú/vé ở vùng phụ và giảm chi phí xã hội do kẹt xe/quá tải.","Điểm áp lực; điểm điều phối; điểm hạ tầng; cơ hội kinh tế; doanh thu ăn uống/vé/lưu trú; phản hồi du khách","35.53","53.2","36.0","42","Thấp","mixed_proxy_thieu_du_lieu","43.75"
"Phong Nha - Kẻ Bàng","còn dư địa hoặc cần theo dõi","Tạo voucher giờ thấp điểm, menu combo địa phương và điểm bán vệ tinh","Nhà hàng/OCOP","thấp-trung bình","Tăng doanh thu mùa thấp điểm và kéo dài thời gian lưu trú nếu kích cầu đúng phân khúc.","Vấn đề -> Hành động -> KPI thay đổi -> Hiệu quả kinh tế: giảm áp lực tại điểm nóng, tăng chi tiêu ăn uống/vận tải/lưu trú/vé ở vùng phụ và giảm chi phí xã hội do kẹt xe/quá tải.","Điểm áp lực; điểm điều phối; điểm hạ tầng; cơ hội kinh tế; doanh thu ăn uống/vé/lưu trú; phản hồi du khách","34.48","54.6","36.0","42","Thấp","mixed_proxy_thieu_du_lieu","43.75"
"Phong Nha - Kẻ Bàng","còn dư địa hoặc cần theo dõi","Tăng shuttle từ bãi đỗ vệ tinh và tuyến thay thế khi điểm áp lực tăng","Vận tải/shuttle","trung bình","Tăng doanh thu mùa thấp điểm và kéo dài thời gian lưu trú nếu kích cầu đúng phân khúc.","Vấn đề -> Hành động -> KPI thay đổi -> Hiệu quả kinh tế: giảm áp lực tại điểm nóng, tăng chi tiêu ăn uống/vận tải/lưu trú/vé ở vùng phụ và giảm chi phí xã hội do kẹt xe/quá tải.","Điểm áp lực; điểm điều phối; điểm hạ tầng; cơ hội kinh tế; doanh thu ăn uống/vé/lưu trú; phản hồi du khách","36.58","48.3","36.0","41","Thấp","mixed_proxy_thieu_du_lieu","43.75"
"Bà Nà Hills","còn dư địa hoặc cần theo dõi","Điều chỉnh truyền thông, kích cầu điểm phụ, công bố cảnh báo trên dashboard/app","Chính quyền","cao","Tăng doanh thu mùa thấp điểm và kéo dài thời gian lưu trú nếu kích cầu đúng phân khúc.","Vấn đề -> Hành động -> KPI thay đổi -> Hiệu quả kinh tế: giảm áp lực tại điểm nóng, tăng chi tiêu ăn uống/vận tải/lưu trú/vé ở vùng phụ và giảm chi phí xã hội do kẹt xe/quá tải.","Điểm áp lực; điểm điều phối; điểm hạ tầng; cơ hội kinh tế; doanh thu ăn uống/vé/lưu trú; phản hồi du khách","35.68","51.8","36.0","42","Thấp","mixed_proxy_thieu_du_lieu","43.75"
"Bà Nà Hills","còn dư địa hoặc cần theo dõi","Phân luồng tại tuyến ven biển, đặt biển báo, tăng lực lượng ở nút vào bãi biển/POI","Công an/giao thông","trung bình","Tăng doanh thu mùa thấp điểm và kéo dài thời gian lưu trú nếu kích cầu đúng phân khúc.","Vấn đề -> Hành động -> KPI thay đổi -> Hiệu quả kinh tế: giảm áp lực tại điểm nóng, tăng chi tiêu ăn uống/vận tải/lưu trú/vé ở vùng phụ và giảm chi phí xã hội do kẹt xe/quá tải.","Điểm áp lực; điểm điều phối; điểm hạ tầng; cơ hội kinh tế; doanh thu ăn uống/vé/lưu trú; phản hồi du khách","36.88","46.2","36.0","41","Thấp","mixed_proxy_thieu_du_lieu","43.75"
"Bà Nà Hills","còn dư địa hoặc cần theo dõi","Bán gói liên vùng, chuyển tour sang khung giờ thấp điểm hoặc điểm còn dư địa","Doanh nghiệp du lịch","thấp-trung bình","Tăng doanh thu mùa thấp điểm và kéo dài thời gian lưu trú nếu kích cầu đúng phân khúc.","Vấn đề -> Hành động -> KPI thay đổi -> Hiệu quả kinh tế: giảm áp lực tại điểm nóng, tăng chi tiêu ăn uống/vận tải/lưu trú/vé ở vùng phụ và giảm chi phí xã hội do kẹt xe/quá tải.","Điểm áp lực; điểm điều phối; điểm hạ tầng; cơ hội kinh tế; doanh thu ăn uống/vé/lưu trú; phản hồi du khách","35.98","52.5","36.0","42","Thấp","mixed_proxy_thieu_du_lieu","43.75"
"Bà Nà Hills","còn dư địa hoặc cần theo dõi","Tạo combo lưu trú dài hơn, voucher ăn uống địa phương và điều tiết giá theo trải nghiệm","Khách sạn","thấp-trung bình","Tăng doanh thu mùa thấp điểm và kéo dài thời gian lưu trú nếu kích cầu đúng phân khúc.","Vấn đề -> Hành động -> KPI thay đổi -> Hiệu quả kinh tế: giảm áp lực tại điểm nóng, tăng chi tiêu ăn uống/vận tải/lưu trú/vé ở vùng phụ và giảm chi phí xã hội do kẹt xe/quá tải.","Điểm áp lực; điểm điều phối; điểm hạ tầng; cơ hội kinh tế; doanh thu ăn uống/vé/lưu trú; phản hồi du khách","35.08","53.9","36.0","42","Thấp","mixed_proxy_thieu_du_lieu","43.75"
"Bà Nà Hills","còn dư địa hoặc cần theo dõi","Chia vé theo khung giờ, tăng nhân sự soát vé, đẩy QR/e-ticket","Khu vui chơi","thấp-trung bình","Tăng doanh thu mùa thấp điểm và kéo dài thời gian lưu trú nếu kích cầu đúng phân khúc.","Vấn đề -> Hành động -> KPI thay đổi -> Hiệu quả kinh tế: giảm áp lực tại điểm nóng, tăng chi tiêu ăn uống/vận tải/lưu trú/vé ở vùng phụ và giảm chi phí xã hội do kẹt xe/quá tải.","Điểm áp lực; điểm điều phối; điểm hạ tầng; cơ hội kinh tế; doanh thu ăn uống/vé/lưu trú; phản hồi du khách","35.53","53.2","36.0","42","Thấp","mixed_proxy_thieu_du_lieu","43.75"
"Bà Nà Hills","còn dư địa hoặc cần theo dõi","Tạo voucher giờ thấp điểm, menu combo địa phương và điểm bán vệ tinh","Nhà hàng/OCOP","thấp-trung bình","Tăng doanh thu mùa thấp điểm và kéo dài thời gian lưu trú nếu kích cầu đúng phân khúc.","Vấn đề -> Hành động -> KPI thay đổi -> Hiệu quả kinh tế: giảm áp lực tại điểm nóng, tăng chi tiêu ăn uống/vận tải/lưu trú/vé ở vùng phụ và giảm chi phí xã hội do kẹt xe/quá tải.","Điểm áp lực; điểm điều phối; điểm hạ tầng; cơ hội kinh tế; doanh thu ăn uống/vé/lưu trú; phản hồi du khách","34.48","54.6","36.0","42","Thấp","mixed_proxy_thieu_du_lieu","43.75"
"Bà Nà Hills","còn dư địa hoặc cần theo dõi","Tăng shuttle từ bãi đỗ vệ tinh và tuyến thay thế khi điểm áp lực tăng","Vận tải/shuttle","trung bình","Tăng doanh thu mùa thấp điểm và kéo dài thời gian lưu trú nếu kích cầu đúng phân khúc.","Vấn đề -> Hành động -> KPI thay đổi -> Hiệu quả kinh tế: giảm áp lực tại điểm nóng, tăng chi tiêu ăn uống/vận tải/lưu trú/vé ở vùng phụ và giảm chi phí xã hội do kẹt xe/quá tải.","Điểm áp lực; điểm điều phối; điểm hạ tầng; cơ hội kinh tế; doanh thu ăn uống/vé/lưu trú; phản hồi du khách","36.58","48.3","36.0","41","Thấp","mixed_proxy_thieu_du_lieu","43.75"
"Mai Châu","còn dư địa hoặc cần theo dõi","Điều chỉnh truyền thông, kích cầu điểm phụ, công bố cảnh báo trên dashboard/app","Chính quyền","cao","Tăng doanh thu mùa thấp điểm và kéo dài thời gian lưu trú nếu kích cầu đúng phân khúc.","Vấn đề -> Hành động -> KPI thay đổi -> Hiệu quả kinh tế: giảm áp lực tại điểm nóng, tăng chi tiêu ăn uống/vận tải/lưu trú/vé ở vùng phụ và giảm chi phí xã hội do kẹt xe/quá tải.","Điểm áp lực; điểm điều phối; điểm hạ tầng; cơ hội kinh tế; doanh thu ăn uống/vé/lưu trú; phản hồi du khách","35.68","51.8","36.0","42","Thấp","mixed_proxy_thieu_du_lieu","43.75"
"Mai Châu","còn dư địa hoặc cần theo dõi","Phân luồng tại tuyến ven biển, đặt biển báo, tăng lực lượng ở nút vào bãi biển/POI","Công an/giao thông","trung bình","Tăng doanh thu mùa thấp điểm và kéo dài thời gian lưu trú nếu kích cầu đúng phân khúc.","Vấn đề -> Hành động -> KPI thay đổi -> Hiệu quả kinh tế: giảm áp lực tại điểm nóng, tăng chi tiêu ăn uống/vận tải/lưu trú/vé ở vùng phụ và giảm chi phí xã hội do kẹt xe/quá tải.","Điểm áp lực; điểm điều phối; điểm hạ tầng; cơ hội kinh tế; doanh thu ăn uống/vé/lưu trú; phản hồi du khách","36.88","46.2","36.0","41","Thấp","mixed_proxy_thieu_du_lieu","43.75"
"Mai Châu","còn dư địa hoặc cần theo dõi","Bán gói liên vùng, chuyển tour sang khung giờ thấp điểm hoặc điểm còn dư địa","Doanh nghiệp du lịch","thấp-trung bình","Tăng doanh thu mùa thấp điểm và kéo dài thời gian lưu trú nếu kích cầu đúng phân khúc.","Vấn đề -> Hành động -> KPI thay đổi -> Hiệu quả kinh tế: giảm áp lực tại điểm nóng, tăng chi tiêu ăn uống/vận tải/lưu trú/vé ở vùng phụ và giảm chi phí xã hội do kẹt xe/quá tải.","Điểm áp lực; điểm điều phối; điểm hạ tầng; cơ hội kinh tế; doanh thu ăn uống/vé/lưu trú; phản hồi du khách","35.98","52.5","36.0","42","Thấp","mixed_proxy_thieu_du_lieu","43.75"
"Mai Châu","còn dư địa hoặc cần theo dõi","Tạo combo lưu trú dài hơn, voucher ăn uống địa phương và điều tiết giá theo trải nghiệm","Khách sạn","thấp-trung bình","Tăng doanh thu mùa thấp điểm và kéo dài thời gian lưu trú nếu kích cầu đúng phân khúc.","Vấn đề -> Hành động -> KPI thay đổi -> Hiệu quả kinh tế: giảm áp lực tại điểm nóng, tăng chi tiêu ăn uống/vận tải/lưu trú/vé ở vùng phụ và giảm chi phí xã hội do kẹt xe/quá tải.","Điểm áp lực; điểm điều phối; điểm hạ tầng; cơ hội kinh tế; doanh thu ăn uống/vé/lưu trú; phản hồi du khách","35.08","53.9","36.0","42","Thấp","mixed_proxy_thieu_du_lieu","43.75"
"Mai Châu","còn dư địa hoặc cần theo dõi","Chia vé theo khung giờ, tăng nhân sự soát vé, đẩy QR/e-ticket","Khu vui chơi","thấp-trung bình","Tăng doanh thu mùa thấp điểm và kéo dài thời gian lưu trú nếu kích cầu đúng phân khúc.","Vấn đề -> Hành động -> KPI thay đổi -> Hiệu quả kinh tế: giảm áp lực tại điểm nóng, tăng chi tiêu ăn uống/vận tải/lưu trú/vé ở vùng phụ và giảm chi phí xã hội do kẹt xe/quá tải.","Điểm áp lực; điểm điều phối; điểm hạ tầng; cơ hội kinh tế; doanh thu ăn uống/vé/lưu trú; phản hồi du khách","35.53","53.2","36.0","42","Thấp","mixed_proxy_thieu_du_lieu","43.75"
"Mai Châu","còn dư địa hoặc cần theo dõi","Tạo voucher giờ thấp điểm, menu combo địa phương và điểm bán vệ tinh","Nhà hàng/OCOP","thấp-trung bình","Tăng doanh thu mùa thấp điểm và kéo dài thời gian lưu trú nếu kích cầu đúng phân khúc.","Vấn đề -> Hành động -> KPI thay đổi -> Hiệu quả kinh tế: giảm áp lực tại điểm nóng, tăng chi tiêu ăn uống/vận tải/lưu trú/vé ở vùng phụ và giảm chi phí xã hội do kẹt xe/quá tải.","Điểm áp lực; điểm điều phối; điểm hạ tầng; cơ hội kinh tế; doanh thu ăn uống/vé/lưu trú; phản hồi du khách","34.48","54.6","36.0","42","Thấp","mixed_proxy_thieu_du_lieu","43.75"
"Mai Châu","còn dư địa hoặc cần theo dõi","Tăng shuttle từ bãi đỗ vệ tinh và tuyến thay thế khi điểm áp lực tăng","Vận tải/shuttle","trung bình","Tăng doanh thu mùa thấp điểm và kéo dài thời gian lưu trú nếu kích cầu đúng phân khúc.","Vấn đề -> Hành động -> KPI thay đổi -> Hiệu quả kinh tế: giảm áp lực tại điểm nóng, tăng chi tiêu ăn uống/vận tải/lưu trú/vé ở vùng phụ và giảm chi phí xã hội do kẹt xe/quá tải.","Điểm áp lực; điểm điều phối; điểm hạ tầng; cơ hội kinh tế; doanh thu ăn uống/vé/lưu trú; phản hồi du khách","36.58","48.3","36.0","41","Thấp","mixed_proxy_thieu_du_lieu","43.75"
"Tam Đảo","còn dư địa hoặc cần theo dõi","Điều chỉnh truyền thông, kích cầu điểm phụ, công bố cảnh báo trên dashboard/app","Chính quyền","cao","Tăng doanh thu mùa thấp điểm và kéo dài thời gian lưu trú nếu kích cầu đúng phân khúc.","Vấn đề -> Hành động -> KPI thay đổi -> Hiệu quả kinh tế: giảm áp lực tại điểm nóng, tăng chi tiêu ăn uống/vận tải/lưu trú/vé ở vùng phụ và giảm chi phí xã hội do kẹt xe/quá tải.","Điểm áp lực; điểm điều phối; điểm hạ tầng; cơ hội kinh tế; doanh thu ăn uống/vé/lưu trú; phản hồi du khách","35.68","51.8","36.0","42","Thấp","mixed_proxy_thieu_du_lieu","43.75"
"Tam Đảo","còn dư địa hoặc cần theo dõi","Phân luồng tại tuyến ven biển, đặt biển báo, tăng lực lượng ở nút vào bãi biển/POI","Công an/giao thông","trung bình","Tăng doanh thu mùa thấp điểm và kéo dài thời gian lưu trú nếu kích cầu đúng phân khúc.","Vấn đề -> Hành động -> KPI thay đổi -> Hiệu quả kinh tế: giảm áp lực tại điểm nóng, tăng chi tiêu ăn uống/vận tải/lưu trú/vé ở vùng phụ và giảm chi phí xã hội do kẹt xe/quá tải.","Điểm áp lực; điểm điều phối; điểm hạ tầng; cơ hội kinh tế; doanh thu ăn uống/vé/lưu trú; phản hồi du khách","36.88","46.2","36.0","41","Thấp","mixed_proxy_thieu_du_lieu","43.75"
"Tam Đảo","còn dư địa hoặc cần theo dõi","Bán gói liên vùng, chuyển tour sang khung giờ thấp điểm hoặc điểm còn dư địa","Doanh nghiệp du lịch","thấp-trung bình","Tăng doanh thu mùa thấp điểm và kéo dài thời gian lưu trú nếu kích cầu đúng phân khúc.","Vấn đề -> Hành động -> KPI thay đổi -> Hiệu quả kinh tế: giảm áp lực tại điểm nóng, tăng chi tiêu ăn uống/vận tải/lưu trú/vé ở vùng phụ và giảm chi phí xã hội do kẹt xe/quá tải.","Điểm áp lực; điểm điều phối; điểm hạ tầng; cơ hội kinh tế; doanh thu ăn uống/vé/lưu trú; phản hồi du khách","35.98","52.5","36.0","42","Thấp","mixed_proxy_thieu_du_lieu","43.75"
"Tam Đảo","còn dư địa hoặc cần theo dõi","Tạo combo lưu trú dài hơn, voucher ăn uống địa phương và điều tiết giá theo trải nghiệm","Khách sạn","thấp-trung bình","Tăng doanh thu mùa thấp điểm và kéo dài thời gian lưu trú nếu kích cầu đúng phân khúc.","Vấn đề -> Hành động -> KPI thay đổi -> Hiệu quả kinh tế: giảm áp lực tại điểm nóng, tăng chi tiêu ăn uống/vận tải/lưu trú/vé ở vùng phụ và giảm chi phí xã hội do kẹt xe/quá tải.","Điểm áp lực; điểm điều phối; điểm hạ tầng; cơ hội kinh tế; doanh thu ăn uống/vé/lưu trú; phản hồi du khách","35.08","53.9","36.0","42","Thấp","mixed_proxy_thieu_du_lieu","43.75"
"Tam Đảo","còn dư địa hoặc cần theo dõi","Chia vé theo khung giờ, tăng nhân sự soát vé, đẩy QR/e-ticket","Khu vui chơi","thấp-trung bình","Tăng doanh thu mùa thấp điểm và kéo dài thời gian lưu trú nếu kích cầu đúng phân khúc.","Vấn đề -> Hành động -> KPI thay đổi -> Hiệu quả kinh tế: giảm áp lực tại điểm nóng, tăng chi tiêu ăn uống/vận tải/lưu trú/vé ở vùng phụ và giảm chi phí xã hội do kẹt xe/quá tải.","Điểm áp lực; điểm điều phối; điểm hạ tầng; cơ hội kinh tế; doanh thu ăn uống/vé/lưu trú; phản hồi du khách","35.53","53.2","36.0","42","Thấp","mixed_proxy_thieu_du_lieu","43.75"
"Tam Đảo","còn dư địa hoặc cần theo dõi","Tạo voucher giờ thấp điểm, menu combo địa phương và điểm bán vệ tinh","Nhà hàng/OCOP","thấp-trung bình","Tăng doanh thu mùa thấp điểm và kéo dài thời gian lưu trú nếu kích cầu đúng phân khúc.","Vấn đề -> Hành động -> KPI thay đổi -> Hiệu quả kinh tế: giảm áp lực tại điểm nóng, tăng chi tiêu ăn uống/vận tải/lưu trú/vé ở vùng phụ và giảm chi phí xã hội do kẹt xe/quá tải.","Điểm áp lực; điểm điều phối; điểm hạ tầng; cơ hội kinh tế; doanh thu ăn uống/vé/lưu trú; phản hồi du khách","34.48","54.6","36.0","42","Thấp","mixed_proxy_thieu_du_lieu","43.75"
"Tam Đảo","còn dư địa hoặc cần theo dõi","Tăng shuttle từ bãi đỗ vệ tinh và tuyến thay thế khi điểm áp lực tăng","Vận tải/shuttle","trung bình","Tăng doanh thu mùa thấp điểm và kéo dài thời gian lưu trú nếu kích cầu đúng phân khúc.","Vấn đề -> Hành động -> KPI thay đổi -> Hiệu quả kinh tế: giảm áp lực tại điểm nóng, tăng chi tiêu ăn uống/vận tải/lưu trú/vé ở vùng phụ và giảm chi phí xã hội do kẹt xe/quá tải.","Điểm áp lực; điểm điều phối; điểm hạ tầng; cơ hội kinh tế; doanh thu ăn uống/vé/lưu trú; phản hồi du khách","36.58","48.3","36.0","41","Thấp","mixed_proxy_thieu_du_lieu","43.75"
"Pleiku","còn dư địa hoặc cần theo dõi","Điều chỉnh truyền thông, kích cầu điểm phụ, công bố cảnh báo trên dashboard/app","Chính quyền","cao","Tăng doanh thu mùa thấp điểm và kéo dài thời gian lưu trú nếu kích cầu đúng phân khúc.","Vấn đề -> Hành động -> KPI thay đổi -> Hiệu quả kinh tế: giảm áp lực tại điểm nóng, tăng chi tiêu ăn uống/vận tải/lưu trú/vé ở vùng phụ và giảm chi phí xã hội do kẹt xe/quá tải.","Điểm áp lực; điểm điều phối; điểm hạ tầng; cơ hội kinh tế; doanh thu ăn uống/vé/lưu trú; phản hồi du khách","35.68","51.8","36.0","42","Thấp","mixed_proxy_thieu_du_lieu","43.75"
"Pleiku","còn dư địa hoặc cần theo dõi","Phân luồng tại tuyến ven biển, đặt biển báo, tăng lực lượng ở nút vào bãi biển/POI","Công an/giao thông","trung bình","Tăng doanh thu mùa thấp điểm và kéo dài thời gian lưu trú nếu kích cầu đúng phân khúc.","Vấn đề -> Hành động -> KPI thay đổi -> Hiệu quả kinh tế: giảm áp lực tại điểm nóng, tăng chi tiêu ăn uống/vận tải/lưu trú/vé ở vùng phụ và giảm chi phí xã hội do kẹt xe/quá tải.","Điểm áp lực; điểm điều phối; điểm hạ tầng; cơ hội kinh tế; doanh thu ăn uống/vé/lưu trú; phản hồi du khách","36.88","46.2","36.0","41","Thấp","mixed_proxy_thieu_du_lieu","43.75"
"Pleiku","còn dư địa hoặc cần theo dõi","Bán gói liên vùng, chuyển tour sang khung giờ thấp điểm hoặc điểm còn dư địa","Doanh nghiệp du lịch","thấp-trung bình","Tăng doanh thu mùa thấp điểm và kéo dài thời gian lưu trú nếu kích cầu đúng phân khúc.","Vấn đề -> Hành động -> KPI thay đổi -> Hiệu quả kinh tế: giảm áp lực tại điểm nóng, tăng chi tiêu ăn uống/vận tải/lưu trú/vé ở vùng phụ và giảm chi phí xã hội do kẹt xe/quá tải.","Điểm áp lực; điểm điều phối; điểm hạ tầng; cơ hội kinh tế; doanh thu ăn uống/vé/lưu trú; phản hồi du khách","35.98","52.5","36.0","42","Thấp","mixed_proxy_thieu_du_lieu","43.75"
"Pleiku","còn dư địa hoặc cần theo dõi","Tạo combo lưu trú dài hơn, voucher ăn uống địa phương và điều tiết giá theo trải nghiệm","Khách sạn","thấp-trung bình","Tăng doanh thu mùa thấp điểm và kéo dài thời gian lưu trú nếu kích cầu đúng phân khúc.","Vấn đề -> Hành động -> KPI thay đổi -> Hiệu quả kinh tế: giảm áp lực tại điểm nóng, tăng chi tiêu ăn uống/vận tải/lưu trú/vé ở vùng phụ và giảm chi phí xã hội do kẹt xe/quá tải.","Điểm áp lực; điểm điều phối; điểm hạ tầng; cơ hội kinh tế; doanh thu ăn uống/vé/lưu trú; phản hồi du khách","35.08","53.9","36.0","42","Thấp","mixed_proxy_thieu_du_lieu","43.75"
"Pleiku","còn dư địa hoặc cần theo dõi","Chia vé theo khung giờ, tăng nhân sự soát vé, đẩy QR/e-ticket","Khu vui chơi","thấp-trung bình","Tăng doanh thu mùa thấp điểm và kéo dài thời gian lưu trú nếu kích cầu đúng phân khúc.","Vấn đề -> Hành động -> KPI thay đổi -> Hiệu quả kinh tế: giảm áp lực tại điểm nóng, tăng chi tiêu ăn uống/vận tải/lưu trú/vé ở vùng phụ và giảm chi phí xã hội do kẹt xe/quá tải.","Điểm áp lực; điểm điều phối; điểm hạ tầng; cơ hội kinh tế; doanh thu ăn uống/vé/lưu trú; phản hồi du khách","35.53","53.2","36.0","42","Thấp","mixed_proxy_thieu_du_lieu","43.75"
"Pleiku","còn dư địa hoặc cần theo dõi","Tạo voucher giờ thấp điểm, menu combo địa phương và điểm bán vệ tinh","Nhà hàng/OCOP","thấp-trung bình","Tăng doanh thu mùa thấp điểm và kéo dài thời gian lưu trú nếu kích cầu đúng phân khúc.","Vấn đề -> Hành động -> KPI thay đổi -> Hiệu quả kinh tế: giảm áp lực tại điểm nóng, tăng chi tiêu ăn uống/vận tải/lưu trú/vé ở vùng phụ và giảm chi phí xã hội do kẹt xe/quá tải.","Điểm áp lực; điểm điều phối; điểm hạ tầng; cơ hội kinh tế; doanh thu ăn uống/vé/lưu trú; phản hồi du khách","34.48","54.6","36.0","42","Thấp","mixed_proxy_thieu_du_lieu","43.75"
"Pleiku","còn dư địa hoặc cần theo dõi","Tăng shuttle từ bãi đỗ vệ tinh và tuyến thay thế khi điểm áp lực tăng","Vận tải/shuttle","trung bình","Tăng doanh thu mùa thấp điểm và kéo dài thời gian lưu trú nếu kích cầu đúng phân khúc.","Vấn đề -> Hành động -> KPI thay đổi -> Hiệu quả kinh tế: giảm áp lực tại điểm nóng, tăng chi tiêu ăn uống/vận tải/lưu trú/vé ở vùng phụ và giảm chi phí xã hội do kẹt xe/quá tải.","Điểm áp lực; điểm điều phối; điểm hạ tầng; cơ hội kinh tế; doanh thu ăn uống/vé/lưu trú; phản hồi du khách","36.58","48.3","36.0","41","Thấp","mixed_proxy_thieu_du_lieu","43.75"
"Buôn Ma Thuột","còn dư địa hoặc cần theo dõi","Điều chỉnh truyền thông, kích cầu điểm phụ, công bố cảnh báo trên dashboard/app","Chính quyền","cao","Tăng doanh thu mùa thấp điểm và kéo dài thời gian lưu trú nếu kích cầu đúng phân khúc.","Vấn đề -> Hành động -> KPI thay đổi -> Hiệu quả kinh tế: giảm áp lực tại điểm nóng, tăng chi tiêu ăn uống/vận tải/lưu trú/vé ở vùng phụ và giảm chi phí xã hội do kẹt xe/quá tải.","Điểm áp lực; điểm điều phối; điểm hạ tầng; cơ hội kinh tế; doanh thu ăn uống/vé/lưu trú; phản hồi du khách","35.68","51.8","36.0","42","Thấp","mixed_proxy_thieu_du_lieu","43.75"
"Buôn Ma Thuột","còn dư địa hoặc cần theo dõi","Phân luồng tại tuyến ven biển, đặt biển báo, tăng lực lượng ở nút vào bãi biển/POI","Công an/giao thông","trung bình","Tăng doanh thu mùa thấp điểm và kéo dài thời gian lưu trú nếu kích cầu đúng phân khúc.","Vấn đề -> Hành động -> KPI thay đổi -> Hiệu quả kinh tế: giảm áp lực tại điểm nóng, tăng chi tiêu ăn uống/vận tải/lưu trú/vé ở vùng phụ và giảm chi phí xã hội do kẹt xe/quá tải.","Điểm áp lực; điểm điều phối; điểm hạ tầng; cơ hội kinh tế; doanh thu ăn uống/vé/lưu trú; phản hồi du khách","36.88","46.2","36.0","41","Thấp","mixed_proxy_thieu_du_lieu","43.75"
"Buôn Ma Thuột","còn dư địa hoặc cần theo dõi","Bán gói liên vùng, chuyển tour sang khung giờ thấp điểm hoặc điểm còn dư địa","Doanh nghiệp du lịch","thấp-trung bình","Tăng doanh thu mùa thấp điểm và kéo dài thời gian lưu trú nếu kích cầu đúng phân khúc.","Vấn đề -> Hành động -> KPI thay đổi -> Hiệu quả kinh tế: giảm áp lực tại điểm nóng, tăng chi tiêu ăn uống/vận tải/lưu trú/vé ở vùng phụ và giảm chi phí xã hội do kẹt xe/quá tải.","Điểm áp lực; điểm điều phối; điểm hạ tầng; cơ hội kinh tế; doanh thu ăn uống/vé/lưu trú; phản hồi du khách","35.98","52.5","36.0","42","Thấp","mixed_proxy_thieu_du_lieu","43.75"
"Buôn Ma Thuột","còn dư địa hoặc cần theo dõi","Tạo combo lưu trú dài hơn, voucher ăn uống địa phương và điều tiết giá theo trải nghiệm","Khách sạn","thấp-trung bình","Tăng doanh thu mùa thấp điểm và kéo dài thời gian lưu trú nếu kích cầu đúng phân khúc.","Vấn đề -> Hành động -> KPI thay đổi -> Hiệu quả kinh tế: giảm áp lực tại điểm nóng, tăng chi tiêu ăn uống/vận tải/lưu trú/vé ở vùng phụ và giảm chi phí xã hội do kẹt xe/quá tải.","Điểm áp lực; điểm điều phối; điểm hạ tầng; cơ hội kinh tế; doanh thu ăn uống/vé/lưu trú; phản hồi du khách","35.08","53.9","36.0","42","Thấp","mixed_proxy_thieu_du_lieu","43.75"
"Buôn Ma Thuột","còn dư địa hoặc cần theo dõi","Chia vé theo khung giờ, tăng nhân sự soát vé, đẩy QR/e-ticket","Khu vui chơi","thấp-trung bình","Tăng doanh thu mùa thấp điểm và kéo dài thời gian lưu trú nếu kích cầu đúng phân khúc.","Vấn đề -> Hành động -> KPI thay đổi -> Hiệu quả kinh tế: giảm áp lực tại điểm nóng, tăng chi tiêu ăn uống/vận tải/lưu trú/vé ở vùng phụ và giảm chi phí xã hội do kẹt xe/quá tải.","Điểm áp lực; điểm điều phối; điểm hạ tầng; cơ hội kinh tế; doanh thu ăn uống/vé/lưu trú; phản hồi du khách","35.53","53.2","36.0","42","Thấp","mixed_proxy_thieu_du_lieu","43.75"
"Buôn Ma Thuột","còn dư địa hoặc cần theo dõi","Tạo voucher giờ thấp điểm, menu combo địa phương và điểm bán vệ tinh","Nhà hàng/OCOP","thấp-trung bình","Tăng doanh thu mùa thấp điểm và kéo dài thời gian lưu trú nếu kích cầu đúng phân khúc.","Vấn đề -> Hành động -> KPI thay đổi -> Hiệu quả kinh tế: giảm áp lực tại điểm nóng, tăng chi tiêu ăn uống/vận tải/lưu trú/vé ở vùng phụ và giảm chi phí xã hội do kẹt xe/quá tải.","Điểm áp lực; điểm điều phối; điểm hạ tầng; cơ hội kinh tế; doanh thu ăn uống/vé/lưu trú; phản hồi du khách","34.48","54.6","36.0","42","Thấp","mixed_proxy_thieu_du_lieu","43.75"
"Buôn Ma Thuột","còn dư địa hoặc cần theo dõi","Tăng shuttle từ bãi đỗ vệ tinh và tuyến thay thế khi điểm áp lực tăng","Vận tải/shuttle","trung bình","Tăng doanh thu mùa thấp điểm và kéo dài thời gian lưu trú nếu kích cầu đúng phân khúc.","Vấn đề -> Hành động -> KPI thay đổi -> Hiệu quả kinh tế: giảm áp lực tại điểm nóng, tăng chi tiêu ăn uống/vận tải/lưu trú/vé ở vùng phụ và giảm chi phí xã hội do kẹt xe/quá tải.","Điểm áp lực; điểm điều phối; điểm hạ tầng; cơ hội kinh tế; doanh thu ăn uống/vé/lưu trú; phản hồi du khách","36.58","48.3","36.0","41","Thấp","mixed_proxy_thieu_du_lieu","43.75"
"Châu Đốc","còn dư địa hoặc cần theo dõi","Điều chỉnh truyền thông, kích cầu điểm phụ, công bố cảnh báo trên dashboard/app","Chính quyền","cao","Tăng doanh thu mùa thấp điểm và kéo dài thời gian lưu trú nếu kích cầu đúng phân khúc.","Vấn đề -> Hành động -> KPI thay đổi -> Hiệu quả kinh tế: giảm áp lực tại điểm nóng, tăng chi tiêu ăn uống/vận tải/lưu trú/vé ở vùng phụ và giảm chi phí xã hội do kẹt xe/quá tải.","Điểm áp lực; điểm điều phối; điểm hạ tầng; cơ hội kinh tế; doanh thu ăn uống/vé/lưu trú; phản hồi du khách","35.68","51.8","36.0","42","Thấp","mixed_proxy_thieu_du_lieu","43.75"
"Châu Đốc","còn dư địa hoặc cần theo dõi","Phân luồng tại tuyến ven biển, đặt biển báo, tăng lực lượng ở nút vào bãi biển/POI","Công an/giao thông","trung bình","Tăng doanh thu mùa thấp điểm và kéo dài thời gian lưu trú nếu kích cầu đúng phân khúc.","Vấn đề -> Hành động -> KPI thay đổi -> Hiệu quả kinh tế: giảm áp lực tại điểm nóng, tăng chi tiêu ăn uống/vận tải/lưu trú/vé ở vùng phụ và giảm chi phí xã hội do kẹt xe/quá tải.","Điểm áp lực; điểm điều phối; điểm hạ tầng; cơ hội kinh tế; doanh thu ăn uống/vé/lưu trú; phản hồi du khách","36.88","46.2","36.0","41","Thấp","mixed_proxy_thieu_du_lieu","43.75"
"Châu Đốc","còn dư địa hoặc cần theo dõi","Bán gói liên vùng, chuyển tour sang khung giờ thấp điểm hoặc điểm còn dư địa","Doanh nghiệp du lịch","thấp-trung bình","Tăng doanh thu mùa thấp điểm và kéo dài thời gian lưu trú nếu kích cầu đúng phân khúc.","Vấn đề -> Hành động -> KPI thay đổi -> Hiệu quả kinh tế: giảm áp lực tại điểm nóng, tăng chi tiêu ăn uống/vận tải/lưu trú/vé ở vùng phụ và giảm chi phí xã hội do kẹt xe/quá tải.","Điểm áp lực; điểm điều phối; điểm hạ tầng; cơ hội kinh tế; doanh thu ăn uống/vé/lưu trú; phản hồi du khách","35.98","52.5","36.0","42","Thấp","mixed_proxy_thieu_du_lieu","43.75"
"Châu Đốc","còn dư địa hoặc cần theo dõi","Tạo combo lưu trú dài hơn, voucher ăn uống địa phương và điều tiết giá theo trải nghiệm","Khách sạn","thấp-trung bình","Tăng doanh thu mùa thấp điểm và kéo dài thời gian lưu trú nếu kích cầu đúng phân khúc.","Vấn đề -> Hành động -> KPI thay đổi -> Hiệu quả kinh tế: giảm áp lực tại điểm nóng, tăng chi tiêu ăn uống/vận tải/lưu trú/vé ở vùng phụ và giảm chi phí xã hội do kẹt xe/quá tải.","Điểm áp lực; điểm điều phối; điểm hạ tầng; cơ hội kinh tế; doanh thu ăn uống/vé/lưu trú; phản hồi du khách","35.08","53.9","36.0","42","Thấp","mixed_proxy_thieu_du_lieu","43.75"
"Châu Đốc","còn dư địa hoặc cần theo dõi","Chia vé theo khung giờ, tăng nhân sự soát vé, đẩy QR/e-ticket","Khu vui chơi","thấp-trung bình","Tăng doanh thu mùa thấp điểm và kéo dài thời gian lưu trú nếu kích cầu đúng phân khúc.","Vấn đề -> Hành động -> KPI thay đổi -> Hiệu quả kinh tế: giảm áp lực tại điểm nóng, tăng chi tiêu ăn uống/vận tải/lưu trú/vé ở vùng phụ và giảm chi phí xã hội do kẹt xe/quá tải.","Điểm áp lực; điểm điều phối; điểm hạ tầng; cơ hội kinh tế; doanh thu ăn uống/vé/lưu trú; phản hồi du khách","35.53","53.2","36.0","42","Thấp","mixed_proxy_thieu_du_lieu","43.75"
"Châu Đốc","còn dư địa hoặc cần theo dõi","Tạo voucher giờ thấp điểm, menu combo địa phương và điểm bán vệ tinh","Nhà hàng/OCOP","thấp-trung bình","Tăng doanh thu mùa thấp điểm và kéo dài thời gian lưu trú nếu kích cầu đúng phân khúc.","Vấn đề -> Hành động -> KPI thay đổi -> Hiệu quả kinh tế: giảm áp lực tại điểm nóng, tăng chi tiêu ăn uống/vận tải/lưu trú/vé ở vùng phụ và giảm chi phí xã hội do kẹt xe/quá tải.","Điểm áp lực; điểm điều phối; điểm hạ tầng; cơ hội kinh tế; doanh thu ăn uống/vé/lưu trú; phản hồi du khách","34.48","54.6","36.0","42","Thấp","mixed_proxy_thieu_du_lieu","43.75"
"Châu Đốc","còn dư địa hoặc cần theo dõi","Tăng shuttle từ bãi đỗ vệ tinh và tuyến thay thế khi điểm áp lực tăng","Vận tải/shuttle","trung bình","Tăng doanh thu mùa thấp điểm và kéo dài thời gian lưu trú nếu kích cầu đúng phân khúc.","Vấn đề -> Hành động -> KPI thay đổi -> Hiệu quả kinh tế: giảm áp lực tại điểm nóng, tăng chi tiêu ăn uống/vận tải/lưu trú/vé ở vùng phụ và giảm chi phí xã hội do kẹt xe/quá tải.","Điểm áp lực; điểm điều phối; điểm hạ tầng; cơ hội kinh tế; doanh thu ăn uống/vé/lưu trú; phản hồi du khách","36.58","48.3","36.0","41","Thấp","mixed_proxy_thieu_du_lieu","43.75"
"Ba Vì","còn dư địa hoặc cần theo dõi","Điều chỉnh truyền thông, kích cầu điểm phụ, công bố cảnh báo trên dashboard/app","Chính quyền","cao","Tăng doanh thu mùa thấp điểm và kéo dài thời gian lưu trú nếu kích cầu đúng phân khúc.","Vấn đề -> Hành động -> KPI thay đổi -> Hiệu quả kinh tế: giảm áp lực tại điểm nóng, tăng chi tiêu ăn uống/vận tải/lưu trú/vé ở vùng phụ và giảm chi phí xã hội do kẹt xe/quá tải.","Điểm áp lực; điểm điều phối; điểm hạ tầng; cơ hội kinh tế; doanh thu ăn uống/vé/lưu trú; phản hồi du khách","35.68","51.8","36.0","42","Thấp","mixed_proxy_thieu_du_lieu","43.75"
"Ba Vì","còn dư địa hoặc cần theo dõi","Phân luồng tại tuyến ven biển, đặt biển báo, tăng lực lượng ở nút vào bãi biển/POI","Công an/giao thông","trung bình","Tăng doanh thu mùa thấp điểm và kéo dài thời gian lưu trú nếu kích cầu đúng phân khúc.","Vấn đề -> Hành động -> KPI thay đổi -> Hiệu quả kinh tế: giảm áp lực tại điểm nóng, tăng chi tiêu ăn uống/vận tải/lưu trú/vé ở vùng phụ và giảm chi phí xã hội do kẹt xe/quá tải.","Điểm áp lực; điểm điều phối; điểm hạ tầng; cơ hội kinh tế; doanh thu ăn uống/vé/lưu trú; phản hồi du khách","36.88","46.2","36.0","41","Thấp","mixed_proxy_thieu_du_lieu","43.75"
"Ba Vì","còn dư địa hoặc cần theo dõi","Bán gói liên vùng, chuyển tour sang khung giờ thấp điểm hoặc điểm còn dư địa","Doanh nghiệp du lịch","thấp-trung bình","Tăng doanh thu mùa thấp điểm và kéo dài thời gian lưu trú nếu kích cầu đúng phân khúc.","Vấn đề -> Hành động -> KPI thay đổi -> Hiệu quả kinh tế: giảm áp lực tại điểm nóng, tăng chi tiêu ăn uống/vận tải/lưu trú/vé ở vùng phụ và giảm chi phí xã hội do kẹt xe/quá tải.","Điểm áp lực; điểm điều phối; điểm hạ tầng; cơ hội kinh tế; doanh thu ăn uống/vé/lưu trú; phản hồi du khách","35.98","52.5","36.0","42","Thấp","mixed_proxy_thieu_du_lieu","43.75"
"Ba Vì","còn dư địa hoặc cần theo dõi","Tạo combo lưu trú dài hơn, voucher ăn uống địa phương và điều tiết giá theo trải nghiệm","Khách sạn","thấp-trung bình","Tăng doanh thu mùa thấp điểm và kéo dài thời gian lưu trú nếu kích cầu đúng phân khúc.","Vấn đề -> Hành động -> KPI thay đổi -> Hiệu quả kinh tế: giảm áp lực tại điểm nóng, tăng chi tiêu ăn uống/vận tải/lưu trú/vé ở vùng phụ và giảm chi phí xã hội do kẹt xe/quá tải.","Điểm áp lực; điểm điều phối; điểm hạ tầng; cơ hội kinh tế; doanh thu ăn uống/vé/lưu trú; phản hồi du khách","35.08","53.9","36.0","42","Thấp","mixed_proxy_thieu_du_lieu","43.75"
"Ba Vì","còn dư địa hoặc cần theo dõi","Chia vé theo khung giờ, tăng nhân sự soát vé, đẩy QR/e-ticket","Khu vui chơi","thấp-trung bình","Tăng doanh thu mùa thấp điểm và kéo dài thời gian lưu trú nếu kích cầu đúng phân khúc.","Vấn đề -> Hành động -> KPI thay đổi -> Hiệu quả kinh tế: giảm áp lực tại điểm nóng, tăng chi tiêu ăn uống/vận tải/lưu trú/vé ở vùng phụ và giảm chi phí xã hội do kẹt xe/quá tải.","Điểm áp lực; điểm điều phối; điểm hạ tầng; cơ hội kinh tế; doanh thu ăn uống/vé/lưu trú; phản hồi du khách","35.53","53.2","36.0","42","Thấp","mixed_proxy_thieu_du_lieu","43.75"
"Ba Vì","còn dư địa hoặc cần theo dõi","Tạo voucher giờ thấp điểm, menu combo địa phương và điểm bán vệ tinh","Nhà hàng/OCOP","thấp-trung bình","Tăng doanh thu mùa thấp điểm và kéo dài thời gian lưu trú nếu kích cầu đúng phân khúc.","Vấn đề -> Hành động -> KPI thay đổi -> Hiệu quả kinh tế: giảm áp lực tại điểm nóng, tăng chi tiêu ăn uống/vận tải/lưu trú/vé ở vùng phụ và giảm chi phí xã hội do kẹt xe/quá tải.","Điểm áp lực; điểm điều phối; điểm hạ tầng; cơ hội kinh tế; doanh thu ăn uống/vé/lưu trú; phản hồi du khách","34.48","54.6","36.0","42","Thấp","mixed_proxy_thieu_du_lieu","43.75"
"Ba Vì","còn dư địa hoặc cần theo dõi","Tăng shuttle từ bãi đỗ vệ tinh và tuyến thay thế khi điểm áp lực tăng","Vận tải/shuttle","trung bình","Tăng doanh thu mùa thấp điểm và kéo dài thời gian lưu trú nếu kích cầu đúng phân khúc.","Vấn đề -> Hành động -> KPI thay đổi -> Hiệu quả kinh tế: giảm áp lực tại điểm nóng, tăng chi tiêu ăn uống/vận tải/lưu trú/vé ở vùng phụ và giảm chi phí xã hội do kẹt xe/quá tải.","Điểm áp lực; điểm điều phối; điểm hạ tầng; cơ hội kinh tế; doanh thu ăn uống/vé/lưu trú; phản hồi du khách","36.58","48.3","36.0","41","Thấp","mixed_proxy_thieu_du_lieu","43.75"
"Thiên Cầm","còn dư địa hoặc cần theo dõi","Điều chỉnh truyền thông, kích cầu điểm phụ, công bố cảnh báo trên dashboard/app","Chính quyền","cao","Tăng doanh thu mùa thấp điểm và kéo dài thời gian lưu trú nếu kích cầu đúng phân khúc.","Vấn đề -> Hành động -> KPI thay đổi -> Hiệu quả kinh tế: giảm áp lực tại điểm nóng, tăng chi tiêu ăn uống/vận tải/lưu trú/vé ở vùng phụ và giảm chi phí xã hội do kẹt xe/quá tải.","Điểm áp lực; điểm điều phối; điểm hạ tầng; cơ hội kinh tế; doanh thu ăn uống/vé/lưu trú; phản hồi du khách","35.68","51.8","36.0","42","Thấp","mixed_proxy_thieu_du_lieu","43.75"
"Thiên Cầm","còn dư địa hoặc cần theo dõi","Phân luồng tại tuyến ven biển, đặt biển báo, tăng lực lượng ở nút vào bãi biển/POI","Công an/giao thông","trung bình","Tăng doanh thu mùa thấp điểm và kéo dài thời gian lưu trú nếu kích cầu đúng phân khúc.","Vấn đề -> Hành động -> KPI thay đổi -> Hiệu quả kinh tế: giảm áp lực tại điểm nóng, tăng chi tiêu ăn uống/vận tải/lưu trú/vé ở vùng phụ và giảm chi phí xã hội do kẹt xe/quá tải.","Điểm áp lực; điểm điều phối; điểm hạ tầng; cơ hội kinh tế; doanh thu ăn uống/vé/lưu trú; phản hồi du khách","36.88","46.2","36.0","41","Thấp","mixed_proxy_thieu_du_lieu","43.75"
"Thiên Cầm","còn dư địa hoặc cần theo dõi","Bán gói liên vùng, chuyển tour sang khung giờ thấp điểm hoặc điểm còn dư địa","Doanh nghiệp du lịch","thấp-trung bình","Tăng doanh thu mùa thấp điểm và kéo dài thời gian lưu trú nếu kích cầu đúng phân khúc.","Vấn đề -> Hành động -> KPI thay đổi -> Hiệu quả kinh tế: giảm áp lực tại điểm nóng, tăng chi tiêu ăn uống/vận tải/lưu trú/vé ở vùng phụ và giảm chi phí xã hội do kẹt xe/quá tải.","Điểm áp lực; điểm điều phối; điểm hạ tầng; cơ hội kinh tế; doanh thu ăn uống/vé/lưu trú; phản hồi du khách","35.98","52.5","36.0","42","Thấp","mixed_proxy_thieu_du_lieu","43.75"
"Thiên Cầm","còn dư địa hoặc cần theo dõi","Tạo combo lưu trú dài hơn, voucher ăn uống địa phương và điều tiết giá theo trải nghiệm","Khách sạn","thấp-trung bình","Tăng doanh thu mùa thấp điểm và kéo dài thời gian lưu trú nếu kích cầu đúng phân khúc.","Vấn đề -> Hành động -> KPI thay đổi -> Hiệu quả kinh tế: giảm áp lực tại điểm nóng, tăng chi tiêu ăn uống/vận tải/lưu trú/vé ở vùng phụ và giảm chi phí xã hội do kẹt xe/quá tải.","Điểm áp lực; điểm điều phối; điểm hạ tầng; cơ hội kinh tế; doanh thu ăn uống/vé/lưu trú; phản hồi du khách","35.08","53.9","36.0","42","Thấp","mixed_proxy_thieu_du_lieu","43.75"
"Thiên Cầm","còn dư địa hoặc cần theo dõi","Chia vé theo khung giờ, tăng nhân sự soát vé, đẩy QR/e-ticket","Khu vui chơi","thấp-trung bình","Tăng doanh thu mùa thấp điểm và kéo dài thời gian lưu trú nếu kích cầu đúng phân khúc.","Vấn đề -> Hành động -> KPI thay đổi -> Hiệu quả kinh tế: giảm áp lực tại điểm nóng, tăng chi tiêu ăn uống/vận tải/lưu trú/vé ở vùng phụ và giảm chi phí xã hội do kẹt xe/quá tải.","Điểm áp lực; điểm điều phối; điểm hạ tầng; cơ hội kinh tế; doanh thu ăn uống/vé/lưu trú; phản hồi du khách","35.53","53.2","36.0","42","Thấp","mixed_proxy_thieu_du_lieu","43.75"
"Thiên Cầm","còn dư địa hoặc cần theo dõi","Tạo voucher giờ thấp điểm, menu combo địa phương và điểm bán vệ tinh","Nhà hàng/OCOP","thấp-trung bình","Tăng doanh thu mùa thấp điểm và kéo dài thời gian lưu trú nếu kích cầu đúng phân khúc.","Vấn đề -> Hành động -> KPI thay đổi -> Hiệu quả kinh tế: giảm áp lực tại điểm nóng, tăng chi tiêu ăn uống/vận tải/lưu trú/vé ở vùng phụ và giảm chi phí xã hội do kẹt xe/quá tải.","Điểm áp lực; điểm điều phối; điểm hạ tầng; cơ hội kinh tế; doanh thu ăn uống/vé/lưu trú; phản hồi du khách","34.48","54.6","36.0","42","Thấp","mixed_proxy_thieu_du_lieu","43.75"
"Thiên Cầm","còn dư địa hoặc cần theo dõi","Tăng shuttle từ bãi đỗ vệ tinh và tuyến thay thế khi điểm áp lực tăng","Vận tải/shuttle","trung bình","Tăng doanh thu mùa thấp điểm và kéo dài thời gian lưu trú nếu kích cầu đúng phân khúc.","Vấn đề -> Hành động -> KPI thay đổi -> Hiệu quả kinh tế: giảm áp lực tại điểm nóng, tăng chi tiêu ăn uống/vận tải/lưu trú/vé ở vùng phụ và giảm chi phí xã hội do kẹt xe/quá tải.","Điểm áp lực; điểm điều phối; điểm hạ tầng; cơ hội kinh tế; doanh thu ăn uống/vé/lưu trú; phản hồi du khách","36.58","48.3","36.0","41","Thấp","mixed_proxy_thieu_du_lieu","43.75"
"Nhật Lệ","còn dư địa hoặc cần theo dõi","Điều chỉnh truyền thông, kích cầu điểm phụ, công bố cảnh báo trên dashboard/app","Chính quyền","cao","Tăng doanh thu mùa thấp điểm và kéo dài thời gian lưu trú nếu kích cầu đúng phân khúc.","Vấn đề -> Hành động -> KPI thay đổi -> Hiệu quả kinh tế: giảm áp lực tại điểm nóng, tăng chi tiêu ăn uống/vận tải/lưu trú/vé ở vùng phụ và giảm chi phí xã hội do kẹt xe/quá tải.","Điểm áp lực; điểm điều phối; điểm hạ tầng; cơ hội kinh tế; doanh thu ăn uống/vé/lưu trú; phản hồi du khách","35.68","51.8","36.0","42","Thấp","mixed_proxy_thieu_du_lieu","43.75"
"Nhật Lệ","còn dư địa hoặc cần theo dõi","Phân luồng tại tuyến ven biển, đặt biển báo, tăng lực lượng ở nút vào bãi biển/POI","Công an/giao thông","trung bình","Tăng doanh thu mùa thấp điểm và kéo dài thời gian lưu trú nếu kích cầu đúng phân khúc.","Vấn đề -> Hành động -> KPI thay đổi -> Hiệu quả kinh tế: giảm áp lực tại điểm nóng, tăng chi tiêu ăn uống/vận tải/lưu trú/vé ở vùng phụ và giảm chi phí xã hội do kẹt xe/quá tải.","Điểm áp lực; điểm điều phối; điểm hạ tầng; cơ hội kinh tế; doanh thu ăn uống/vé/lưu trú; phản hồi du khách","36.88","46.2","36.0","41","Thấp","mixed_proxy_thieu_du_lieu","43.75"
"Nhật Lệ","còn dư địa hoặc cần theo dõi","Bán gói liên vùng, chuyển tour sang khung giờ thấp điểm hoặc điểm còn dư địa","Doanh nghiệp du lịch","thấp-trung bình","Tăng doanh thu mùa thấp điểm và kéo dài thời gian lưu trú nếu kích cầu đúng phân khúc.","Vấn đề -> Hành động -> KPI thay đổi -> Hiệu quả kinh tế: giảm áp lực tại điểm nóng, tăng chi tiêu ăn uống/vận tải/lưu trú/vé ở vùng phụ và giảm chi phí xã hội do kẹt xe/quá tải.","Điểm áp lực; điểm điều phối; điểm hạ tầng; cơ hội kinh tế; doanh thu ăn uống/vé/lưu trú; phản hồi du khách","35.98","52.5","36.0","42","Thấp","mixed_proxy_thieu_du_lieu","43.75"
"Nhật Lệ","còn dư địa hoặc cần theo dõi","Tạo combo lưu trú dài hơn, voucher ăn uống địa phương và điều tiết giá theo trải nghiệm","Khách sạn","thấp-trung bình","Tăng doanh thu mùa thấp điểm và kéo dài thời gian lưu trú nếu kích cầu đúng phân khúc.","Vấn đề -> Hành động -> KPI thay đổi -> Hiệu quả kinh tế: giảm áp lực tại điểm nóng, tăng chi tiêu ăn uống/vận tải/lưu trú/vé ở vùng phụ và giảm chi phí xã hội do kẹt xe/quá tải.","Điểm áp lực; điểm điều phối; điểm hạ tầng; cơ hội kinh tế; doanh thu ăn uống/vé/lưu trú; phản hồi du khách","35.08","53.9","36.0","42","Thấp","mixed_proxy_thieu_du_lieu","43.75"
"Nhật Lệ","còn dư địa hoặc cần theo dõi","Chia vé theo khung giờ, tăng nhân sự soát vé, đẩy QR/e-ticket","Khu vui chơi","thấp-trung bình","Tăng doanh thu mùa thấp điểm và kéo dài thời gian lưu trú nếu kích cầu đúng phân khúc.","Vấn đề -> Hành động -> KPI thay đổi -> Hiệu quả kinh tế: giảm áp lực tại điểm nóng, tăng chi tiêu ăn uống/vận tải/lưu trú/vé ở vùng phụ và giảm chi phí xã hội do kẹt xe/quá tải.","Điểm áp lực; điểm điều phối; điểm hạ tầng; cơ hội kinh tế; doanh thu ăn uống/vé/lưu trú; phản hồi du khách","35.53","53.2","36.0","42","Thấp","mixed_proxy_thieu_du_lieu","43.75"
"Nhật Lệ","còn dư địa hoặc cần theo dõi","Tạo voucher giờ thấp điểm, menu combo địa phương và điểm bán vệ tinh","Nhà hàng/OCOP","thấp-trung bình","Tăng doanh thu mùa thấp điểm và kéo dài thời gian lưu trú nếu kích cầu đúng phân khúc.","Vấn đề -> Hành động -> KPI thay đổi -> Hiệu quả kinh tế: giảm áp lực tại điểm nóng, tăng chi tiêu ăn uống/vận tải/lưu trú/vé ở vùng phụ và giảm chi phí xã hội do kẹt xe/quá tải.","Điểm áp lực; điểm điều phối; điểm hạ tầng; cơ hội kinh tế; doanh thu ăn uống/vé/lưu trú; phản hồi du khách","34.48","54.6","36.0","42","Thấp","mixed_proxy_thieu_du_lieu","43.75"
"Nhật Lệ","còn dư địa hoặc cần theo dõi","Tăng shuttle từ bãi đỗ vệ tinh và tuyến thay thế khi điểm áp lực tăng","Vận tải/shuttle","trung bình","Tăng doanh thu mùa thấp điểm và kéo dài thời gian lưu trú nếu kích cầu đúng phân khúc.","Vấn đề -> Hành động -> KPI thay đổi -> Hiệu quả kinh tế: giảm áp lực tại điểm nóng, tăng chi tiêu ăn uống/vận tải/lưu trú/vé ở vùng phụ và giảm chi phí xã hội do kẹt xe/quá tải.","Điểm áp lực; điểm điều phối; điểm hạ tầng; cơ hội kinh tế; doanh thu ăn uống/vé/lưu trú; phản hồi du khách","36.58","48.3","36.0","41","Thấp","mixed_proxy_thieu_du_lieu","43.75"
"Cửa Tùng","còn dư địa hoặc cần theo dõi","Điều chỉnh truyền thông, kích cầu điểm phụ, công bố cảnh báo trên dashboard/app","Chính quyền","cao","Tăng doanh thu mùa thấp điểm và kéo dài thời gian lưu trú nếu kích cầu đúng phân khúc.","Vấn đề -> Hành động -> KPI thay đổi -> Hiệu quả kinh tế: giảm áp lực tại điểm nóng, tăng chi tiêu ăn uống/vận tải/lưu trú/vé ở vùng phụ và giảm chi phí xã hội do kẹt xe/quá tải.","Điểm áp lực; điểm điều phối; điểm hạ tầng; cơ hội kinh tế; doanh thu ăn uống/vé/lưu trú; phản hồi du khách","35.68","51.8","36.0","42","Thấp","mixed_proxy_thieu_du_lieu","43.75"
"Cửa Tùng","còn dư địa hoặc cần theo dõi","Phân luồng tại tuyến ven biển, đặt biển báo, tăng lực lượng ở nút vào bãi biển/POI","Công an/giao thông","trung bình","Tăng doanh thu mùa thấp điểm và kéo dài thời gian lưu trú nếu kích cầu đúng phân khúc.","Vấn đề -> Hành động -> KPI thay đổi -> Hiệu quả kinh tế: giảm áp lực tại điểm nóng, tăng chi tiêu ăn uống/vận tải/lưu trú/vé ở vùng phụ và giảm chi phí xã hội do kẹt xe/quá tải.","Điểm áp lực; điểm điều phối; điểm hạ tầng; cơ hội kinh tế; doanh thu ăn uống/vé/lưu trú; phản hồi du khách","36.88","46.2","36.0","41","Thấp","mixed_proxy_thieu_du_lieu","43.75"
"Cửa Tùng","còn dư địa hoặc cần theo dõi","Bán gói liên vùng, chuyển tour sang khung giờ thấp điểm hoặc điểm còn dư địa","Doanh nghiệp du lịch","thấp-trung bình","Tăng doanh thu mùa thấp điểm và kéo dài thời gian lưu trú nếu kích cầu đúng phân khúc.","Vấn đề -> Hành động -> KPI thay đổi -> Hiệu quả kinh tế: giảm áp lực tại điểm nóng, tăng chi tiêu ăn uống/vận tải/lưu trú/vé ở vùng phụ và giảm chi phí xã hội do kẹt xe/quá tải.","Điểm áp lực; điểm điều phối; điểm hạ tầng; cơ hội kinh tế; doanh thu ăn uống/vé/lưu trú; phản hồi du khách","35.98","52.5","36.0","42","Thấp","mixed_proxy_thieu_du_lieu","43.75"
"Cửa Tùng","còn dư địa hoặc cần theo dõi","Tạo combo lưu trú dài hơn, voucher ăn uống địa phương và điều tiết giá theo trải nghiệm","Khách sạn","thấp-trung bình","Tăng doanh thu mùa thấp điểm và kéo dài thời gian lưu trú nếu kích cầu đúng phân khúc.","Vấn đề -> Hành động -> KPI thay đổi -> Hiệu quả kinh tế: giảm áp lực tại điểm nóng, tăng chi tiêu ăn uống/vận tải/lưu trú/vé ở vùng phụ và giảm chi phí xã hội do kẹt xe/quá tải.","Điểm áp lực; điểm điều phối; điểm hạ tầng; cơ hội kinh tế; doanh thu ăn uống/vé/lưu trú; phản hồi du khách","35.08","53.9","36.0","42","Thấp","mixed_proxy_thieu_du_lieu","43.75"
"Cửa Tùng","còn dư địa hoặc cần theo dõi","Chia vé theo khung giờ, tăng nhân sự soát vé, đẩy QR/e-ticket","Khu vui chơi","thấp-trung bình","Tăng doanh thu mùa thấp điểm và kéo dài thời gian lưu trú nếu kích cầu đúng phân khúc.","Vấn đề -> Hành động -> KPI thay đổi -> Hiệu quả kinh tế: giảm áp lực tại điểm nóng, tăng chi tiêu ăn uống/vận tải/lưu trú/vé ở vùng phụ và giảm chi phí xã hội do kẹt xe/quá tải.","Điểm áp lực; điểm điều phối; điểm hạ tầng; cơ hội kinh tế; doanh thu ăn uống/vé/lưu trú; phản hồi du khách","35.53","53.2","36.0","42","Thấp","mixed_proxy_thieu_du_lieu","43.75"
"Cửa Tùng","còn dư địa hoặc cần theo dõi","Tạo voucher giờ thấp điểm, menu combo địa phương và điểm bán vệ tinh","Nhà hàng/OCOP","thấp-trung bình","Tăng doanh thu mùa thấp điểm và kéo dài thời gian lưu trú nếu kích cầu đúng phân khúc.","Vấn đề -> Hành động -> KPI thay đổi -> Hiệu quả kinh tế: giảm áp lực tại điểm nóng, tăng chi tiêu ăn uống/vận tải/lưu trú/vé ở vùng phụ và giảm chi phí xã hội do kẹt xe/quá tải.","Điểm áp lực; điểm điều phối; điểm hạ tầng; cơ hội kinh tế; doanh thu ăn uống/vé/lưu trú; phản hồi du khách","34.48","54.6","36.0","42","Thấp","mixed_proxy_thieu_du_lieu","43.75"
"Cửa Tùng","còn dư địa hoặc cần theo dõi","Tăng shuttle từ bãi đỗ vệ tinh và tuyến thay thế khi điểm áp lực tăng","Vận tải/shuttle","trung bình","Tăng doanh thu mùa thấp điểm và kéo dài thời gian lưu trú nếu kích cầu đúng phân khúc.","Vấn đề -> Hành động -> KPI thay đổi -> Hiệu quả kinh tế: giảm áp lực tại điểm nóng, tăng chi tiêu ăn uống/vận tải/lưu trú/vé ở vùng phụ và giảm chi phí xã hội do kẹt xe/quá tải.","Điểm áp lực; điểm điều phối; điểm hạ tầng; cơ hội kinh tế; doanh thu ăn uống/vé/lưu trú; phản hồi du khách","36.58","48.3","36.0","41","Thấp","mixed_proxy_thieu_du_lieu","43.75"
"Hải Tiến","còn dư địa hoặc cần theo dõi","Điều chỉnh truyền thông, kích cầu điểm phụ, công bố cảnh báo trên dashboard/app","Chính quyền","cao","Tăng doanh thu mùa thấp điểm và kéo dài thời gian lưu trú nếu kích cầu đúng phân khúc.","Vấn đề -> Hành động -> KPI thay đổi -> Hiệu quả kinh tế: giảm áp lực tại điểm nóng, tăng chi tiêu ăn uống/vận tải/lưu trú/vé ở vùng phụ và giảm chi phí xã hội do kẹt xe/quá tải.","Điểm áp lực; điểm điều phối; điểm hạ tầng; cơ hội kinh tế; doanh thu ăn uống/vé/lưu trú; phản hồi du khách","35.68","51.8","36.0","42","Thấp","mixed_proxy_thieu_du_lieu","43.75"
"Hải Tiến","còn dư địa hoặc cần theo dõi","Phân luồng tại tuyến ven biển, đặt biển báo, tăng lực lượng ở nút vào bãi biển/POI","Công an/giao thông","trung bình","Tăng doanh thu mùa thấp điểm và kéo dài thời gian lưu trú nếu kích cầu đúng phân khúc.","Vấn đề -> Hành động -> KPI thay đổi -> Hiệu quả kinh tế: giảm áp lực tại điểm nóng, tăng chi tiêu ăn uống/vận tải/lưu trú/vé ở vùng phụ và giảm chi phí xã hội do kẹt xe/quá tải.","Điểm áp lực; điểm điều phối; điểm hạ tầng; cơ hội kinh tế; doanh thu ăn uống/vé/lưu trú; phản hồi du khách","36.88","46.2","36.0","41","Thấp","mixed_proxy_thieu_du_lieu","43.75"
"Hải Tiến","còn dư địa hoặc cần theo dõi","Bán gói liên vùng, chuyển tour sang khung giờ thấp điểm hoặc điểm còn dư địa","Doanh nghiệp du lịch","thấp-trung bình","Tăng doanh thu mùa thấp điểm và kéo dài thời gian lưu trú nếu kích cầu đúng phân khúc.","Vấn đề -> Hành động -> KPI thay đổi -> Hiệu quả kinh tế: giảm áp lực tại điểm nóng, tăng chi tiêu ăn uống/vận tải/lưu trú/vé ở vùng phụ và giảm chi phí xã hội do kẹt xe/quá tải.","Điểm áp lực; điểm điều phối; điểm hạ tầng; cơ hội kinh tế; doanh thu ăn uống/vé/lưu trú; phản hồi du khách","35.98","52.5","36.0","42","Thấp","mixed_proxy_thieu_du_lieu","43.75"
"Hải Tiến","còn dư địa hoặc cần theo dõi","Tạo combo lưu trú dài hơn, voucher ăn uống địa phương và điều tiết giá theo trải nghiệm","Khách sạn","thấp-trung bình","Tăng doanh thu mùa thấp điểm và kéo dài thời gian lưu trú nếu kích cầu đúng phân khúc.","Vấn đề -> Hành động -> KPI thay đổi -> Hiệu quả kinh tế: giảm áp lực tại điểm nóng, tăng chi tiêu ăn uống/vận tải/lưu trú/vé ở vùng phụ và giảm chi phí xã hội do kẹt xe/quá tải.","Điểm áp lực; điểm điều phối; điểm hạ tầng; cơ hội kinh tế; doanh thu ăn uống/vé/lưu trú; phản hồi du khách","35.08","53.9","36.0","42","Thấp","mixed_proxy_thieu_du_lieu","43.75"
"Hải Tiến","còn dư địa hoặc cần theo dõi","Chia vé theo khung giờ, tăng nhân sự soát vé, đẩy QR/e-ticket","Khu vui chơi","thấp-trung bình","Tăng doanh thu mùa thấp điểm và kéo dài thời gian lưu trú nếu kích cầu đúng phân khúc.","Vấn đề -> Hành động -> KPI thay đổi -> Hiệu quả kinh tế: giảm áp lực tại điểm nóng, tăng chi tiêu ăn uống/vận tải/lưu trú/vé ở vùng phụ và giảm chi phí xã hội do kẹt xe/quá tải.","Điểm áp lực; điểm điều phối; điểm hạ tầng; cơ hội kinh tế; doanh thu ăn uống/vé/lưu trú; phản hồi du khách","35.53","53.2","36.0","42","Thấp","mixed_proxy_thieu_du_lieu","43.75"
"Hải Tiến","còn dư địa hoặc cần theo dõi","Tạo voucher giờ thấp điểm, menu combo địa phương và điểm bán vệ tinh","Nhà hàng/OCOP","thấp-trung bình","Tăng doanh thu mùa thấp điểm và kéo dài thời gian lưu trú nếu kích cầu đúng phân khúc.","Vấn đề -> Hành động -> KPI thay đổi -> Hiệu quả kinh tế: giảm áp lực tại điểm nóng, tăng chi tiêu ăn uống/vận tải/lưu trú/vé ở vùng phụ và giảm chi phí xã hội do kẹt xe/quá tải.","Điểm áp lực; điểm điều phối; điểm hạ tầng; cơ hội kinh tế; doanh thu ăn uống/vé/lưu trú; phản hồi du khách","34.48","54.6","36.0","42","Thấp","mixed_proxy_thieu_du_lieu","43.75"
"Hải Tiến","còn dư địa hoặc cần theo dõi","Tăng shuttle từ bãi đỗ vệ tinh và tuyến thay thế khi điểm áp lực tăng","Vận tải/shuttle","trung bình","Tăng doanh thu mùa thấp điểm và kéo dài thời gian lưu trú nếu kích cầu đúng phân khúc.","Vấn đề -> Hành động -> KPI thay đổi -> Hiệu quả kinh tế: giảm áp lực tại điểm nóng, tăng chi tiêu ăn uống/vận tải/lưu trú/vé ở vùng phụ và giảm chi phí xã hội do kẹt xe/quá tải.","Điểm áp lực; điểm điều phối; điểm hạ tầng; cơ hội kinh tế; doanh thu ăn uống/vé/lưu trú; phản hồi du khách","36.58","48.3","36.0","41","Thấp","mixed_proxy_thieu_du_lieu","43.75"
"Lăng Cô","còn dư địa hoặc cần theo dõi","Điều chỉnh truyền thông, kích cầu điểm phụ, công bố cảnh báo trên dashboard/app","Chính quyền","cao","Tăng doanh thu mùa thấp điểm và kéo dài thời gian lưu trú nếu kích cầu đúng phân khúc.","Vấn đề -> Hành động -> KPI thay đổi -> Hiệu quả kinh tế: giảm áp lực tại điểm nóng, tăng chi tiêu ăn uống/vận tải/lưu trú/vé ở vùng phụ và giảm chi phí xã hội do kẹt xe/quá tải.","Điểm áp lực; điểm điều phối; điểm hạ tầng; cơ hội kinh tế; doanh thu ăn uống/vé/lưu trú; phản hồi du khách","35.68","51.8","36.0","42","Thấp","mixed_proxy_thieu_du_lieu","43.75"
"Lăng Cô","còn dư địa hoặc cần theo dõi","Phân luồng tại tuyến ven biển, đặt biển báo, tăng lực lượng ở nút vào bãi biển/POI","Công an/giao thông","trung bình","Tăng doanh thu mùa thấp điểm và kéo dài thời gian lưu trú nếu kích cầu đúng phân khúc.","Vấn đề -> Hành động -> KPI thay đổi -> Hiệu quả kinh tế: giảm áp lực tại điểm nóng, tăng chi tiêu ăn uống/vận tải/lưu trú/vé ở vùng phụ và giảm chi phí xã hội do kẹt xe/quá tải.","Điểm áp lực; điểm điều phối; điểm hạ tầng; cơ hội kinh tế; doanh thu ăn uống/vé/lưu trú; phản hồi du khách","36.88","46.2","36.0","41","Thấp","mixed_proxy_thieu_du_lieu","43.75"
"Lăng Cô","còn dư địa hoặc cần theo dõi","Bán gói liên vùng, chuyển tour sang khung giờ thấp điểm hoặc điểm còn dư địa","Doanh nghiệp du lịch","thấp-trung bình","Tăng doanh thu mùa thấp điểm và kéo dài thời gian lưu trú nếu kích cầu đúng phân khúc.","Vấn đề -> Hành động -> KPI thay đổi -> Hiệu quả kinh tế: giảm áp lực tại điểm nóng, tăng chi tiêu ăn uống/vận tải/lưu trú/vé ở vùng phụ và giảm chi phí xã hội do kẹt xe/quá tải.","Điểm áp lực; điểm điều phối; điểm hạ tầng; cơ hội kinh tế; doanh thu ăn uống/vé/lưu trú; phản hồi du khách","35.98","52.5","36.0","42","Thấp","mixed_proxy_thieu_du_lieu","43.75"
"Lăng Cô","còn dư địa hoặc cần theo dõi","Tạo combo lưu trú dài hơn, voucher ăn uống địa phương và điều tiết giá theo trải nghiệm","Khách sạn","thấp-trung bình","Tăng doanh thu mùa thấp điểm và kéo dài thời gian lưu trú nếu kích cầu đúng phân khúc.","Vấn đề -> Hành động -> KPI thay đổi -> Hiệu quả kinh tế: giảm áp lực tại điểm nóng, tăng chi tiêu ăn uống/vận tải/lưu trú/vé ở vùng phụ và giảm chi phí xã hội do kẹt xe/quá tải.","Điểm áp lực; điểm điều phối; điểm hạ tầng; cơ hội kinh tế; doanh thu ăn uống/vé/lưu trú; phản hồi du khách","35.08","53.9","36.0","42","Thấp","mixed_proxy_thieu_du_lieu","43.75"
"Lăng Cô","còn dư địa hoặc cần theo dõi","Chia vé theo khung giờ, tăng nhân sự soát vé, đẩy QR/e-ticket","Khu vui chơi","thấp-trung bình","Tăng doanh thu mùa thấp điểm và kéo dài thời gian lưu trú nếu kích cầu đúng phân khúc.","Vấn đề -> Hành động -> KPI thay đổi -> Hiệu quả kinh tế: giảm áp lực tại điểm nóng, tăng chi tiêu ăn uống/vận tải/lưu trú/vé ở vùng phụ và giảm chi phí xã hội do kẹt xe/quá tải.","Điểm áp lực; điểm điều phối; điểm hạ tầng; cơ hội kinh tế; doanh thu ăn uống/vé/lưu trú; phản hồi du khách","35.53","53.2","36.0","42","Thấp","mixed_proxy_thieu_du_lieu","43.75"
"Lăng Cô","còn dư địa hoặc cần theo dõi","Tạo voucher giờ thấp điểm, menu combo địa phương và điểm bán vệ tinh","Nhà hàng/OCOP","thấp-trung bình","Tăng doanh thu mùa thấp điểm và kéo dài thời gian lưu trú nếu kích cầu đúng phân khúc.","Vấn đề -> Hành động -> KPI thay đổi -> Hiệu quả kinh tế: giảm áp lực tại điểm nóng, tăng chi tiêu ăn uống/vận tải/lưu trú/vé ở vùng phụ và giảm chi phí xã hội do kẹt xe/quá tải.","Điểm áp lực; điểm điều phối; điểm hạ tầng; cơ hội kinh tế; doanh thu ăn uống/vé/lưu trú; phản hồi du khách","34.48","54.6","36.0","42","Thấp","mixed_proxy_thieu_du_lieu","43.75"
"Lăng Cô","còn dư địa hoặc cần theo dõi","Tăng shuttle từ bãi đỗ vệ tinh và tuyến thay thế khi điểm áp lực tăng","Vận tải/shuttle","trung bình","Tăng doanh thu mùa thấp điểm và kéo dài thời gian lưu trú nếu kích cầu đúng phân khúc.","Vấn đề -> Hành động -> KPI thay đổi -> Hiệu quả kinh tế: giảm áp lực tại điểm nóng, tăng chi tiêu ăn uống/vận tải/lưu trú/vé ở vùng phụ và giảm chi phí xã hội do kẹt xe/quá tải.","Điểm áp lực; điểm điều phối; điểm hạ tầng; cơ hội kinh tế; doanh thu ăn uống/vé/lưu trú; phản hồi du khách","36.58","48.3","36.0","41","Thấp","mixed_proxy_thieu_du_lieu","43.75"
"Cù Lao Chàm","còn dư địa hoặc cần theo dõi","Điều chỉnh truyền thông, kích cầu điểm phụ, công bố cảnh báo trên dashboard/app","Chính quyền","cao","Tăng doanh thu mùa thấp điểm và kéo dài thời gian lưu trú nếu kích cầu đúng phân khúc.","Vấn đề -> Hành động -> KPI thay đổi -> Hiệu quả kinh tế: giảm áp lực tại điểm nóng, tăng chi tiêu ăn uống/vận tải/lưu trú/vé ở vùng phụ và giảm chi phí xã hội do kẹt xe/quá tải.","Điểm áp lực; điểm điều phối; điểm hạ tầng; cơ hội kinh tế; doanh thu ăn uống/vé/lưu trú; phản hồi du khách","35.68","51.8","36.0","42","Thấp","mixed_proxy_thieu_du_lieu","43.75"
"Cù Lao Chàm","còn dư địa hoặc cần theo dõi","Phân luồng tại tuyến ven biển, đặt biển báo, tăng lực lượng ở nút vào bãi biển/POI","Công an/giao thông","trung bình","Tăng doanh thu mùa thấp điểm và kéo dài thời gian lưu trú nếu kích cầu đúng phân khúc.","Vấn đề -> Hành động -> KPI thay đổi -> Hiệu quả kinh tế: giảm áp lực tại điểm nóng, tăng chi tiêu ăn uống/vận tải/lưu trú/vé ở vùng phụ và giảm chi phí xã hội do kẹt xe/quá tải.","Điểm áp lực; điểm điều phối; điểm hạ tầng; cơ hội kinh tế; doanh thu ăn uống/vé/lưu trú; phản hồi du khách","36.88","46.2","36.0","41","Thấp","mixed_proxy_thieu_du_lieu","43.75"
"Cù Lao Chàm","còn dư địa hoặc cần theo dõi","Bán gói liên vùng, chuyển tour sang khung giờ thấp điểm hoặc điểm còn dư địa","Doanh nghiệp du lịch","thấp-trung bình","Tăng doanh thu mùa thấp điểm và kéo dài thời gian lưu trú nếu kích cầu đúng phân khúc.","Vấn đề -> Hành động -> KPI thay đổi -> Hiệu quả kinh tế: giảm áp lực tại điểm nóng, tăng chi tiêu ăn uống/vận tải/lưu trú/vé ở vùng phụ và giảm chi phí xã hội do kẹt xe/quá tải.","Điểm áp lực; điểm điều phối; điểm hạ tầng; cơ hội kinh tế; doanh thu ăn uống/vé/lưu trú; phản hồi du khách","35.98","52.5","36.0","42","Thấp","mixed_proxy_thieu_du_lieu","43.75"
"Cù Lao Chàm","còn dư địa hoặc cần theo dõi","Tạo combo lưu trú dài hơn, voucher ăn uống địa phương và điều tiết giá theo trải nghiệm","Khách sạn","thấp-trung bình","Tăng doanh thu mùa thấp điểm và kéo dài thời gian lưu trú nếu kích cầu đúng phân khúc.","Vấn đề -> Hành động -> KPI thay đổi -> Hiệu quả kinh tế: giảm áp lực tại điểm nóng, tăng chi tiêu ăn uống/vận tải/lưu trú/vé ở vùng phụ và giảm chi phí xã hội do kẹt xe/quá tải.","Điểm áp lực; điểm điều phối; điểm hạ tầng; cơ hội kinh tế; doanh thu ăn uống/vé/lưu trú; phản hồi du khách","35.08","53.9","36.0","42","Thấp","mixed_proxy_thieu_du_lieu","43.75"
"Cù Lao Chàm","còn dư địa hoặc cần theo dõi","Chia vé theo khung giờ, tăng nhân sự soát vé, đẩy QR/e-ticket","Khu vui chơi","thấp-trung bình","Tăng doanh thu mùa thấp điểm và kéo dài thời gian lưu trú nếu kích cầu đúng phân khúc.","Vấn đề -> Hành động -> KPI thay đổi -> Hiệu quả kinh tế: giảm áp lực tại điểm nóng, tăng chi tiêu ăn uống/vận tải/lưu trú/vé ở vùng phụ và giảm chi phí xã hội do kẹt xe/quá tải.","Điểm áp lực; điểm điều phối; điểm hạ tầng; cơ hội kinh tế; doanh thu ăn uống/vé/lưu trú; phản hồi du khách","35.53","53.2","36.0","42","Thấp","mixed_proxy_thieu_du_lieu","43.75"
"Cù Lao Chàm","còn dư địa hoặc cần theo dõi","Tạo voucher giờ thấp điểm, menu combo địa phương và điểm bán vệ tinh","Nhà hàng/OCOP","thấp-trung bình","Tăng doanh thu mùa thấp điểm và kéo dài thời gian lưu trú nếu kích cầu đúng phân khúc.","Vấn đề -> Hành động -> KPI thay đổi -> Hiệu quả kinh tế: giảm áp lực tại điểm nóng, tăng chi tiêu ăn uống/vận tải/lưu trú/vé ở vùng phụ và giảm chi phí xã hội do kẹt xe/quá tải.","Điểm áp lực; điểm điều phối; điểm hạ tầng; cơ hội kinh tế; doanh thu ăn uống/vé/lưu trú; phản hồi du khách","34.48","54.6","36.0","42","Thấp","mixed_proxy_thieu_du_lieu","43.75"
"Cù Lao Chàm","còn dư địa hoặc cần theo dõi","Tăng shuttle từ bãi đỗ vệ tinh và tuyến thay thế khi điểm áp lực tăng","Vận tải/shuttle","trung bình","Tăng doanh thu mùa thấp điểm và kéo dài thời gian lưu trú nếu kích cầu đúng phân khúc.","Vấn đề -> Hành động -> KPI thay đổi -> Hiệu quả kinh tế: giảm áp lực tại điểm nóng, tăng chi tiêu ăn uống/vận tải/lưu trú/vé ở vùng phụ và giảm chi phí xã hội do kẹt xe/quá tải.","Điểm áp lực; điểm điều phối; điểm hạ tầng; cơ hội kinh tế; doanh thu ăn uống/vé/lưu trú; phản hồi du khách","36.58","48.3","36.0","41","Thấp","mixed_proxy_thieu_du_lieu","43.75"
"Tam Kỳ","còn dư địa hoặc cần theo dõi","Điều chỉnh truyền thông, kích cầu điểm phụ, công bố cảnh báo trên dashboard/app","Chính quyền","cao","Tăng doanh thu mùa thấp điểm và kéo dài thời gian lưu trú nếu kích cầu đúng phân khúc.","Vấn đề -> Hành động -> KPI thay đổi -> Hiệu quả kinh tế: giảm áp lực tại điểm nóng, tăng chi tiêu ăn uống/vận tải/lưu trú/vé ở vùng phụ và giảm chi phí xã hội do kẹt xe/quá tải.","Điểm áp lực; điểm điều phối; điểm hạ tầng; cơ hội kinh tế; doanh thu ăn uống/vé/lưu trú; phản hồi du khách","35.68","51.8","36.0","42","Thấp","mixed_proxy_thieu_du_lieu","43.75"
"Tam Kỳ","còn dư địa hoặc cần theo dõi","Phân luồng tại tuyến ven biển, đặt biển báo, tăng lực lượng ở nút vào bãi biển/POI","Công an/giao thông","trung bình","Tăng doanh thu mùa thấp điểm và kéo dài thời gian lưu trú nếu kích cầu đúng phân khúc.","Vấn đề -> Hành động -> KPI thay đổi -> Hiệu quả kinh tế: giảm áp lực tại điểm nóng, tăng chi tiêu ăn uống/vận tải/lưu trú/vé ở vùng phụ và giảm chi phí xã hội do kẹt xe/quá tải.","Điểm áp lực; điểm điều phối; điểm hạ tầng; cơ hội kinh tế; doanh thu ăn uống/vé/lưu trú; phản hồi du khách","36.88","46.2","36.0","41","Thấp","mixed_proxy_thieu_du_lieu","43.75"
"Tam Kỳ","còn dư địa hoặc cần theo dõi","Bán gói liên vùng, chuyển tour sang khung giờ thấp điểm hoặc điểm còn dư địa","Doanh nghiệp du lịch","thấp-trung bình","Tăng doanh thu mùa thấp điểm và kéo dài thời gian lưu trú nếu kích cầu đúng phân khúc.","Vấn đề -> Hành động -> KPI thay đổi -> Hiệu quả kinh tế: giảm áp lực tại điểm nóng, tăng chi tiêu ăn uống/vận tải/lưu trú/vé ở vùng phụ và giảm chi phí xã hội do kẹt xe/quá tải.","Điểm áp lực; điểm điều phối; điểm hạ tầng; cơ hội kinh tế; doanh thu ăn uống/vé/lưu trú; phản hồi du khách","35.98","52.5","36.0","42","Thấp","mixed_proxy_thieu_du_lieu","43.75"
"Tam Kỳ","còn dư địa hoặc cần theo dõi","Tạo combo lưu trú dài hơn, voucher ăn uống địa phương và điều tiết giá theo trải nghiệm","Khách sạn","thấp-trung bình","Tăng doanh thu mùa thấp điểm và kéo dài thời gian lưu trú nếu kích cầu đúng phân khúc.","Vấn đề -> Hành động -> KPI thay đổi -> Hiệu quả kinh tế: giảm áp lực tại điểm nóng, tăng chi tiêu ăn uống/vận tải/lưu trú/vé ở vùng phụ và giảm chi phí xã hội do kẹt xe/quá tải.","Điểm áp lực; điểm điều phối; điểm hạ tầng; cơ hội kinh tế; doanh thu ăn uống/vé/lưu trú; phản hồi du khách","35.08","53.9","36.0","42","Thấp","mixed_proxy_thieu_du_lieu","43.75"
"Tam Kỳ","còn dư địa hoặc cần theo dõi","Chia vé theo khung giờ, tăng nhân sự soát vé, đẩy QR/e-ticket","Khu vui chơi","thấp-trung bình","Tăng doanh thu mùa thấp điểm và kéo dài thời gian lưu trú nếu kích cầu đúng phân khúc.","Vấn đề -> Hành động -> KPI thay đổi -> Hiệu quả kinh tế: giảm áp lực tại điểm nóng, tăng chi tiêu ăn uống/vận tải/lưu trú/vé ở vùng phụ và giảm chi phí xã hội do kẹt xe/quá tải.","Điểm áp lực; điểm điều phối; điểm hạ tầng; cơ hội kinh tế; doanh thu ăn uống/vé/lưu trú; phản hồi du khách","35.53","53.2","36.0","42","Thấp","mixed_proxy_thieu_du_lieu","43.75"
"Tam Kỳ","còn dư địa hoặc cần theo dõi","Tạo voucher giờ thấp điểm, menu combo địa phương và điểm bán vệ tinh","Nhà hàng/OCOP","thấp-trung bình","Tăng doanh thu mùa thấp điểm và kéo dài thời gian lưu trú nếu kích cầu đúng phân khúc.","Vấn đề -> Hành động -> KPI thay đổi -> Hiệu quả kinh tế: giảm áp lực tại điểm nóng, tăng chi tiêu ăn uống/vận tải/lưu trú/vé ở vùng phụ và giảm chi phí xã hội do kẹt xe/quá tải.","Điểm áp lực; điểm điều phối; điểm hạ tầng; cơ hội kinh tế; doanh thu ăn uống/vé/lưu trú; phản hồi du khách","34.48","54.6","36.0","42","Thấp","mixed_proxy_thieu_du_lieu","43.75"
"Tam Kỳ","còn dư địa hoặc cần theo dõi","Tăng shuttle từ bãi đỗ vệ tinh và tuyến thay thế khi điểm áp lực tăng","Vận tải/shuttle","trung bình","Tăng doanh thu mùa thấp điểm và kéo dài thời gian lưu trú nếu kích cầu đúng phân khúc.","Vấn đề -> Hành động -> KPI thay đổi -> Hiệu quả kinh tế: giảm áp lực tại điểm nóng, tăng chi tiêu ăn uống/vận tải/lưu trú/vé ở vùng phụ và giảm chi phí xã hội do kẹt xe/quá tải.","Điểm áp lực; điểm điều phối; điểm hạ tầng; cơ hội kinh tế; doanh thu ăn uống/vé/lưu trú; phản hồi du khách","36.58","48.3","36.0","41","Thấp","mixed_proxy_thieu_du_lieu","43.75"
"Sa Huỳnh","còn dư địa hoặc cần theo dõi","Điều chỉnh truyền thông, kích cầu điểm phụ, công bố cảnh báo trên dashboard/app","Chính quyền","cao","Tăng doanh thu mùa thấp điểm và kéo dài thời gian lưu trú nếu kích cầu đúng phân khúc.","Vấn đề -> Hành động -> KPI thay đổi -> Hiệu quả kinh tế: giảm áp lực tại điểm nóng, tăng chi tiêu ăn uống/vận tải/lưu trú/vé ở vùng phụ và giảm chi phí xã hội do kẹt xe/quá tải.","Điểm áp lực; điểm điều phối; điểm hạ tầng; cơ hội kinh tế; doanh thu ăn uống/vé/lưu trú; phản hồi du khách","35.68","51.8","36.0","42","Thấp","mixed_proxy_thieu_du_lieu","43.75"
"Sa Huỳnh","còn dư địa hoặc cần theo dõi","Phân luồng tại tuyến ven biển, đặt biển báo, tăng lực lượng ở nút vào bãi biển/POI","Công an/giao thông","trung bình","Tăng doanh thu mùa thấp điểm và kéo dài thời gian lưu trú nếu kích cầu đúng phân khúc.","Vấn đề -> Hành động -> KPI thay đổi -> Hiệu quả kinh tế: giảm áp lực tại điểm nóng, tăng chi tiêu ăn uống/vận tải/lưu trú/vé ở vùng phụ và giảm chi phí xã hội do kẹt xe/quá tải.","Điểm áp lực; điểm điều phối; điểm hạ tầng; cơ hội kinh tế; doanh thu ăn uống/vé/lưu trú; phản hồi du khách","36.88","46.2","36.0","41","Thấp","mixed_proxy_thieu_du_lieu","43.75"
"Sa Huỳnh","còn dư địa hoặc cần theo dõi","Bán gói liên vùng, chuyển tour sang khung giờ thấp điểm hoặc điểm còn dư địa","Doanh nghiệp du lịch","thấp-trung bình","Tăng doanh thu mùa thấp điểm và kéo dài thời gian lưu trú nếu kích cầu đúng phân khúc.","Vấn đề -> Hành động -> KPI thay đổi -> Hiệu quả kinh tế: giảm áp lực tại điểm nóng, tăng chi tiêu ăn uống/vận tải/lưu trú/vé ở vùng phụ và giảm chi phí xã hội do kẹt xe/quá tải.","Điểm áp lực; điểm điều phối; điểm hạ tầng; cơ hội kinh tế; doanh thu ăn uống/vé/lưu trú; phản hồi du khách","35.98","52.5","36.0","42","Thấp","mixed_proxy_thieu_du_lieu","43.75"
"Sa Huỳnh","còn dư địa hoặc cần theo dõi","Tạo combo lưu trú dài hơn, voucher ăn uống địa phương và điều tiết giá theo trải nghiệm","Khách sạn","thấp-trung bình","Tăng doanh thu mùa thấp điểm và kéo dài thời gian lưu trú nếu kích cầu đúng phân khúc.","Vấn đề -> Hành động -> KPI thay đổi -> Hiệu quả kinh tế: giảm áp lực tại điểm nóng, tăng chi tiêu ăn uống/vận tải/lưu trú/vé ở vùng phụ và giảm chi phí xã hội do kẹt xe/quá tải.","Điểm áp lực; điểm điều phối; điểm hạ tầng; cơ hội kinh tế; doanh thu ăn uống/vé/lưu trú; phản hồi du khách","35.08","53.9","36.0","42","Thấp","mixed_proxy_thieu_du_lieu","43.75"
"Sa Huỳnh","còn dư địa hoặc cần theo dõi","Chia vé theo khung giờ, tăng nhân sự soát vé, đẩy QR/e-ticket","Khu vui chơi","thấp-trung bình","Tăng doanh thu mùa thấp điểm và kéo dài thời gian lưu trú nếu kích cầu đúng phân khúc.","Vấn đề -> Hành động -> KPI thay đổi -> Hiệu quả kinh tế: giảm áp lực tại điểm nóng, tăng chi tiêu ăn uống/vận tải/lưu trú/vé ở vùng phụ và giảm chi phí xã hội do kẹt xe/quá tải.","Điểm áp lực; điểm điều phối; điểm hạ tầng; cơ hội kinh tế; doanh thu ăn uống/vé/lưu trú; phản hồi du khách","35.53","53.2","36.0","42","Thấp","mixed_proxy_thieu_du_lieu","43.75"
"Sa Huỳnh","còn dư địa hoặc cần theo dõi","Tạo voucher giờ thấp điểm, menu combo địa phương và điểm bán vệ tinh","Nhà hàng/OCOP","thấp-trung bình","Tăng doanh thu mùa thấp điểm và kéo dài thời gian lưu trú nếu kích cầu đúng phân khúc.","Vấn đề -> Hành động -> KPI thay đổi -> Hiệu quả kinh tế: giảm áp lực tại điểm nóng, tăng chi tiêu ăn uống/vận tải/lưu trú/vé ở vùng phụ và giảm chi phí xã hội do kẹt xe/quá tải.","Điểm áp lực; điểm điều phối; điểm hạ tầng; cơ hội kinh tế; doanh thu ăn uống/vé/lưu trú; phản hồi du khách","34.48","54.6","36.0","42","Thấp","mixed_proxy_thieu_du_lieu","43.75"
"Sa Huỳnh","còn dư địa hoặc cần theo dõi","Tăng shuttle từ bãi đỗ vệ tinh và tuyến thay thế khi điểm áp lực tăng","Vận tải/shuttle","trung bình","Tăng doanh thu mùa thấp điểm và kéo dài thời gian lưu trú nếu kích cầu đúng phân khúc.","Vấn đề -> Hành động -> KPI thay đổi -> Hiệu quả kinh tế: giảm áp lực tại điểm nóng, tăng chi tiêu ăn uống/vận tải/lưu trú/vé ở vùng phụ và giảm chi phí xã hội do kẹt xe/quá tải.","Điểm áp lực; điểm điều phối; điểm hạ tầng; cơ hội kinh tế; doanh thu ăn uống/vé/lưu trú; phản hồi du khách","36.58","48.3","36.0","41","Thấp","mixed_proxy_thieu_du_lieu","43.75"
"Mỹ Khê","còn dư địa hoặc cần theo dõi","Điều chỉnh truyền thông, kích cầu điểm phụ, công bố cảnh báo trên dashboard/app","Chính quyền","cao","Tăng doanh thu mùa thấp điểm và kéo dài thời gian lưu trú nếu kích cầu đúng phân khúc.","Vấn đề -> Hành động -> KPI thay đổi -> Hiệu quả kinh tế: giảm áp lực tại điểm nóng, tăng chi tiêu ăn uống/vận tải/lưu trú/vé ở vùng phụ và giảm chi phí xã hội do kẹt xe/quá tải.","Điểm áp lực; điểm điều phối; điểm hạ tầng; cơ hội kinh tế; doanh thu ăn uống/vé/lưu trú; phản hồi du khách","35.68","51.8","36.0","42","Thấp","mixed_proxy_thieu_du_lieu","43.75"
"Mỹ Khê","còn dư địa hoặc cần theo dõi","Phân luồng tại tuyến ven biển, đặt biển báo, tăng lực lượng ở nút vào bãi biển/POI","Công an/giao thông","trung bình","Tăng doanh thu mùa thấp điểm và kéo dài thời gian lưu trú nếu kích cầu đúng phân khúc.","Vấn đề -> Hành động -> KPI thay đổi -> Hiệu quả kinh tế: giảm áp lực tại điểm nóng, tăng chi tiêu ăn uống/vận tải/lưu trú/vé ở vùng phụ và giảm chi phí xã hội do kẹt xe/quá tải.","Điểm áp lực; điểm điều phối; điểm hạ tầng; cơ hội kinh tế; doanh thu ăn uống/vé/lưu trú; phản hồi du khách","36.88","46.2","36.0","41","Thấp","mixed_proxy_thieu_du_lieu","43.75"
"Mỹ Khê","còn dư địa hoặc cần theo dõi","Bán gói liên vùng, chuyển tour sang khung giờ thấp điểm hoặc điểm còn dư địa","Doanh nghiệp du lịch","thấp-trung bình","Tăng doanh thu mùa thấp điểm và kéo dài thời gian lưu trú nếu kích cầu đúng phân khúc.","Vấn đề -> Hành động -> KPI thay đổi -> Hiệu quả kinh tế: giảm áp lực tại điểm nóng, tăng chi tiêu ăn uống/vận tải/lưu trú/vé ở vùng phụ và giảm chi phí xã hội do kẹt xe/quá tải.","Điểm áp lực; điểm điều phối; điểm hạ tầng; cơ hội kinh tế; doanh thu ăn uống/vé/lưu trú; phản hồi du khách","35.98","52.5","36.0","42","Thấp","mixed_proxy_thieu_du_lieu","43.75"
"Mỹ Khê","còn dư địa hoặc cần theo dõi","Tạo combo lưu trú dài hơn, voucher ăn uống địa phương và điều tiết giá theo trải nghiệm","Khách sạn","thấp-trung bình","Tăng doanh thu mùa thấp điểm và kéo dài thời gian lưu trú nếu kích cầu đúng phân khúc.","Vấn đề -> Hành động -> KPI thay đổi -> Hiệu quả kinh tế: giảm áp lực tại điểm nóng, tăng chi tiêu ăn uống/vận tải/lưu trú/vé ở vùng phụ và giảm chi phí xã hội do kẹt xe/quá tải.","Điểm áp lực; điểm điều phối; điểm hạ tầng; cơ hội kinh tế; doanh thu ăn uống/vé/lưu trú; phản hồi du khách","35.08","53.9","36.0","42","Thấp","mixed_proxy_thieu_du_lieu","43.75"
"Mỹ Khê","còn dư địa hoặc cần theo dõi","Chia vé theo khung giờ, tăng nhân sự soát vé, đẩy QR/e-ticket","Khu vui chơi","thấp-trung bình","Tăng doanh thu mùa thấp điểm và kéo dài thời gian lưu trú nếu kích cầu đúng phân khúc.","Vấn đề -> Hành động -> KPI thay đổi -> Hiệu quả kinh tế: giảm áp lực tại điểm nóng, tăng chi tiêu ăn uống/vận tải/lưu trú/vé ở vùng phụ và giảm chi phí xã hội do kẹt xe/quá tải.","Điểm áp lực; điểm điều phối; điểm hạ tầng; cơ hội kinh tế; doanh thu ăn uống/vé/lưu trú; phản hồi du khách","35.53","53.2","36.0","42","Thấp","mixed_proxy_thieu_du_lieu","43.75"
"Mỹ Khê","còn dư địa hoặc cần theo dõi","Tạo voucher giờ thấp điểm, menu combo địa phương và điểm bán vệ tinh","Nhà hàng/OCOP","thấp-trung bình","Tăng doanh thu mùa thấp điểm và kéo dài thời gian lưu trú nếu kích cầu đúng phân khúc.","Vấn đề -> Hành động -> KPI thay đổi -> Hiệu quả kinh tế: giảm áp lực tại điểm nóng, tăng chi tiêu ăn uống/vận tải/lưu trú/vé ở vùng phụ và giảm chi phí xã hội do kẹt xe/quá tải.","Điểm áp lực; điểm điều phối; điểm hạ tầng; cơ hội kinh tế; doanh thu ăn uống/vé/lưu trú; phản hồi du khách","34.48","54.6","36.0","42","Thấp","mixed_proxy_thieu_du_lieu","43.75"
"Mỹ Khê","còn dư địa hoặc cần theo dõi","Tăng shuttle từ bãi đỗ vệ tinh và tuyến thay thế khi điểm áp lực tăng","Vận tải/shuttle","trung bình","Tăng doanh thu mùa thấp điểm và kéo dài thời gian lưu trú nếu kích cầu đúng phân khúc.","Vấn đề -> Hành động -> KPI thay đổi -> Hiệu quả kinh tế: giảm áp lực tại điểm nóng, tăng chi tiêu ăn uống/vận tải/lưu trú/vé ở vùng phụ và giảm chi phí xã hội do kẹt xe/quá tải.","Điểm áp lực; điểm điều phối; điểm hạ tầng; cơ hội kinh tế; doanh thu ăn uống/vé/lưu trú; phản hồi du khách","36.58","48.3","36.0","41","Thấp","mixed_proxy_thieu_du_lieu","43.75"
"La Gi","còn dư địa hoặc cần theo dõi","Điều chỉnh truyền thông, kích cầu điểm phụ, công bố cảnh báo trên dashboard/app","Chính quyền","cao","Tăng doanh thu mùa thấp điểm và kéo dài thời gian lưu trú nếu kích cầu đúng phân khúc.","Vấn đề -> Hành động -> KPI thay đổi -> Hiệu quả kinh tế: giảm áp lực tại điểm nóng, tăng chi tiêu ăn uống/vận tải/lưu trú/vé ở vùng phụ và giảm chi phí xã hội do kẹt xe/quá tải.","Điểm áp lực; điểm điều phối; điểm hạ tầng; cơ hội kinh tế; doanh thu ăn uống/vé/lưu trú; phản hồi du khách","35.68","51.8","36.0","42","Thấp","mixed_proxy_thieu_du_lieu","43.75"
"La Gi","còn dư địa hoặc cần theo dõi","Phân luồng tại tuyến ven biển, đặt biển báo, tăng lực lượng ở nút vào bãi biển/POI","Công an/giao thông","trung bình","Tăng doanh thu mùa thấp điểm và kéo dài thời gian lưu trú nếu kích cầu đúng phân khúc.","Vấn đề -> Hành động -> KPI thay đổi -> Hiệu quả kinh tế: giảm áp lực tại điểm nóng, tăng chi tiêu ăn uống/vận tải/lưu trú/vé ở vùng phụ và giảm chi phí xã hội do kẹt xe/quá tải.","Điểm áp lực; điểm điều phối; điểm hạ tầng; cơ hội kinh tế; doanh thu ăn uống/vé/lưu trú; phản hồi du khách","36.88","46.2","36.0","41","Thấp","mixed_proxy_thieu_du_lieu","43.75"
"La Gi","còn dư địa hoặc cần theo dõi","Bán gói liên vùng, chuyển tour sang khung giờ thấp điểm hoặc điểm còn dư địa","Doanh nghiệp du lịch","thấp-trung bình","Tăng doanh thu mùa thấp điểm và kéo dài thời gian lưu trú nếu kích cầu đúng phân khúc.","Vấn đề -> Hành động -> KPI thay đổi -> Hiệu quả kinh tế: giảm áp lực tại điểm nóng, tăng chi tiêu ăn uống/vận tải/lưu trú/vé ở vùng phụ và giảm chi phí xã hội do kẹt xe/quá tải.","Điểm áp lực; điểm điều phối; điểm hạ tầng; cơ hội kinh tế; doanh thu ăn uống/vé/lưu trú; phản hồi du khách","35.98","52.5","36.0","42","Thấp","mixed_proxy_thieu_du_lieu","43.75"
"La Gi","còn dư địa hoặc cần theo dõi","Tạo combo lưu trú dài hơn, voucher ăn uống địa phương và điều tiết giá theo trải nghiệm","Khách sạn","thấp-trung bình","Tăng doanh thu mùa thấp điểm và kéo dài thời gian lưu trú nếu kích cầu đúng phân khúc.","Vấn đề -> Hành động -> KPI thay đổi -> Hiệu quả kinh tế: giảm áp lực tại điểm nóng, tăng chi tiêu ăn uống/vận tải/lưu trú/vé ở vùng phụ và giảm chi phí xã hội do kẹt xe/quá tải.","Điểm áp lực; điểm điều phối; điểm hạ tầng; cơ hội kinh tế; doanh thu ăn uống/vé/lưu trú; phản hồi du khách","35.08","53.9","36.0","42","Thấp","mixed_proxy_thieu_du_lieu","43.75"
"La Gi","còn dư địa hoặc cần theo dõi","Chia vé theo khung giờ, tăng nhân sự soát vé, đẩy QR/e-ticket","Khu vui chơi","thấp-trung bình","Tăng doanh thu mùa thấp điểm và kéo dài thời gian lưu trú nếu kích cầu đúng phân khúc.","Vấn đề -> Hành động -> KPI thay đổi -> Hiệu quả kinh tế: giảm áp lực tại điểm nóng, tăng chi tiêu ăn uống/vận tải/lưu trú/vé ở vùng phụ và giảm chi phí xã hội do kẹt xe/quá tải.","Điểm áp lực; điểm điều phối; điểm hạ tầng; cơ hội kinh tế; doanh thu ăn uống/vé/lưu trú; phản hồi du khách","35.53","53.2","36.0","42","Thấp","mixed_proxy_thieu_du_lieu","43.75"
"La Gi","còn dư địa hoặc cần theo dõi","Tạo voucher giờ thấp điểm, menu combo địa phương và điểm bán vệ tinh","Nhà hàng/OCOP","thấp-trung bình","Tăng doanh thu mùa thấp điểm và kéo dài thời gian lưu trú nếu kích cầu đúng phân khúc.","Vấn đề -> Hành động -> KPI thay đổi -> Hiệu quả kinh tế: giảm áp lực tại điểm nóng, tăng chi tiêu ăn uống/vận tải/lưu trú/vé ở vùng phụ và giảm chi phí xã hội do kẹt xe/quá tải.","Điểm áp lực; điểm điều phối; điểm hạ tầng; cơ hội kinh tế; doanh thu ăn uống/vé/lưu trú; phản hồi du khách","34.48","54.6","36.0","42","Thấp","mixed_proxy_thieu_du_lieu","43.75"
"La Gi","còn dư địa hoặc cần theo dõi","Tăng shuttle từ bãi đỗ vệ tinh và tuyến thay thế khi điểm áp lực tăng","Vận tải/shuttle","trung bình","Tăng doanh thu mùa thấp điểm và kéo dài thời gian lưu trú nếu kích cầu đúng phân khúc.","Vấn đề -> Hành động -> KPI thay đổi -> Hiệu quả kinh tế: giảm áp lực tại điểm nóng, tăng chi tiêu ăn uống/vận tải/lưu trú/vé ở vùng phụ và giảm chi phí xã hội do kẹt xe/quá tải.","Điểm áp lực; điểm điều phối; điểm hạ tầng; cơ hội kinh tế; doanh thu ăn uống/vé/lưu trú; phản hồi du khách","36.58","48.3","36.0","41","Thấp","mixed_proxy_thieu_du_lieu","43.75"
"Phan Thiết","còn dư địa hoặc cần theo dõi","Điều chỉnh truyền thông, kích cầu điểm phụ, công bố cảnh báo trên dashboard/app","Chính quyền","cao","Tăng doanh thu mùa thấp điểm và kéo dài thời gian lưu trú nếu kích cầu đúng phân khúc.","Vấn đề -> Hành động -> KPI thay đổi -> Hiệu quả kinh tế: giảm áp lực tại điểm nóng, tăng chi tiêu ăn uống/vận tải/lưu trú/vé ở vùng phụ và giảm chi phí xã hội do kẹt xe/quá tải.","Điểm áp lực; điểm điều phối; điểm hạ tầng; cơ hội kinh tế; doanh thu ăn uống/vé/lưu trú; phản hồi du khách","35.68","51.8","36.0","42","Thấp","mixed_proxy_thieu_du_lieu","43.75"
"Phan Thiết","còn dư địa hoặc cần theo dõi","Phân luồng tại tuyến ven biển, đặt biển báo, tăng lực lượng ở nút vào bãi biển/POI","Công an/giao thông","trung bình","Tăng doanh thu mùa thấp điểm và kéo dài thời gian lưu trú nếu kích cầu đúng phân khúc.","Vấn đề -> Hành động -> KPI thay đổi -> Hiệu quả kinh tế: giảm áp lực tại điểm nóng, tăng chi tiêu ăn uống/vận tải/lưu trú/vé ở vùng phụ và giảm chi phí xã hội do kẹt xe/quá tải.","Điểm áp lực; điểm điều phối; điểm hạ tầng; cơ hội kinh tế; doanh thu ăn uống/vé/lưu trú; phản hồi du khách","36.88","46.2","36.0","41","Thấp","mixed_proxy_thieu_du_lieu","43.75"
"Phan Thiết","còn dư địa hoặc cần theo dõi","Bán gói liên vùng, chuyển tour sang khung giờ thấp điểm hoặc điểm còn dư địa","Doanh nghiệp du lịch","thấp-trung bình","Tăng doanh thu mùa thấp điểm và kéo dài thời gian lưu trú nếu kích cầu đúng phân khúc.","Vấn đề -> Hành động -> KPI thay đổi -> Hiệu quả kinh tế: giảm áp lực tại điểm nóng, tăng chi tiêu ăn uống/vận tải/lưu trú/vé ở vùng phụ và giảm chi phí xã hội do kẹt xe/quá tải.","Điểm áp lực; điểm điều phối; điểm hạ tầng; cơ hội kinh tế; doanh thu ăn uống/vé/lưu trú; phản hồi du khách","35.98","52.5","36.0","42","Thấp","mixed_proxy_thieu_du_lieu","43.75"
"Phan Thiết","còn dư địa hoặc cần theo dõi","Tạo combo lưu trú dài hơn, voucher ăn uống địa phương và điều tiết giá theo trải nghiệm","Khách sạn","thấp-trung bình","Tăng doanh thu mùa thấp điểm và kéo dài thời gian lưu trú nếu kích cầu đúng phân khúc.","Vấn đề -> Hành động -> KPI thay đổi -> Hiệu quả kinh tế: giảm áp lực tại điểm nóng, tăng chi tiêu ăn uống/vận tải/lưu trú/vé ở vùng phụ và giảm chi phí xã hội do kẹt xe/quá tải.","Điểm áp lực; điểm điều phối; điểm hạ tầng; cơ hội kinh tế; doanh thu ăn uống/vé/lưu trú; phản hồi du khách","35.08","53.9","36.0","42","Thấp","mixed_proxy_thieu_du_lieu","43.75"
"Phan Thiết","còn dư địa hoặc cần theo dõi","Chia vé theo khung giờ, tăng nhân sự soát vé, đẩy QR/e-ticket","Khu vui chơi","thấp-trung bình","Tăng doanh thu mùa thấp điểm và kéo dài thời gian lưu trú nếu kích cầu đúng phân khúc.","Vấn đề -> Hành động -> KPI thay đổi -> Hiệu quả kinh tế: giảm áp lực tại điểm nóng, tăng chi tiêu ăn uống/vận tải/lưu trú/vé ở vùng phụ và giảm chi phí xã hội do kẹt xe/quá tải.","Điểm áp lực; điểm điều phối; điểm hạ tầng; cơ hội kinh tế; doanh thu ăn uống/vé/lưu trú; phản hồi du khách","35.53","53.2","36.0","42","Thấp","mixed_proxy_thieu_du_lieu","43.75"
"Phan Thiết","còn dư địa hoặc cần theo dõi","Tạo voucher giờ thấp điểm, menu combo địa phương và điểm bán vệ tinh","Nhà hàng/OCOP","thấp-trung bình","Tăng doanh thu mùa thấp điểm và kéo dài thời gian lưu trú nếu kích cầu đúng phân khúc.","Vấn đề -> Hành động -> KPI thay đổi -> Hiệu quả kinh tế: giảm áp lực tại điểm nóng, tăng chi tiêu ăn uống/vận tải/lưu trú/vé ở vùng phụ và giảm chi phí xã hội do kẹt xe/quá tải.","Điểm áp lực; điểm điều phối; điểm hạ tầng; cơ hội kinh tế; doanh thu ăn uống/vé/lưu trú; phản hồi du khách","34.48","54.6","36.0","42","Thấp","mixed_proxy_thieu_du_lieu","43.75"
"Phan Thiết","còn dư địa hoặc cần theo dõi","Tăng shuttle từ bãi đỗ vệ tinh và tuyến thay thế khi điểm áp lực tăng","Vận tải/shuttle","trung bình","Tăng doanh thu mùa thấp điểm và kéo dài thời gian lưu trú nếu kích cầu đúng phân khúc.","Vấn đề -> Hành động -> KPI thay đổi -> Hiệu quả kinh tế: giảm áp lực tại điểm nóng, tăng chi tiêu ăn uống/vận tải/lưu trú/vé ở vùng phụ và giảm chi phí xã hội do kẹt xe/quá tải.","Điểm áp lực; điểm điều phối; điểm hạ tầng; cơ hội kinh tế; doanh thu ăn uống/vé/lưu trú; phản hồi du khách","36.58","48.3","36.0","41","Thấp","mixed_proxy_thieu_du_lieu","43.75"
"Kỳ Co","còn dư địa hoặc cần theo dõi","Điều chỉnh truyền thông, kích cầu điểm phụ, công bố cảnh báo trên dashboard/app","Chính quyền","cao","Tăng doanh thu mùa thấp điểm và kéo dài thời gian lưu trú nếu kích cầu đúng phân khúc.","Vấn đề -> Hành động -> KPI thay đổi -> Hiệu quả kinh tế: giảm áp lực tại điểm nóng, tăng chi tiêu ăn uống/vận tải/lưu trú/vé ở vùng phụ và giảm chi phí xã hội do kẹt xe/quá tải.","Điểm áp lực; điểm điều phối; điểm hạ tầng; cơ hội kinh tế; doanh thu ăn uống/vé/lưu trú; phản hồi du khách","35.68","51.8","36.0","42","Thấp","mixed_proxy_thieu_du_lieu","43.75"
"Kỳ Co","còn dư địa hoặc cần theo dõi","Phân luồng tại tuyến ven biển, đặt biển báo, tăng lực lượng ở nút vào bãi biển/POI","Công an/giao thông","trung bình","Tăng doanh thu mùa thấp điểm và kéo dài thời gian lưu trú nếu kích cầu đúng phân khúc.","Vấn đề -> Hành động -> KPI thay đổi -> Hiệu quả kinh tế: giảm áp lực tại điểm nóng, tăng chi tiêu ăn uống/vận tải/lưu trú/vé ở vùng phụ và giảm chi phí xã hội do kẹt xe/quá tải.","Điểm áp lực; điểm điều phối; điểm hạ tầng; cơ hội kinh tế; doanh thu ăn uống/vé/lưu trú; phản hồi du khách","36.88","46.2","36.0","41","Thấp","mixed_proxy_thieu_du_lieu","43.75"
"Kỳ Co","còn dư địa hoặc cần theo dõi","Bán gói liên vùng, chuyển tour sang khung giờ thấp điểm hoặc điểm còn dư địa","Doanh nghiệp du lịch","thấp-trung bình","Tăng doanh thu mùa thấp điểm và kéo dài thời gian lưu trú nếu kích cầu đúng phân khúc.","Vấn đề -> Hành động -> KPI thay đổi -> Hiệu quả kinh tế: giảm áp lực tại điểm nóng, tăng chi tiêu ăn uống/vận tải/lưu trú/vé ở vùng phụ và giảm chi phí xã hội do kẹt xe/quá tải.","Điểm áp lực; điểm điều phối; điểm hạ tầng; cơ hội kinh tế; doanh thu ăn uống/vé/lưu trú; phản hồi du khách","35.98","52.5","36.0","42","Thấp","mixed_proxy_thieu_du_lieu","43.75"
"Kỳ Co","còn dư địa hoặc cần theo dõi","Tạo combo lưu trú dài hơn, voucher ăn uống địa phương và điều tiết giá theo trải nghiệm","Khách sạn","thấp-trung bình","Tăng doanh thu mùa thấp điểm và kéo dài thời gian lưu trú nếu kích cầu đúng phân khúc.","Vấn đề -> Hành động -> KPI thay đổi -> Hiệu quả kinh tế: giảm áp lực tại điểm nóng, tăng chi tiêu ăn uống/vận tải/lưu trú/vé ở vùng phụ và giảm chi phí xã hội do kẹt xe/quá tải.","Điểm áp lực; điểm điều phối; điểm hạ tầng; cơ hội kinh tế; doanh thu ăn uống/vé/lưu trú; phản hồi du khách","35.08","53.9","36.0","42","Thấp","mixed_proxy_thieu_du_lieu","43.75"
"Kỳ Co","còn dư địa hoặc cần theo dõi","Chia vé theo khung giờ, tăng nhân sự soát vé, đẩy QR/e-ticket","Khu vui chơi","thấp-trung bình","Tăng doanh thu mùa thấp điểm và kéo dài thời gian lưu trú nếu kích cầu đúng phân khúc.","Vấn đề -> Hành động -> KPI thay đổi -> Hiệu quả kinh tế: giảm áp lực tại điểm nóng, tăng chi tiêu ăn uống/vận tải/lưu trú/vé ở vùng phụ và giảm chi phí xã hội do kẹt xe/quá tải.","Điểm áp lực; điểm điều phối; điểm hạ tầng; cơ hội kinh tế; doanh thu ăn uống/vé/lưu trú; phản hồi du khách","35.53","53.2","36.0","42","Thấp","mixed_proxy_thieu_du_lieu","43.75"
"Kỳ Co","còn dư địa hoặc cần theo dõi","Tạo voucher giờ thấp điểm, menu combo địa phương và điểm bán vệ tinh","Nhà hàng/OCOP","thấp-trung bình","Tăng doanh thu mùa thấp điểm và kéo dài thời gian lưu trú nếu kích cầu đúng phân khúc.","Vấn đề -> Hành động -> KPI thay đổi -> Hiệu quả kinh tế: giảm áp lực tại điểm nóng, tăng chi tiêu ăn uống/vận tải/lưu trú/vé ở vùng phụ và giảm chi phí xã hội do kẹt xe/quá tải.","Điểm áp lực; điểm điều phối; điểm hạ tầng; cơ hội kinh tế; doanh thu ăn uống/vé/lưu trú; phản hồi du khách","34.48","54.6","36.0","42","Thấp","mixed_proxy_thieu_du_lieu","43.75"
"Kỳ Co","còn dư địa hoặc cần theo dõi","Tăng shuttle từ bãi đỗ vệ tinh và tuyến thay thế khi điểm áp lực tăng","Vận tải/shuttle","trung bình","Tăng doanh thu mùa thấp điểm và kéo dài thời gian lưu trú nếu kích cầu đúng phân khúc.","Vấn đề -> Hành động -> KPI thay đổi -> Hiệu quả kinh tế: giảm áp lực tại điểm nóng, tăng chi tiêu ăn uống/vận tải/lưu trú/vé ở vùng phụ và giảm chi phí xã hội do kẹt xe/quá tải.","Điểm áp lực; điểm điều phối; điểm hạ tầng; cơ hội kinh tế; doanh thu ăn uống/vé/lưu trú; phản hồi du khách","36.58","48.3","36.0","41","Thấp","mixed_proxy_thieu_du_lieu","43.75"
"Bình Ba","còn dư địa hoặc cần theo dõi","Điều chỉnh truyền thông, kích cầu điểm phụ, công bố cảnh báo trên dashboard/app","Chính quyền","cao","Tăng doanh thu mùa thấp điểm và kéo dài thời gian lưu trú nếu kích cầu đúng phân khúc.","Vấn đề -> Hành động -> KPI thay đổi -> Hiệu quả kinh tế: giảm áp lực tại điểm nóng, tăng chi tiêu ăn uống/vận tải/lưu trú/vé ở vùng phụ và giảm chi phí xã hội do kẹt xe/quá tải.","Điểm áp lực; điểm điều phối; điểm hạ tầng; cơ hội kinh tế; doanh thu ăn uống/vé/lưu trú; phản hồi du khách","35.68","51.8","36.0","42","Thấp","mixed_proxy_thieu_du_lieu","43.75"
"Bình Ba","còn dư địa hoặc cần theo dõi","Phân luồng tại tuyến ven biển, đặt biển báo, tăng lực lượng ở nút vào bãi biển/POI","Công an/giao thông","trung bình","Tăng doanh thu mùa thấp điểm và kéo dài thời gian lưu trú nếu kích cầu đúng phân khúc.","Vấn đề -> Hành động -> KPI thay đổi -> Hiệu quả kinh tế: giảm áp lực tại điểm nóng, tăng chi tiêu ăn uống/vận tải/lưu trú/vé ở vùng phụ và giảm chi phí xã hội do kẹt xe/quá tải.","Điểm áp lực; điểm điều phối; điểm hạ tầng; cơ hội kinh tế; doanh thu ăn uống/vé/lưu trú; phản hồi du khách","36.88","46.2","36.0","41","Thấp","mixed_proxy_thieu_du_lieu","43.75"
"Bình Ba","còn dư địa hoặc cần theo dõi","Bán gói liên vùng, chuyển tour sang khung giờ thấp điểm hoặc điểm còn dư địa","Doanh nghiệp du lịch","thấp-trung bình","Tăng doanh thu mùa thấp điểm và kéo dài thời gian lưu trú nếu kích cầu đúng phân khúc.","Vấn đề -> Hành động -> KPI thay đổi -> Hiệu quả kinh tế: giảm áp lực tại điểm nóng, tăng chi tiêu ăn uống/vận tải/lưu trú/vé ở vùng phụ và giảm chi phí xã hội do kẹt xe/quá tải.","Điểm áp lực; điểm điều phối; điểm hạ tầng; cơ hội kinh tế; doanh thu ăn uống/vé/lưu trú; phản hồi du khách","35.98","52.5","36.0","42","Thấp","mixed_proxy_thieu_du_lieu","43.75"
"Bình Ba","còn dư địa hoặc cần theo dõi","Tạo combo lưu trú dài hơn, voucher ăn uống địa phương và điều tiết giá theo trải nghiệm","Khách sạn","thấp-trung bình","Tăng doanh thu mùa thấp điểm và kéo dài thời gian lưu trú nếu kích cầu đúng phân khúc.","Vấn đề -> Hành động -> KPI thay đổi -> Hiệu quả kinh tế: giảm áp lực tại điểm nóng, tăng chi tiêu ăn uống/vận tải/lưu trú/vé ở vùng phụ và giảm chi phí xã hội do kẹt xe/quá tải.","Điểm áp lực; điểm điều phối; điểm hạ tầng; cơ hội kinh tế; doanh thu ăn uống/vé/lưu trú; phản hồi du khách","35.08","53.9","36.0","42","Thấp","mixed_proxy_thieu_du_lieu","43.75"
"Bình Ba","còn dư địa hoặc cần theo dõi","Chia vé theo khung giờ, tăng nhân sự soát vé, đẩy QR/e-ticket","Khu vui chơi","thấp-trung bình","Tăng doanh thu mùa thấp điểm và kéo dài thời gian lưu trú nếu kích cầu đúng phân khúc.","Vấn đề -> Hành động -> KPI thay đổi -> Hiệu quả kinh tế: giảm áp lực tại điểm nóng, tăng chi tiêu ăn uống/vận tải/lưu trú/vé ở vùng phụ và giảm chi phí xã hội do kẹt xe/quá tải.","Điểm áp lực; điểm điều phối; điểm hạ tầng; cơ hội kinh tế; doanh thu ăn uống/vé/lưu trú; phản hồi du khách","35.53","53.2","36.0","42","Thấp","mixed_proxy_thieu_du_lieu","43.75"
"Bình Ba","còn dư địa hoặc cần theo dõi","Tạo voucher giờ thấp điểm, menu combo địa phương và điểm bán vệ tinh","Nhà hàng/OCOP","thấp-trung bình","Tăng doanh thu mùa thấp điểm và kéo dài thời gian lưu trú nếu kích cầu đúng phân khúc.","Vấn đề -> Hành động -> KPI thay đổi -> Hiệu quả kinh tế: giảm áp lực tại điểm nóng, tăng chi tiêu ăn uống/vận tải/lưu trú/vé ở vùng phụ và giảm chi phí xã hội do kẹt xe/quá tải.","Điểm áp lực; điểm điều phối; điểm hạ tầng; cơ hội kinh tế; doanh thu ăn uống/vé/lưu trú; phản hồi du khách","34.48","54.6","36.0","42","Thấp","mixed_proxy_thieu_du_lieu","43.75"
"Bình Ba","còn dư địa hoặc cần theo dõi","Tăng shuttle từ bãi đỗ vệ tinh và tuyến thay thế khi điểm áp lực tăng","Vận tải/shuttle","trung bình","Tăng doanh thu mùa thấp điểm và kéo dài thời gian lưu trú nếu kích cầu đúng phân khúc.","Vấn đề -> Hành động -> KPI thay đổi -> Hiệu quả kinh tế: giảm áp lực tại điểm nóng, tăng chi tiêu ăn uống/vận tải/lưu trú/vé ở vùng phụ và giảm chi phí xã hội do kẹt xe/quá tải.","Điểm áp lực; điểm điều phối; điểm hạ tầng; cơ hội kinh tế; doanh thu ăn uống/vé/lưu trú; phản hồi du khách","36.58","48.3","36.0","41","Thấp","mixed_proxy_thieu_du_lieu","43.75"
"Cam Ranh","còn dư địa hoặc cần theo dõi","Điều chỉnh truyền thông, kích cầu điểm phụ, công bố cảnh báo trên dashboard/app","Chính quyền","cao","Tăng doanh thu mùa thấp điểm và kéo dài thời gian lưu trú nếu kích cầu đúng phân khúc.","Vấn đề -> Hành động -> KPI thay đổi -> Hiệu quả kinh tế: giảm áp lực tại điểm nóng, tăng chi tiêu ăn uống/vận tải/lưu trú/vé ở vùng phụ và giảm chi phí xã hội do kẹt xe/quá tải.","Điểm áp lực; điểm điều phối; điểm hạ tầng; cơ hội kinh tế; doanh thu ăn uống/vé/lưu trú; phản hồi du khách","35.68","51.8","36.0","42","Thấp","mixed_proxy_thieu_du_lieu","43.75"
"Cam Ranh","còn dư địa hoặc cần theo dõi","Phân luồng tại tuyến ven biển, đặt biển báo, tăng lực lượng ở nút vào bãi biển/POI","Công an/giao thông","trung bình","Tăng doanh thu mùa thấp điểm và kéo dài thời gian lưu trú nếu kích cầu đúng phân khúc.","Vấn đề -> Hành động -> KPI thay đổi -> Hiệu quả kinh tế: giảm áp lực tại điểm nóng, tăng chi tiêu ăn uống/vận tải/lưu trú/vé ở vùng phụ và giảm chi phí xã hội do kẹt xe/quá tải.","Điểm áp lực; điểm điều phối; điểm hạ tầng; cơ hội kinh tế; doanh thu ăn uống/vé/lưu trú; phản hồi du khách","36.88","46.2","36.0","41","Thấp","mixed_proxy_thieu_du_lieu","43.75"
"Cam Ranh","còn dư địa hoặc cần theo dõi","Bán gói liên vùng, chuyển tour sang khung giờ thấp điểm hoặc điểm còn dư địa","Doanh nghiệp du lịch","thấp-trung bình","Tăng doanh thu mùa thấp điểm và kéo dài thời gian lưu trú nếu kích cầu đúng phân khúc.","Vấn đề -> Hành động -> KPI thay đổi -> Hiệu quả kinh tế: giảm áp lực tại điểm nóng, tăng chi tiêu ăn uống/vận tải/lưu trú/vé ở vùng phụ và giảm chi phí xã hội do kẹt xe/quá tải.","Điểm áp lực; điểm điều phối; điểm hạ tầng; cơ hội kinh tế; doanh thu ăn uống/vé/lưu trú; phản hồi du khách","35.98","52.5","36.0","42","Thấp","mixed_proxy_thieu_du_lieu","43.75"
"Cam Ranh","còn dư địa hoặc cần theo dõi","Tạo combo lưu trú dài hơn, voucher ăn uống địa phương và điều tiết giá theo trải nghiệm","Khách sạn","thấp-trung bình","Tăng doanh thu mùa thấp điểm và kéo dài thời gian lưu trú nếu kích cầu đúng phân khúc.","Vấn đề -> Hành động -> KPI thay đổi -> Hiệu quả kinh tế: giảm áp lực tại điểm nóng, tăng chi tiêu ăn uống/vận tải/lưu trú/vé ở vùng phụ và giảm chi phí xã hội do kẹt xe/quá tải.","Điểm áp lực; điểm điều phối; điểm hạ tầng; cơ hội kinh tế; doanh thu ăn uống/vé/lưu trú; phản hồi du khách","35.08","53.9","36.0","42","Thấp","mixed_proxy_thieu_du_lieu","43.75"
"Cam Ranh","còn dư địa hoặc cần theo dõi","Chia vé theo khung giờ, tăng nhân sự soát vé, đẩy QR/e-ticket","Khu vui chơi","thấp-trung bình","Tăng doanh thu mùa thấp điểm và kéo dài thời gian lưu trú nếu kích cầu đúng phân khúc.","Vấn đề -> Hành động -> KPI thay đổi -> Hiệu quả kinh tế: giảm áp lực tại điểm nóng, tăng chi tiêu ăn uống/vận tải/lưu trú/vé ở vùng phụ và giảm chi phí xã hội do kẹt xe/quá tải.","Điểm áp lực; điểm điều phối; điểm hạ tầng; cơ hội kinh tế; doanh thu ăn uống/vé/lưu trú; phản hồi du khách","35.53","53.2","36.0","42","Thấp","mixed_proxy_thieu_du_lieu","43.75"
"Cam Ranh","còn dư địa hoặc cần theo dõi","Tạo voucher giờ thấp điểm, menu combo địa phương và điểm bán vệ tinh","Nhà hàng/OCOP","thấp-trung bình","Tăng doanh thu mùa thấp điểm và kéo dài thời gian lưu trú nếu kích cầu đúng phân khúc.","Vấn đề -> Hành động -> KPI thay đổi -> Hiệu quả kinh tế: giảm áp lực tại điểm nóng, tăng chi tiêu ăn uống/vận tải/lưu trú/vé ở vùng phụ và giảm chi phí xã hội do kẹt xe/quá tải.","Điểm áp lực; điểm điều phối; điểm hạ tầng; cơ hội kinh tế; doanh thu ăn uống/vé/lưu trú; phản hồi du khách","34.48","54.6","36.0","42","Thấp","mixed_proxy_thieu_du_lieu","43.75"
"Cam Ranh","còn dư địa hoặc cần theo dõi","Tăng shuttle từ bãi đỗ vệ tinh và tuyến thay thế khi điểm áp lực tăng","Vận tải/shuttle","trung bình","Tăng doanh thu mùa thấp điểm và kéo dài thời gian lưu trú nếu kích cầu đúng phân khúc.","Vấn đề -> Hành động -> KPI thay đổi -> Hiệu quả kinh tế: giảm áp lực tại điểm nóng, tăng chi tiêu ăn uống/vận tải/lưu trú/vé ở vùng phụ và giảm chi phí xã hội do kẹt xe/quá tải.","Điểm áp lực; điểm điều phối; điểm hạ tầng; cơ hội kinh tế; doanh thu ăn uống/vé/lưu trú; phản hồi du khách","36.58","48.3","36.0","41","Thấp","mixed_proxy_thieu_du_lieu","43.75"
"Phan Rang - Tháp Chàm","còn dư địa hoặc cần theo dõi","Điều chỉnh truyền thông, kích cầu điểm phụ, công bố cảnh báo trên dashboard/app","Chính quyền","cao","Tăng doanh thu mùa thấp điểm và kéo dài thời gian lưu trú nếu kích cầu đúng phân khúc.","Vấn đề -> Hành động -> KPI thay đổi -> Hiệu quả kinh tế: giảm áp lực tại điểm nóng, tăng chi tiêu ăn uống/vận tải/lưu trú/vé ở vùng phụ và giảm chi phí xã hội do kẹt xe/quá tải.","Điểm áp lực; điểm điều phối; điểm hạ tầng; cơ hội kinh tế; doanh thu ăn uống/vé/lưu trú; phản hồi du khách","35.68","51.8","36.0","42","Thấp","mixed_proxy_thieu_du_lieu","43.75"
"Phan Rang - Tháp Chàm","còn dư địa hoặc cần theo dõi","Phân luồng tại tuyến ven biển, đặt biển báo, tăng lực lượng ở nút vào bãi biển/POI","Công an/giao thông","trung bình","Tăng doanh thu mùa thấp điểm và kéo dài thời gian lưu trú nếu kích cầu đúng phân khúc.","Vấn đề -> Hành động -> KPI thay đổi -> Hiệu quả kinh tế: giảm áp lực tại điểm nóng, tăng chi tiêu ăn uống/vận tải/lưu trú/vé ở vùng phụ và giảm chi phí xã hội do kẹt xe/quá tải.","Điểm áp lực; điểm điều phối; điểm hạ tầng; cơ hội kinh tế; doanh thu ăn uống/vé/lưu trú; phản hồi du khách","36.88","46.2","36.0","41","Thấp","mixed_proxy_thieu_du_lieu","43.75"
"Phan Rang - Tháp Chàm","còn dư địa hoặc cần theo dõi","Bán gói liên vùng, chuyển tour sang khung giờ thấp điểm hoặc điểm còn dư địa","Doanh nghiệp du lịch","thấp-trung bình","Tăng doanh thu mùa thấp điểm và kéo dài thời gian lưu trú nếu kích cầu đúng phân khúc.","Vấn đề -> Hành động -> KPI thay đổi -> Hiệu quả kinh tế: giảm áp lực tại điểm nóng, tăng chi tiêu ăn uống/vận tải/lưu trú/vé ở vùng phụ và giảm chi phí xã hội do kẹt xe/quá tải.","Điểm áp lực; điểm điều phối; điểm hạ tầng; cơ hội kinh tế; doanh thu ăn uống/vé/lưu trú; phản hồi du khách","35.98","52.5","36.0","42","Thấp","mixed_proxy_thieu_du_lieu","43.75"
"Phan Rang - Tháp Chàm","còn dư địa hoặc cần theo dõi","Tạo combo lưu trú dài hơn, voucher ăn uống địa phương và điều tiết giá theo trải nghiệm","Khách sạn","thấp-trung bình","Tăng doanh thu mùa thấp điểm và kéo dài thời gian lưu trú nếu kích cầu đúng phân khúc.","Vấn đề -> Hành động -> KPI thay đổi -> Hiệu quả kinh tế: giảm áp lực tại điểm nóng, tăng chi tiêu ăn uống/vận tải/lưu trú/vé ở vùng phụ và giảm chi phí xã hội do kẹt xe/quá tải.","Điểm áp lực; điểm điều phối; điểm hạ tầng; cơ hội kinh tế; doanh thu ăn uống/vé/lưu trú; phản hồi du khách","35.08","53.9","36.0","42","Thấp","mixed_proxy_thieu_du_lieu","43.75"
"Phan Rang - Tháp Chàm","còn dư địa hoặc cần theo dõi","Chia vé theo khung giờ, tăng nhân sự soát vé, đẩy QR/e-ticket","Khu vui chơi","thấp-trung bình","Tăng doanh thu mùa thấp điểm và kéo dài thời gian lưu trú nếu kích cầu đúng phân khúc.","Vấn đề -> Hành động -> KPI thay đổi -> Hiệu quả kinh tế: giảm áp lực tại điểm nóng, tăng chi tiêu ăn uống/vận tải/lưu trú/vé ở vùng phụ và giảm chi phí xã hội do kẹt xe/quá tải.","Điểm áp lực; điểm điều phối; điểm hạ tầng; cơ hội kinh tế; doanh thu ăn uống/vé/lưu trú; phản hồi du khách","35.53","53.2","36.0","42","Thấp","mixed_proxy_thieu_du_lieu","43.75"
"Phan Rang - Tháp Chàm","còn dư địa hoặc cần theo dõi","Tạo voucher giờ thấp điểm, menu combo địa phương và điểm bán vệ tinh","Nhà hàng/OCOP","thấp-trung bình","Tăng doanh thu mùa thấp điểm và kéo dài thời gian lưu trú nếu kích cầu đúng phân khúc.","Vấn đề -> Hành động -> KPI thay đổi -> Hiệu quả kinh tế: giảm áp lực tại điểm nóng, tăng chi tiêu ăn uống/vận tải/lưu trú/vé ở vùng phụ và giảm chi phí xã hội do kẹt xe/quá tải.","Điểm áp lực; điểm điều phối; điểm hạ tầng; cơ hội kinh tế; doanh thu ăn uống/vé/lưu trú; phản hồi du khách","34.48","54.6","36.0","42","Thấp","mixed_proxy_thieu_du_lieu","43.75"
"Phan Rang - Tháp Chàm","còn dư địa hoặc cần theo dõi","Tăng shuttle từ bãi đỗ vệ tinh và tuyến thay thế khi điểm áp lực tăng","Vận tải/shuttle","trung bình","Tăng doanh thu mùa thấp điểm và kéo dài thời gian lưu trú nếu kích cầu đúng phân khúc.","Vấn đề -> Hành động -> KPI thay đổi -> Hiệu quả kinh tế: giảm áp lực tại điểm nóng, tăng chi tiêu ăn uống/vận tải/lưu trú/vé ở vùng phụ và giảm chi phí xã hội do kẹt xe/quá tải.","Điểm áp lực; điểm điều phối; điểm hạ tầng; cơ hội kinh tế; doanh thu ăn uống/vé/lưu trú; phản hồi du khách","36.58","48.3","36.0","41","Thấp","mixed_proxy_thieu_du_lieu","43.75"
"Vĩnh Hy","còn dư địa hoặc cần theo dõi","Điều chỉnh truyền thông, kích cầu điểm phụ, công bố cảnh báo trên dashboard/app","Chính quyền","cao","Tăng doanh thu mùa thấp điểm và kéo dài thời gian lưu trú nếu kích cầu đúng phân khúc.","Vấn đề -> Hành động -> KPI thay đổi -> Hiệu quả kinh tế: giảm áp lực tại điểm nóng, tăng chi tiêu ăn uống/vận tải/lưu trú/vé ở vùng phụ và giảm chi phí xã hội do kẹt xe/quá tải.","Điểm áp lực; điểm điều phối; điểm hạ tầng; cơ hội kinh tế; doanh thu ăn uống/vé/lưu trú; phản hồi du khách","35.68","51.8","36.0","42","Thấp","mixed_proxy_thieu_du_lieu","43.75"
"Vĩnh Hy","còn dư địa hoặc cần theo dõi","Phân luồng tại tuyến ven biển, đặt biển báo, tăng lực lượng ở nút vào bãi biển/POI","Công an/giao thông","trung bình","Tăng doanh thu mùa thấp điểm và kéo dài thời gian lưu trú nếu kích cầu đúng phân khúc.","Vấn đề -> Hành động -> KPI thay đổi -> Hiệu quả kinh tế: giảm áp lực tại điểm nóng, tăng chi tiêu ăn uống/vận tải/lưu trú/vé ở vùng phụ và giảm chi phí xã hội do kẹt xe/quá tải.","Điểm áp lực; điểm điều phối; điểm hạ tầng; cơ hội kinh tế; doanh thu ăn uống/vé/lưu trú; phản hồi du khách","36.88","46.2","36.0","41","Thấp","mixed_proxy_thieu_du_lieu","43.75"
"Vĩnh Hy","còn dư địa hoặc cần theo dõi","Bán gói liên vùng, chuyển tour sang khung giờ thấp điểm hoặc điểm còn dư địa","Doanh nghiệp du lịch","thấp-trung bình","Tăng doanh thu mùa thấp điểm và kéo dài thời gian lưu trú nếu kích cầu đúng phân khúc.","Vấn đề -> Hành động -> KPI thay đổi -> Hiệu quả kinh tế: giảm áp lực tại điểm nóng, tăng chi tiêu ăn uống/vận tải/lưu trú/vé ở vùng phụ và giảm chi phí xã hội do kẹt xe/quá tải.","Điểm áp lực; điểm điều phối; điểm hạ tầng; cơ hội kinh tế; doanh thu ăn uống/vé/lưu trú; phản hồi du khách","35.98","52.5","36.0","42","Thấp","mixed_proxy_thieu_du_lieu","43.75"
"Vĩnh Hy","còn dư địa hoặc cần theo dõi","Tạo combo lưu trú dài hơn, voucher ăn uống địa phương và điều tiết giá theo trải nghiệm","Khách sạn","thấp-trung bình","Tăng doanh thu mùa thấp điểm và kéo dài thời gian lưu trú nếu kích cầu đúng phân khúc.","Vấn đề -> Hành động -> KPI thay đổi -> Hiệu quả kinh tế: giảm áp lực tại điểm nóng, tăng chi tiêu ăn uống/vận tải/lưu trú/vé ở vùng phụ và giảm chi phí xã hội do kẹt xe/quá tải.","Điểm áp lực; điểm điều phối; điểm hạ tầng; cơ hội kinh tế; doanh thu ăn uống/vé/lưu trú; phản hồi du khách","35.08","53.9","36.0","42","Thấp","mixed_proxy_thieu_du_lieu","43.75"
"Vĩnh Hy","còn dư địa hoặc cần theo dõi","Chia vé theo khung giờ, tăng nhân sự soát vé, đẩy QR/e-ticket","Khu vui chơi","thấp-trung bình","Tăng doanh thu mùa thấp điểm và kéo dài thời gian lưu trú nếu kích cầu đúng phân khúc.","Vấn đề -> Hành động -> KPI thay đổi -> Hiệu quả kinh tế: giảm áp lực tại điểm nóng, tăng chi tiêu ăn uống/vận tải/lưu trú/vé ở vùng phụ và giảm chi phí xã hội do kẹt xe/quá tải.","Điểm áp lực; điểm điều phối; điểm hạ tầng; cơ hội kinh tế; doanh thu ăn uống/vé/lưu trú; phản hồi du khách","35.53","53.2","36.0","42","Thấp","mixed_proxy_thieu_du_lieu","43.75"
"Vĩnh Hy","còn dư địa hoặc cần theo dõi","Tạo voucher giờ thấp điểm, menu combo địa phương và điểm bán vệ tinh","Nhà hàng/OCOP","thấp-trung bình","Tăng doanh thu mùa thấp điểm và kéo dài thời gian lưu trú nếu kích cầu đúng phân khúc.","Vấn đề -> Hành động -> KPI thay đổi -> Hiệu quả kinh tế: giảm áp lực tại điểm nóng, tăng chi tiêu ăn uống/vận tải/lưu trú/vé ở vùng phụ và giảm chi phí xã hội do kẹt xe/quá tải.","Điểm áp lực; điểm điều phối; điểm hạ tầng; cơ hội kinh tế; doanh thu ăn uống/vé/lưu trú; phản hồi du khách","34.48","54.6","36.0","42","Thấp","mixed_proxy_thieu_du_lieu","43.75"
"Vĩnh Hy","còn dư địa hoặc cần theo dõi","Tăng shuttle từ bãi đỗ vệ tinh và tuyến thay thế khi điểm áp lực tăng","Vận tải/shuttle","trung bình","Tăng doanh thu mùa thấp điểm và kéo dài thời gian lưu trú nếu kích cầu đúng phân khúc.","Vấn đề -> Hành động -> KPI thay đổi -> Hiệu quả kinh tế: giảm áp lực tại điểm nóng, tăng chi tiêu ăn uống/vận tải/lưu trú/vé ở vùng phụ và giảm chi phí xã hội do kẹt xe/quá tải.","Điểm áp lực; điểm điều phối; điểm hạ tầng; cơ hội kinh tế; doanh thu ăn uống/vé/lưu trú; phản hồi du khách","36.58","48.3","36.0","41","Thấp","mixed_proxy_thieu_du_lieu","43.75"
"Gành Đá Đĩa","còn dư địa hoặc cần theo dõi","Điều chỉnh truyền thông, kích cầu điểm phụ, công bố cảnh báo trên dashboard/app","Chính quyền","cao","Tăng doanh thu mùa thấp điểm và kéo dài thời gian lưu trú nếu kích cầu đúng phân khúc.","Vấn đề -> Hành động -> KPI thay đổi -> Hiệu quả kinh tế: giảm áp lực tại điểm nóng, tăng chi tiêu ăn uống/vận tải/lưu trú/vé ở vùng phụ và giảm chi phí xã hội do kẹt xe/quá tải.","Điểm áp lực; điểm điều phối; điểm hạ tầng; cơ hội kinh tế; doanh thu ăn uống/vé/lưu trú; phản hồi du khách","35.68","51.8","36.0","42","Thấp","mixed_proxy_thieu_du_lieu","43.75"
"Gành Đá Đĩa","còn dư địa hoặc cần theo dõi","Phân luồng tại tuyến ven biển, đặt biển báo, tăng lực lượng ở nút vào bãi biển/POI","Công an/giao thông","trung bình","Tăng doanh thu mùa thấp điểm và kéo dài thời gian lưu trú nếu kích cầu đúng phân khúc.","Vấn đề -> Hành động -> KPI thay đổi -> Hiệu quả kinh tế: giảm áp lực tại điểm nóng, tăng chi tiêu ăn uống/vận tải/lưu trú/vé ở vùng phụ và giảm chi phí xã hội do kẹt xe/quá tải.","Điểm áp lực; điểm điều phối; điểm hạ tầng; cơ hội kinh tế; doanh thu ăn uống/vé/lưu trú; phản hồi du khách","36.88","46.2","36.0","41","Thấp","mixed_proxy_thieu_du_lieu","43.75"
"Gành Đá Đĩa","còn dư địa hoặc cần theo dõi","Bán gói liên vùng, chuyển tour sang khung giờ thấp điểm hoặc điểm còn dư địa","Doanh nghiệp du lịch","thấp-trung bình","Tăng doanh thu mùa thấp điểm và kéo dài thời gian lưu trú nếu kích cầu đúng phân khúc.","Vấn đề -> Hành động -> KPI thay đổi -> Hiệu quả kinh tế: giảm áp lực tại điểm nóng, tăng chi tiêu ăn uống/vận tải/lưu trú/vé ở vùng phụ và giảm chi phí xã hội do kẹt xe/quá tải.","Điểm áp lực; điểm điều phối; điểm hạ tầng; cơ hội kinh tế; doanh thu ăn uống/vé/lưu trú; phản hồi du khách","35.98","52.5","36.0","42","Thấp","mixed_proxy_thieu_du_lieu","43.75"
"Gành Đá Đĩa","còn dư địa hoặc cần theo dõi","Tạo combo lưu trú dài hơn, voucher ăn uống địa phương và điều tiết giá theo trải nghiệm","Khách sạn","thấp-trung bình","Tăng doanh thu mùa thấp điểm và kéo dài thời gian lưu trú nếu kích cầu đúng phân khúc.","Vấn đề -> Hành động -> KPI thay đổi -> Hiệu quả kinh tế: giảm áp lực tại điểm nóng, tăng chi tiêu ăn uống/vận tải/lưu trú/vé ở vùng phụ và giảm chi phí xã hội do kẹt xe/quá tải.","Điểm áp lực; điểm điều phối; điểm hạ tầng; cơ hội kinh tế; doanh thu ăn uống/vé/lưu trú; phản hồi du khách","35.08","53.9","36.0","42","Thấp","mixed_proxy_thieu_du_lieu","43.75"
"Gành Đá Đĩa","còn dư địa hoặc cần theo dõi","Chia vé theo khung giờ, tăng nhân sự soát vé, đẩy QR/e-ticket","Khu vui chơi","thấp-trung bình","Tăng doanh thu mùa thấp điểm và kéo dài thời gian lưu trú nếu kích cầu đúng phân khúc.","Vấn đề -> Hành động -> KPI thay đổi -> Hiệu quả kinh tế: giảm áp lực tại điểm nóng, tăng chi tiêu ăn uống/vận tải/lưu trú/vé ở vùng phụ và giảm chi phí xã hội do kẹt xe/quá tải.","Điểm áp lực; điểm điều phối; điểm hạ tầng; cơ hội kinh tế; doanh thu ăn uống/vé/lưu trú; phản hồi du khách","35.53","53.2","36.0","42","Thấp","mixed_proxy_thieu_du_lieu","43.75"
"Gành Đá Đĩa","còn dư địa hoặc cần theo dõi","Tạo voucher giờ thấp điểm, menu combo địa phương và điểm bán vệ tinh","Nhà hàng/OCOP","thấp-trung bình","Tăng doanh thu mùa thấp điểm và kéo dài thời gian lưu trú nếu kích cầu đúng phân khúc.","Vấn đề -> Hành động -> KPI thay đổi -> Hiệu quả kinh tế: giảm áp lực tại điểm nóng, tăng chi tiêu ăn uống/vận tải/lưu trú/vé ở vùng phụ và giảm chi phí xã hội do kẹt xe/quá tải.","Điểm áp lực; điểm điều phối; điểm hạ tầng; cơ hội kinh tế; doanh thu ăn uống/vé/lưu trú; phản hồi du khách","34.48","54.6","36.0","42","Thấp","mixed_proxy_thieu_du_lieu","43.75"
"Gành Đá Đĩa","còn dư địa hoặc cần theo dõi","Tăng shuttle từ bãi đỗ vệ tinh và tuyến thay thế khi điểm áp lực tăng","Vận tải/shuttle","trung bình","Tăng doanh thu mùa thấp điểm và kéo dài thời gian lưu trú nếu kích cầu đúng phân khúc.","Vấn đề -> Hành động -> KPI thay đổi -> Hiệu quả kinh tế: giảm áp lực tại điểm nóng, tăng chi tiêu ăn uống/vận tải/lưu trú/vé ở vùng phụ và giảm chi phí xã hội do kẹt xe/quá tải.","Điểm áp lực; điểm điều phối; điểm hạ tầng; cơ hội kinh tế; doanh thu ăn uống/vé/lưu trú; phản hồi du khách","36.58","48.3","36.0","41","Thấp","mixed_proxy_thieu_du_lieu","43.75"
"Tuy Hòa","còn dư địa hoặc cần theo dõi","Điều chỉnh truyền thông, kích cầu điểm phụ, công bố cảnh báo trên dashboard/app","Chính quyền","cao","Tăng doanh thu mùa thấp điểm và kéo dài thời gian lưu trú nếu kích cầu đúng phân khúc.","Vấn đề -> Hành động -> KPI thay đổi -> Hiệu quả kinh tế: giảm áp lực tại điểm nóng, tăng chi tiêu ăn uống/vận tải/lưu trú/vé ở vùng phụ và giảm chi phí xã hội do kẹt xe/quá tải.","Điểm áp lực; điểm điều phối; điểm hạ tầng; cơ hội kinh tế; doanh thu ăn uống/vé/lưu trú; phản hồi du khách","35.68","51.8","36.0","42","Thấp","mixed_proxy_thieu_du_lieu","43.75"
"Tuy Hòa","còn dư địa hoặc cần theo dõi","Phân luồng tại tuyến ven biển, đặt biển báo, tăng lực lượng ở nút vào bãi biển/POI","Công an/giao thông","trung bình","Tăng doanh thu mùa thấp điểm và kéo dài thời gian lưu trú nếu kích cầu đúng phân khúc.","Vấn đề -> Hành động -> KPI thay đổi -> Hiệu quả kinh tế: giảm áp lực tại điểm nóng, tăng chi tiêu ăn uống/vận tải/lưu trú/vé ở vùng phụ và giảm chi phí xã hội do kẹt xe/quá tải.","Điểm áp lực; điểm điều phối; điểm hạ tầng; cơ hội kinh tế; doanh thu ăn uống/vé/lưu trú; phản hồi du khách","36.88","46.2","36.0","41","Thấp","mixed_proxy_thieu_du_lieu","43.75"
"Tuy Hòa","còn dư địa hoặc cần theo dõi","Bán gói liên vùng, chuyển tour sang khung giờ thấp điểm hoặc điểm còn dư địa","Doanh nghiệp du lịch","thấp-trung bình","Tăng doanh thu mùa thấp điểm và kéo dài thời gian lưu trú nếu kích cầu đúng phân khúc.","Vấn đề -> Hành động -> KPI thay đổi -> Hiệu quả kinh tế: giảm áp lực tại điểm nóng, tăng chi tiêu ăn uống/vận tải/lưu trú/vé ở vùng phụ và giảm chi phí xã hội do kẹt xe/quá tải.","Điểm áp lực; điểm điều phối; điểm hạ tầng; cơ hội kinh tế; doanh thu ăn uống/vé/lưu trú; phản hồi du khách","35.98","52.5","36.0","42","Thấp","mixed_proxy_thieu_du_lieu","43.75"
"Tuy Hòa","còn dư địa hoặc cần theo dõi","Tạo combo lưu trú dài hơn, voucher ăn uống địa phương và điều tiết giá theo trải nghiệm","Khách sạn","thấp-trung bình","Tăng doanh thu mùa thấp điểm và kéo dài thời gian lưu trú nếu kích cầu đúng phân khúc.","Vấn đề -> Hành động -> KPI thay đổi -> Hiệu quả kinh tế: giảm áp lực tại điểm nóng, tăng chi tiêu ăn uống/vận tải/lưu trú/vé ở vùng phụ và giảm chi phí xã hội do kẹt xe/quá tải.","Điểm áp lực; điểm điều phối; điểm hạ tầng; cơ hội kinh tế; doanh thu ăn uống/vé/lưu trú; phản hồi du khách","35.08","53.9","36.0","42","Thấp","mixed_proxy_thieu_du_lieu","43.75"
"Tuy Hòa","còn dư địa hoặc cần theo dõi","Chia vé theo khung giờ, tăng nhân sự soát vé, đẩy QR/e-ticket","Khu vui chơi","thấp-trung bình","Tăng doanh thu mùa thấp điểm và kéo dài thời gian lưu trú nếu kích cầu đúng phân khúc.","Vấn đề -> Hành động -> KPI thay đổi -> Hiệu quả kinh tế: giảm áp lực tại điểm nóng, tăng chi tiêu ăn uống/vận tải/lưu trú/vé ở vùng phụ và giảm chi phí xã hội do kẹt xe/quá tải.","Điểm áp lực; điểm điều phối; điểm hạ tầng; cơ hội kinh tế; doanh thu ăn uống/vé/lưu trú; phản hồi du khách","35.53","53.2","36.0","42","Thấp","mixed_proxy_thieu_du_lieu","43.75"
"Tuy Hòa","còn dư địa hoặc cần theo dõi","Tạo voucher giờ thấp điểm, menu combo địa phương và điểm bán vệ tinh","Nhà hàng/OCOP","thấp-trung bình","Tăng doanh thu mùa thấp điểm và kéo dài thời gian lưu trú nếu kích cầu đúng phân khúc.","Vấn đề -> Hành động -> KPI thay đổi -> Hiệu quả kinh tế: giảm áp lực tại điểm nóng, tăng chi tiêu ăn uống/vận tải/lưu trú/vé ở vùng phụ và giảm chi phí xã hội do kẹt xe/quá tải.","Điểm áp lực; điểm điều phối; điểm hạ tầng; cơ hội kinh tế; doanh thu ăn uống/vé/lưu trú; phản hồi du khách","34.48","54.6","36.0","42","Thấp","mixed_proxy_thieu_du_lieu","43.75"
"Tuy Hòa","còn dư địa hoặc cần theo dõi","Tăng shuttle từ bãi đỗ vệ tinh và tuyến thay thế khi điểm áp lực tăng","Vận tải/shuttle","trung bình","Tăng doanh thu mùa thấp điểm và kéo dài thời gian lưu trú nếu kích cầu đúng phân khúc.","Vấn đề -> Hành động -> KPI thay đổi -> Hiệu quả kinh tế: giảm áp lực tại điểm nóng, tăng chi tiêu ăn uống/vận tải/lưu trú/vé ở vùng phụ và giảm chi phí xã hội do kẹt xe/quá tải.","Điểm áp lực; điểm điều phối; điểm hạ tầng; cơ hội kinh tế; doanh thu ăn uống/vé/lưu trú; phản hồi du khách","36.58","48.3","36.0","41","Thấp","mixed_proxy_thieu_du_lieu","43.75"
"Hà Tiên","còn dư địa hoặc cần theo dõi","Điều chỉnh truyền thông, kích cầu điểm phụ, công bố cảnh báo trên dashboard/app","Chính quyền","cao","Tăng doanh thu mùa thấp điểm và kéo dài thời gian lưu trú nếu kích cầu đúng phân khúc.","Vấn đề -> Hành động -> KPI thay đổi -> Hiệu quả kinh tế: giảm áp lực tại điểm nóng, tăng chi tiêu ăn uống/vận tải/lưu trú/vé ở vùng phụ và giảm chi phí xã hội do kẹt xe/quá tải.","Điểm áp lực; điểm điều phối; điểm hạ tầng; cơ hội kinh tế; doanh thu ăn uống/vé/lưu trú; phản hồi du khách","35.68","51.8","36.0","42","Thấp","mixed_proxy_thieu_du_lieu","43.75"
"Hà Tiên","còn dư địa hoặc cần theo dõi","Phân luồng tại tuyến ven biển, đặt biển báo, tăng lực lượng ở nút vào bãi biển/POI","Công an/giao thông","trung bình","Tăng doanh thu mùa thấp điểm và kéo dài thời gian lưu trú nếu kích cầu đúng phân khúc.","Vấn đề -> Hành động -> KPI thay đổi -> Hiệu quả kinh tế: giảm áp lực tại điểm nóng, tăng chi tiêu ăn uống/vận tải/lưu trú/vé ở vùng phụ và giảm chi phí xã hội do kẹt xe/quá tải.","Điểm áp lực; điểm điều phối; điểm hạ tầng; cơ hội kinh tế; doanh thu ăn uống/vé/lưu trú; phản hồi du khách","36.88","46.2","36.0","41","Thấp","mixed_proxy_thieu_du_lieu","43.75"
"Hà Tiên","còn dư địa hoặc cần theo dõi","Bán gói liên vùng, chuyển tour sang khung giờ thấp điểm hoặc điểm còn dư địa","Doanh nghiệp du lịch","thấp-trung bình","Tăng doanh thu mùa thấp điểm và kéo dài thời gian lưu trú nếu kích cầu đúng phân khúc.","Vấn đề -> Hành động -> KPI thay đổi -> Hiệu quả kinh tế: giảm áp lực tại điểm nóng, tăng chi tiêu ăn uống/vận tải/lưu trú/vé ở vùng phụ và giảm chi phí xã hội do kẹt xe/quá tải.","Điểm áp lực; điểm điều phối; điểm hạ tầng; cơ hội kinh tế; doanh thu ăn uống/vé/lưu trú; phản hồi du khách","35.98","52.5","36.0","42","Thấp","mixed_proxy_thieu_du_lieu","43.75"
"Hà Tiên","còn dư địa hoặc cần theo dõi","Tạo combo lưu trú dài hơn, voucher ăn uống địa phương và điều tiết giá theo trải nghiệm","Khách sạn","thấp-trung bình","Tăng doanh thu mùa thấp điểm và kéo dài thời gian lưu trú nếu kích cầu đúng phân khúc.","Vấn đề -> Hành động -> KPI thay đổi -> Hiệu quả kinh tế: giảm áp lực tại điểm nóng, tăng chi tiêu ăn uống/vận tải/lưu trú/vé ở vùng phụ và giảm chi phí xã hội do kẹt xe/quá tải.","Điểm áp lực; điểm điều phối; điểm hạ tầng; cơ hội kinh tế; doanh thu ăn uống/vé/lưu trú; phản hồi du khách","35.08","53.9","36.0","42","Thấp","mixed_proxy_thieu_du_lieu","43.75"
"Hà Tiên","còn dư địa hoặc cần theo dõi","Chia vé theo khung giờ, tăng nhân sự soát vé, đẩy QR/e-ticket","Khu vui chơi","thấp-trung bình","Tăng doanh thu mùa thấp điểm và kéo dài thời gian lưu trú nếu kích cầu đúng phân khúc.","Vấn đề -> Hành động -> KPI thay đổi -> Hiệu quả kinh tế: giảm áp lực tại điểm nóng, tăng chi tiêu ăn uống/vận tải/lưu trú/vé ở vùng phụ và giảm chi phí xã hội do kẹt xe/quá tải.","Điểm áp lực; điểm điều phối; điểm hạ tầng; cơ hội kinh tế; doanh thu ăn uống/vé/lưu trú; phản hồi du khách","35.53","53.2","36.0","42","Thấp","mixed_proxy_thieu_du_lieu","43.75"
"Hà Tiên","còn dư địa hoặc cần theo dõi","Tạo voucher giờ thấp điểm, menu combo địa phương và điểm bán vệ tinh","Nhà hàng/OCOP","thấp-trung bình","Tăng doanh thu mùa thấp điểm và kéo dài thời gian lưu trú nếu kích cầu đúng phân khúc.","Vấn đề -> Hành động -> KPI thay đổi -> Hiệu quả kinh tế: giảm áp lực tại điểm nóng, tăng chi tiêu ăn uống/vận tải/lưu trú/vé ở vùng phụ và giảm chi phí xã hội do kẹt xe/quá tải.","Điểm áp lực; điểm điều phối; điểm hạ tầng; cơ hội kinh tế; doanh thu ăn uống/vé/lưu trú; phản hồi du khách","34.48","54.6","36.0","42","Thấp","mixed_proxy_thieu_du_lieu","43.75"
"Hà Tiên","còn dư địa hoặc cần theo dõi","Tăng shuttle từ bãi đỗ vệ tinh và tuyến thay thế khi điểm áp lực tăng","Vận tải/shuttle","trung bình","Tăng doanh thu mùa thấp điểm và kéo dài thời gian lưu trú nếu kích cầu đúng phân khúc.","Vấn đề -> Hành động -> KPI thay đổi -> Hiệu quả kinh tế: giảm áp lực tại điểm nóng, tăng chi tiêu ăn uống/vận tải/lưu trú/vé ở vùng phụ và giảm chi phí xã hội do kẹt xe/quá tải.","Điểm áp lực; điểm điều phối; điểm hạ tầng; cơ hội kinh tế; doanh thu ăn uống/vé/lưu trú; phản hồi du khách","36.58","48.3","36.0","41","Thấp","mixed_proxy_thieu_du_lieu","43.75"
"Cô Tô","còn dư địa hoặc cần theo dõi","Điều chỉnh truyền thông, kích cầu điểm phụ, công bố cảnh báo trên dashboard/app","Chính quyền","cao","Tăng doanh thu mùa thấp điểm và kéo dài thời gian lưu trú nếu kích cầu đúng phân khúc.","Vấn đề -> Hành động -> KPI thay đổi -> Hiệu quả kinh tế: giảm áp lực tại điểm nóng, tăng chi tiêu ăn uống/vận tải/lưu trú/vé ở vùng phụ và giảm chi phí xã hội do kẹt xe/quá tải.","Điểm áp lực; điểm điều phối; điểm hạ tầng; cơ hội kinh tế; doanh thu ăn uống/vé/lưu trú; phản hồi du khách","35.68","51.8","36.0","42","Thấp","mixed_proxy_thieu_du_lieu","43.75"
"Cô Tô","còn dư địa hoặc cần theo dõi","Phân luồng tại tuyến ven biển, đặt biển báo, tăng lực lượng ở nút vào bãi biển/POI","Công an/giao thông","trung bình","Tăng doanh thu mùa thấp điểm và kéo dài thời gian lưu trú nếu kích cầu đúng phân khúc.","Vấn đề -> Hành động -> KPI thay đổi -> Hiệu quả kinh tế: giảm áp lực tại điểm nóng, tăng chi tiêu ăn uống/vận tải/lưu trú/vé ở vùng phụ và giảm chi phí xã hội do kẹt xe/quá tải.","Điểm áp lực; điểm điều phối; điểm hạ tầng; cơ hội kinh tế; doanh thu ăn uống/vé/lưu trú; phản hồi du khách","36.88","46.2","36.0","41","Thấp","mixed_proxy_thieu_du_lieu","43.75"
"Cô Tô","còn dư địa hoặc cần theo dõi","Bán gói liên vùng, chuyển tour sang khung giờ thấp điểm hoặc điểm còn dư địa","Doanh nghiệp du lịch","thấp-trung bình","Tăng doanh thu mùa thấp điểm và kéo dài thời gian lưu trú nếu kích cầu đúng phân khúc.","Vấn đề -> Hành động -> KPI thay đổi -> Hiệu quả kinh tế: giảm áp lực tại điểm nóng, tăng chi tiêu ăn uống/vận tải/lưu trú/vé ở vùng phụ và giảm chi phí xã hội do kẹt xe/quá tải.","Điểm áp lực; điểm điều phối; điểm hạ tầng; cơ hội kinh tế; doanh thu ăn uống/vé/lưu trú; phản hồi du khách","35.98","52.5","36.0","42","Thấp","mixed_proxy_thieu_du_lieu","43.75"
"Cô Tô","còn dư địa hoặc cần theo dõi","Tạo combo lưu trú dài hơn, voucher ăn uống địa phương và điều tiết giá theo trải nghiệm","Khách sạn","thấp-trung bình","Tăng doanh thu mùa thấp điểm và kéo dài thời gian lưu trú nếu kích cầu đúng phân khúc.","Vấn đề -> Hành động -> KPI thay đổi -> Hiệu quả kinh tế: giảm áp lực tại điểm nóng, tăng chi tiêu ăn uống/vận tải/lưu trú/vé ở vùng phụ và giảm chi phí xã hội do kẹt xe/quá tải.","Điểm áp lực; điểm điều phối; điểm hạ tầng; cơ hội kinh tế; doanh thu ăn uống/vé/lưu trú; phản hồi du khách","35.08","53.9","36.0","42","Thấp","mixed_proxy_thieu_du_lieu","43.75"
"Cô Tô","còn dư địa hoặc cần theo dõi","Chia vé theo khung giờ, tăng nhân sự soát vé, đẩy QR/e-ticket","Khu vui chơi","thấp-trung bình","Tăng doanh thu mùa thấp điểm và kéo dài thời gian lưu trú nếu kích cầu đúng phân khúc.","Vấn đề -> Hành động -> KPI thay đổi -> Hiệu quả kinh tế: giảm áp lực tại điểm nóng, tăng chi tiêu ăn uống/vận tải/lưu trú/vé ở vùng phụ và giảm chi phí xã hội do kẹt xe/quá tải.","Điểm áp lực; điểm điều phối; điểm hạ tầng; cơ hội kinh tế; doanh thu ăn uống/vé/lưu trú; phản hồi du khách","35.53","53.2","36.0","42","Thấp","mixed_proxy_thieu_du_lieu","43.75"
"Cô Tô","còn dư địa hoặc cần theo dõi","Tạo voucher giờ thấp điểm, menu combo địa phương và điểm bán vệ tinh","Nhà hàng/OCOP","thấp-trung bình","Tăng doanh thu mùa thấp điểm và kéo dài thời gian lưu trú nếu kích cầu đúng phân khúc.","Vấn đề -> Hành động -> KPI thay đổi -> Hiệu quả kinh tế: giảm áp lực tại điểm nóng, tăng chi tiêu ăn uống/vận tải/lưu trú/vé ở vùng phụ và giảm chi phí xã hội do kẹt xe/quá tải.","Điểm áp lực; điểm điều phối; điểm hạ tầng; cơ hội kinh tế; doanh thu ăn uống/vé/lưu trú; phản hồi du khách","34.48","54.6","36.0","42","Thấp","mixed_proxy_thieu_du_lieu","43.75"
"Cô Tô","còn dư địa hoặc cần theo dõi","Tăng shuttle từ bãi đỗ vệ tinh và tuyến thay thế khi điểm áp lực tăng","Vận tải/shuttle","trung bình","Tăng doanh thu mùa thấp điểm và kéo dài thời gian lưu trú nếu kích cầu đúng phân khúc.","Vấn đề -> Hành động -> KPI thay đổi -> Hiệu quả kinh tế: giảm áp lực tại điểm nóng, tăng chi tiêu ăn uống/vận tải/lưu trú/vé ở vùng phụ và giảm chi phí xã hội do kẹt xe/quá tải.","Điểm áp lực; điểm điều phối; điểm hạ tầng; cơ hội kinh tế; doanh thu ăn uống/vé/lưu trú; phản hồi du khách","36.58","48.3","36.0","41","Thấp","mixed_proxy_thieu_du_lieu","43.75"
"Trà Cổ","còn dư địa hoặc cần theo dõi","Điều chỉnh truyền thông, kích cầu điểm phụ, công bố cảnh báo trên dashboard/app","Chính quyền","cao","Tăng doanh thu mùa thấp điểm và kéo dài thời gian lưu trú nếu kích cầu đúng phân khúc.","Vấn đề -> Hành động -> KPI thay đổi -> Hiệu quả kinh tế: giảm áp lực tại điểm nóng, tăng chi tiêu ăn uống/vận tải/lưu trú/vé ở vùng phụ và giảm chi phí xã hội do kẹt xe/quá tải.","Điểm áp lực; điểm điều phối; điểm hạ tầng; cơ hội kinh tế; doanh thu ăn uống/vé/lưu trú; phản hồi du khách","35.68","51.8","36.0","42","Thấp","mixed_proxy_thieu_du_lieu","43.75"
"Trà Cổ","còn dư địa hoặc cần theo dõi","Phân luồng tại tuyến ven biển, đặt biển báo, tăng lực lượng ở nút vào bãi biển/POI","Công an/giao thông","trung bình","Tăng doanh thu mùa thấp điểm và kéo dài thời gian lưu trú nếu kích cầu đúng phân khúc.","Vấn đề -> Hành động -> KPI thay đổi -> Hiệu quả kinh tế: giảm áp lực tại điểm nóng, tăng chi tiêu ăn uống/vận tải/lưu trú/vé ở vùng phụ và giảm chi phí xã hội do kẹt xe/quá tải.","Điểm áp lực; điểm điều phối; điểm hạ tầng; cơ hội kinh tế; doanh thu ăn uống/vé/lưu trú; phản hồi du khách","36.88","46.2","36.0","41","Thấp","mixed_proxy_thieu_du_lieu","43.75"
"Trà Cổ","còn dư địa hoặc cần theo dõi","Bán gói liên vùng, chuyển tour sang khung giờ thấp điểm hoặc điểm còn dư địa","Doanh nghiệp du lịch","thấp-trung bình","Tăng doanh thu mùa thấp điểm và kéo dài thời gian lưu trú nếu kích cầu đúng phân khúc.","Vấn đề -> Hành động -> KPI thay đổi -> Hiệu quả kinh tế: giảm áp lực tại điểm nóng, tăng chi tiêu ăn uống/vận tải/lưu trú/vé ở vùng phụ và giảm chi phí xã hội do kẹt xe/quá tải.","Điểm áp lực; điểm điều phối; điểm hạ tầng; cơ hội kinh tế; doanh thu ăn uống/vé/lưu trú; phản hồi du khách","35.98","52.5","36.0","42","Thấp","mixed_proxy_thieu_du_lieu","43.75"
"Trà Cổ","còn dư địa hoặc cần theo dõi","Tạo combo lưu trú dài hơn, voucher ăn uống địa phương và điều tiết giá theo trải nghiệm","Khách sạn","thấp-trung bình","Tăng doanh thu mùa thấp điểm và kéo dài thời gian lưu trú nếu kích cầu đúng phân khúc.","Vấn đề -> Hành động -> KPI thay đổi -> Hiệu quả kinh tế: giảm áp lực tại điểm nóng, tăng chi tiêu ăn uống/vận tải/lưu trú/vé ở vùng phụ và giảm chi phí xã hội do kẹt xe/quá tải.","Điểm áp lực; điểm điều phối; điểm hạ tầng; cơ hội kinh tế; doanh thu ăn uống/vé/lưu trú; phản hồi du khách","35.08","53.9","36.0","42","Thấp","mixed_proxy_thieu_du_lieu","43.75"
"Trà Cổ","còn dư địa hoặc cần theo dõi","Chia vé theo khung giờ, tăng nhân sự soát vé, đẩy QR/e-ticket","Khu vui chơi","thấp-trung bình","Tăng doanh thu mùa thấp điểm và kéo dài thời gian lưu trú nếu kích cầu đúng phân khúc.","Vấn đề -> Hành động -> KPI thay đổi -> Hiệu quả kinh tế: giảm áp lực tại điểm nóng, tăng chi tiêu ăn uống/vận tải/lưu trú/vé ở vùng phụ và giảm chi phí xã hội do kẹt xe/quá tải.","Điểm áp lực; điểm điều phối; điểm hạ tầng; cơ hội kinh tế; doanh thu ăn uống/vé/lưu trú; phản hồi du khách","35.53","53.2","36.0","42","Thấp","mixed_proxy_thieu_du_lieu","43.75"
"Trà Cổ","còn dư địa hoặc cần theo dõi","Tạo voucher giờ thấp điểm, menu combo địa phương và điểm bán vệ tinh","Nhà hàng/OCOP","thấp-trung bình","Tăng doanh thu mùa thấp điểm và kéo dài thời gian lưu trú nếu kích cầu đúng phân khúc.","Vấn đề -> Hành động -> KPI thay đổi -> Hiệu quả kinh tế: giảm áp lực tại điểm nóng, tăng chi tiêu ăn uống/vận tải/lưu trú/vé ở vùng phụ và giảm chi phí xã hội do kẹt xe/quá tải.","Điểm áp lực; điểm điều phối; điểm hạ tầng; cơ hội kinh tế; doanh thu ăn uống/vé/lưu trú; phản hồi du khách","34.48","54.6","36.0","42","Thấp","mixed_proxy_thieu_du_lieu","43.75"
"Trà Cổ","còn dư địa hoặc cần theo dõi","Tăng shuttle từ bãi đỗ vệ tinh và tuyến thay thế khi điểm áp lực tăng","Vận tải/shuttle","trung bình","Tăng doanh thu mùa thấp điểm và kéo dài thời gian lưu trú nếu kích cầu đúng phân khúc.","Vấn đề -> Hành động -> KPI thay đổi -> Hiệu quả kinh tế: giảm áp lực tại điểm nóng, tăng chi tiêu ăn uống/vận tải/lưu trú/vé ở vùng phụ và giảm chi phí xã hội do kẹt xe/quá tải.","Điểm áp lực; điểm điều phối; điểm hạ tầng; cơ hội kinh tế; doanh thu ăn uống/vé/lưu trú; phản hồi du khách","36.58","48.3","36.0","41","Thấp","mixed_proxy_thieu_du_lieu","43.75"
"Hồ Tràm","còn dư địa hoặc cần theo dõi","Điều chỉnh truyền thông, kích cầu điểm phụ, công bố cảnh báo trên dashboard/app","Chính quyền","cao","Tăng doanh thu mùa thấp điểm và kéo dài thời gian lưu trú nếu kích cầu đúng phân khúc.","Vấn đề -> Hành động -> KPI thay đổi -> Hiệu quả kinh tế: giảm áp lực tại điểm nóng, tăng chi tiêu ăn uống/vận tải/lưu trú/vé ở vùng phụ và giảm chi phí xã hội do kẹt xe/quá tải.","Điểm áp lực; điểm điều phối; điểm hạ tầng; cơ hội kinh tế; doanh thu ăn uống/vé/lưu trú; phản hồi du khách","35.68","51.8","36.0","42","Thấp","mixed_proxy_thieu_du_lieu","43.75"
"Hồ Tràm","còn dư địa hoặc cần theo dõi","Phân luồng tại tuyến ven biển, đặt biển báo, tăng lực lượng ở nút vào bãi biển/POI","Công an/giao thông","trung bình","Tăng doanh thu mùa thấp điểm và kéo dài thời gian lưu trú nếu kích cầu đúng phân khúc.","Vấn đề -> Hành động -> KPI thay đổi -> Hiệu quả kinh tế: giảm áp lực tại điểm nóng, tăng chi tiêu ăn uống/vận tải/lưu trú/vé ở vùng phụ và giảm chi phí xã hội do kẹt xe/quá tải.","Điểm áp lực; điểm điều phối; điểm hạ tầng; cơ hội kinh tế; doanh thu ăn uống/vé/lưu trú; phản hồi du khách","36.88","46.2","36.0","41","Thấp","mixed_proxy_thieu_du_lieu","43.75"
"Hồ Tràm","còn dư địa hoặc cần theo dõi","Bán gói liên vùng, chuyển tour sang khung giờ thấp điểm hoặc điểm còn dư địa","Doanh nghiệp du lịch","thấp-trung bình","Tăng doanh thu mùa thấp điểm và kéo dài thời gian lưu trú nếu kích cầu đúng phân khúc.","Vấn đề -> Hành động -> KPI thay đổi -> Hiệu quả kinh tế: giảm áp lực tại điểm nóng, tăng chi tiêu ăn uống/vận tải/lưu trú/vé ở vùng phụ và giảm chi phí xã hội do kẹt xe/quá tải.","Điểm áp lực; điểm điều phối; điểm hạ tầng; cơ hội kinh tế; doanh thu ăn uống/vé/lưu trú; phản hồi du khách","35.98","52.5","36.0","42","Thấp","mixed_proxy_thieu_du_lieu","43.75"
"Hồ Tràm","còn dư địa hoặc cần theo dõi","Tạo combo lưu trú dài hơn, voucher ăn uống địa phương và điều tiết giá theo trải nghiệm","Khách sạn","thấp-trung bình","Tăng doanh thu mùa thấp điểm và kéo dài thời gian lưu trú nếu kích cầu đúng phân khúc.","Vấn đề -> Hành động -> KPI thay đổi -> Hiệu quả kinh tế: giảm áp lực tại điểm nóng, tăng chi tiêu ăn uống/vận tải/lưu trú/vé ở vùng phụ và giảm chi phí xã hội do kẹt xe/quá tải.","Điểm áp lực; điểm điều phối; điểm hạ tầng; cơ hội kinh tế; doanh thu ăn uống/vé/lưu trú; phản hồi du khách","35.08","53.9","36.0","42","Thấp","mixed_proxy_thieu_du_lieu","43.75"
"Hồ Tràm","còn dư địa hoặc cần theo dõi","Chia vé theo khung giờ, tăng nhân sự soát vé, đẩy QR/e-ticket","Khu vui chơi","thấp-trung bình","Tăng doanh thu mùa thấp điểm và kéo dài thời gian lưu trú nếu kích cầu đúng phân khúc.","Vấn đề -> Hành động -> KPI thay đổi -> Hiệu quả kinh tế: giảm áp lực tại điểm nóng, tăng chi tiêu ăn uống/vận tải/lưu trú/vé ở vùng phụ và giảm chi phí xã hội do kẹt xe/quá tải.","Điểm áp lực; điểm điều phối; điểm hạ tầng; cơ hội kinh tế; doanh thu ăn uống/vé/lưu trú; phản hồi du khách","35.53","53.2","36.0","42","Thấp","mixed_proxy_thieu_du_lieu","43.75"
"Hồ Tràm","còn dư địa hoặc cần theo dõi","Tạo voucher giờ thấp điểm, menu combo địa phương và điểm bán vệ tinh","Nhà hàng/OCOP","thấp-trung bình","Tăng doanh thu mùa thấp điểm và kéo dài thời gian lưu trú nếu kích cầu đúng phân khúc.","Vấn đề -> Hành động -> KPI thay đổi -> Hiệu quả kinh tế: giảm áp lực tại điểm nóng, tăng chi tiêu ăn uống/vận tải/lưu trú/vé ở vùng phụ và giảm chi phí xã hội do kẹt xe/quá tải.","Điểm áp lực; điểm điều phối; điểm hạ tầng; cơ hội kinh tế; doanh thu ăn uống/vé/lưu trú; phản hồi du khách","34.48","54.6","36.0","42","Thấp","mixed_proxy_thieu_du_lieu","43.75"
"Hồ Tràm","còn dư địa hoặc cần theo dõi","Tăng shuttle từ bãi đỗ vệ tinh và tuyến thay thế khi điểm áp lực tăng","Vận tải/shuttle","trung bình","Tăng doanh thu mùa thấp điểm và kéo dài thời gian lưu trú nếu kích cầu đúng phân khúc.","Vấn đề -> Hành động -> KPI thay đổi -> Hiệu quả kinh tế: giảm áp lực tại điểm nóng, tăng chi tiêu ăn uống/vận tải/lưu trú/vé ở vùng phụ và giảm chi phí xã hội do kẹt xe/quá tải.","Điểm áp lực; điểm điều phối; điểm hạ tầng; cơ hội kinh tế; doanh thu ăn uống/vé/lưu trú; phản hồi du khách","36.58","48.3","36.0","41","Thấp","mixed_proxy_thieu_du_lieu","43.75"
"Cần Giờ","còn dư địa hoặc cần theo dõi","Điều chỉnh truyền thông, kích cầu điểm phụ, công bố cảnh báo trên dashboard/app","Chính quyền","cao","Tăng doanh thu mùa thấp điểm và kéo dài thời gian lưu trú nếu kích cầu đúng phân khúc.","Vấn đề -> Hành động -> KPI thay đổi -> Hiệu quả kinh tế: giảm áp lực tại điểm nóng, tăng chi tiêu ăn uống/vận tải/lưu trú/vé ở vùng phụ và giảm chi phí xã hội do kẹt xe/quá tải.","Điểm áp lực; điểm điều phối; điểm hạ tầng; cơ hội kinh tế; doanh thu ăn uống/vé/lưu trú; phản hồi du khách","35.68","51.8","36.0","42","Thấp","mixed_proxy_thieu_du_lieu","43.75"
"Cần Giờ","còn dư địa hoặc cần theo dõi","Phân luồng tại tuyến ven biển, đặt biển báo, tăng lực lượng ở nút vào bãi biển/POI","Công an/giao thông","trung bình","Tăng doanh thu mùa thấp điểm và kéo dài thời gian lưu trú nếu kích cầu đúng phân khúc.","Vấn đề -> Hành động -> KPI thay đổi -> Hiệu quả kinh tế: giảm áp lực tại điểm nóng, tăng chi tiêu ăn uống/vận tải/lưu trú/vé ở vùng phụ và giảm chi phí xã hội do kẹt xe/quá tải.","Điểm áp lực; điểm điều phối; điểm hạ tầng; cơ hội kinh tế; doanh thu ăn uống/vé/lưu trú; phản hồi du khách","36.88","46.2","36.0","41","Thấp","mixed_proxy_thieu_du_lieu","43.75"
"Cần Giờ","còn dư địa hoặc cần theo dõi","Bán gói liên vùng, chuyển tour sang khung giờ thấp điểm hoặc điểm còn dư địa","Doanh nghiệp du lịch","thấp-trung bình","Tăng doanh thu mùa thấp điểm và kéo dài thời gian lưu trú nếu kích cầu đúng phân khúc.","Vấn đề -> Hành động -> KPI thay đổi -> Hiệu quả kinh tế: giảm áp lực tại điểm nóng, tăng chi tiêu ăn uống/vận tải/lưu trú/vé ở vùng phụ và giảm chi phí xã hội do kẹt xe/quá tải.","Điểm áp lực; điểm điều phối; điểm hạ tầng; cơ hội kinh tế; doanh thu ăn uống/vé/lưu trú; phản hồi du khách","35.98","52.5","36.0","42","Thấp","mixed_proxy_thieu_du_lieu","43.75"
"Cần Giờ","còn dư địa hoặc cần theo dõi","Tạo combo lưu trú dài hơn, voucher ăn uống địa phương và điều tiết giá theo trải nghiệm","Khách sạn","thấp-trung bình","Tăng doanh thu mùa thấp điểm và kéo dài thời gian lưu trú nếu kích cầu đúng phân khúc.","Vấn đề -> Hành động -> KPI thay đổi -> Hiệu quả kinh tế: giảm áp lực tại điểm nóng, tăng chi tiêu ăn uống/vận tải/lưu trú/vé ở vùng phụ và giảm chi phí xã hội do kẹt xe/quá tải.","Điểm áp lực; điểm điều phối; điểm hạ tầng; cơ hội kinh tế; doanh thu ăn uống/vé/lưu trú; phản hồi du khách","35.08","53.9","36.0","42","Thấp","mixed_proxy_thieu_du_lieu","43.75"
"Cần Giờ","còn dư địa hoặc cần theo dõi","Chia vé theo khung giờ, tăng nhân sự soát vé, đẩy QR/e-ticket","Khu vui chơi","thấp-trung bình","Tăng doanh thu mùa thấp điểm và kéo dài thời gian lưu trú nếu kích cầu đúng phân khúc.","Vấn đề -> Hành động -> KPI thay đổi -> Hiệu quả kinh tế: giảm áp lực tại điểm nóng, tăng chi tiêu ăn uống/vận tải/lưu trú/vé ở vùng phụ và giảm chi phí xã hội do kẹt xe/quá tải.","Điểm áp lực; điểm điều phối; điểm hạ tầng; cơ hội kinh tế; doanh thu ăn uống/vé/lưu trú; phản hồi du khách","35.53","53.2","36.0","42","Thấp","mixed_proxy_thieu_du_lieu","43.75"
"Cần Giờ","còn dư địa hoặc cần theo dõi","Tạo voucher giờ thấp điểm, menu combo địa phương và điểm bán vệ tinh","Nhà hàng/OCOP","thấp-trung bình","Tăng doanh thu mùa thấp điểm và kéo dài thời gian lưu trú nếu kích cầu đúng phân khúc.","Vấn đề -> Hành động -> KPI thay đổi -> Hiệu quả kinh tế: giảm áp lực tại điểm nóng, tăng chi tiêu ăn uống/vận tải/lưu trú/vé ở vùng phụ và giảm chi phí xã hội do kẹt xe/quá tải.","Điểm áp lực; điểm điều phối; điểm hạ tầng; cơ hội kinh tế; doanh thu ăn uống/vé/lưu trú; phản hồi du khách","34.48","54.6","36.0","42","Thấp","mixed_proxy_thieu_du_lieu","43.75"
"Cần Giờ","còn dư địa hoặc cần theo dõi","Tăng shuttle từ bãi đỗ vệ tinh và tuyến thay thế khi điểm áp lực tăng","Vận tải/shuttle","trung bình","Tăng doanh thu mùa thấp điểm và kéo dài thời gian lưu trú nếu kích cầu đúng phân khúc.","Vấn đề -> Hành động -> KPI thay đổi -> Hiệu quả kinh tế: giảm áp lực tại điểm nóng, tăng chi tiêu ăn uống/vận tải/lưu trú/vé ở vùng phụ và giảm chi phí xã hội do kẹt xe/quá tải.","Điểm áp lực; điểm điều phối; điểm hạ tầng; cơ hội kinh tế; doanh thu ăn uống/vé/lưu trú; phản hồi du khách","36.58","48.3","36.0","41","Thấp","mixed_proxy_thieu_du_lieu","43.75"
"Hòn Sơn","còn dư địa hoặc cần theo dõi","Điều chỉnh truyền thông, kích cầu điểm phụ, công bố cảnh báo trên dashboard/app","Chính quyền","cao","Tăng doanh thu mùa thấp điểm và kéo dài thời gian lưu trú nếu kích cầu đúng phân khúc.","Vấn đề -> Hành động -> KPI thay đổi -> Hiệu quả kinh tế: giảm áp lực tại điểm nóng, tăng chi tiêu ăn uống/vận tải/lưu trú/vé ở vùng phụ và giảm chi phí xã hội do kẹt xe/quá tải.","Điểm áp lực; điểm điều phối; điểm hạ tầng; cơ hội kinh tế; doanh thu ăn uống/vé/lưu trú; phản hồi du khách","35.68","51.8","36.0","42","Thấp","mixed_proxy_thieu_du_lieu","43.75"
"Hòn Sơn","còn dư địa hoặc cần theo dõi","Phân luồng tại tuyến ven biển, đặt biển báo, tăng lực lượng ở nút vào bãi biển/POI","Công an/giao thông","trung bình","Tăng doanh thu mùa thấp điểm và kéo dài thời gian lưu trú nếu kích cầu đúng phân khúc.","Vấn đề -> Hành động -> KPI thay đổi -> Hiệu quả kinh tế: giảm áp lực tại điểm nóng, tăng chi tiêu ăn uống/vận tải/lưu trú/vé ở vùng phụ và giảm chi phí xã hội do kẹt xe/quá tải.","Điểm áp lực; điểm điều phối; điểm hạ tầng; cơ hội kinh tế; doanh thu ăn uống/vé/lưu trú; phản hồi du khách","36.88","46.2","36.0","41","Thấp","mixed_proxy_thieu_du_lieu","43.75"
"Hòn Sơn","còn dư địa hoặc cần theo dõi","Bán gói liên vùng, chuyển tour sang khung giờ thấp điểm hoặc điểm còn dư địa","Doanh nghiệp du lịch","thấp-trung bình","Tăng doanh thu mùa thấp điểm và kéo dài thời gian lưu trú nếu kích cầu đúng phân khúc.","Vấn đề -> Hành động -> KPI thay đổi -> Hiệu quả kinh tế: giảm áp lực tại điểm nóng, tăng chi tiêu ăn uống/vận tải/lưu trú/vé ở vùng phụ và giảm chi phí xã hội do kẹt xe/quá tải.","Điểm áp lực; điểm điều phối; điểm hạ tầng; cơ hội kinh tế; doanh thu ăn uống/vé/lưu trú; phản hồi du khách","35.98","52.5","36.0","42","Thấp","mixed_proxy_thieu_du_lieu","43.75"
"Hòn Sơn","còn dư địa hoặc cần theo dõi","Tạo combo lưu trú dài hơn, voucher ăn uống địa phương và điều tiết giá theo trải nghiệm","Khách sạn","thấp-trung bình","Tăng doanh thu mùa thấp điểm và kéo dài thời gian lưu trú nếu kích cầu đúng phân khúc.","Vấn đề -> Hành động -> KPI thay đổi -> Hiệu quả kinh tế: giảm áp lực tại điểm nóng, tăng chi tiêu ăn uống/vận tải/lưu trú/vé ở vùng phụ và giảm chi phí xã hội do kẹt xe/quá tải.","Điểm áp lực; điểm điều phối; điểm hạ tầng; cơ hội kinh tế; doanh thu ăn uống/vé/lưu trú; phản hồi du khách","35.08","53.9","36.0","42","Thấp","mixed_proxy_thieu_du_lieu","43.75"
"Hòn Sơn","còn dư địa hoặc cần theo dõi","Chia vé theo khung giờ, tăng nhân sự soát vé, đẩy QR/e-ticket","Khu vui chơi","thấp-trung bình","Tăng doanh thu mùa thấp điểm và kéo dài thời gian lưu trú nếu kích cầu đúng phân khúc.","Vấn đề -> Hành động -> KPI thay đổi -> Hiệu quả kinh tế: giảm áp lực tại điểm nóng, tăng chi tiêu ăn uống/vận tải/lưu trú/vé ở vùng phụ và giảm chi phí xã hội do kẹt xe/quá tải.","Điểm áp lực; điểm điều phối; điểm hạ tầng; cơ hội kinh tế; doanh thu ăn uống/vé/lưu trú; phản hồi du khách","35.53","53.2","36.0","42","Thấp","mixed_proxy_thieu_du_lieu","43.75"
"Hòn Sơn","còn dư địa hoặc cần theo dõi","Tạo voucher giờ thấp điểm, menu combo địa phương và điểm bán vệ tinh","Nhà hàng/OCOP","thấp-trung bình","Tăng doanh thu mùa thấp điểm và kéo dài thời gian lưu trú nếu kích cầu đúng phân khúc.","Vấn đề -> Hành động -> KPI thay đổi -> Hiệu quả kinh tế: giảm áp lực tại điểm nóng, tăng chi tiêu ăn uống/vận tải/lưu trú/vé ở vùng phụ và giảm chi phí xã hội do kẹt xe/quá tải.","Điểm áp lực; điểm điều phối; điểm hạ tầng; cơ hội kinh tế; doanh thu ăn uống/vé/lưu trú; phản hồi du khách","34.48","54.6","36.0","42","Thấp","mixed_proxy_thieu_du_lieu","43.75"
"Hòn Sơn","còn dư địa hoặc cần theo dõi","Tăng shuttle từ bãi đỗ vệ tinh và tuyến thay thế khi điểm áp lực tăng","Vận tải/shuttle","trung bình","Tăng doanh thu mùa thấp điểm và kéo dài thời gian lưu trú nếu kích cầu đúng phân khúc.","Vấn đề -> Hành động -> KPI thay đổi -> Hiệu quả kinh tế: giảm áp lực tại điểm nóng, tăng chi tiêu ăn uống/vận tải/lưu trú/vé ở vùng phụ và giảm chi phí xã hội do kẹt xe/quá tải.","Điểm áp lực; điểm điều phối; điểm hạ tầng; cơ hội kinh tế; doanh thu ăn uống/vé/lưu trú; phản hồi du khách","36.58","48.3","36.0","41","Thấp","mixed_proxy_thieu_du_lieu","43.75"
"Nam Du","còn dư địa hoặc cần theo dõi","Điều chỉnh truyền thông, kích cầu điểm phụ, công bố cảnh báo trên dashboard/app","Chính quyền","cao","Tăng doanh thu mùa thấp điểm và kéo dài thời gian lưu trú nếu kích cầu đúng phân khúc.","Vấn đề -> Hành động -> KPI thay đổi -> Hiệu quả kinh tế: giảm áp lực tại điểm nóng, tăng chi tiêu ăn uống/vận tải/lưu trú/vé ở vùng phụ và giảm chi phí xã hội do kẹt xe/quá tải.","Điểm áp lực; điểm điều phối; điểm hạ tầng; cơ hội kinh tế; doanh thu ăn uống/vé/lưu trú; phản hồi du khách","35.68","51.8","36.0","42","Thấp","mixed_proxy_thieu_du_lieu","43.75"
"Nam Du","còn dư địa hoặc cần theo dõi","Phân luồng tại tuyến ven biển, đặt biển báo, tăng lực lượng ở nút vào bãi biển/POI","Công an/giao thông","trung bình","Tăng doanh thu mùa thấp điểm và kéo dài thời gian lưu trú nếu kích cầu đúng phân khúc.","Vấn đề -> Hành động -> KPI thay đổi -> Hiệu quả kinh tế: giảm áp lực tại điểm nóng, tăng chi tiêu ăn uống/vận tải/lưu trú/vé ở vùng phụ và giảm chi phí xã hội do kẹt xe/quá tải.","Điểm áp lực; điểm điều phối; điểm hạ tầng; cơ hội kinh tế; doanh thu ăn uống/vé/lưu trú; phản hồi du khách","36.88","46.2","36.0","41","Thấp","mixed_proxy_thieu_du_lieu","43.75"
"Nam Du","còn dư địa hoặc cần theo dõi","Bán gói liên vùng, chuyển tour sang khung giờ thấp điểm hoặc điểm còn dư địa","Doanh nghiệp du lịch","thấp-trung bình","Tăng doanh thu mùa thấp điểm và kéo dài thời gian lưu trú nếu kích cầu đúng phân khúc.","Vấn đề -> Hành động -> KPI thay đổi -> Hiệu quả kinh tế: giảm áp lực tại điểm nóng, tăng chi tiêu ăn uống/vận tải/lưu trú/vé ở vùng phụ và giảm chi phí xã hội do kẹt xe/quá tải.","Điểm áp lực; điểm điều phối; điểm hạ tầng; cơ hội kinh tế; doanh thu ăn uống/vé/lưu trú; phản hồi du khách","35.98","52.5","36.0","42","Thấp","mixed_proxy_thieu_du_lieu","43.75"
"Nam Du","còn dư địa hoặc cần theo dõi","Tạo combo lưu trú dài hơn, voucher ăn uống địa phương và điều tiết giá theo trải nghiệm","Khách sạn","thấp-trung bình","Tăng doanh thu mùa thấp điểm và kéo dài thời gian lưu trú nếu kích cầu đúng phân khúc.","Vấn đề -> Hành động -> KPI thay đổi -> Hiệu quả kinh tế: giảm áp lực tại điểm nóng, tăng chi tiêu ăn uống/vận tải/lưu trú/vé ở vùng phụ và giảm chi phí xã hội do kẹt xe/quá tải.","Điểm áp lực; điểm điều phối; điểm hạ tầng; cơ hội kinh tế; doanh thu ăn uống/vé/lưu trú; phản hồi du khách","35.08","53.9","36.0","42","Thấp","mixed_proxy_thieu_du_lieu","43.75"
"Nam Du","còn dư địa hoặc cần theo dõi","Chia vé theo khung giờ, tăng nhân sự soát vé, đẩy QR/e-ticket","Khu vui chơi","thấp-trung bình","Tăng doanh thu mùa thấp điểm và kéo dài thời gian lưu trú nếu kích cầu đúng phân khúc.","Vấn đề -> Hành động -> KPI thay đổi -> Hiệu quả kinh tế: giảm áp lực tại điểm nóng, tăng chi tiêu ăn uống/vận tải/lưu trú/vé ở vùng phụ và giảm chi phí xã hội do kẹt xe/quá tải.","Điểm áp lực; điểm điều phối; điểm hạ tầng; cơ hội kinh tế; doanh thu ăn uống/vé/lưu trú; phản hồi du khách","35.53","53.2","36.0","42","Thấp","mixed_proxy_thieu_du_lieu","43.75"
"Nam Du","còn dư địa hoặc cần theo dõi","Tạo voucher giờ thấp điểm, menu combo địa phương và điểm bán vệ tinh","Nhà hàng/OCOP","thấp-trung bình","Tăng doanh thu mùa thấp điểm và kéo dài thời gian lưu trú nếu kích cầu đúng phân khúc.","Vấn đề -> Hành động -> KPI thay đổi -> Hiệu quả kinh tế: giảm áp lực tại điểm nóng, tăng chi tiêu ăn uống/vận tải/lưu trú/vé ở vùng phụ và giảm chi phí xã hội do kẹt xe/quá tải.","Điểm áp lực; điểm điều phối; điểm hạ tầng; cơ hội kinh tế; doanh thu ăn uống/vé/lưu trú; phản hồi du khách","34.48","54.6","36.0","42","Thấp","mixed_proxy_thieu_du_lieu","43.75"
"Nam Du","còn dư địa hoặc cần theo dõi","Tăng shuttle từ bãi đỗ vệ tinh và tuyến thay thế khi điểm áp lực tăng","Vận tải/shuttle","trung bình","Tăng doanh thu mùa thấp điểm và kéo dài thời gian lưu trú nếu kích cầu đúng phân khúc.","Vấn đề -> Hành động -> KPI thay đổi -> Hiệu quả kinh tế: giảm áp lực tại điểm nóng, tăng chi tiêu ăn uống/vận tải/lưu trú/vé ở vùng phụ và giảm chi phí xã hội do kẹt xe/quá tải.","Điểm áp lực; điểm điều phối; điểm hạ tầng; cơ hội kinh tế; doanh thu ăn uống/vé/lưu trú; phản hồi du khách","36.58","48.3","36.0","41","Thấp","mixed_proxy_thieu_du_lieu","43.75"
"Bạc Liêu","còn dư địa hoặc cần theo dõi","Điều chỉnh truyền thông, kích cầu điểm phụ, công bố cảnh báo trên dashboard/app","Chính quyền","cao","Tăng doanh thu mùa thấp điểm và kéo dài thời gian lưu trú nếu kích cầu đúng phân khúc.","Vấn đề -> Hành động -> KPI thay đổi -> Hiệu quả kinh tế: giảm áp lực tại điểm nóng, tăng chi tiêu ăn uống/vận tải/lưu trú/vé ở vùng phụ và giảm chi phí xã hội do kẹt xe/quá tải.","Điểm áp lực; điểm điều phối; điểm hạ tầng; cơ hội kinh tế; doanh thu ăn uống/vé/lưu trú; phản hồi du khách","35.68","51.8","36.0","42","Thấp","mixed_proxy_thieu_du_lieu","43.75"
"Bạc Liêu","còn dư địa hoặc cần theo dõi","Phân luồng tại tuyến ven biển, đặt biển báo, tăng lực lượng ở nút vào bãi biển/POI","Công an/giao thông","trung bình","Tăng doanh thu mùa thấp điểm và kéo dài thời gian lưu trú nếu kích cầu đúng phân khúc.","Vấn đề -> Hành động -> KPI thay đổi -> Hiệu quả kinh tế: giảm áp lực tại điểm nóng, tăng chi tiêu ăn uống/vận tải/lưu trú/vé ở vùng phụ và giảm chi phí xã hội do kẹt xe/quá tải.","Điểm áp lực; điểm điều phối; điểm hạ tầng; cơ hội kinh tế; doanh thu ăn uống/vé/lưu trú; phản hồi du khách","36.88","46.2","36.0","41","Thấp","mixed_proxy_thieu_du_lieu","43.75"
"Bạc Liêu","còn dư địa hoặc cần theo dõi","Bán gói liên vùng, chuyển tour sang khung giờ thấp điểm hoặc điểm còn dư địa","Doanh nghiệp du lịch","thấp-trung bình","Tăng doanh thu mùa thấp điểm và kéo dài thời gian lưu trú nếu kích cầu đúng phân khúc.","Vấn đề -> Hành động -> KPI thay đổi -> Hiệu quả kinh tế: giảm áp lực tại điểm nóng, tăng chi tiêu ăn uống/vận tải/lưu trú/vé ở vùng phụ và giảm chi phí xã hội do kẹt xe/quá tải.","Điểm áp lực; điểm điều phối; điểm hạ tầng; cơ hội kinh tế; doanh thu ăn uống/vé/lưu trú; phản hồi du khách","35.98","52.5","36.0","42","Thấp","mixed_proxy_thieu_du_lieu","43.75"
"Bạc Liêu","còn dư địa hoặc cần theo dõi","Tạo combo lưu trú dài hơn, voucher ăn uống địa phương và điều tiết giá theo trải nghiệm","Khách sạn","thấp-trung bình","Tăng doanh thu mùa thấp điểm và kéo dài thời gian lưu trú nếu kích cầu đúng phân khúc.","Vấn đề -> Hành động -> KPI thay đổi -> Hiệu quả kinh tế: giảm áp lực tại điểm nóng, tăng chi tiêu ăn uống/vận tải/lưu trú/vé ở vùng phụ và giảm chi phí xã hội do kẹt xe/quá tải.","Điểm áp lực; điểm điều phối; điểm hạ tầng; cơ hội kinh tế; doanh thu ăn uống/vé/lưu trú; phản hồi du khách","35.08","53.9","36.0","42","Thấp","mixed_proxy_thieu_du_lieu","43.75"
"Bạc Liêu","còn dư địa hoặc cần theo dõi","Chia vé theo khung giờ, tăng nhân sự soát vé, đẩy QR/e-ticket","Khu vui chơi","thấp-trung bình","Tăng doanh thu mùa thấp điểm và kéo dài thời gian lưu trú nếu kích cầu đúng phân khúc.","Vấn đề -> Hành động -> KPI thay đổi -> Hiệu quả kinh tế: giảm áp lực tại điểm nóng, tăng chi tiêu ăn uống/vận tải/lưu trú/vé ở vùng phụ và giảm chi phí xã hội do kẹt xe/quá tải.","Điểm áp lực; điểm điều phối; điểm hạ tầng; cơ hội kinh tế; doanh thu ăn uống/vé/lưu trú; phản hồi du khách","35.53","53.2","36.0","42","Thấp","mixed_proxy_thieu_du_lieu","43.75"
"Bạc Liêu","còn dư địa hoặc cần theo dõi","Tạo voucher giờ thấp điểm, menu combo địa phương và điểm bán vệ tinh","Nhà hàng/OCOP","thấp-trung bình","Tăng doanh thu mùa thấp điểm và kéo dài thời gian lưu trú nếu kích cầu đúng phân khúc.","Vấn đề -> Hành động -> KPI thay đổi -> Hiệu quả kinh tế: giảm áp lực tại điểm nóng, tăng chi tiêu ăn uống/vận tải/lưu trú/vé ở vùng phụ và giảm chi phí xã hội do kẹt xe/quá tải.","Điểm áp lực; điểm điều phối; điểm hạ tầng; cơ hội kinh tế; doanh thu ăn uống/vé/lưu trú; phản hồi du khách","34.48","54.6","36.0","42","Thấp","mixed_proxy_thieu_du_lieu","43.75"
"Bạc Liêu","còn dư địa hoặc cần theo dõi","Tăng shuttle từ bãi đỗ vệ tinh và tuyến thay thế khi điểm áp lực tăng","Vận tải/shuttle","trung bình","Tăng doanh thu mùa thấp điểm và kéo dài thời gian lưu trú nếu kích cầu đúng phân khúc.","Vấn đề -> Hành động -> KPI thay đổi -> Hiệu quả kinh tế: giảm áp lực tại điểm nóng, tăng chi tiêu ăn uống/vận tải/lưu trú/vé ở vùng phụ và giảm chi phí xã hội do kẹt xe/quá tải.","Điểm áp lực; điểm điều phối; điểm hạ tầng; cơ hội kinh tế; doanh thu ăn uống/vé/lưu trú; phản hồi du khách","36.58","48.3","36.0","41","Thấp","mixed_proxy_thieu_du_lieu","43.75"
"Đất Mũi Cà Mau","còn dư địa hoặc cần theo dõi","Điều chỉnh truyền thông, kích cầu điểm phụ, công bố cảnh báo trên dashboard/app","Chính quyền","cao","Tăng doanh thu mùa thấp điểm và kéo dài thời gian lưu trú nếu kích cầu đúng phân khúc.","Vấn đề -> Hành động -> KPI thay đổi -> Hiệu quả kinh tế: giảm áp lực tại điểm nóng, tăng chi tiêu ăn uống/vận tải/lưu trú/vé ở vùng phụ và giảm chi phí xã hội do kẹt xe/quá tải.","Điểm áp lực; điểm điều phối; điểm hạ tầng; cơ hội kinh tế; doanh thu ăn uống/vé/lưu trú; phản hồi du khách","35.68","51.8","36.0","42","Thấp","mixed_proxy_thieu_du_lieu","43.75"
"Đất Mũi Cà Mau","còn dư địa hoặc cần theo dõi","Phân luồng tại tuyến ven biển, đặt biển báo, tăng lực lượng ở nút vào bãi biển/POI","Công an/giao thông","trung bình","Tăng doanh thu mùa thấp điểm và kéo dài thời gian lưu trú nếu kích cầu đúng phân khúc.","Vấn đề -> Hành động -> KPI thay đổi -> Hiệu quả kinh tế: giảm áp lực tại điểm nóng, tăng chi tiêu ăn uống/vận tải/lưu trú/vé ở vùng phụ và giảm chi phí xã hội do kẹt xe/quá tải.","Điểm áp lực; điểm điều phối; điểm hạ tầng; cơ hội kinh tế; doanh thu ăn uống/vé/lưu trú; phản hồi du khách","36.88","46.2","36.0","41","Thấp","mixed_proxy_thieu_du_lieu","43.75"
"Đất Mũi Cà Mau","còn dư địa hoặc cần theo dõi","Bán gói liên vùng, chuyển tour sang khung giờ thấp điểm hoặc điểm còn dư địa","Doanh nghiệp du lịch","thấp-trung bình","Tăng doanh thu mùa thấp điểm và kéo dài thời gian lưu trú nếu kích cầu đúng phân khúc.","Vấn đề -> Hành động -> KPI thay đổi -> Hiệu quả kinh tế: giảm áp lực tại điểm nóng, tăng chi tiêu ăn uống/vận tải/lưu trú/vé ở vùng phụ và giảm chi phí xã hội do kẹt xe/quá tải.","Điểm áp lực; điểm điều phối; điểm hạ tầng; cơ hội kinh tế; doanh thu ăn uống/vé/lưu trú; phản hồi du khách","35.98","52.5","36.0","42","Thấp","mixed_proxy_thieu_du_lieu","43.75"
"Đất Mũi Cà Mau","còn dư địa hoặc cần theo dõi","Tạo combo lưu trú dài hơn, voucher ăn uống địa phương và điều tiết giá theo trải nghiệm","Khách sạn","thấp-trung bình","Tăng doanh thu mùa thấp điểm và kéo dài thời gian lưu trú nếu kích cầu đúng phân khúc.","Vấn đề -> Hành động -> KPI thay đổi -> Hiệu quả kinh tế: giảm áp lực tại điểm nóng, tăng chi tiêu ăn uống/vận tải/lưu trú/vé ở vùng phụ và giảm chi phí xã hội do kẹt xe/quá tải.","Điểm áp lực; điểm điều phối; điểm hạ tầng; cơ hội kinh tế; doanh thu ăn uống/vé/lưu trú; phản hồi du khách","35.08","53.9","36.0","42","Thấp","mixed_proxy_thieu_du_lieu","43.75"
"Đất Mũi Cà Mau","còn dư địa hoặc cần theo dõi","Chia vé theo khung giờ, tăng nhân sự soát vé, đẩy QR/e-ticket","Khu vui chơi","thấp-trung bình","Tăng doanh thu mùa thấp điểm và kéo dài thời gian lưu trú nếu kích cầu đúng phân khúc.","Vấn đề -> Hành động -> KPI thay đổi -> Hiệu quả kinh tế: giảm áp lực tại điểm nóng, tăng chi tiêu ăn uống/vận tải/lưu trú/vé ở vùng phụ và giảm chi phí xã hội do kẹt xe/quá tải.","Điểm áp lực; điểm điều phối; điểm hạ tầng; cơ hội kinh tế; doanh thu ăn uống/vé/lưu trú; phản hồi du khách","35.53","53.2","36.0","42","Thấp","mixed_proxy_thieu_du_lieu","43.75"
"Đất Mũi Cà Mau","còn dư địa hoặc cần theo dõi","Tạo voucher giờ thấp điểm, menu combo địa phương và điểm bán vệ tinh","Nhà hàng/OCOP","thấp-trung bình","Tăng doanh thu mùa thấp điểm và kéo dài thời gian lưu trú nếu kích cầu đúng phân khúc.","Vấn đề -> Hành động -> KPI thay đổi -> Hiệu quả kinh tế: giảm áp lực tại điểm nóng, tăng chi tiêu ăn uống/vận tải/lưu trú/vé ở vùng phụ và giảm chi phí xã hội do kẹt xe/quá tải.","Điểm áp lực; điểm điều phối; điểm hạ tầng; cơ hội kinh tế; doanh thu ăn uống/vé/lưu trú; phản hồi du khách","34.48","54.6","36.0","42","Thấp","mixed_proxy_thieu_du_lieu","43.75"
"Đất Mũi Cà Mau","còn dư địa hoặc cần theo dõi","Tăng shuttle từ bãi đỗ vệ tinh và tuyến thay thế khi điểm áp lực tăng","Vận tải/shuttle","trung bình","Tăng doanh thu mùa thấp điểm và kéo dài thời gian lưu trú nếu kích cầu đúng phân khúc.","Vấn đề -> Hành động -> KPI thay đổi -> Hiệu quả kinh tế: giảm áp lực tại điểm nóng, tăng chi tiêu ăn uống/vận tải/lưu trú/vé ở vùng phụ và giảm chi phí xã hội do kẹt xe/quá tải.","Điểm áp lực; điểm điều phối; điểm hạ tầng; cơ hội kinh tế; doanh thu ăn uống/vé/lưu trú; phản hồi du khách","36.58","48.3","36.0","41","Thấp","mixed_proxy_thieu_du_lieu","43.75"
"Sóc Trăng","còn dư địa hoặc cần theo dõi","Điều chỉnh truyền thông, kích cầu điểm phụ, công bố cảnh báo trên dashboard/app","Chính quyền","cao","Tăng doanh thu mùa thấp điểm và kéo dài thời gian lưu trú nếu kích cầu đúng phân khúc.","Vấn đề -> Hành động -> KPI thay đổi -> Hiệu quả kinh tế: giảm áp lực tại điểm nóng, tăng chi tiêu ăn uống/vận tải/lưu trú/vé ở vùng phụ và giảm chi phí xã hội do kẹt xe/quá tải.","Điểm áp lực; điểm điều phối; điểm hạ tầng; cơ hội kinh tế; doanh thu ăn uống/vé/lưu trú; phản hồi du khách","35.68","51.8","36.0","42","Thấp","mixed_proxy_thieu_du_lieu","43.75"
"Sóc Trăng","còn dư địa hoặc cần theo dõi","Phân luồng tại tuyến ven biển, đặt biển báo, tăng lực lượng ở nút vào bãi biển/POI","Công an/giao thông","trung bình","Tăng doanh thu mùa thấp điểm và kéo dài thời gian lưu trú nếu kích cầu đúng phân khúc.","Vấn đề -> Hành động -> KPI thay đổi -> Hiệu quả kinh tế: giảm áp lực tại điểm nóng, tăng chi tiêu ăn uống/vận tải/lưu trú/vé ở vùng phụ và giảm chi phí xã hội do kẹt xe/quá tải.","Điểm áp lực; điểm điều phối; điểm hạ tầng; cơ hội kinh tế; doanh thu ăn uống/vé/lưu trú; phản hồi du khách","36.88","46.2","36.0","41","Thấp","mixed_proxy_thieu_du_lieu","43.75"
"Sóc Trăng","còn dư địa hoặc cần theo dõi","Bán gói liên vùng, chuyển tour sang khung giờ thấp điểm hoặc điểm còn dư địa","Doanh nghiệp du lịch","thấp-trung bình","Tăng doanh thu mùa thấp điểm và kéo dài thời gian lưu trú nếu kích cầu đúng phân khúc.","Vấn đề -> Hành động -> KPI thay đổi -> Hiệu quả kinh tế: giảm áp lực tại điểm nóng, tăng chi tiêu ăn uống/vận tải/lưu trú/vé ở vùng phụ và giảm chi phí xã hội do kẹt xe/quá tải.","Điểm áp lực; điểm điều phối; điểm hạ tầng; cơ hội kinh tế; doanh thu ăn uống/vé/lưu trú; phản hồi du khách","35.98","52.5","36.0","42","Thấp","mixed_proxy_thieu_du_lieu","43.75"
"Sóc Trăng","còn dư địa hoặc cần theo dõi","Tạo combo lưu trú dài hơn, voucher ăn uống địa phương và điều tiết giá theo trải nghiệm","Khách sạn","thấp-trung bình","Tăng doanh thu mùa thấp điểm và kéo dài thời gian lưu trú nếu kích cầu đúng phân khúc.","Vấn đề -> Hành động -> KPI thay đổi -> Hiệu quả kinh tế: giảm áp lực tại điểm nóng, tăng chi tiêu ăn uống/vận tải/lưu trú/vé ở vùng phụ và giảm chi phí xã hội do kẹt xe/quá tải.","Điểm áp lực; điểm điều phối; điểm hạ tầng; cơ hội kinh tế; doanh thu ăn uống/vé/lưu trú; phản hồi du khách","35.08","53.9","36.0","42","Thấp","mixed_proxy_thieu_du_lieu","43.75"
"Sóc Trăng","còn dư địa hoặc cần theo dõi","Chia vé theo khung giờ, tăng nhân sự soát vé, đẩy QR/e-ticket","Khu vui chơi","thấp-trung bình","Tăng doanh thu mùa thấp điểm và kéo dài thời gian lưu trú nếu kích cầu đúng phân khúc.","Vấn đề -> Hành động -> KPI thay đổi -> Hiệu quả kinh tế: giảm áp lực tại điểm nóng, tăng chi tiêu ăn uống/vận tải/lưu trú/vé ở vùng phụ và giảm chi phí xã hội do kẹt xe/quá tải.","Điểm áp lực; điểm điều phối; điểm hạ tầng; cơ hội kinh tế; doanh thu ăn uống/vé/lưu trú; phản hồi du khách","35.53","53.2","36.0","42","Thấp","mixed_proxy_thieu_du_lieu","43.75"
"Sóc Trăng","còn dư địa hoặc cần theo dõi","Tạo voucher giờ thấp điểm, menu combo địa phương và điểm bán vệ tinh","Nhà hàng/OCOP","thấp-trung bình","Tăng doanh thu mùa thấp điểm và kéo dài thời gian lưu trú nếu kích cầu đúng phân khúc.","Vấn đề -> Hành động -> KPI thay đổi -> Hiệu quả kinh tế: giảm áp lực tại điểm nóng, tăng chi tiêu ăn uống/vận tải/lưu trú/vé ở vùng phụ và giảm chi phí xã hội do kẹt xe/quá tải.","Điểm áp lực; điểm điều phối; điểm hạ tầng; cơ hội kinh tế; doanh thu ăn uống/vé/lưu trú; phản hồi du khách","34.48","54.6","36.0","42","Thấp","mixed_proxy_thieu_du_lieu","43.75"
"Sóc Trăng","còn dư địa hoặc cần theo dõi","Tăng shuttle từ bãi đỗ vệ tinh và tuyến thay thế khi điểm áp lực tăng","Vận tải/shuttle","trung bình","Tăng doanh thu mùa thấp điểm và kéo dài thời gian lưu trú nếu kích cầu đúng phân khúc.","Vấn đề -> Hành động -> KPI thay đổi -> Hiệu quả kinh tế: giảm áp lực tại điểm nóng, tăng chi tiêu ăn uống/vận tải/lưu trú/vé ở vùng phụ và giảm chi phí xã hội do kẹt xe/quá tải.","Điểm áp lực; điểm điều phối; điểm hạ tầng; cơ hội kinh tế; doanh thu ăn uống/vé/lưu trú; phản hồi du khách","36.58","48.3","36.0","41","Thấp","mixed_proxy_thieu_du_lieu","43.75"
"Trà Vinh","còn dư địa hoặc cần theo dõi","Điều chỉnh truyền thông, kích cầu điểm phụ, công bố cảnh báo trên dashboard/app","Chính quyền","cao","Tăng doanh thu mùa thấp điểm và kéo dài thời gian lưu trú nếu kích cầu đúng phân khúc.","Vấn đề -> Hành động -> KPI thay đổi -> Hiệu quả kinh tế: giảm áp lực tại điểm nóng, tăng chi tiêu ăn uống/vận tải/lưu trú/vé ở vùng phụ và giảm chi phí xã hội do kẹt xe/quá tải.","Điểm áp lực; điểm điều phối; điểm hạ tầng; cơ hội kinh tế; doanh thu ăn uống/vé/lưu trú; phản hồi du khách","35.68","51.8","36.0","42","Thấp","mixed_proxy_thieu_du_lieu","43.75"
"Trà Vinh","còn dư địa hoặc cần theo dõi","Phân luồng tại tuyến ven biển, đặt biển báo, tăng lực lượng ở nút vào bãi biển/POI","Công an/giao thông","trung bình","Tăng doanh thu mùa thấp điểm và kéo dài thời gian lưu trú nếu kích cầu đúng phân khúc.","Vấn đề -> Hành động -> KPI thay đổi -> Hiệu quả kinh tế: giảm áp lực tại điểm nóng, tăng chi tiêu ăn uống/vận tải/lưu trú/vé ở vùng phụ và giảm chi phí xã hội do kẹt xe/quá tải.","Điểm áp lực; điểm điều phối; điểm hạ tầng; cơ hội kinh tế; doanh thu ăn uống/vé/lưu trú; phản hồi du khách","36.88","46.2","36.0","41","Thấp","mixed_proxy_thieu_du_lieu","43.75"
"Trà Vinh","còn dư địa hoặc cần theo dõi","Bán gói liên vùng, chuyển tour sang khung giờ thấp điểm hoặc điểm còn dư địa","Doanh nghiệp du lịch","thấp-trung bình","Tăng doanh thu mùa thấp điểm và kéo dài thời gian lưu trú nếu kích cầu đúng phân khúc.","Vấn đề -> Hành động -> KPI thay đổi -> Hiệu quả kinh tế: giảm áp lực tại điểm nóng, tăng chi tiêu ăn uống/vận tải/lưu trú/vé ở vùng phụ và giảm chi phí xã hội do kẹt xe/quá tải.","Điểm áp lực; điểm điều phối; điểm hạ tầng; cơ hội kinh tế; doanh thu ăn uống/vé/lưu trú; phản hồi du khách","35.98","52.5","36.0","42","Thấp","mixed_proxy_thieu_du_lieu","43.75"
"Trà Vinh","còn dư địa hoặc cần theo dõi","Tạo combo lưu trú dài hơn, voucher ăn uống địa phương và điều tiết giá theo trải nghiệm","Khách sạn","thấp-trung bình","Tăng doanh thu mùa thấp điểm và kéo dài thời gian lưu trú nếu kích cầu đúng phân khúc.","Vấn đề -> Hành động -> KPI thay đổi -> Hiệu quả kinh tế: giảm áp lực tại điểm nóng, tăng chi tiêu ăn uống/vận tải/lưu trú/vé ở vùng phụ và giảm chi phí xã hội do kẹt xe/quá tải.","Điểm áp lực; điểm điều phối; điểm hạ tầng; cơ hội kinh tế; doanh thu ăn uống/vé/lưu trú; phản hồi du khách","35.08","53.9","36.0","42","Thấp","mixed_proxy_thieu_du_lieu","43.75"
"Trà Vinh","còn dư địa hoặc cần theo dõi","Chia vé theo khung giờ, tăng nhân sự soát vé, đẩy QR/e-ticket","Khu vui chơi","thấp-trung bình","Tăng doanh thu mùa thấp điểm và kéo dài thời gian lưu trú nếu kích cầu đúng phân khúc.","Vấn đề -> Hành động -> KPI thay đổi -> Hiệu quả kinh tế: giảm áp lực tại điểm nóng, tăng chi tiêu ăn uống/vận tải/lưu trú/vé ở vùng phụ và giảm chi phí xã hội do kẹt xe/quá tải.","Điểm áp lực; điểm điều phối; điểm hạ tầng; cơ hội kinh tế; doanh thu ăn uống/vé/lưu trú; phản hồi du khách","35.53","53.2","36.0","42","Thấp","mixed_proxy_thieu_du_lieu","43.75"
"Trà Vinh","còn dư địa hoặc cần theo dõi","Tạo voucher giờ thấp điểm, menu combo địa phương và điểm bán vệ tinh","Nhà hàng/OCOP","thấp-trung bình","Tăng doanh thu mùa thấp điểm và kéo dài thời gian lưu trú nếu kích cầu đúng phân khúc.","Vấn đề -> Hành động -> KPI thay đổi -> Hiệu quả kinh tế: giảm áp lực tại điểm nóng, tăng chi tiêu ăn uống/vận tải/lưu trú/vé ở vùng phụ và giảm chi phí xã hội do kẹt xe/quá tải.","Điểm áp lực; điểm điều phối; điểm hạ tầng; cơ hội kinh tế; doanh thu ăn uống/vé/lưu trú; phản hồi du khách","34.48","54.6","36.0","42","Thấp","mixed_proxy_thieu_du_lieu","43.75"
"Trà Vinh","còn dư địa hoặc cần theo dõi","Tăng shuttle từ bãi đỗ vệ tinh và tuyến thay thế khi điểm áp lực tăng","Vận tải/shuttle","trung bình","Tăng doanh thu mùa thấp điểm và kéo dài thời gian lưu trú nếu kích cầu đúng phân khúc.","Vấn đề -> Hành động -> KPI thay đổi -> Hiệu quả kinh tế: giảm áp lực tại điểm nóng, tăng chi tiêu ăn uống/vận tải/lưu trú/vé ở vùng phụ và giảm chi phí xã hội do kẹt xe/quá tải.","Điểm áp lực; điểm điều phối; điểm hạ tầng; cơ hội kinh tế; doanh thu ăn uống/vé/lưu trú; phản hồi du khách","36.58","48.3","36.0","41","Thấp","mixed_proxy_thieu_du_lieu","43.75"
"Đồ Sơn","còn dư địa hoặc cần theo dõi","Điều chỉnh truyền thông, kích cầu điểm phụ, công bố cảnh báo trên dashboard/app","Chính quyền","cao","Tăng doanh thu mùa thấp điểm và kéo dài thời gian lưu trú nếu kích cầu đúng phân khúc.","Vấn đề -> Hành động -> KPI thay đổi -> Hiệu quả kinh tế: giảm áp lực tại điểm nóng, tăng chi tiêu ăn uống/vận tải/lưu trú/vé ở vùng phụ và giảm chi phí xã hội do kẹt xe/quá tải.","Điểm áp lực; điểm điều phối; điểm hạ tầng; cơ hội kinh tế; doanh thu ăn uống/vé/lưu trú; phản hồi du khách","35.68","51.8","36.0","42","Thấp","mixed_proxy_thieu_du_lieu","43.75"
"Đồ Sơn","còn dư địa hoặc cần theo dõi","Phân luồng tại tuyến ven biển, đặt biển báo, tăng lực lượng ở nút vào bãi biển/POI","Công an/giao thông","trung bình","Tăng doanh thu mùa thấp điểm và kéo dài thời gian lưu trú nếu kích cầu đúng phân khúc.","Vấn đề -> Hành động -> KPI thay đổi -> Hiệu quả kinh tế: giảm áp lực tại điểm nóng, tăng chi tiêu ăn uống/vận tải/lưu trú/vé ở vùng phụ và giảm chi phí xã hội do kẹt xe/quá tải.","Điểm áp lực; điểm điều phối; điểm hạ tầng; cơ hội kinh tế; doanh thu ăn uống/vé/lưu trú; phản hồi du khách","36.88","46.2","36.0","41","Thấp","mixed_proxy_thieu_du_lieu","43.75"
"Đồ Sơn","còn dư địa hoặc cần theo dõi","Bán gói liên vùng, chuyển tour sang khung giờ thấp điểm hoặc điểm còn dư địa","Doanh nghiệp du lịch","thấp-trung bình","Tăng doanh thu mùa thấp điểm và kéo dài thời gian lưu trú nếu kích cầu đúng phân khúc.","Vấn đề -> Hành động -> KPI thay đổi -> Hiệu quả kinh tế: giảm áp lực tại điểm nóng, tăng chi tiêu ăn uống/vận tải/lưu trú/vé ở vùng phụ và giảm chi phí xã hội do kẹt xe/quá tải.","Điểm áp lực; điểm điều phối; điểm hạ tầng; cơ hội kinh tế; doanh thu ăn uống/vé/lưu trú; phản hồi du khách","35.98","52.5","36.0","42","Thấp","mixed_proxy_thieu_du_lieu","43.75"
"Đồ Sơn","còn dư địa hoặc cần theo dõi","Tạo combo lưu trú dài hơn, voucher ăn uống địa phương và điều tiết giá theo trải nghiệm","Khách sạn","thấp-trung bình","Tăng doanh thu mùa thấp điểm và kéo dài thời gian lưu trú nếu kích cầu đúng phân khúc.","Vấn đề -> Hành động -> KPI thay đổi -> Hiệu quả kinh tế: giảm áp lực tại điểm nóng, tăng chi tiêu ăn uống/vận tải/lưu trú/vé ở vùng phụ và giảm chi phí xã hội do kẹt xe/quá tải.","Điểm áp lực; điểm điều phối; điểm hạ tầng; cơ hội kinh tế; doanh thu ăn uống/vé/lưu trú; phản hồi du khách","35.08","53.9","36.0","42","Thấp","mixed_proxy_thieu_du_lieu","43.75"
"Đồ Sơn","còn dư địa hoặc cần theo dõi","Chia vé theo khung giờ, tăng nhân sự soát vé, đẩy QR/e-ticket","Khu vui chơi","thấp-trung bình","Tăng doanh thu mùa thấp điểm và kéo dài thời gian lưu trú nếu kích cầu đúng phân khúc.","Vấn đề -> Hành động -> KPI thay đổi -> Hiệu quả kinh tế: giảm áp lực tại điểm nóng, tăng chi tiêu ăn uống/vận tải/lưu trú/vé ở vùng phụ và giảm chi phí xã hội do kẹt xe/quá tải.","Điểm áp lực; điểm điều phối; điểm hạ tầng; cơ hội kinh tế; doanh thu ăn uống/vé/lưu trú; phản hồi du khách","35.53","53.2","36.0","42","Thấp","mixed_proxy_thieu_du_lieu","43.75"
"Đồ Sơn","còn dư địa hoặc cần theo dõi","Tạo voucher giờ thấp điểm, menu combo địa phương và điểm bán vệ tinh","Nhà hàng/OCOP","thấp-trung bình","Tăng doanh thu mùa thấp điểm và kéo dài thời gian lưu trú nếu kích cầu đúng phân khúc.","Vấn đề -> Hành động -> KPI thay đổi -> Hiệu quả kinh tế: giảm áp lực tại điểm nóng, tăng chi tiêu ăn uống/vận tải/lưu trú/vé ở vùng phụ và giảm chi phí xã hội do kẹt xe/quá tải.","Điểm áp lực; điểm điều phối; điểm hạ tầng; cơ hội kinh tế; doanh thu ăn uống/vé/lưu trú; phản hồi du khách","34.48","54.6","36.0","42","Thấp","mixed_proxy_thieu_du_lieu","43.75"
"Đồ Sơn","còn dư địa hoặc cần theo dõi","Tăng shuttle từ bãi đỗ vệ tinh và tuyến thay thế khi điểm áp lực tăng","Vận tải/shuttle","trung bình","Tăng doanh thu mùa thấp điểm và kéo dài thời gian lưu trú nếu kích cầu đúng phân khúc.","Vấn đề -> Hành động -> KPI thay đổi -> Hiệu quả kinh tế: giảm áp lực tại điểm nóng, tăng chi tiêu ăn uống/vận tải/lưu trú/vé ở vùng phụ và giảm chi phí xã hội do kẹt xe/quá tải.","Điểm áp lực; điểm điều phối; điểm hạ tầng; cơ hội kinh tế; doanh thu ăn uống/vé/lưu trú; phản hồi du khách","36.58","48.3","36.0","41","Thấp","mixed_proxy_thieu_du_lieu","43.75"
"Thịnh Long","còn dư địa hoặc cần theo dõi","Điều chỉnh truyền thông, kích cầu điểm phụ, công bố cảnh báo trên dashboard/app","Chính quyền","cao","Tăng doanh thu mùa thấp điểm và kéo dài thời gian lưu trú nếu kích cầu đúng phân khúc.","Vấn đề -> Hành động -> KPI thay đổi -> Hiệu quả kinh tế: giảm áp lực tại điểm nóng, tăng chi tiêu ăn uống/vận tải/lưu trú/vé ở vùng phụ và giảm chi phí xã hội do kẹt xe/quá tải.","Điểm áp lực; điểm điều phối; điểm hạ tầng; cơ hội kinh tế; doanh thu ăn uống/vé/lưu trú; phản hồi du khách","35.68","51.8","36.0","42","Thấp","mixed_proxy_thieu_du_lieu","43.75"
"Thịnh Long","còn dư địa hoặc cần theo dõi","Phân luồng tại tuyến ven biển, đặt biển báo, tăng lực lượng ở nút vào bãi biển/POI","Công an/giao thông","trung bình","Tăng doanh thu mùa thấp điểm và kéo dài thời gian lưu trú nếu kích cầu đúng phân khúc.","Vấn đề -> Hành động -> KPI thay đổi -> Hiệu quả kinh tế: giảm áp lực tại điểm nóng, tăng chi tiêu ăn uống/vận tải/lưu trú/vé ở vùng phụ và giảm chi phí xã hội do kẹt xe/quá tải.","Điểm áp lực; điểm điều phối; điểm hạ tầng; cơ hội kinh tế; doanh thu ăn uống/vé/lưu trú; phản hồi du khách","36.88","46.2","36.0","41","Thấp","mixed_proxy_thieu_du_lieu","43.75"
"Thịnh Long","còn dư địa hoặc cần theo dõi","Bán gói liên vùng, chuyển tour sang khung giờ thấp điểm hoặc điểm còn dư địa","Doanh nghiệp du lịch","thấp-trung bình","Tăng doanh thu mùa thấp điểm và kéo dài thời gian lưu trú nếu kích cầu đúng phân khúc.","Vấn đề -> Hành động -> KPI thay đổi -> Hiệu quả kinh tế: giảm áp lực tại điểm nóng, tăng chi tiêu ăn uống/vận tải/lưu trú/vé ở vùng phụ và giảm chi phí xã hội do kẹt xe/quá tải.","Điểm áp lực; điểm điều phối; điểm hạ tầng; cơ hội kinh tế; doanh thu ăn uống/vé/lưu trú; phản hồi du khách","35.98","52.5","36.0","42","Thấp","mixed_proxy_thieu_du_lieu","43.75"
"Thịnh Long","còn dư địa hoặc cần theo dõi","Tạo combo lưu trú dài hơn, voucher ăn uống địa phương và điều tiết giá theo trải nghiệm","Khách sạn","thấp-trung bình","Tăng doanh thu mùa thấp điểm và kéo dài thời gian lưu trú nếu kích cầu đúng phân khúc.","Vấn đề -> Hành động -> KPI thay đổi -> Hiệu quả kinh tế: giảm áp lực tại điểm nóng, tăng chi tiêu ăn uống/vận tải/lưu trú/vé ở vùng phụ và giảm chi phí xã hội do kẹt xe/quá tải.","Điểm áp lực; điểm điều phối; điểm hạ tầng; cơ hội kinh tế; doanh thu ăn uống/vé/lưu trú; phản hồi du khách","35.08","53.9","36.0","42","Thấp","mixed_proxy_thieu_du_lieu","43.75"
"Thịnh Long","còn dư địa hoặc cần theo dõi","Chia vé theo khung giờ, tăng nhân sự soát vé, đẩy QR/e-ticket","Khu vui chơi","thấp-trung bình","Tăng doanh thu mùa thấp điểm và kéo dài thời gian lưu trú nếu kích cầu đúng phân khúc.","Vấn đề -> Hành động -> KPI thay đổi -> Hiệu quả kinh tế: giảm áp lực tại điểm nóng, tăng chi tiêu ăn uống/vận tải/lưu trú/vé ở vùng phụ và giảm chi phí xã hội do kẹt xe/quá tải.","Điểm áp lực; điểm điều phối; điểm hạ tầng; cơ hội kinh tế; doanh thu ăn uống/vé/lưu trú; phản hồi du khách","35.53","53.2","36.0","42","Thấp","mixed_proxy_thieu_du_lieu","43.75"
"Thịnh Long","còn dư địa hoặc cần theo dõi","Tạo voucher giờ thấp điểm, menu combo địa phương và điểm bán vệ tinh","Nhà hàng/OCOP","thấp-trung bình","Tăng doanh thu mùa thấp điểm và kéo dài thời gian lưu trú nếu kích cầu đúng phân khúc.","Vấn đề -> Hành động -> KPI thay đổi -> Hiệu quả kinh tế: giảm áp lực tại điểm nóng, tăng chi tiêu ăn uống/vận tải/lưu trú/vé ở vùng phụ và giảm chi phí xã hội do kẹt xe/quá tải.","Điểm áp lực; điểm điều phối; điểm hạ tầng; cơ hội kinh tế; doanh thu ăn uống/vé/lưu trú; phản hồi du khách","34.48","54.6","36.0","42","Thấp","mixed_proxy_thieu_du_lieu","43.75"
"Thịnh Long","còn dư địa hoặc cần theo dõi","Tăng shuttle từ bãi đỗ vệ tinh và tuyến thay thế khi điểm áp lực tăng","Vận tải/shuttle","trung bình","Tăng doanh thu mùa thấp điểm và kéo dài thời gian lưu trú nếu kích cầu đúng phân khúc.","Vấn đề -> Hành động -> KPI thay đổi -> Hiệu quả kinh tế: giảm áp lực tại điểm nóng, tăng chi tiêu ăn uống/vận tải/lưu trú/vé ở vùng phụ và giảm chi phí xã hội do kẹt xe/quá tải.","Điểm áp lực; điểm điều phối; điểm hạ tầng; cơ hội kinh tế; doanh thu ăn uống/vé/lưu trú; phản hồi du khách","36.58","48.3","36.0","41","Thấp","mixed_proxy_thieu_du_lieu","43.75"
"Moc Chau","còn dư địa hoặc cần theo dõi","Điều chỉnh truyền thông, kích cầu điểm phụ, công bố cảnh báo trên dashboard/app","Chính quyền","cao","Tăng doanh thu mùa thấp điểm và kéo dài thời gian lưu trú nếu kích cầu đúng phân khúc.","Vấn đề -> Hành động -> KPI thay đổi -> Hiệu quả kinh tế: giảm áp lực tại điểm nóng, tăng chi tiêu ăn uống/vận tải/lưu trú/vé ở vùng phụ và giảm chi phí xã hội do kẹt xe/quá tải.","Điểm áp lực; điểm điều phối; điểm hạ tầng; cơ hội kinh tế; doanh thu ăn uống/vé/lưu trú; phản hồi du khách","34.85","54.05","34.61","43","Thấp","mixed_proxy_thieu_du_lieu","61.5"
"Moc Chau","còn dư địa hoặc cần theo dõi","Phân luồng tại tuyến ven biển, đặt biển báo, tăng lực lượng ở nút vào bãi biển/POI","Công an/giao thông","trung bình","Tăng doanh thu mùa thấp điểm và kéo dài thời gian lưu trú nếu kích cầu đúng phân khúc.","Vấn đề -> Hành động -> KPI thay đổi -> Hiệu quả kinh tế: giảm áp lực tại điểm nóng, tăng chi tiêu ăn uống/vận tải/lưu trú/vé ở vùng phụ và giảm chi phí xã hội do kẹt xe/quá tải.","Điểm áp lực; điểm điều phối; điểm hạ tầng; cơ hội kinh tế; doanh thu ăn uống/vé/lưu trú; phản hồi du khách","36.05","48.44","34.61","43","Thấp","mixed_proxy_thieu_du_lieu","61.5"
"Moc Chau","còn dư địa hoặc cần theo dõi","Bán gói liên vùng, chuyển tour sang khung giờ thấp điểm hoặc điểm còn dư địa","Doanh nghiệp du lịch","thấp-trung bình","Tăng doanh thu mùa thấp điểm và kéo dài thời gian lưu trú nếu kích cầu đúng phân khúc.","Vấn đề -> Hành động -> KPI thay đổi -> Hiệu quả kinh tế: giảm áp lực tại điểm nóng, tăng chi tiêu ăn uống/vận tải/lưu trú/vé ở vùng phụ và giảm chi phí xã hội do kẹt xe/quá tải.","Điểm áp lực; điểm điều phối; điểm hạ tầng; cơ hội kinh tế; doanh thu ăn uống/vé/lưu trú; phản hồi du khách","35.15","54.75","34.61","44","Thấp","mixed_proxy_thieu_du_lieu","61.5"
"Moc Chau","còn dư địa hoặc cần theo dõi","Tạo combo lưu trú dài hơn, voucher ăn uống địa phương và điều tiết giá theo trải nghiệm","Khách sạn","thấp-trung bình","Tăng doanh thu mùa thấp điểm và kéo dài thời gian lưu trú nếu kích cầu đúng phân khúc.","Vấn đề -> Hành động -> KPI thay đổi -> Hiệu quả kinh tế: giảm áp lực tại điểm nóng, tăng chi tiêu ăn uống/vận tải/lưu trú/vé ở vùng phụ và giảm chi phí xã hội do kẹt xe/quá tải.","Điểm áp lực; điểm điều phối; điểm hạ tầng; cơ hội kinh tế; doanh thu ăn uống/vé/lưu trú; phản hồi du khách","34.25","56.14","34.61","43","Thấp","mixed_proxy_thieu_du_lieu","61.5"
"Moc Chau","còn dư địa hoặc cần theo dõi","Chia vé theo khung giờ, tăng nhân sự soát vé, đẩy QR/e-ticket","Khu vui chơi","thấp-trung bình","Tăng doanh thu mùa thấp điểm và kéo dài thời gian lưu trú nếu kích cầu đúng phân khúc.","Vấn đề -> Hành động -> KPI thay đổi -> Hiệu quả kinh tế: giảm áp lực tại điểm nóng, tăng chi tiêu ăn uống/vận tải/lưu trú/vé ở vùng phụ và giảm chi phí xã hội do kẹt xe/quá tải.","Điểm áp lực; điểm điều phối; điểm hạ tầng; cơ hội kinh tế; doanh thu ăn uống/vé/lưu trú; phản hồi du khách","34.7","55.44","34.61","44","Thấp","mixed_proxy_thieu_du_lieu","61.5"
"Moc Chau","còn dư địa hoặc cần theo dõi","Tạo voucher giờ thấp điểm, menu combo địa phương và điểm bán vệ tinh","Nhà hàng/OCOP","thấp-trung bình","Tăng doanh thu mùa thấp điểm và kéo dài thời gian lưu trú nếu kích cầu đúng phân khúc.","Vấn đề -> Hành động -> KPI thay đổi -> Hiệu quả kinh tế: giảm áp lực tại điểm nóng, tăng chi tiêu ăn uống/vận tải/lưu trú/vé ở vùng phụ và giảm chi phí xã hội do kẹt xe/quá tải.","Điểm áp lực; điểm điều phối; điểm hạ tầng; cơ hội kinh tế; doanh thu ăn uống/vé/lưu trú; phản hồi du khách","33.65","56.84","34.61","43","Thấp","mixed_proxy_thieu_du_lieu","61.5"
"Moc Chau","còn dư địa hoặc cần theo dõi","Tăng shuttle từ bãi đỗ vệ tinh và tuyến thay thế khi điểm áp lực tăng","Vận tải/shuttle","trung bình","Tăng doanh thu mùa thấp điểm và kéo dài thời gian lưu trú nếu kích cầu đúng phân khúc.","Vấn đề -> Hành động -> KPI thay đổi -> Hiệu quả kinh tế: giảm áp lực tại điểm nóng, tăng chi tiêu ăn uống/vận tải/lưu trú/vé ở vùng phụ và giảm chi phí xã hội do kẹt xe/quá tải.","Điểm áp lực; điểm điều phối; điểm hạ tầng; cơ hội kinh tế; doanh thu ăn uống/vé/lưu trú; phản hồi du khách","35.75","50.55","34.61","43","Thấp","mixed_proxy_thieu_du_lieu","61.5"
"Ben Tre","còn dư địa hoặc cần theo dõi","Điều chỉnh truyền thông, kích cầu điểm phụ, công bố cảnh báo trên dashboard/app","Chính quyền","cao","Tăng doanh thu mùa thấp điểm và kéo dài thời gian lưu trú nếu kích cầu đúng phân khúc.","Vấn đề -> Hành động -> KPI thay đổi -> Hiệu quả kinh tế: giảm áp lực tại điểm nóng, tăng chi tiêu ăn uống/vận tải/lưu trú/vé ở vùng phụ và giảm chi phí xã hội do kẹt xe/quá tải.","Điểm áp lực; điểm điều phối; điểm hạ tầng; cơ hội kinh tế; doanh thu ăn uống/vé/lưu trú; phản hồi du khách","34.8","54.38","33.56","43","Thấp","mixed_proxy_thieu_du_lieu","61.5"
"Ben Tre","còn dư địa hoặc cần theo dõi","Phân luồng tại tuyến ven biển, đặt biển báo, tăng lực lượng ở nút vào bãi biển/POI","Công an/giao thông","trung bình","Tăng doanh thu mùa thấp điểm và kéo dài thời gian lưu trú nếu kích cầu đúng phân khúc.","Vấn đề -> Hành động -> KPI thay đổi -> Hiệu quả kinh tế: giảm áp lực tại điểm nóng, tăng chi tiêu ăn uống/vận tải/lưu trú/vé ở vùng phụ và giảm chi phí xã hội do kẹt xe/quá tải.","Điểm áp lực; điểm điều phối; điểm hạ tầng; cơ hội kinh tế; doanh thu ăn uống/vé/lưu trú; phản hồi du khách","36.0","48.78","33.56","42","Thấp","mixed_proxy_thieu_du_lieu","61.5"
"Ben Tre","còn dư địa hoặc cần theo dõi","Bán gói liên vùng, chuyển tour sang khung giờ thấp điểm hoặc điểm còn dư địa","Doanh nghiệp du lịch","thấp-trung bình","Tăng doanh thu mùa thấp điểm và kéo dài thời gian lưu trú nếu kích cầu đúng phân khúc.","Vấn đề -> Hành động -> KPI thay đổi -> Hiệu quả kinh tế: giảm áp lực tại điểm nóng, tăng chi tiêu ăn uống/vận tải/lưu trú/vé ở vùng phụ và giảm chi phí xã hội do kẹt xe/quá tải.","Điểm áp lực; điểm điều phối; điểm hạ tầng; cơ hội kinh tế; doanh thu ăn uống/vé/lưu trú; phản hồi du khách","35.1","55.08","33.56","43","Thấp","mixed_proxy_thieu_du_lieu","61.5"
"Ben Tre","còn dư địa hoặc cần theo dõi","Tạo combo lưu trú dài hơn, voucher ăn uống địa phương và điều tiết giá theo trải nghiệm","Khách sạn","thấp-trung bình","Tăng doanh thu mùa thấp điểm và kéo dài thời gian lưu trú nếu kích cầu đúng phân khúc.","Vấn đề -> Hành động -> KPI thay đổi -> Hiệu quả kinh tế: giảm áp lực tại điểm nóng, tăng chi tiêu ăn uống/vận tải/lưu trú/vé ở vùng phụ và giảm chi phí xã hội do kẹt xe/quá tải.","Điểm áp lực; điểm điều phối; điểm hạ tầng; cơ hội kinh tế; doanh thu ăn uống/vé/lưu trú; phản hồi du khách","34.2","56.48","33.56","43","Thấp","mixed_proxy_thieu_du_lieu","61.5"
"Ben Tre","còn dư địa hoặc cần theo dõi","Chia vé theo khung giờ, tăng nhân sự soát vé, đẩy QR/e-ticket","Khu vui chơi","thấp-trung bình","Tăng doanh thu mùa thấp điểm và kéo dài thời gian lưu trú nếu kích cầu đúng phân khúc.","Vấn đề -> Hành động -> KPI thay đổi -> Hiệu quả kinh tế: giảm áp lực tại điểm nóng, tăng chi tiêu ăn uống/vận tải/lưu trú/vé ở vùng phụ và giảm chi phí xã hội do kẹt xe/quá tải.","Điểm áp lực; điểm điều phối; điểm hạ tầng; cơ hội kinh tế; doanh thu ăn uống/vé/lưu trú; phản hồi du khách","34.65","55.78","33.56","43","Thấp","mixed_proxy_thieu_du_lieu","61.5"
"Ben Tre","còn dư địa hoặc cần theo dõi","Tạo voucher giờ thấp điểm, menu combo địa phương và điểm bán vệ tinh","Nhà hàng/OCOP","thấp-trung bình","Tăng doanh thu mùa thấp điểm và kéo dài thời gian lưu trú nếu kích cầu đúng phân khúc.","Vấn đề -> Hành động -> KPI thay đổi -> Hiệu quả kinh tế: giảm áp lực tại điểm nóng, tăng chi tiêu ăn uống/vận tải/lưu trú/vé ở vùng phụ và giảm chi phí xã hội do kẹt xe/quá tải.","Điểm áp lực; điểm điều phối; điểm hạ tầng; cơ hội kinh tế; doanh thu ăn uống/vé/lưu trú; phản hồi du khách","33.6","57.18","33.56","43","Thấp","mixed_proxy_thieu_du_lieu","61.5"
"Ben Tre","còn dư địa hoặc cần theo dõi","Tăng shuttle từ bãi đỗ vệ tinh và tuyến thay thế khi điểm áp lực tăng","Vận tải/shuttle","trung bình","Tăng doanh thu mùa thấp điểm và kéo dài thời gian lưu trú nếu kích cầu đúng phân khúc.","Vấn đề -> Hành động -> KPI thay đổi -> Hiệu quả kinh tế: giảm áp lực tại điểm nóng, tăng chi tiêu ăn uống/vận tải/lưu trú/vé ở vùng phụ và giảm chi phí xã hội do kẹt xe/quá tải.","Điểm áp lực; điểm điều phối; điểm hạ tầng; cơ hội kinh tế; doanh thu ăn uống/vé/lưu trú; phản hồi du khách","35.7","50.88","33.56","43","Thấp","mixed_proxy_thieu_du_lieu","61.5"
"An Giang","còn dư địa hoặc cần theo dõi","Điều chỉnh truyền thông, kích cầu điểm phụ, công bố cảnh báo trên dashboard/app","Chính quyền","cao","Tăng doanh thu mùa thấp điểm và kéo dài thời gian lưu trú nếu kích cầu đúng phân khúc.","Vấn đề -> Hành động -> KPI thay đổi -> Hiệu quả kinh tế: giảm áp lực tại điểm nóng, tăng chi tiêu ăn uống/vận tải/lưu trú/vé ở vùng phụ và giảm chi phí xã hội do kẹt xe/quá tải.","Điểm áp lực; điểm điều phối; điểm hạ tầng; cơ hội kinh tế; doanh thu ăn uống/vé/lưu trú; phản hồi du khách","34.75","54.68","32.63","43","Thấp","mixed_proxy_thieu_du_lieu","61.5"
"An Giang","còn dư địa hoặc cần theo dõi","Phân luồng tại tuyến ven biển, đặt biển báo, tăng lực lượng ở nút vào bãi biển/POI","Công an/giao thông","trung bình","Tăng doanh thu mùa thấp điểm và kéo dài thời gian lưu trú nếu kích cầu đúng phân khúc.","Vấn đề -> Hành động -> KPI thay đổi -> Hiệu quả kinh tế: giảm áp lực tại điểm nóng, tăng chi tiêu ăn uống/vận tải/lưu trú/vé ở vùng phụ và giảm chi phí xã hội do kẹt xe/quá tải.","Điểm áp lực; điểm điều phối; điểm hạ tầng; cơ hội kinh tế; doanh thu ăn uống/vé/lưu trú; phản hồi du khách","35.95","49.08","32.63","42","Thấp","mixed_proxy_thieu_du_lieu","61.5"
"An Giang","còn dư địa hoặc cần theo dõi","Bán gói liên vùng, chuyển tour sang khung giờ thấp điểm hoặc điểm còn dư địa","Doanh nghiệp du lịch","thấp-trung bình","Tăng doanh thu mùa thấp điểm và kéo dài thời gian lưu trú nếu kích cầu đúng phân khúc.","Vấn đề -> Hành động -> KPI thay đổi -> Hiệu quả kinh tế: giảm áp lực tại điểm nóng, tăng chi tiêu ăn uống/vận tải/lưu trú/vé ở vùng phụ và giảm chi phí xã hội do kẹt xe/quá tải.","Điểm áp lực; điểm điều phối; điểm hạ tầng; cơ hội kinh tế; doanh thu ăn uống/vé/lưu trú; phản hồi du khách","35.05","55.38","32.63","43","Thấp","mixed_proxy_thieu_du_lieu","61.5"
"An Giang","còn dư địa hoặc cần theo dõi","Tạo combo lưu trú dài hơn, voucher ăn uống địa phương và điều tiết giá theo trải nghiệm","Khách sạn","thấp-trung bình","Tăng doanh thu mùa thấp điểm và kéo dài thời gian lưu trú nếu kích cầu đúng phân khúc.","Vấn đề -> Hành động -> KPI thay đổi -> Hiệu quả kinh tế: giảm áp lực tại điểm nóng, tăng chi tiêu ăn uống/vận tải/lưu trú/vé ở vùng phụ và giảm chi phí xã hội do kẹt xe/quá tải.","Điểm áp lực; điểm điều phối; điểm hạ tầng; cơ hội kinh tế; doanh thu ăn uống/vé/lưu trú; phản hồi du khách","34.15","56.78","32.63","43","Thấp","mixed_proxy_thieu_du_lieu","61.5"
"An Giang","còn dư địa hoặc cần theo dõi","Chia vé theo khung giờ, tăng nhân sự soát vé, đẩy QR/e-ticket","Khu vui chơi","thấp-trung bình","Tăng doanh thu mùa thấp điểm và kéo dài thời gian lưu trú nếu kích cầu đúng phân khúc.","Vấn đề -> Hành động -> KPI thay đổi -> Hiệu quả kinh tế: giảm áp lực tại điểm nóng, tăng chi tiêu ăn uống/vận tải/lưu trú/vé ở vùng phụ và giảm chi phí xã hội do kẹt xe/quá tải.","Điểm áp lực; điểm điều phối; điểm hạ tầng; cơ hội kinh tế; doanh thu ăn uống/vé/lưu trú; phản hồi du khách","34.6","56.08","32.63","43","Thấp","mixed_proxy_thieu_du_lieu","61.5"
"An Giang","còn dư địa hoặc cần theo dõi","Tạo voucher giờ thấp điểm, menu combo địa phương và điểm bán vệ tinh","Nhà hàng/OCOP","thấp-trung bình","Tăng doanh thu mùa thấp điểm và kéo dài thời gian lưu trú nếu kích cầu đúng phân khúc.","Vấn đề -> Hành động -> KPI thay đổi -> Hiệu quả kinh tế: giảm áp lực tại điểm nóng, tăng chi tiêu ăn uống/vận tải/lưu trú/vé ở vùng phụ và giảm chi phí xã hội do kẹt xe/quá tải.","Điểm áp lực; điểm điều phối; điểm hạ tầng; cơ hội kinh tế; doanh thu ăn uống/vé/lưu trú; phản hồi du khách","33.55","57.48","32.63","43","Thấp","mixed_proxy_thieu_du_lieu","61.5"
"An Giang","còn dư địa hoặc cần theo dõi","Tăng shuttle từ bãi đỗ vệ tinh và tuyến thay thế khi điểm áp lực tăng","Vận tải/shuttle","trung bình","Tăng doanh thu mùa thấp điểm và kéo dài thời gian lưu trú nếu kích cầu đúng phân khúc.","Vấn đề -> Hành động -> KPI thay đổi -> Hiệu quả kinh tế: giảm áp lực tại điểm nóng, tăng chi tiêu ăn uống/vận tải/lưu trú/vé ở vùng phụ và giảm chi phí xã hội do kẹt xe/quá tải.","Điểm áp lực; điểm điều phối; điểm hạ tầng; cơ hội kinh tế; doanh thu ăn uống/vé/lưu trú; phản hồi du khách","35.65","51.18","32.63","42","Thấp","mixed_proxy_thieu_du_lieu","61.5"
"Can Tho","còn dư địa hoặc cần theo dõi","Điều chỉnh truyền thông, kích cầu điểm phụ, công bố cảnh báo trên dashboard/app","Chính quyền","cao","Tăng doanh thu mùa thấp điểm và kéo dài thời gian lưu trú nếu kích cầu đúng phân khúc.","Vấn đề -> Hành động -> KPI thay đổi -> Hiệu quả kinh tế: giảm áp lực tại điểm nóng, tăng chi tiêu ăn uống/vận tải/lưu trú/vé ở vùng phụ và giảm chi phí xã hội do kẹt xe/quá tải.","Điểm áp lực; điểm điều phối; điểm hạ tầng; cơ hội kinh tế; doanh thu ăn uống/vé/lưu trú; phản hồi du khách","35.66","55.31","32.07","43","Thấp","mixed_proxy_thieu_du_lieu","61.5"
"Can Tho","còn dư địa hoặc cần theo dõi","Phân luồng tại tuyến ven biển, đặt biển báo, tăng lực lượng ở nút vào bãi biển/POI","Công an/giao thông","trung bình","Tăng doanh thu mùa thấp điểm và kéo dài thời gian lưu trú nếu kích cầu đúng phân khúc.","Vấn đề -> Hành động -> KPI thay đổi -> Hiệu quả kinh tế: giảm áp lực tại điểm nóng, tăng chi tiêu ăn uống/vận tải/lưu trú/vé ở vùng phụ và giảm chi phí xã hội do kẹt xe/quá tải.","Điểm áp lực; điểm điều phối; điểm hạ tầng; cơ hội kinh tế; doanh thu ăn uống/vé/lưu trú; phản hồi du khách","36.86","49.71","32.07","42","Thấp","mixed_proxy_thieu_du_lieu","61.5"
"Can Tho","còn dư địa hoặc cần theo dõi","Bán gói liên vùng, chuyển tour sang khung giờ thấp điểm hoặc điểm còn dư địa","Doanh nghiệp du lịch","thấp-trung bình","Tăng doanh thu mùa thấp điểm và kéo dài thời gian lưu trú nếu kích cầu đúng phân khúc.","Vấn đề -> Hành động -> KPI thay đổi -> Hiệu quả kinh tế: giảm áp lực tại điểm nóng, tăng chi tiêu ăn uống/vận tải/lưu trú/vé ở vùng phụ và giảm chi phí xã hội do kẹt xe/quá tải.","Điểm áp lực; điểm điều phối; điểm hạ tầng; cơ hội kinh tế; doanh thu ăn uống/vé/lưu trú; phản hồi du khách","35.96","56.01","32.07","43","Thấp","mixed_proxy_thieu_du_lieu","61.5"
"Can Tho","còn dư địa hoặc cần theo dõi","Tạo combo lưu trú dài hơn, voucher ăn uống địa phương và điều tiết giá theo trải nghiệm","Khách sạn","thấp-trung bình","Tăng doanh thu mùa thấp điểm và kéo dài thời gian lưu trú nếu kích cầu đúng phân khúc.","Vấn đề -> Hành động -> KPI thay đổi -> Hiệu quả kinh tế: giảm áp lực tại điểm nóng, tăng chi tiêu ăn uống/vận tải/lưu trú/vé ở vùng phụ và giảm chi phí xã hội do kẹt xe/quá tải.","Điểm áp lực; điểm điều phối; điểm hạ tầng; cơ hội kinh tế; doanh thu ăn uống/vé/lưu trú; phản hồi du khách","35.06","57.41","32.07","43","Thấp","mixed_proxy_thieu_du_lieu","61.5"
"Can Tho","còn dư địa hoặc cần theo dõi","Chia vé theo khung giờ, tăng nhân sự soát vé, đẩy QR/e-ticket","Khu vui chơi","thấp-trung bình","Tăng doanh thu mùa thấp điểm và kéo dài thời gian lưu trú nếu kích cầu đúng phân khúc.","Vấn đề -> Hành động -> KPI thay đổi -> Hiệu quả kinh tế: giảm áp lực tại điểm nóng, tăng chi tiêu ăn uống/vận tải/lưu trú/vé ở vùng phụ và giảm chi phí xã hội do kẹt xe/quá tải.","Điểm áp lực; điểm điều phối; điểm hạ tầng; cơ hội kinh tế; doanh thu ăn uống/vé/lưu trú; phản hồi du khách","35.51","56.71","32.07","43","Thấp","mixed_proxy_thieu_du_lieu","61.5"
"Can Tho","còn dư địa hoặc cần theo dõi","Tạo voucher giờ thấp điểm, menu combo địa phương và điểm bán vệ tinh","Nhà hàng/OCOP","thấp-trung bình","Tăng doanh thu mùa thấp điểm và kéo dài thời gian lưu trú nếu kích cầu đúng phân khúc.","Vấn đề -> Hành động -> KPI thay đổi -> Hiệu quả kinh tế: giảm áp lực tại điểm nóng, tăng chi tiêu ăn uống/vận tải/lưu trú/vé ở vùng phụ và giảm chi phí xã hội do kẹt xe/quá tải.","Điểm áp lực; điểm điều phối; điểm hạ tầng; cơ hội kinh tế; doanh thu ăn uống/vé/lưu trú; phản hồi du khách","34.46","58.11","32.07","43","Thấp","mixed_proxy_thieu_du_lieu","61.5"
"Can Tho","còn dư địa hoặc cần theo dõi","Tăng shuttle từ bãi đỗ vệ tinh và tuyến thay thế khi điểm áp lực tăng","Vận tải/shuttle","trung bình","Tăng doanh thu mùa thấp điểm và kéo dài thời gian lưu trú nếu kích cầu đúng phân khúc.","Vấn đề -> Hành động -> KPI thay đổi -> Hiệu quả kinh tế: giảm áp lực tại điểm nóng, tăng chi tiêu ăn uống/vận tải/lưu trú/vé ở vùng phụ và giảm chi phí xã hội do kẹt xe/quá tải.","Điểm áp lực; điểm điều phối; điểm hạ tầng; cơ hội kinh tế; doanh thu ăn uống/vé/lưu trú; phản hồi du khách","36.56","51.81","32.07","43","Thấp","mixed_proxy_thieu_du_lieu","61.5"
"Nha Trang","còn dư địa hoặc cần theo dõi","Điều chỉnh truyền thông, kích cầu điểm phụ, công bố cảnh báo trên dashboard/app","Chính quyền","thấp-trung bình","Tăng doanh thu mùa thấp điểm và kéo dài thời gian lưu trú nếu kích cầu đúng phân khúc.","Vấn đề -> Hành động -> KPI thay đổi -> Hiệu quả kinh tế: giảm áp lực tại điểm nóng, tăng chi tiêu ăn uống/vận tải/lưu trú/vé ở vùng phụ và giảm chi phí xã hội do kẹt xe/quá tải.","Điểm áp lực; điểm điều phối; điểm hạ tầng; cơ hội kinh tế; doanh thu ăn uống/vé/lưu trú; phản hồi du khách","45.36","62.45","28.72","47","Thấp","mixed_proxy_thieu_du_lieu","61.5"
"Nha Trang","còn dư địa hoặc cần theo dõi","Phân luồng tại tuyến ven biển, đặt biển báo, tăng lực lượng ở nút vào bãi biển/POI","Công an/giao thông","trung bình","Tăng doanh thu mùa thấp điểm và kéo dài thời gian lưu trú nếu kích cầu đúng phân khúc.","Vấn đề -> Hành động -> KPI thay đổi -> Hiệu quả kinh tế: giảm áp lực tại điểm nóng, tăng chi tiêu ăn uống/vận tải/lưu trú/vé ở vùng phụ và giảm chi phí xã hội do kẹt xe/quá tải.","Điểm áp lực; điểm điều phối; điểm hạ tầng; cơ hội kinh tế; doanh thu ăn uống/vé/lưu trú; phản hồi du khách","46.56","56.85","28.72","47","Thấp","mixed_proxy_thieu_du_lieu","61.5"
"Nha Trang","còn dư địa hoặc cần theo dõi","Bán gói liên vùng, chuyển tour sang khung giờ thấp điểm hoặc điểm còn dư địa","Doanh nghiệp du lịch","thấp-trung bình","Tăng doanh thu mùa thấp điểm và kéo dài thời gian lưu trú nếu kích cầu đúng phân khúc.","Vấn đề -> Hành động -> KPI thay đổi -> Hiệu quả kinh tế: giảm áp lực tại điểm nóng, tăng chi tiêu ăn uống/vận tải/lưu trú/vé ở vùng phụ và giảm chi phí xã hội do kẹt xe/quá tải.","Điểm áp lực; điểm điều phối; điểm hạ tầng; cơ hội kinh tế; doanh thu ăn uống/vé/lưu trú; phản hồi du khách","45.66","63.15","28.72","48","Thấp","mixed_proxy_thieu_du_lieu","61.5"
"Nha Trang","còn dư địa hoặc cần theo dõi","Tạo combo lưu trú dài hơn, voucher ăn uống địa phương và điều tiết giá theo trải nghiệm","Khách sạn","thấp-trung bình","Tăng doanh thu mùa thấp điểm và kéo dài thời gian lưu trú nếu kích cầu đúng phân khúc.","Vấn đề -> Hành động -> KPI thay đổi -> Hiệu quả kinh tế: giảm áp lực tại điểm nóng, tăng chi tiêu ăn uống/vận tải/lưu trú/vé ở vùng phụ và giảm chi phí xã hội do kẹt xe/quá tải.","Điểm áp lực; điểm điều phối; điểm hạ tầng; cơ hội kinh tế; doanh thu ăn uống/vé/lưu trú; phản hồi du khách","44.76","64.55","28.72","48","Thấp","mixed_proxy_thieu_du_lieu","61.5"
"Nha Trang","còn dư địa hoặc cần theo dõi","Chia vé theo khung giờ, tăng nhân sự soát vé, đẩy QR/e-ticket","Khu vui chơi","thấp-trung bình","Tăng doanh thu mùa thấp điểm và kéo dài thời gian lưu trú nếu kích cầu đúng phân khúc.","Vấn đề -> Hành động -> KPI thay đổi -> Hiệu quả kinh tế: giảm áp lực tại điểm nóng, tăng chi tiêu ăn uống/vận tải/lưu trú/vé ở vùng phụ và giảm chi phí xã hội do kẹt xe/quá tải.","Điểm áp lực; điểm điều phối; điểm hạ tầng; cơ hội kinh tế; doanh thu ăn uống/vé/lưu trú; phản hồi du khách","45.21","63.85","28.72","48","Thấp","mixed_proxy_thieu_du_lieu","61.5"
"Nha Trang","còn dư địa hoặc cần theo dõi","Tạo voucher giờ thấp điểm, menu combo địa phương và điểm bán vệ tinh","Nhà hàng/OCOP","thấp-trung bình","Tăng doanh thu mùa thấp điểm và kéo dài thời gian lưu trú nếu kích cầu đúng phân khúc.","Vấn đề -> Hành động -> KPI thay đổi -> Hiệu quả kinh tế: giảm áp lực tại điểm nóng, tăng chi tiêu ăn uống/vận tải/lưu trú/vé ở vùng phụ và giảm chi phí xã hội do kẹt xe/quá tải.","Điểm áp lực; điểm điều phối; điểm hạ tầng; cơ hội kinh tế; doanh thu ăn uống/vé/lưu trú; phản hồi du khách","44.16","65.25","28.72","47","Thấp","mixed_proxy_thieu_du_lieu","61.5"
"Nha Trang","còn dư địa hoặc cần theo dõi","Tăng shuttle từ bãi đỗ vệ tinh và tuyến thay thế khi điểm áp lực tăng","Vận tải/shuttle","trung bình","Tăng doanh thu mùa thấp điểm và kéo dài thời gian lưu trú nếu kích cầu đúng phân khúc.","Vấn đề -> Hành động -> KPI thay đổi -> Hiệu quả kinh tế: giảm áp lực tại điểm nóng, tăng chi tiêu ăn uống/vận tải/lưu trú/vé ở vùng phụ và giảm chi phí xã hội do kẹt xe/quá tải.","Điểm áp lực; điểm điều phối; điểm hạ tầng; cơ hội kinh tế; doanh thu ăn uống/vé/lưu trú; phản hồi du khách","46.26","58.95","28.72","47","Thấp","mixed_proxy_thieu_du_lieu","61.5"
"Con Dao","còn dư địa hoặc cần theo dõi","Điều chỉnh truyền thông, kích cầu điểm phụ, công bố cảnh báo trên dashboard/app","Chính quyền","cao","Tăng doanh thu mùa thấp điểm và kéo dài thời gian lưu trú nếu kích cầu đúng phân khúc.","Vấn đề -> Hành động -> KPI thay đổi -> Hiệu quả kinh tế: giảm áp lực tại điểm nóng, tăng chi tiêu ăn uống/vận tải/lưu trú/vé ở vùng phụ và giảm chi phí xã hội do kẹt xe/quá tải.","Điểm áp lực; điểm điều phối; điểm hạ tầng; cơ hội kinh tế; doanh thu ăn uống/vé/lưu trú; phản hồi du khách","35.91","56.12","27.69","42","Thấp","mixed_proxy_thieu_du_lieu","61.5"
"Con Dao","còn dư địa hoặc cần theo dõi","Phân luồng tại tuyến ven biển, đặt biển báo, tăng lực lượng ở nút vào bãi biển/POI","Công an/giao thông","trung bình","Tăng doanh thu mùa thấp điểm và kéo dài thời gian lưu trú nếu kích cầu đúng phân khúc.","Vấn đề -> Hành động -> KPI thay đổi -> Hiệu quả kinh tế: giảm áp lực tại điểm nóng, tăng chi tiêu ăn uống/vận tải/lưu trú/vé ở vùng phụ và giảm chi phí xã hội do kẹt xe/quá tải.","Điểm áp lực; điểm điều phối; điểm hạ tầng; cơ hội kinh tế; doanh thu ăn uống/vé/lưu trú; phản hồi du khách","37.11","50.52","27.69","41","Thấp","mixed_proxy_thieu_du_lieu","61.5"
"Con Dao","còn dư địa hoặc cần theo dõi","Bán gói liên vùng, chuyển tour sang khung giờ thấp điểm hoặc điểm còn dư địa","Doanh nghiệp du lịch","thấp-trung bình","Tăng doanh thu mùa thấp điểm và kéo dài thời gian lưu trú nếu kích cầu đúng phân khúc.","Vấn đề -> Hành động -> KPI thay đổi -> Hiệu quả kinh tế: giảm áp lực tại điểm nóng, tăng chi tiêu ăn uống/vận tải/lưu trú/vé ở vùng phụ và giảm chi phí xã hội do kẹt xe/quá tải.","Điểm áp lực; điểm điều phối; điểm hạ tầng; cơ hội kinh tế; doanh thu ăn uống/vé/lưu trú; phản hồi du khách","36.21","56.82","27.69","42","Thấp","mixed_proxy_thieu_du_lieu","61.5"
"Con Dao","còn dư địa hoặc cần theo dõi","Tạo combo lưu trú dài hơn, voucher ăn uống địa phương và điều tiết giá theo trải nghiệm","Khách sạn","thấp-trung bình","Tăng doanh thu mùa thấp điểm và kéo dài thời gian lưu trú nếu kích cầu đúng phân khúc.","Vấn đề -> Hành động -> KPI thay đổi -> Hiệu quả kinh tế: giảm áp lực tại điểm nóng, tăng chi tiêu ăn uống/vận tải/lưu trú/vé ở vùng phụ và giảm chi phí xã hội do kẹt xe/quá tải.","Điểm áp lực; điểm điều phối; điểm hạ tầng; cơ hội kinh tế; doanh thu ăn uống/vé/lưu trú; phản hồi du khách","35.31","58.22","27.69","42","Thấp","mixed_proxy_thieu_du_lieu","61.5"
"Con Dao","còn dư địa hoặc cần theo dõi","Chia vé theo khung giờ, tăng nhân sự soát vé, đẩy QR/e-ticket","Khu vui chơi","thấp-trung bình","Tăng doanh thu mùa thấp điểm và kéo dài thời gian lưu trú nếu kích cầu đúng phân khúc.","Vấn đề -> Hành động -> KPI thay đổi -> Hiệu quả kinh tế: giảm áp lực tại điểm nóng, tăng chi tiêu ăn uống/vận tải/lưu trú/vé ở vùng phụ và giảm chi phí xã hội do kẹt xe/quá tải.","Điểm áp lực; điểm điều phối; điểm hạ tầng; cơ hội kinh tế; doanh thu ăn uống/vé/lưu trú; phản hồi du khách","35.76","57.52","27.69","42","Thấp","mixed_proxy_thieu_du_lieu","61.5"
"Con Dao","còn dư địa hoặc cần theo dõi","Tạo voucher giờ thấp điểm, menu combo địa phương và điểm bán vệ tinh","Nhà hàng/OCOP","thấp-trung bình","Tăng doanh thu mùa thấp điểm và kéo dài thời gian lưu trú nếu kích cầu đúng phân khúc.","Vấn đề -> Hành động -> KPI thay đổi -> Hiệu quả kinh tế: giảm áp lực tại điểm nóng, tăng chi tiêu ăn uống/vận tải/lưu trú/vé ở vùng phụ và giảm chi phí xã hội do kẹt xe/quá tải.","Điểm áp lực; điểm điều phối; điểm hạ tầng; cơ hội kinh tế; doanh thu ăn uống/vé/lưu trú; phản hồi du khách","34.71","58.92","27.69","42","Thấp","mixed_proxy_thieu_du_lieu","61.5"
"Con Dao","còn dư địa hoặc cần theo dõi","Tăng shuttle từ bãi đỗ vệ tinh và tuyến thay thế khi điểm áp lực tăng","Vận tải/shuttle","trung bình","Tăng doanh thu mùa thấp điểm và kéo dài thời gian lưu trú nếu kích cầu đúng phân khúc.","Vấn đề -> Hành động -> KPI thay đổi -> Hiệu quả kinh tế: giảm áp lực tại điểm nóng, tăng chi tiêu ăn uống/vận tải/lưu trú/vé ở vùng phụ và giảm chi phí xã hội do kẹt xe/quá tải.","Điểm áp lực; điểm điều phối; điểm hạ tầng; cơ hội kinh tế; doanh thu ăn uống/vé/lưu trú; phản hồi du khách","36.81","52.62","27.69","42","Thấp","mixed_proxy_thieu_du_lieu","61.5"
"Sa Pa","còn dư địa hoặc cần theo dõi","Điều chỉnh truyền thông, kích cầu điểm phụ, công bố cảnh báo trên dashboard/app","Chính quyền","cao","Tăng doanh thu mùa thấp điểm và kéo dài thời gian lưu trú nếu kích cầu đúng phân khúc.","Vấn đề -> Hành động -> KPI thay đổi -> Hiệu quả kinh tế: giảm áp lực tại điểm nóng, tăng chi tiêu ăn uống/vận tải/lưu trú/vé ở vùng phụ và giảm chi phí xã hội do kẹt xe/quá tải.","Điểm áp lực; điểm điều phối; điểm hạ tầng; cơ hội kinh tế; doanh thu ăn uống/vé/lưu trú; phản hồi du khách","40.31","59.85","24.69","44","Thấp","mixed_proxy_thieu_du_lieu","61.5"
"Sa Pa","còn dư địa hoặc cần theo dõi","Phân luồng tại tuyến ven biển, đặt biển báo, tăng lực lượng ở nút vào bãi biển/POI","Công an/giao thông","trung bình","Tăng doanh thu mùa thấp điểm và kéo dài thời gian lưu trú nếu kích cầu đúng phân khúc.","Vấn đề -> Hành động -> KPI thay đổi -> Hiệu quả kinh tế: giảm áp lực tại điểm nóng, tăng chi tiêu ăn uống/vận tải/lưu trú/vé ở vùng phụ và giảm chi phí xã hội do kẹt xe/quá tải.","Điểm áp lực; điểm điều phối; điểm hạ tầng; cơ hội kinh tế; doanh thu ăn uống/vé/lưu trú; phản hồi du khách","41.51","54.25","24.69","43","Thấp","mixed_proxy_thieu_du_lieu","61.5"
"Sa Pa","còn dư địa hoặc cần theo dõi","Bán gói liên vùng, chuyển tour sang khung giờ thấp điểm hoặc điểm còn dư địa","Doanh nghiệp du lịch","thấp-trung bình","Tăng doanh thu mùa thấp điểm và kéo dài thời gian lưu trú nếu kích cầu đúng phân khúc.","Vấn đề -> Hành động -> KPI thay đổi -> Hiệu quả kinh tế: giảm áp lực tại điểm nóng, tăng chi tiêu ăn uống/vận tải/lưu trú/vé ở vùng phụ và giảm chi phí xã hội do kẹt xe/quá tải.","Điểm áp lực; điểm điều phối; điểm hạ tầng; cơ hội kinh tế; doanh thu ăn uống/vé/lưu trú; phản hồi du khách","40.61","60.55","24.69","44","Thấp","mixed_proxy_thieu_du_lieu","61.5"
"Sa Pa","còn dư địa hoặc cần theo dõi","Tạo combo lưu trú dài hơn, voucher ăn uống địa phương và điều tiết giá theo trải nghiệm","Khách sạn","thấp-trung bình","Tăng doanh thu mùa thấp điểm và kéo dài thời gian lưu trú nếu kích cầu đúng phân khúc.","Vấn đề -> Hành động -> KPI thay đổi -> Hiệu quả kinh tế: giảm áp lực tại điểm nóng, tăng chi tiêu ăn uống/vận tải/lưu trú/vé ở vùng phụ và giảm chi phí xã hội do kẹt xe/quá tải.","Điểm áp lực; điểm điều phối; điểm hạ tầng; cơ hội kinh tế; doanh thu ăn uống/vé/lưu trú; phản hồi du khách","39.71","61.95","24.69","44","Thấp","mixed_proxy_thieu_du_lieu","61.5"
"Sa Pa","còn dư địa hoặc cần theo dõi","Chia vé theo khung giờ, tăng nhân sự soát vé, đẩy QR/e-ticket","Khu vui chơi","thấp-trung bình","Tăng doanh thu mùa thấp điểm và kéo dài thời gian lưu trú nếu kích cầu đúng phân khúc.","Vấn đề -> Hành động -> KPI thay đổi -> Hiệu quả kinh tế: giảm áp lực tại điểm nóng, tăng chi tiêu ăn uống/vận tải/lưu trú/vé ở vùng phụ và giảm chi phí xã hội do kẹt xe/quá tải.","Điểm áp lực; điểm điều phối; điểm hạ tầng; cơ hội kinh tế; doanh thu ăn uống/vé/lưu trú; phản hồi du khách","40.16","61.25","24.69","44","Thấp","mixed_proxy_thieu_du_lieu","61.5"
"Sa Pa","còn dư địa hoặc cần theo dõi","Tạo voucher giờ thấp điểm, menu combo địa phương và điểm bán vệ tinh","Nhà hàng/OCOP","thấp-trung bình","Tăng doanh thu mùa thấp điểm và kéo dài thời gian lưu trú nếu kích cầu đúng phân khúc.","Vấn đề -> Hành động -> KPI thay đổi -> Hiệu quả kinh tế: giảm áp lực tại điểm nóng, tăng chi tiêu ăn uống/vận tải/lưu trú/vé ở vùng phụ và giảm chi phí xã hội do kẹt xe/quá tải.","Điểm áp lực; điểm điều phối; điểm hạ tầng; cơ hội kinh tế; doanh thu ăn uống/vé/lưu trú; phản hồi du khách","39.11","62.65","24.69","44","Thấp","mixed_proxy_thieu_du_lieu","61.5"
"Sa Pa","còn dư địa hoặc cần theo dõi","Tăng shuttle từ bãi đỗ vệ tinh và tuyến thay thế khi điểm áp lực tăng","Vận tải/shuttle","trung bình","Tăng doanh thu mùa thấp điểm và kéo dài thời gian lưu trú nếu kích cầu đúng phân khúc.","Vấn đề -> Hành động -> KPI thay đổi -> Hiệu quả kinh tế: giảm áp lực tại điểm nóng, tăng chi tiêu ăn uống/vận tải/lưu trú/vé ở vùng phụ và giảm chi phí xã hội do kẹt xe/quá tải.","Điểm áp lực; điểm điều phối; điểm hạ tầng; cơ hội kinh tế; doanh thu ăn uống/vé/lưu trú; phản hồi du khách","41.21","56.35","24.69","43","Thấp","mixed_proxy_thieu_du_lieu","61.5"
"Ho Chi Minh City","còn dư địa hoặc cần theo dõi","Điều chỉnh truyền thông, kích cầu điểm phụ, công bố cảnh báo trên dashboard/app","Chính quyền","cao","Tăng doanh thu mùa thấp điểm và kéo dài thời gian lưu trú nếu kích cầu đúng phân khúc.","Vấn đề -> Hành động -> KPI thay đổi -> Hiệu quả kinh tế: giảm áp lực tại điểm nóng, tăng chi tiêu ăn uống/vận tải/lưu trú/vé ở vùng phụ và giảm chi phí xã hội do kẹt xe/quá tải.","Điểm áp lực; điểm điều phối; điểm hạ tầng; cơ hội kinh tế; doanh thu ăn uống/vé/lưu trú; phản hồi du khách","34.01","57.68","16.48","38","Thấp","mixed_proxy_thieu_du_lieu","61.5"
"Ho Chi Minh City","còn dư địa hoặc cần theo dõi","Phân luồng tại tuyến ven biển, đặt biển báo, tăng lực lượng ở nút vào bãi biển/POI","Công an/giao thông","trung bình","Tăng doanh thu mùa thấp điểm và kéo dài thời gian lưu trú nếu kích cầu đúng phân khúc.","Vấn đề -> Hành động -> KPI thay đổi -> Hiệu quả kinh tế: giảm áp lực tại điểm nóng, tăng chi tiêu ăn uống/vận tải/lưu trú/vé ở vùng phụ và giảm chi phí xã hội do kẹt xe/quá tải.","Điểm áp lực; điểm điều phối; điểm hạ tầng; cơ hội kinh tế; doanh thu ăn uống/vé/lưu trú; phản hồi du khách","35.21","52.08","16.48","38","Thấp","mixed_proxy_thieu_du_lieu","61.5"
"Ho Chi Minh City","còn dư địa hoặc cần theo dõi","Bán gói liên vùng, chuyển tour sang khung giờ thấp điểm hoặc điểm còn dư địa","Doanh nghiệp du lịch","thấp-trung bình","Tăng doanh thu mùa thấp điểm và kéo dài thời gian lưu trú nếu kích cầu đúng phân khúc.","Vấn đề -> Hành động -> KPI thay đổi -> Hiệu quả kinh tế: giảm áp lực tại điểm nóng, tăng chi tiêu ăn uống/vận tải/lưu trú/vé ở vùng phụ và giảm chi phí xã hội do kẹt xe/quá tải.","Điểm áp lực; điểm điều phối; điểm hạ tầng; cơ hội kinh tế; doanh thu ăn uống/vé/lưu trú; phản hồi du khách","34.31","58.38","16.48","38","Thấp","mixed_proxy_thieu_du_lieu","61.5"
"Ho Chi Minh City","còn dư địa hoặc cần theo dõi","Tạo combo lưu trú dài hơn, voucher ăn uống địa phương và điều tiết giá theo trải nghiệm","Khách sạn","thấp-trung bình","Tăng doanh thu mùa thấp điểm và kéo dài thời gian lưu trú nếu kích cầu đúng phân khúc.","Vấn đề -> Hành động -> KPI thay đổi -> Hiệu quả kinh tế: giảm áp lực tại điểm nóng, tăng chi tiêu ăn uống/vận tải/lưu trú/vé ở vùng phụ và giảm chi phí xã hội do kẹt xe/quá tải.","Điểm áp lực; điểm điều phối; điểm hạ tầng; cơ hội kinh tế; doanh thu ăn uống/vé/lưu trú; phản hồi du khách","33.41","59.78","16.48","38","Thấp","mixed_proxy_thieu_du_lieu","61.5"
"Ho Chi Minh City","còn dư địa hoặc cần theo dõi","Chia vé theo khung giờ, tăng nhân sự soát vé, đẩy QR/e-ticket","Khu vui chơi","thấp-trung bình","Tăng doanh thu mùa thấp điểm và kéo dài thời gian lưu trú nếu kích cầu đúng phân khúc.","Vấn đề -> Hành động -> KPI thay đổi -> Hiệu quả kinh tế: giảm áp lực tại điểm nóng, tăng chi tiêu ăn uống/vận tải/lưu trú/vé ở vùng phụ và giảm chi phí xã hội do kẹt xe/quá tải.","Điểm áp lực; điểm điều phối; điểm hạ tầng; cơ hội kinh tế; doanh thu ăn uống/vé/lưu trú; phản hồi du khách","33.86","59.08","16.48","38","Thấp","mixed_proxy_thieu_du_lieu","61.5"
"Ho Chi Minh City","còn dư địa hoặc cần theo dõi","Tạo voucher giờ thấp điểm, menu combo địa phương và điểm bán vệ tinh","Nhà hàng/OCOP","thấp-trung bình","Tăng doanh thu mùa thấp điểm và kéo dài thời gian lưu trú nếu kích cầu đúng phân khúc.","Vấn đề -> Hành động -> KPI thay đổi -> Hiệu quả kinh tế: giảm áp lực tại điểm nóng, tăng chi tiêu ăn uống/vận tải/lưu trú/vé ở vùng phụ và giảm chi phí xã hội do kẹt xe/quá tải.","Điểm áp lực; điểm điều phối; điểm hạ tầng; cơ hội kinh tế; doanh thu ăn uống/vé/lưu trú; phản hồi du khách","32.81","60.48","16.48","38","Thấp","mixed_proxy_thieu_du_lieu","61.5"
"Ho Chi Minh City","còn dư địa hoặc cần theo dõi","Tăng shuttle từ bãi đỗ vệ tinh và tuyến thay thế khi điểm áp lực tăng","Vận tải/shuttle","trung bình","Tăng doanh thu mùa thấp điểm và kéo dài thời gian lưu trú nếu kích cầu đúng phân khúc.","Vấn đề -> Hành động -> KPI thay đổi -> Hiệu quả kinh tế: giảm áp lực tại điểm nóng, tăng chi tiêu ăn uống/vận tải/lưu trú/vé ở vùng phụ và giảm chi phí xã hội do kẹt xe/quá tải.","Điểm áp lực; điểm điều phối; điểm hạ tầng; cơ hội kinh tế; doanh thu ăn uống/vé/lưu trú; phản hồi du khách","34.91","54.18","16.48","38","Thấp","mixed_proxy_thieu_du_lieu","61.5"
"Da Lat","còn dư địa hoặc cần theo dõi","Điều chỉnh truyền thông, kích cầu điểm phụ, công bố cảnh báo trên dashboard/app","Chính quyền","thấp-trung bình","Tăng doanh thu mùa thấp điểm và kéo dài thời gian lưu trú nếu kích cầu đúng phân khúc.","Vấn đề -> Hành động -> KPI thay đổi -> Hiệu quả kinh tế: giảm áp lực tại điểm nóng, tăng chi tiêu ăn uống/vận tải/lưu trú/vé ở vùng phụ và giảm chi phí xã hội do kẹt xe/quá tải.","Điểm áp lực; điểm điều phối; điểm hạ tầng; cơ hội kinh tế; doanh thu ăn uống/vé/lưu trú; phản hồi du khách","46.88","64.54","16.38","45","Thấp","mixed_proxy_thieu_du_lieu","61.5"
"Da Lat","còn dư địa hoặc cần theo dõi","Phân luồng tại tuyến ven biển, đặt biển báo, tăng lực lượng ở nút vào bãi biển/POI","Công an/giao thông","trung bình","Tăng doanh thu mùa thấp điểm và kéo dài thời gian lưu trú nếu kích cầu đúng phân khúc.","Vấn đề -> Hành động -> KPI thay đổi -> Hiệu quả kinh tế: giảm áp lực tại điểm nóng, tăng chi tiêu ăn uống/vận tải/lưu trú/vé ở vùng phụ và giảm chi phí xã hội do kẹt xe/quá tải.","Điểm áp lực; điểm điều phối; điểm hạ tầng; cơ hội kinh tế; doanh thu ăn uống/vé/lưu trú; phản hồi du khách","48.08","58.94","16.38","44","Thấp","mixed_proxy_thieu_du_lieu","61.5"
"Da Lat","còn dư địa hoặc cần theo dõi","Bán gói liên vùng, chuyển tour sang khung giờ thấp điểm hoặc điểm còn dư địa","Doanh nghiệp du lịch","thấp-trung bình","Tăng doanh thu mùa thấp điểm và kéo dài thời gian lưu trú nếu kích cầu đúng phân khúc.","Vấn đề -> Hành động -> KPI thay đổi -> Hiệu quả kinh tế: giảm áp lực tại điểm nóng, tăng chi tiêu ăn uống/vận tải/lưu trú/vé ở vùng phụ và giảm chi phí xã hội do kẹt xe/quá tải.","Điểm áp lực; điểm điều phối; điểm hạ tầng; cơ hội kinh tế; doanh thu ăn uống/vé/lưu trú; phản hồi du khách","47.18","65.24","16.38","45","Thấp","mixed_proxy_thieu_du_lieu","61.5"
"Da Lat","còn dư địa hoặc cần theo dõi","Tạo combo lưu trú dài hơn, voucher ăn uống địa phương và điều tiết giá theo trải nghiệm","Khách sạn","thấp-trung bình","Tăng doanh thu mùa thấp điểm và kéo dài thời gian lưu trú nếu kích cầu đúng phân khúc.","Vấn đề -> Hành động -> KPI thay đổi -> Hiệu quả kinh tế: giảm áp lực tại điểm nóng, tăng chi tiêu ăn uống/vận tải/lưu trú/vé ở vùng phụ và giảm chi phí xã hội do kẹt xe/quá tải.","Điểm áp lực; điểm điều phối; điểm hạ tầng; cơ hội kinh tế; doanh thu ăn uống/vé/lưu trú; phản hồi du khách","46.28","66.64","16.38","45","Thấp","mixed_proxy_thieu_du_lieu","61.5"
"Da Lat","còn dư địa hoặc cần theo dõi","Chia vé theo khung giờ, tăng nhân sự soát vé, đẩy QR/e-ticket","Khu vui chơi","thấp-trung bình","Tăng doanh thu mùa thấp điểm và kéo dài thời gian lưu trú nếu kích cầu đúng phân khúc.","Vấn đề -> Hành động -> KPI thay đổi -> Hiệu quả kinh tế: giảm áp lực tại điểm nóng, tăng chi tiêu ăn uống/vận tải/lưu trú/vé ở vùng phụ và giảm chi phí xã hội do kẹt xe/quá tải.","Điểm áp lực; điểm điều phối; điểm hạ tầng; cơ hội kinh tế; doanh thu ăn uống/vé/lưu trú; phản hồi du khách","46.73","65.94","16.38","45","Thấp","mixed_proxy_thieu_du_lieu","61.5"
"Da Lat","còn dư địa hoặc cần theo dõi","Tạo voucher giờ thấp điểm, menu combo địa phương và điểm bán vệ tinh","Nhà hàng/OCOP","thấp-trung bình","Tăng doanh thu mùa thấp điểm và kéo dài thời gian lưu trú nếu kích cầu đúng phân khúc.","Vấn đề -> Hành động -> KPI thay đổi -> Hiệu quả kinh tế: giảm áp lực tại điểm nóng, tăng chi tiêu ăn uống/vận tải/lưu trú/vé ở vùng phụ và giảm chi phí xã hội do kẹt xe/quá tải.","Điểm áp lực; điểm điều phối; điểm hạ tầng; cơ hội kinh tế; doanh thu ăn uống/vé/lưu trú; phản hồi du khách","45.68","67.34","16.38","45","Thấp","mixed_proxy_thieu_du_lieu","61.5"
"Da Lat","còn dư địa hoặc cần theo dõi","Tăng shuttle từ bãi đỗ vệ tinh và tuyến thay thế khi điểm áp lực tăng","Vận tải/shuttle","trung bình","Tăng doanh thu mùa thấp điểm và kéo dài thời gian lưu trú nếu kích cầu đúng phân khúc.","Vấn đề -> Hành động -> KPI thay đổi -> Hiệu quả kinh tế: giảm áp lực tại điểm nóng, tăng chi tiêu ăn uống/vận tải/lưu trú/vé ở vùng phụ và giảm chi phí xã hội do kẹt xe/quá tải.","Điểm áp lực; điểm điều phối; điểm hạ tầng; cơ hội kinh tế; doanh thu ăn uống/vé/lưu trú; phản hồi du khách","47.78","61.04","16.38","44","Thấp","mixed_proxy_thieu_du_lieu","61.5"
