province,province_code,district_code,month,temperature_2m_avg,relative_humidity_2m_avg,precipitation_sum,rain_sum,wind_speed_10m_avg,observations,source,source_url,crawl_time,license_note
An Giang,89,,2021-05,28.32244623655914,81.70167414247312,160.4,160.4,7.9045563579032265,744,open_meteo,D:\MONEY VERSE\datasets\weather\weather_all_vietnam.csv,2026-05-18T15:57:27.004962+00:00,Open-Meteo public API data; attribution required.
An Giang,89,,2021-06,28.01,82.37439614583333,122.4,122.4,11.531224158472222,720,open_meteo,D:\MONEY VERSE\datasets\weather\weather_all_vietnam.csv,2026-05-18T15:57:27.004962+00:00,Open-Meteo public API data; attribution required.
An Giang,89,,2021-07,27.564986559139783,83.10199796505377,260.1,260.1,11.777514287728495,744,open_meteo,D:\MONEY VERSE\datasets\weather\weather_all_vietnam.csv,2026-05-18T15:57:27.004962+00:00,Open-Meteo public API data; attribution required.
An Giang,89,,2021-08,27.40073924731183,83.54975286290322,312.5,312.5,10.56773272876344,744,open_meteo,D:\MONEY VERSE\datasets\weather\weather_all_vietnam.csv,2026-05-18T15:57:27.004962+00:00,Open-Meteo public API data; attribution required.
An Giang,89,,2021-09,26.770277777777775,86.47895889444445,328.6,328.6,8.827348983138888,720,open_meteo,D:\MONEY VERSE\datasets\weather\weather_all_vietnam.csv,2026-05-18T15:57:27.004962+00:00,Open-Meteo public API data; attribution required.
An Giang,89,,2021-10,26.78864247311828,85.71446664919355,363.9,363.9,8.303502739260752,744,open_meteo,D:\MONEY VERSE\datasets\weather\weather_all_vietnam.csv,2026-05-18T15:57:27.004962+00:00,Open-Meteo public API data; attribution required.
An Giang,89,,2021-11,26.174583333333334,85.75968786805555,333.4,333.4,8.189612493986111,720,open_meteo,D:\MONEY VERSE\datasets\weather\weather_all_vietnam.csv,2026-05-18T15:57:27.004962+00:00,Open-Meteo public API data; attribution required.
An Giang,89,,2021-12,25.771505376344088,74.30919293951612,82.4,82.4,9.40239550935484,744,open_meteo,D:\MONEY VERSE\datasets\weather\weather_all_vietnam.csv,2026-05-18T15:57:27.004962+00:00,Open-Meteo public API data; attribution required.
An Giang,89,,2022-01,26.803629032258065,71.81741331854838,31.8,31.8,6.933407874758064,744,open_meteo,D:\MONEY VERSE\datasets\weather\weather_all_vietnam.csv,2026-05-18T15:57:27.004962+00:00,Open-Meteo public API data; attribution required.
An Giang,89,,2022-02,27.93854166666667,67.88618260565477,34.4,34.4,9.56108598467262,672,open_meteo,D:\MONEY VERSE\datasets\weather\weather_all_vietnam.csv,2026-05-18T15:57:27.004962+00:00,Open-Meteo public API data; attribution required.
An Giang,89,,2022-03,28.220900537634407,73.05491742741935,116.5,116.5,7.4758795861290315,744,open_meteo,D:\MONEY VERSE\datasets\weather\weather_all_vietnam.csv,2026-05-18T15:57:27.004962+00:00,Open-Meteo public API data; attribution required.
An Giang,89,,2022-04,27.217708333333334,81.99670403194445,228.7,228.7,7.213109117,720,open_meteo,D:\MONEY VERSE\datasets\weather\weather_all_vietnam.csv,2026-05-18T15:57:27.004962+00:00,Open-Meteo public API data; attribution required.
An Giang,89,,2022-05,27.16962365591398,86.06878605107526,318.2,318.2,8.671190152392473,744,open_meteo,D:\MONEY VERSE\datasets\weather\weather_all_vietnam.csv,2026-05-18T15:57:27.004962+00:00,Open-Meteo public API data; attribution required.
An Giang,89,,2022-06,27.325,85.25111927361111,230.4,230.4,7.598894754861111,720,open_meteo,D:\MONEY VERSE\datasets\weather\weather_all_vietnam.csv,2026-05-18T15:57:27.004962+00:00,Open-Meteo public API data; attribution required.
An Giang,89,,2022-07,26.950739247311827,85.15924302553763,325.4,325.4,10.094375646169356,744,open_meteo,D:\MONEY VERSE\datasets\weather\weather_all_vietnam.csv,2026-05-18T15:57:27.004962+00:00,Open-Meteo public API data; attribution required.
An Giang,89,,2022-08,26.992002688172043,83.93540814247311,270.5,270.5,9.644171140591398,744,open_meteo,D:\MONEY VERSE\datasets\weather\weather_all_vietnam.csv,2026-05-18T15:57:27.004962+00:00,Open-Meteo public API data; attribution required.
An Giang,89,,2022-09,26.646597222222223,85.23593365138889,310.2,310.2,9.800721193333334,720,open_meteo,D:\MONEY VERSE\datasets\weather\weather_all_vietnam.csv,2026-05-18T15:57:27.004962+00:00,Open-Meteo public API data; attribution required.
An Giang,89,,2022-10,26.22614247311828,84.97899852150537,358.2,358.2,7.060637164758065,744,open_meteo,D:\MONEY VERSE\datasets\weather\weather_all_vietnam.csv,2026-05-18T15:57:27.004962+00:00,Open-Meteo public API data; attribution required.
An Giang,89,,2022-11,26.184513888888887,85.76706683472221,225.4,225.4,7.064851049027777,720,open_meteo,D:\MONEY VERSE\datasets\weather\weather_all_vietnam.csv,2026-05-18T15:57:27.004962+00:00,Open-Meteo public API data; attribution required.
An Giang,89,,2022-12,25.839919354838713,71.60290510215053,43.9,43.9,9.691884585,744,open_meteo,D:\MONEY VERSE\datasets\weather\weather_all_vietnam.csv,2026-05-18T15:57:27.004962+00:00,Open-Meteo public API data; attribution required.
An Giang,89,,2023-01,25.247244623655916,74.41051422849462,111.89999999999999,111.89999999999999,10.103120021505376,744,open_meteo,D:\MONEY VERSE\datasets\weather\weather_all_vietnam.csv,2026-05-18T15:57:27.004962+00:00,Open-Meteo public API data; attribution required.
An Giang,89,,2023-02,27.218601190476193,68.18036788988096,17.0,17.0,8.640350622574406,672,open_meteo,D:\MONEY VERSE\datasets\weather\weather_all_vietnam.csv,2026-05-18T15:57:27.004962+00:00,Open-Meteo public API data; attribution required.
An Giang,89,,2023-03,28.232728494623657,63.66527898655914,2.3000000000000003,2.3000000000000003,8.620478762096774,744,open_meteo,D:\MONEY VERSE\datasets\weather\weather_all_vietnam.csv,2026-05-18T15:57:27.004962+00:00,Open-Meteo public API data; attribution required.
An Giang,89,,2023-04,29.283680555555556,72.25136863888889,92.10000000000001,92.10000000000001,8.033772923569444,720,open_meteo,D:\MONEY VERSE\datasets\weather\weather_all_vietnam.csv,2026-05-18T15:57:27.004962+00:00,Open-Meteo public API data; attribution required.
An Giang,89,,2023-05,28.778225806451612,79.39175429569892,219.8,219.8,9.04678155108871,744,open_meteo,D:\MONEY VERSE\datasets\weather\weather_all_vietnam.csv,2026-05-18T15:57:27.004962+00:00,Open-Meteo public API data; attribution required.
An Giang,89,,2023-06,27.723680555555553,84.02242774722222,246.4,246.4,9.54650259111111,720,open_meteo,D:\MONEY VERSE\datasets\weather\weather_all_vietnam.csv,2026-05-18T15:57:27.004962+00:00,Open-Meteo public API data; attribution required.
An Giang,89,,2023-07,27.26189516129032,84.7598912876344,314.6,314.6,12.077856184112903,744,open_meteo,D:\MONEY VERSE\datasets\weather\weather_all_vietnam.csv,2026-05-18T15:57:27.004962+00:00,Open-Meteo public API data; attribution required.
An Giang,89,,2023-08,28.113172043010753,80.2484530188172,193.6,193.6,13.278710958575267,744,open_meteo,D:\MONEY VERSE\datasets\weather\weather_all_vietnam.csv,2026-05-18T15:57:27.004962+00:00,Open-Meteo public API data; attribution required.
An Giang,89,,2023-09,26.903125,86.17001145277777,385.3,385.3,10.132511918152778,720,open_meteo,D:\MONEY VERSE\datasets\weather\weather_all_vietnam.csv,2026-05-18T15:57:27.004962+00:00,Open-Meteo public API data; attribution required.
An Giang,89,,2023-10,26.858064516129033,87.49685913844087,396.6,396.6,5.989412383561827,744,open_meteo,D:\MONEY VERSE\datasets\weather\weather_all_vietnam.csv,2026-05-18T15:57:27.004962+00:00,Open-Meteo public API data; attribution required.
An Giang,89,,2023-11,26.670277777777777,82.07535227083333,184.7,184.7,8.233744064125,720,open_meteo,D:\MONEY VERSE\datasets\weather\weather_all_vietnam.csv,2026-05-18T15:57:27.004962+00:00,Open-Meteo public API data; attribution required.
An Giang,89,,2023-12,27.038306451612904,76.1547752889785,44.0,44.0,8.908352506532257,744,open_meteo,D:\MONEY VERSE\datasets\weather\weather_all_vietnam.csv,2026-05-18T15:57:27.004962+00:00,Open-Meteo public API data; attribution required.
An Giang,89,,2024-01,26.978091397849465,73.66394589112903,8.9,8.9,7.170221740954301,744,open_meteo,D:\MONEY VERSE\datasets\weather\weather_all_vietnam.csv,2026-05-18T15:57:27.004962+00:00,Open-Meteo public API data; attribution required.
An Giang,89,,2024-02,28.08340517241379,67.94653198563219,3.3000000000000003,3.3000000000000003,9.016534639367817,696,open_meteo,D:\MONEY VERSE\datasets\weather\weather_all_vietnam.csv,2026-05-18T15:57:27.004962+00:00,Open-Meteo public API data; attribution required.
An Giang,89,,2024-03,29.48145161290323,64.98292970833333,8.4,8.4,9.476871473346774,744,open_meteo,D:\MONEY VERSE\datasets\weather\weather_all_vietnam.csv,2026-05-18T15:57:27.004962+00:00,Open-Meteo public API data; attribution required.
An Giang,89,,2024-04,31.22215277777778,63.09214139166667,6.5,6.5,8.916022545,720,open_meteo,D:\MONEY VERSE\datasets\weather\weather_all_vietnam.csv,2026-05-18T15:57:27.004962+00:00,Open-Meteo public API data; attribution required.
An Giang,89,,2024-05,28.95806451612903,82.32371678763441,284.0,284.0,6.745033472446237,744,open_meteo,D:\MONEY VERSE\datasets\weather\weather_all_vietnam.csv,2026-05-18T15:57:27.004962+00:00,Open-Meteo public API data; attribution required.
An Giang,89,,2024-06,27.902152777777776,84.18172279305556,276.7,276.7,8.694719326763888,720,open_meteo,D:\MONEY VERSE\datasets\weather\weather_all_vietnam.csv,2026-05-18T15:57:27.004962+00:00,Open-Meteo public API data; attribution required.
An Giang,89,,2024-07,27.117540322580645,85.66131910349462,279.5,279.5,11.242351813508064,744,open_meteo,D:\MONEY VERSE\datasets\weather\weather_all_vietnam.csv,2026-05-18T15:57:27.004962+00:00,Open-Meteo public API data; attribution required.
An Giang,89,,2024-08,27.789314516129032,82.77431929435484,239.2,239.2,9.064987909408602,744,open_meteo,D:\MONEY VERSE\datasets\weather\weather_all_vietnam.csv,2026-05-18T15:57:27.004962+00:00,Open-Meteo public API data; attribution required.
An Giang,89,,2024-09,27.28611111111111,84.73106264583333,308.3,308.3,11.875847411666667,720,open_meteo,D:\MONEY VERSE\datasets\weather\weather_all_vietnam.csv,2026-05-18T15:57:27.004962+00:00,Open-Meteo public API data; attribution required.
An Giang,89,,2024-10,26.68400537634409,87.27748845967743,458.2,458.2,6.278474108803763,744,open_meteo,D:\MONEY VERSE\datasets\weather\weather_all_vietnam.csv,2026-05-18T15:57:27.004962+00:00,Open-Meteo public API data; attribution required.
An Giang,89,,2024-11,27.190833333333334,80.2657986611111,141.3,141.3,7.4694007901249995,720,open_meteo,D:\MONEY VERSE\datasets\weather\weather_all_vietnam.csv,2026-05-18T15:57:27.004962+00:00,Open-Meteo public API data; attribution required.
An Giang,89,,2024-12,25.99516129032258,78.35408284946236,114.0,114.0,10.054023715389786,744,open_meteo,D:\MONEY VERSE\datasets\weather\weather_all_vietnam.csv,2026-05-18T15:57:27.004962+00:00,Open-Meteo public API data; attribution required.
An Giang,89,,2025-01,24.677956989247313,77.07381917473118,10.6,10.6,7.87822458514785,744,open_meteo,D:\MONEY VERSE\datasets\weather\weather_all_vietnam.csv,2026-05-18T15:57:27.004962+00:00,Open-Meteo public API data; attribution required.
An Giang,89,,2025-02,25.694419642857145,81.67716430059524,84.9,84.9,6.502511296800595,672,open_meteo,D:\MONEY VERSE\datasets\weather\weather_all_vietnam.csv,2026-05-18T15:57:27.004962+00:00,Open-Meteo public API data; attribution required.
An Giang,89,,2025-03,27.642809139784948,75.01459281451613,20.4,20.4,7.456437083481183,744,open_meteo,D:\MONEY VERSE\datasets\weather\weather_all_vietnam.csv,2026-05-18T15:57:27.004962+00:00,Open-Meteo public API data; attribution required.
An Giang,89,,2025-04,28.136944444444442,78.26020096805556,143.0,143.0,6.844356018777777,720,open_meteo,D:\MONEY VERSE\datasets\weather\weather_all_vietnam.csv,2026-05-18T15:57:27.004962+00:00,Open-Meteo public API data; attribution required.
An Giang,89,,2025-05,27.323790322580646,88.07972632258064,353.0,353.0,6.222617689717741,744,open_meteo,D:\MONEY VERSE\datasets\weather\weather_all_vietnam.csv,2026-05-18T15:57:27.004962+00:00,Open-Meteo public API data; attribution required.
An Giang,89,,2025-06,27.085416666666667,87.92670005138889,266.4,266.4,9.961166408125,720,open_meteo,D:\MONEY VERSE\datasets\weather\weather_all_vietnam.csv,2026-05-18T15:57:27.004962+00:00,Open-Meteo public API data; attribution required.
An Giang,89,,2025-07,27.808266129032255,82.31470427016129,173.4,173.4,13.26913558077957,744,open_meteo,D:\MONEY VERSE\datasets\weather\weather_all_vietnam.csv,2026-05-18T15:57:27.004962+00:00,Open-Meteo public API data; attribution required.
An Giang,89,,2025-08,27.905040322580643,79.6500526155914,234.0,234.0,12.119520584516128,744,open_meteo,D:\MONEY VERSE\datasets\weather\weather_all_vietnam.csv,2026-05-18T15:57:27.004962+00:00,Open-Meteo public API data; attribution required.
An Giang,89,,2025-09,27.32451388888889,82.74943119722222,360.3,360.3,10.15365496711111,720,open_meteo,D:\MONEY VERSE\datasets\weather\weather_all_vietnam.csv,2026-05-18T15:57:27.004962+00:00,Open-Meteo public API data; attribution required.
An Giang,89,,2025-10,26.89556451612903,85.63848038172043,412.0,412.0,6.516870970524193,744,open_meteo,D:\MONEY VERSE\datasets\weather\weather_all_vietnam.csv,2026-05-18T15:57:27.004962+00:00,Open-Meteo public API data; attribution required.
An Giang,89,,2025-11,26.12472222222222,80.61626849444444,219.5,219.5,9.40937115488889,720,open_meteo,D:\MONEY VERSE\datasets\weather\weather_all_vietnam.csv,2026-05-18T15:57:27.004962+00:00,Open-Meteo public API data; attribution required.
An Giang,89,,2025-12,26.2565188172043,77.5742392594086,56.300000000000004,56.300000000000004,7.611745082392473,744,open_meteo,D:\MONEY VERSE\datasets\weather\weather_all_vietnam.csv,2026-05-18T15:57:27.004962+00:00,Open-Meteo public API data; attribution required.
An Giang,89,,2026-01,24.769556451612903,74.85731846639786,2.4,2.4,6.996907811908603,744,open_meteo,D:\MONEY VERSE\datasets\weather\weather_all_vietnam.csv,2026-05-18T15:57:27.004962+00:00,Open-Meteo public API data; attribution required.
An Giang,89,,2026-02,26.35,77.30564895535714,46.7,46.7,6.738699251279762,672,open_meteo,D:\MONEY VERSE\datasets\weather\weather_all_vietnam.csv,2026-05-18T15:57:27.004962+00:00,Open-Meteo public API data; attribution required.
An Giang,89,,2026-03,26.946841397849465,76.87437413172043,71.5,71.5,7.506104881317204,744,open_meteo,D:\MONEY VERSE\datasets\weather\weather_all_vietnam.csv,2026-05-18T15:57:27.004962+00:00,Open-Meteo public API data; attribution required.
An Giang,89,,2026-04,29.539305555555554,66.42943423194446,7.5,7.5,7.889652002208334,720,open_meteo,D:\MONEY VERSE\datasets\weather\weather_all_vietnam.csv,2026-05-18T15:57:27.004962+00:00,Open-Meteo public API data; attribution required.
An Giang,89,,2026-05,29.2162037037037,76.40780214583334,88.6,87.80000003399999,7.5978229493287035,432,open_meteo,D:\MONEY VERSE\datasets\weather\weather_all_vietnam.csv,2026-05-18T15:57:27.004962+00:00,Open-Meteo public API data; attribution required.
Ba Ria - Vung Tau,77,,2021-05,27.630443548387095,83.64743123387098,280.0,280.0,8.813483561827958,744,open_meteo,D:\MONEY VERSE\datasets\weather\weather_all_vietnam.csv,2026-05-18T15:57:27.004962+00:00,Open-Meteo public API data; attribution required.
Ba Ria - Vung Tau,77,,2021-06,27.090625,87.37853134305556,233.70000000000002,233.70000000000002,8.356437069027779,720,open_meteo,D:\MONEY VERSE\datasets\weather\weather_all_vietnam.csv,2026-05-18T15:57:27.004962+00:00,Open-Meteo public API data; attribution required.
Ba Ria - Vung Tau,77,,2021-07,26.522916666666667,88.89168343682796,404.5,404.5,9.472548045268818,744,open_meteo,D:\MONEY VERSE\datasets\weather\weather_all_vietnam.csv,2026-05-18T15:57:27.004962+00:00,Open-Meteo public API data; attribution required.
Ba Ria - Vung Tau,77,,2021-08,26.497311827956988,88.52073827284947,329.6,329.6,7.71316876672043,744,open_meteo,D:\MONEY VERSE\datasets\weather\weather_all_vietnam.csv,2026-05-18T15:57:27.004962+00:00,Open-Meteo public API data; attribution required.
Ba Ria - Vung Tau,77,,2021-09,25.794791666666665,91.39459596527779,502.8,502.8,7.107657938986111,720,open_meteo,D:\MONEY VERSE\datasets\weather\weather_all_vietnam.csv,2026-05-18T15:57:27.004962+00:00,Open-Meteo public API data; attribution required.
Ba Ria - Vung Tau,77,,2021-10,25.620698924731183,90.94683369086022,455.3,455.3,7.920375077876344,744,open_meteo,D:\MONEY VERSE\datasets\weather\weather_all_vietnam.csv,2026-05-18T15:57:27.004962+00:00,Open-Meteo public API data; attribution required.
Ba Ria - Vung Tau,77,,2021-11,25.71,88.23995232916667,229.3,229.3,8.802956300902776,720,open_meteo,D:\MONEY VERSE\datasets\weather\weather_all_vietnam.csv,2026-05-18T15:57:27.004962+00:00,Open-Meteo public API data; attribution required.
Ba Ria - Vung Tau,77,,2021-12,25.03212365591398,80.1905388561828,27.599999999999998,27.599999999999998,7.161981094206989,744,open_meteo,D:\MONEY VERSE\datasets\weather\weather_all_vietnam.csv,2026-05-18T15:57:27.004962+00:00,Open-Meteo public API data; attribution required.
Ba Ria - Vung Tau,77,,2022-01,25.568413978494625,74.11033423387096,16.8,16.8,9.575884260188172,744,open_meteo,D:\MONEY VERSE\datasets\weather\weather_all_vietnam.csv,2026-05-18T15:57:27.004962+00:00,Open-Meteo public API data; attribution required.
Ba Ria - Vung Tau,77,,2022-02,26.840699404761907,71.7235220357143,14.6,14.6,12.803019856502978,672,open_meteo,D:\MONEY VERSE\datasets\weather\weather_all_vietnam.csv,2026-05-18T15:57:27.004962+00:00,Open-Meteo public API data; attribution required.
Ba Ria - Vung Tau,77,,2022-03,27.319153225806453,74.40628135215054,79.2,79.2,11.259570599596774,744,open_meteo,D:\MONEY VERSE\datasets\weather\weather_all_vietnam.csv,2026-05-18T15:57:27.004962+00:00,Open-Meteo public API data; attribution required.
Ba Ria - Vung Tau,77,,2022-04,27.158819444444443,80.42920256944444,152.5,152.5,8.534518203861111,720,open_meteo,D:\MONEY VERSE\datasets\weather\weather_all_vietnam.csv,2026-05-18T15:57:27.004962+00:00,Open-Meteo public API data; attribution required.
Ba Ria - Vung Tau,77,,2022-05,26.743615591397848,86.8652748266129,295.7,295.7,8.18785450094086,744,open_meteo,D:\MONEY VERSE\datasets\weather\weather_all_vietnam.csv,2026-05-18T15:57:27.004962+00:00,Open-Meteo public API data; attribution required.
Ba Ria - Vung Tau,77,,2022-06,26.79888888888889,85.33645894305556,211.8,211.8,6.105737927861112,720,open_meteo,D:\MONEY VERSE\datasets\weather\weather_all_vietnam.csv,2026-05-18T15:57:27.004962+00:00,Open-Meteo public API data; attribution required.
Ba Ria - Vung Tau,77,,2022-07,26.258198924731182,88.14725399596774,325.8,325.8,8.268631107526883,744,open_meteo,D:\MONEY VERSE\datasets\weather\weather_all_vietnam.csv,2026-05-18T15:57:27.004962+00:00,Open-Meteo public API data; attribution required.
Ba Ria - Vung Tau,77,,2022-08,26.00329301075269,88.83825644086022,374.0,374.0,7.814775455080646,744,open_meteo,D:\MONEY VERSE\datasets\weather\weather_all_vietnam.csv,2026-05-18T15:57:27.004962+00:00,Open-Meteo public API data; attribution required.
Ba Ria - Vung Tau,77,,2022-09,25.64125,90.08314464583333,377.2,377.2,7.7502657220555555,720,open_meteo,D:\MONEY VERSE\datasets\weather\weather_all_vietnam.csv,2026-05-18T15:57:27.004962+00:00,Open-Meteo public API data; attribution required.
Ba Ria - Vung Tau,77,,2022-10,25.506384408602152,88.66934549596773,262.1,262.1,7.04050988155914,744,open_meteo,D:\MONEY VERSE\datasets\weather\weather_all_vietnam.csv,2026-05-18T15:57:27.004962+00:00,Open-Meteo public API data; attribution required.
Ba Ria - Vung Tau,77,,2022-11,25.515555555555558,87.9147269125,191.8,191.8,8.086584548694445,720,open_meteo,D:\MONEY VERSE\datasets\weather\weather_all_vietnam.csv,2026-05-18T15:57:27.004962+00:00,Open-Meteo public API data; attribution required.
Ba Ria - Vung Tau,77,,2022-12,24.834206989247313,80.32155777956989,51.5,51.5,6.94606604813172,744,open_meteo,D:\MONEY VERSE\datasets\weather\weather_all_vietnam.csv,2026-05-18T15:57:27.004962+00:00,Open-Meteo public API data; attribution required.
Ba Ria - Vung Tau,77,,2023-01,24.641733870967744,82.36933184005376,123.3,123.3,7.149257508978494,744,open_meteo,D:\MONEY VERSE\datasets\weather\weather_all_vietnam.csv,2026-05-18T15:57:27.004962+00:00,Open-Meteo public API data; attribution required.
Ba Ria - Vung Tau,77,,2023-02,25.70989583333333,73.55742003571429,12.9,12.9,10.524420642113094,672,open_meteo,D:\MONEY VERSE\datasets\weather\weather_all_vietnam.csv,2026-05-18T15:57:27.004962+00:00,Open-Meteo public API data; attribution required.
Ba Ria - Vung Tau,77,,2023-03,25.983064516129033,72.21975400000001,0.7000000000000001,0.7000000000000001,12.023482154032257,744,open_meteo,D:\MONEY VERSE\datasets\weather\weather_all_vietnam.csv,2026-05-18T15:57:27.004962+00:00,Open-Meteo public API data; attribution required.
Ba Ria - Vung Tau,77,,2023-04,28.055902777777778,78.07148143333333,62.7,62.7,9.533248703055555,720,open_meteo,D:\MONEY VERSE\datasets\weather\weather_all_vietnam.csv,2026-05-18T15:57:27.004962+00:00,Open-Meteo public API data; attribution required.
Ba Ria - Vung Tau,77,,2023-05,27.89233870967742,82.80025364919355,188.3,188.3,7.8668715494354835,744,open_meteo,D:\MONEY VERSE\datasets\weather\weather_all_vietnam.csv,2026-05-18T15:57:27.004962+00:00,Open-Meteo public API data; attribution required.
Ba Ria - Vung Tau,77,,2023-06,26.614444444444448,88.85623564166667,323.3,323.3,7.732072682722222,720,open_meteo,D:\MONEY VERSE\datasets\weather\weather_all_vietnam.csv,2026-05-18T15:57:27.004962+00:00,Open-Meteo public API data; attribution required.
Ba Ria - Vung Tau,77,,2023-07,26.092809139784944,90.35883829301076,586.5,586.5,9.28944369419355,744,open_meteo,D:\MONEY VERSE\datasets\weather\weather_all_vietnam.csv,2026-05-18T15:57:27.004962+00:00,Open-Meteo public API data; attribution required.
Ba Ria - Vung Tau,77,,2023-08,26.671102150537635,87.89070897580645,289.9,289.9,9.577295127123655,744,open_meteo,D:\MONEY VERSE\datasets\weather\weather_all_vietnam.csv,2026-05-18T15:57:27.004962+00:00,Open-Meteo public API data; attribution required.
Ba Ria - Vung Tau,77,,2023-09,25.88659722222222,90.42806684861111,485.1,485.1,8.475023930097223,720,open_meteo,D:\MONEY VERSE\datasets\weather\weather_all_vietnam.csv,2026-05-18T15:57:27.004962+00:00,Open-Meteo public API data; attribution required.
Ba Ria - Vung Tau,77,,2023-10,26.03239247311828,89.86747479704302,433.7,433.7,6.317455659502688,744,open_meteo,D:\MONEY VERSE\datasets\weather\weather_all_vietnam.csv,2026-05-18T15:57:27.004962+00:00,Open-Meteo public API data; attribution required.
Ba Ria - Vung Tau,77,,2023-11,26.119305555555556,86.01335032083333,97.3,97.3,7.11898566313889,720,open_meteo,D:\MONEY VERSE\datasets\weather\weather_all_vietnam.csv,2026-05-18T15:57:27.004962+00:00,Open-Meteo public API data; attribution required.
Ba Ria - Vung Tau,77,,2023-12,26.039650537634408,79.70409714650538,39.3,39.3,7.503888711397849,744,open_meteo,D:\MONEY VERSE\datasets\weather\weather_all_vietnam.csv,2026-05-18T15:57:27.004962+00:00,Open-Meteo public API data; attribution required.
Ba Ria - Vung Tau,77,,2024-01,25.924865591397847,70.97753130376344,1.5,1.5,10.140761775241936,744,open_meteo,D:\MONEY VERSE\datasets\weather\weather_all_vietnam.csv,2026-05-18T15:57:27.004962+00:00,Open-Meteo public API data; attribution required.
Ba Ria - Vung Tau,77,,2024-02,26.954597701149428,70.84410165086207,2.9,2.9,13.944487527873562,696,open_meteo,D:\MONEY VERSE\datasets\weather\weather_all_vietnam.csv,2026-05-18T15:57:27.004962+00:00,Open-Meteo public API data; attribution required.
Ba Ria - Vung Tau,77,,2024-03,27.813575268817203,71.83186965725807,6.0,6.0,14.252717518145163,744,open_meteo,D:\MONEY VERSE\datasets\weather\weather_all_vietnam.csv,2026-05-18T15:57:27.004962+00:00,Open-Meteo public API data; attribution required.
Ba Ria - Vung Tau,77,,2024-04,29.186805555555555,72.65729802777778,6.9,6.9,10.538400167472222,720,open_meteo,D:\MONEY VERSE\datasets\weather\weather_all_vietnam.csv,2026-05-18T15:57:27.004962+00:00,Open-Meteo public API data; attribution required.
Ba Ria - Vung Tau,77,,2024-05,28.95557795698925,79.25317472446237,192.5,192.5,8.556993540752687,744,open_meteo,D:\MONEY VERSE\datasets\weather\weather_all_vietnam.csv,2026-05-18T15:57:27.004962+00:00,Open-Meteo public API data; attribution required.
Ba Ria - Vung Tau,77,,2024-06,27.358541666666667,85.41314145138888,258.7,258.7,7.7008729726944445,720,open_meteo,D:\MONEY VERSE\datasets\weather\weather_all_vietnam.csv,2026-05-18T15:57:27.004962+00:00,Open-Meteo public API data; attribution required.
Ba Ria - Vung Tau,77,,2024-07,26.087365591397848,90.11604184946236,556.0,556.0,8.980945460819893,744,open_meteo,D:\MONEY VERSE\datasets\weather\weather_all_vietnam.csv,2026-05-18T15:57:27.004962+00:00,Open-Meteo public API data; attribution required.
Ba Ria - Vung Tau,77,,2024-08,26.670497311827955,87.6282189704301,278.3,278.3,7.098334097271505,744,open_meteo,D:\MONEY VERSE\datasets\weather\weather_all_vietnam.csv,2026-05-18T15:57:27.004962+00:00,Open-Meteo public API data; attribution required.
Ba Ria - Vung Tau,77,,2024-09,26.003680555555558,90.89828132777778,491.7,491.7,9.217606782458333,720,open_meteo,D:\MONEY VERSE\datasets\weather\weather_all_vietnam.csv,2026-05-18T15:57:27.004962+00:00,Open-Meteo public API data; attribution required.
Ba Ria - Vung Tau,77,,2024-10,25.752688172043012,90.19507856048388,412.5,412.5,6.56208931514785,744,open_meteo,D:\MONEY VERSE\datasets\weather\weather_all_vietnam.csv,2026-05-18T15:57:27.004962+00:00,Open-Meteo public API data; attribution required.
Ba Ria - Vung Tau,77,,2024-11,26.320277777777775,84.07908863194444,60.4,60.4,7.250294214930555,720,open_meteo,D:\MONEY VERSE\datasets\weather\weather_all_vietnam.csv,2026-05-18T15:57:27.004962+00:00,Open-Meteo public API data; attribution required.
Ba Ria - Vung Tau,77,,2024-12,25.429032258064517,85.3275007405914,115.4,115.4,7.085324960188172,744,open_meteo,D:\MONEY VERSE\datasets\weather\weather_all_vietnam.csv,2026-05-18T15:57:27.004962+00:00,Open-Meteo public API data; attribution required.
Ba Ria - Vung Tau,77,,2025-01,24.559274193548386,78.64035068010753,79.7,79.7,6.87809692798387,744,open_meteo,D:\MONEY VERSE\datasets\weather\weather_all_vietnam.csv,2026-05-18T15:57:27.004962+00:00,Open-Meteo public API data; attribution required.
Ba Ria - Vung Tau,77,,2025-02,25.65625,75.9507644345238,45.8,45.8,9.957738074583332,672,open_meteo,D:\MONEY VERSE\datasets\weather\weather_all_vietnam.csv,2026-05-18T15:57:27.004962+00:00,Open-Meteo public API data; attribution required.
Ba Ria - Vung Tau,77,,2025-03,26.83608870967742,75.38328402419354,23.099999999999998,23.099999999999998,12.049199799865592,744,open_meteo,D:\MONEY VERSE\datasets\weather\weather_all_vietnam.csv,2026-05-18T15:57:27.004962+00:00,Open-Meteo public API data; attribution required.
Ba Ria - Vung Tau,77,,2025-04,27.663125,78.67637085833333,52.1,52.1,10.890014295722223,720,open_meteo,D:\MONEY VERSE\datasets\weather\weather_all_vietnam.csv,2026-05-18T15:57:27.004962+00:00,Open-Meteo public API data; attribution required.
Ba Ria - Vung Tau,77,,2025-05,27.5559811827957,83.09594546908602,301.8,301.8,8.913746315779571,744,open_meteo,D:\MONEY VERSE\datasets\weather\weather_all_vietnam.csv,2026-05-18T15:57:27.004962+00:00,Open-Meteo public API data; attribution required.
Ba Ria - Vung Tau,77,,2025-06,26.50701388888889,88.69698870972222,348.9,348.9,9.23343251923611,720,open_meteo,D:\MONEY VERSE\datasets\weather\weather_all_vietnam.csv,2026-05-18T15:57:27.004962+00:00,Open-Meteo public API data; attribution required.
Ba Ria - Vung Tau,77,,2025-07,26.747379032258063,87.21987000537635,295.3,295.3,11.703202936155913,744,open_meteo,D:\MONEY VERSE\datasets\weather\weather_all_vietnam.csv,2026-05-18T15:57:27.004962+00:00,Open-Meteo public API data; attribution required.
Ba Ria - Vung Tau,77,,2025-08,26.251075268817203,88.39866652419354,398.2,398.2,9.342682661827958,744,open_meteo,D:\MONEY VERSE\datasets\weather\weather_all_vietnam.csv,2026-05-18T15:57:27.004962+00:00,Open-Meteo public API data; attribution required.
Ba Ria - Vung Tau,77,,2025-09,25.712152777777778,90.43151005277778,445.4,445.4,8.875058285902778,720,open_meteo,D:\MONEY VERSE\datasets\weather\weather_all_vietnam.csv,2026-05-18T15:57:27.004962+00:00,Open-Meteo public API data; attribution required.
Ba Ria - Vung Tau,77,,2025-10,26.016801075268816,89.23246943682796,326.9,326.9,6.680261634448925,744,open_meteo,D:\MONEY VERSE\datasets\weather\weather_all_vietnam.csv,2026-05-18T15:57:27.004962+00:00,Open-Meteo public API data; attribution required.
Ba Ria - Vung Tau,77,,2025-11,25.467291666666668,87.67539349861111,267.5,267.5,6.469240964763888,720,open_meteo,D:\MONEY VERSE\datasets\weather\weather_all_vietnam.csv,2026-05-18T15:57:27.004962+00:00,Open-Meteo public API data; attribution required.
Ba Ria - Vung Tau,77,,2025-12,25.62681451612903,80.94370177956989,122.5,122.5,7.105538957701612,744,open_meteo,D:\MONEY VERSE\datasets\weather\weather_all_vietnam.csv,2026-05-18T15:57:27.004962+00:00,Open-Meteo public API data; attribution required.
Ba Ria - Vung Tau,77,,2026-01,24.631384408602152,71.66815118548388,15.200000000000001,15.200000000000001,8.473161156008064,744,open_meteo,D:\MONEY VERSE\datasets\weather\weather_all_vietnam.csv,2026-05-18T15:57:27.004962+00:00,Open-Meteo public API data; attribution required.
Ba Ria - Vung Tau,77,,2026-02,26.150372023809524,71.42774755357144,55.3,55.3,11.907031338988096,672,open_meteo,D:\MONEY VERSE\datasets\weather\weather_all_vietnam.csv,2026-05-18T15:57:27.004962+00:00,Open-Meteo public API data; attribution required.
Ba Ria - Vung Tau,77,,2026-03,26.70208333333333,73.50223801075269,28.900000000000002,28.900000000000002,12.678384845833333,744,open_meteo,D:\MONEY VERSE\datasets\weather\weather_all_vietnam.csv,2026-05-18T15:57:27.004962+00:00,Open-Meteo public API data; attribution required.
Ba Ria - Vung Tau,77,,2026-04,28.20375,71.546019625,9.0,9.0,10.291489352361111,720,open_meteo,D:\MONEY VERSE\datasets\weather\weather_all_vietnam.csv,2026-05-18T15:57:27.004962+00:00,Open-Meteo public API data; attribution required.
Ba Ria - Vung Tau,77,,2026-05,29.53472222222222,71.7219672800926,35.0,30.999999974,12.825144955787037,432,open_meteo,D:\MONEY VERSE\datasets\weather\weather_all_vietnam.csv,2026-05-18T15:57:27.004962+00:00,Open-Meteo public API data; attribution required.
Bac Giang,24,,2021-05,28.771908602150535,81.21937738037634,136.8,136.8,12.686232748387097,744,open_meteo,D:\MONEY VERSE\datasets\weather\weather_all_vietnam.csv,2026-05-18T15:57:27.004962+00:00,Open-Meteo public API data; attribution required.
Bac Giang,24,,2021-06,30.039930555555557,75.788803925,264.2,264.2,9.417571077222222,720,open_meteo,D:\MONEY VERSE\datasets\weather\weather_all_vietnam.csv,2026-05-18T15:57:27.004962+00:00,Open-Meteo public API data; attribution required.
Bac Giang,24,,2021-07,29.39858870967742,81.76329728091397,336.1,336.1,8.30552188342742,744,open_meteo,D:\MONEY VERSE\datasets\weather\weather_all_vietnam.csv,2026-05-18T15:57:27.004962+00:00,Open-Meteo public API data; attribution required.
Bac Giang,24,,2021-08,28.99543010752688,85.1371917876344,364.4,364.4,7.908216063239248,744,open_meteo,D:\MONEY VERSE\datasets\weather\weather_all_vietnam.csv,2026-05-18T15:57:27.004962+00:00,Open-Meteo public API data; attribution required.
Bac Giang,24,,2021-09,27.61423611111111,87.07275820000001,228.5,228.5,6.025145139347222,720,open_meteo,D:\MONEY VERSE\datasets\weather\weather_all_vietnam.csv,2026-05-18T15:57:27.004962+00:00,Open-Meteo public API data; attribution required.
Bac Giang,24,,2021-10,23.45853494623656,78.50864154301075,343.1,343.1,12.105403811962365,744,open_meteo,D:\MONEY VERSE\datasets\weather\weather_all_vietnam.csv,2026-05-18T15:57:27.004962+00:00,Open-Meteo public API data; attribution required.
Bac Giang,24,,2021-11,20.765416666666667,72.33280547083334,33.300000000000004,33.300000000000004,10.012075700555556,720,open_meteo,D:\MONEY VERSE\datasets\weather\weather_all_vietnam.csv,2026-05-18T15:57:27.004962+00:00,Open-Meteo public API data; attribution required.
Bac Giang,24,,2021-12,17.478830645161292,67.45875148387097,11.6,11.6,8.670936281801076,744,open_meteo,D:\MONEY VERSE\datasets\weather\weather_all_vietnam.csv,2026-05-18T15:57:27.004962+00:00,Open-Meteo public API data; attribution required.
Bac Giang,24,,2022-01,17.57116935483871,80.42581005510753,75.4,75.4,8.984326786424731,744,open_meteo,D:\MONEY VERSE\datasets\weather\weather_all_vietnam.csv,2026-05-18T15:57:27.004962+00:00,Open-Meteo public API data; attribution required.
Bac Giang,24,,2022-02,14.301041666666666,78.28031250000001,108.3,108.3,9.526883443705358,672,open_meteo,D:\MONEY VERSE\datasets\weather\weather_all_vietnam.csv,2026-05-18T15:57:27.004962+00:00,Open-Meteo public API data; attribution required.
Bac Giang,24,,2022-03,21.997110215053763,83.23526295295699,74.2,74.2,9.991564980309139,744,open_meteo,D:\MONEY VERSE\datasets\weather\weather_all_vietnam.csv,2026-05-18T15:57:27.004962+00:00,Open-Meteo public API data; attribution required.
Bac Giang,24,,2022-04,23.222291666666667,76.76426246944445,96.3,96.3,11.24386608288889,720,open_meteo,D:\MONEY VERSE\datasets\weather\weather_all_vietnam.csv,2026-05-18T15:57:27.004962+00:00,Open-Meteo public API data; attribution required.
Bac Giang,24,,2022-05,25.30201612903226,81.46581261290322,361.5,361.5,9.291035321908602,744,open_meteo,D:\MONEY VERSE\datasets\weather\weather_all_vietnam.csv,2026-05-18T15:57:27.004962+00:00,Open-Meteo public API data; attribution required.
Bac Giang,24,,2022-06,29.104722222222225,80.29687715833333,304.1,304.1,9.478726250513889,720,open_meteo,D:\MONEY VERSE\datasets\weather\weather_all_vietnam.csv,2026-05-18T15:57:27.004962+00:00,Open-Meteo public API data; attribution required.
Bac Giang,24,,2022-07,28.69469086021505,84.10607953091399,299.6,299.6,7.938593326438172,744,open_meteo,D:\MONEY VERSE\datasets\weather\weather_all_vietnam.csv,2026-05-18T15:57:27.004962+00:00,Open-Meteo public API data; attribution required.
Bac Giang,24,,2022-08,28.020430107526884,85.98854950268817,453.0,453.0,7.809133971639786,744,open_meteo,D:\MONEY VERSE\datasets\weather\weather_all_vietnam.csv,2026-05-18T15:57:27.004962+00:00,Open-Meteo public API data; attribution required.
Bac Giang,24,,2022-09,27.143333333333334,84.09304357361111,289.0,289.0,6.527423092847222,720,open_meteo,D:\MONEY VERSE\datasets\weather\weather_all_vietnam.csv,2026-05-18T15:57:27.004962+00:00,Open-Meteo public API data; attribution required.
Bac Giang,24,,2022-10,23.962096774193547,74.80165587768818,120.8,120.8,8.953158656384408,744,open_meteo,D:\MONEY VERSE\datasets\weather\weather_all_vietnam.csv,2026-05-18T15:57:27.004962+00:00,Open-Meteo public API data; attribution required.
Bac Giang,24,,2022-11,24.036805555555556,79.21352369027778,76.0,76.0,8.479527129263888,720,open_meteo,D:\MONEY VERSE\datasets\weather\weather_all_vietnam.csv,2026-05-18T15:57:27.004962+00:00,Open-Meteo public API data; attribution required.
Bac Giang,24,,2022-12,15.899462365591399,61.25545415053764,7.2,7.2,10.312164410080646,744,open_meteo,D:\MONEY VERSE\datasets\weather\weather_all_vietnam.csv,2026-05-18T15:57:27.004962+00:00,Open-Meteo public API data; attribution required.
Bac Giang,24,,2023-01,16.463709677419356,64.02523849865591,10.8,10.8,9.04885842672043,744,open_meteo,D:\MONEY VERSE\datasets\weather\weather_all_vietnam.csv,2026-05-18T15:57:27.004962+00:00,Open-Meteo public API data; attribution required.
Bac Giang,24,,2023-02,19.95171130952381,75.72714773065476,36.2,36.2,10.483731026741072,672,open_meteo,D:\MONEY VERSE\datasets\weather\weather_all_vietnam.csv,2026-05-18T15:57:27.004962+00:00,Open-Meteo public API data; attribution required.
Bac Giang,24,,2023-03,22.342741935483872,73.98305711962365,34.5,34.5,10.0977767409543,744,open_meteo,D:\MONEY VERSE\datasets\weather\weather_all_vietnam.csv,2026-05-18T15:57:27.004962+00:00,Open-Meteo public API data; attribution required.
Bac Giang,24,,2023-04,25.305,80.53998910833333,54.6,54.6,11.06276248201389,720,open_meteo,D:\MONEY VERSE\datasets\weather\weather_all_vietnam.csv,2026-05-18T15:57:27.004962+00:00,Open-Meteo public API data; attribution required.
Bac Giang,24,,2023-05,28.032459677419357,78.13656539650538,127.8,127.8,11.03698460752688,744,open_meteo,D:\MONEY VERSE\datasets\weather\weather_all_vietnam.csv,2026-05-18T15:57:27.004962+00:00,Open-Meteo public API data; attribution required.
Bac Giang,24,,2023-06,28.95791666666667,83.02772484861111,410.4,410.4,8.282466332152778,720,open_meteo,D:\MONEY VERSE\datasets\weather\weather_all_vietnam.csv,2026-05-18T15:57:27.004962+00:00,Open-Meteo public API data; attribution required.
Bac Giang,24,,2023-07,29.99469086021505,78.64015690860215,169.7,169.7,10.089631390255377,744,open_meteo,D:\MONEY VERSE\datasets\weather\weather_all_vietnam.csv,2026-05-18T15:57:27.004962+00:00,Open-Meteo public API data; attribution required.
Bac Giang,24,,2023-08,28.055779569892472,85.97776281586022,474.8,474.8,6.300222851478495,744,open_meteo,D:\MONEY VERSE\datasets\weather\weather_all_vietnam.csv,2026-05-18T15:57:27.004962+00:00,Open-Meteo public API data; attribution required.
Bac Giang,24,,2023-09,27.311249999999998,84.89697679444444,361.0,361.0,7.604941338583333,720,open_meteo,D:\MONEY VERSE\datasets\weather\weather_all_vietnam.csv,2026-05-18T15:57:27.004962+00:00,Open-Meteo public API data; attribution required.
Bac Giang,24,,2023-10,25.916061827956987,73.36478796505376,59.3,59.3,9.131106910994623,744,open_meteo,D:\MONEY VERSE\datasets\weather\weather_all_vietnam.csv,2026-05-18T15:57:27.004962+00:00,Open-Meteo public API data; attribution required.
Bac Giang,24,,2023-11,22.668680555555557,75.05599261388889,47.800000000000004,47.800000000000004,8.466686213986112,720,open_meteo,D:\MONEY VERSE\datasets\weather\weather_all_vietnam.csv,2026-05-18T15:57:27.004962+00:00,Open-Meteo public API data; attribution required.
Bac Giang,24,,2023-12,18.54395161290323,67.84480231854839,14.4,14.4,10.405560525215055,744,open_meteo,D:\MONEY VERSE\datasets\weather\weather_all_vietnam.csv,2026-05-18T15:57:27.004962+00:00,Open-Meteo public API data; attribution required.
Bac Giang,24,,2024-01,17.475134408602152,79.5269988561828,139.3,139.3,9.816265824193549,744,open_meteo,D:\MONEY VERSE\datasets\weather\weather_all_vietnam.csv,2026-05-18T15:57:27.004962+00:00,Open-Meteo public API data; attribution required.
Bac Giang,24,,2024-02,19.07722701149425,78.01940204741379,28.900000000000002,28.900000000000002,12.022347593390805,696,open_meteo,D:\MONEY VERSE\datasets\weather\weather_all_vietnam.csv,2026-05-18T15:57:27.004962+00:00,Open-Meteo public API data; attribution required.
Bac Giang,24,,2024-03,21.471236559139786,81.54272018817204,59.5,59.5,10.079093589650537,744,open_meteo,D:\MONEY VERSE\datasets\weather\weather_all_vietnam.csv,2026-05-18T15:57:27.004962+00:00,Open-Meteo public API data; attribution required.
Bac Giang,24,,2024-04,27.662430555555556,80.20146622777777,79.0,79.0,11.742507228333334,720,open_meteo,D:\MONEY VERSE\datasets\weather\weather_all_vietnam.csv,2026-05-18T15:57:27.004962+00:00,Open-Meteo public API data; attribution required.
Bac Giang,24,,2024-05,27.340860215053763,83.44086682258065,293.7,293.7,9.28172394498656,744,open_meteo,D:\MONEY VERSE\datasets\weather\weather_all_vietnam.csv,2026-05-18T15:57:27.004962+00:00,Open-Meteo public API data; attribution required.
Bac Giang,24,,2024-06,28.993055555555557,83.72520805416667,443.5,443.5,9.250217938027777,720,open_meteo,D:\MONEY VERSE\datasets\weather\weather_all_vietnam.csv,2026-05-18T15:57:27.004962+00:00,Open-Meteo public API data; attribution required.
Bac Giang,24,,2024-07,28.841330645161293,83.95297150403226,445.6,445.6,9.803792876975807,744,open_meteo,D:\MONEY VERSE\datasets\weather\weather_all_vietnam.csv,2026-05-18T15:57:27.004962+00:00,Open-Meteo public API data; attribution required.
Bac Giang,24,,2024-08,28.762567204301074,84.85893585080645,340.8,340.8,7.062536874260753,744,open_meteo,D:\MONEY VERSE\datasets\weather\weather_all_vietnam.csv,2026-05-18T15:57:27.004962+00:00,Open-Meteo public API data; attribution required.
Bac Giang,24,,2024-09,27.495347222222225,85.31010118055556,611.9,611.9,9.163407741194444,720,open_meteo,D:\MONEY VERSE\datasets\weather\weather_all_vietnam.csv,2026-05-18T15:57:27.004962+00:00,Open-Meteo public API data; attribution required.
Bac Giang,24,,2024-10,25.34932795698925,69.49155393817205,59.1,59.1,9.443891976236559,744,open_meteo,D:\MONEY VERSE\datasets\weather\weather_all_vietnam.csv,2026-05-18T15:57:27.004962+00:00,Open-Meteo public API data; attribution required.
Bac Giang,24,,2024-11,23.419791666666665,65.08138725416667,12.6,12.6,8.202714014722222,720,open_meteo,D:\MONEY VERSE\datasets\weather\weather_all_vietnam.csv,2026-05-18T15:57:27.004962+00:00,Open-Meteo public API data; attribution required.
Bac Giang,24,,2024-12,18.0315188172043,63.152373712365595,8.8,8.8,9.02478917954301,744,open_meteo,D:\MONEY VERSE\datasets\weather\weather_all_vietnam.csv,2026-05-18T15:57:27.004962+00:00,Open-Meteo public API data; attribution required.
Bac Giang,24,,2025-01,16.84704301075269,66.07383699462365,11.0,11.0,8.586969308413979,744,open_meteo,D:\MONEY VERSE\datasets\weather\weather_all_vietnam.csv,2026-05-18T15:57:27.004962+00:00,Open-Meteo public API data; attribution required.
Bac Giang,24,,2025-02,17.402380952380952,77.39175198660715,50.6,50.6,8.945437983660714,672,open_meteo,D:\MONEY VERSE\datasets\weather\weather_all_vietnam.csv,2026-05-18T15:57:27.004962+00:00,Open-Meteo public API data; attribution required.
Bac Giang,24,,2025-03,20.26659946236559,75.293171375,40.0,40.0,10.489781526532258,744,open_meteo,D:\MONEY VERSE\datasets\weather\weather_all_vietnam.csv,2026-05-18T15:57:27.004962+00:00,Open-Meteo public API data; attribution required.
Bac Giang,24,,2025-04,24.47270833333333,79.92379009305556,123.8,123.8,9.881866329291666,720,open_meteo,D:\MONEY VERSE\datasets\weather\weather_all_vietnam.csv,2026-05-18T15:57:27.004962+00:00,Open-Meteo public API data; attribution required.
Bac Giang,24,,2025-05,26.870228494623657,82.54136653091398,281.1,281.1,10.328515689892473,744,open_meteo,D:\MONEY VERSE\datasets\weather\weather_all_vietnam.csv,2026-05-18T15:57:27.004962+00:00,Open-Meteo public API data; attribution required.
Bac Giang,24,,2025-06,28.870347222222225,82.46529493333333,483.8,483.8,9.3368398265,720,open_meteo,D:\MONEY VERSE\datasets\weather\weather_all_vietnam.csv,2026-05-18T15:57:27.004962+00:00,Open-Meteo public API data; attribution required.
Bac Giang,24,,2025-07,28.82809139784946,83.92842881317205,319.8,319.8,7.095970871975807,744,open_meteo,D:\MONEY VERSE\datasets\weather\weather_all_vietnam.csv,2026-05-18T15:57:27.004962+00:00,Open-Meteo public API data; attribution required.
Bac Giang,24,,2025-08,28.290120967741935,84.80220411962365,360.5,360.5,8.464233488803762,744,open_meteo,D:\MONEY VERSE\datasets\weather\weather_all_vietnam.csv,2026-05-18T15:57:27.004962+00:00,Open-Meteo public API data; attribution required.
Bac Giang,24,,2025-09,27.844513888888887,83.3020862375,294.6,294.6,7.582484746930556,720,open_meteo,D:\MONEY VERSE\datasets\weather\weather_all_vietnam.csv,2026-05-18T15:57:27.004962+00:00,Open-Meteo public API data; attribution required.
Bac Giang,24,,2025-10,25.27842741935484,78.69553143145161,240.3,240.3,8.314651873669355,744,open_meteo,D:\MONEY VERSE\datasets\weather\weather_all_vietnam.csv,2026-05-18T15:57:27.004962+00:00,Open-Meteo public API data; attribution required.
Bac Giang,24,,2025-11,20.19486111111111,72.110813275,66.3,66.3,8.759102514069443,720,open_meteo,D:\MONEY VERSE\datasets\weather\weather_all_vietnam.csv,2026-05-18T15:57:27.004962+00:00,Open-Meteo public API data; attribution required.
Bac Giang,24,,2025-12,19.995295698924732,75.23393487096774,37.3,37.3,7.897732887580645,744,open_meteo,D:\MONEY VERSE\datasets\weather\weather_all_vietnam.csv,2026-05-18T15:57:27.004962+00:00,Open-Meteo public API data; attribution required.
Bac Giang,24,,2026-01,17.08474462365591,76.01790447983872,48.9,48.9,8.521278768669355,744,open_meteo,D:\MONEY VERSE\datasets\weather\weather_all_vietnam.csv,2026-05-18T15:57:27.004962+00:00,Open-Meteo public API data; attribution required.
Bac Giang,24,,2026-02,20.376116071428573,81.1556985,66.9,66.9,9.948142314360119,672,open_meteo,D:\MONEY VERSE\datasets\weather\weather_all_vietnam.csv,2026-05-18T15:57:27.004962+00:00,Open-Meteo public API data; attribution required.
Bac Giang,24,,2026-03,23.05739247311828,78.6121579623656,66.5,66.5,11.742013457405916,744,open_meteo,D:\MONEY VERSE\datasets\weather\weather_all_vietnam.csv,2026-05-18T15:57:27.004962+00:00,Open-Meteo public API data; attribution required.
Bac Giang,24,,2026-04,27.024305555555557,78.96187398055555,170.8,170.8,11.309850444722223,720,open_meteo,D:\MONEY VERSE\datasets\weather\weather_all_vietnam.csv,2026-05-18T15:57:27.004962+00:00,Open-Meteo public API data; attribution required.
Bac Giang,24,,2026-05,26.533449074074074,82.62160543518519,207.0,189.499999924,9.645303847453704,432,open_meteo,D:\MONEY VERSE\datasets\weather\weather_all_vietnam.csv,2026-05-18T15:57:27.004962+00:00,Open-Meteo public API data; attribution required.
Bac Kan,06,,2021-05,27.34213996370968,86.70819011155915,266.5,266.5,6.5634960940188165,744,open_meteo,D:\MONEY VERSE\datasets\weather\weather_all_vietnam.csv,2026-05-18T15:57:27.004962+00:00,Open-Meteo public API data; attribution required.
Bac Kan,06,,2021-06,28.269736201388888,84.55387426944444,321.8,321.8,5.695359348958333,720,open_meteo,D:\MONEY VERSE\datasets\weather\weather_all_vietnam.csv,2026-05-18T15:57:27.004962+00:00,Open-Meteo public API data; attribution required.
Bac Kan,06,,2021-07,27.949330836021506,88.06137010080646,285.7,285.7,4.878734052862903,744,open_meteo,D:\MONEY VERSE\datasets\weather\weather_all_vietnam.csv,2026-05-18T15:57:27.004962+00:00,Open-Meteo public API data; attribution required.
Bac Kan,06,,2021-08,27.81774476075269,90.05951964784946,381.7,381.7,3.734084475954301,744,open_meteo,D:\MONEY VERSE\datasets\weather\weather_all_vietnam.csv,2026-05-18T15:57:27.004962+00:00,Open-Meteo public API data; attribution required.
Bac Kan,06,,2021-09,26.78126408472222,89.22221783611111,229.1,229.1,4.351852665722222,720,open_meteo,D:\MONEY VERSE\datasets\weather\weather_all_vietnam.csv,2026-05-18T15:57:27.004962+00:00,Open-Meteo public API data; attribution required.
Bac Kan,06,,2021-10,22.67446526075269,81.02327872983871,263.1,263.1,9.876894230698925,744,open_meteo,D:\MONEY VERSE\datasets\weather\weather_all_vietnam.csv,2026-05-18T15:57:27.004962+00:00,Open-Meteo public API data; attribution required.
Bac Kan,06,,2021-11,19.633763954166668,76.62595014027778,31.1,31.1,8.456862499347222,720,open_meteo,D:\MONEY VERSE\datasets\weather\weather_all_vietnam.csv,2026-05-18T15:57:27.004962+00:00,Open-Meteo public API data; attribution required.
Bac Kan,06,,2021-12,16.223658474462365,72.2670564516129,8.5,8.5,7.812356477110215,744,open_meteo,D:\MONEY VERSE\datasets\weather\weather_all_vietnam.csv,2026-05-18T15:57:27.004962+00:00,Open-Meteo public API data; attribution required.
Bac Kan,06,,2022-01,16.139182680107528,85.49280935752688,138.6,138.6,7.235328768709677,744,open_meteo,D:\MONEY VERSE\datasets\weather\weather_all_vietnam.csv,2026-05-18T15:57:27.004962+00:00,Open-Meteo public API data; attribution required.
Bac Kan,06,,2022-02,13.287761712202382,81.79948158333333,127.60000000000001,127.60000000000001,8.877270142470238,672,open_meteo,D:\MONEY VERSE\datasets\weather\weather_all_vietnam.csv,2026-05-18T15:57:27.004962+00:00,Open-Meteo public API data; attribution required.
Bac Kan,06,,2022-03,21.424196380376344,86.33444927688173,96.0,96.0,6.38916592157258,744,open_meteo,D:\MONEY VERSE\datasets\weather\weather_all_vietnam.csv,2026-05-18T15:57:27.004962+00:00,Open-Meteo public API data; attribution required.
Bac Kan,06,,2022-04,22.54119457638889,78.58201826944445,78.7,78.7,7.1799435364583335,720,open_meteo,D:\MONEY VERSE\datasets\weather\weather_all_vietnam.csv,2026-05-18T15:57:27.004962+00:00,Open-Meteo public API data; attribution required.
Bac Kan,06,,2022-05,24.25463996639785,83.36539541397849,398.1,398.1,7.1446835101747315,744,open_meteo,D:\MONEY VERSE\datasets\weather\weather_all_vietnam.csv,2026-05-18T15:57:27.004962+00:00,Open-Meteo public API data; attribution required.
Bac Kan,06,,2022-06,27.66036125694444,86.39375292777778,290.5,290.5,5.531179563902778,720,open_meteo,D:\MONEY VERSE\datasets\weather\weather_all_vietnam.csv,2026-05-18T15:57:27.004962+00:00,Open-Meteo public API data; attribution required.
Bac Kan,06,,2022-07,27.97412911424731,86.48312634677418,207.4,207.4,4.606832622379033,744,open_meteo,D:\MONEY VERSE\datasets\weather\weather_all_vietnam.csv,2026-05-18T15:57:27.004962+00:00,Open-Meteo public API data; attribution required.
Bac Kan,06,,2022-08,27.345903362903226,88.22467686827956,308.7,308.7,4.763662386586021,744,open_meteo,D:\MONEY VERSE\datasets\weather\weather_all_vietnam.csv,2026-05-18T15:57:27.004962+00:00,Open-Meteo public API data; attribution required.
Bac Kan,06,,2022-09,26.452583498611112,83.8886095,201.3,201.3,6.080791095638888,720,open_meteo,D:\MONEY VERSE\datasets\weather\weather_all_vietnam.csv,2026-05-18T15:57:27.004962+00:00,Open-Meteo public API data; attribution required.
Bac Kan,06,,2022-10,23.578564713709678,74.54922179435484,94.5,94.5,7.3566878362768815,744,open_meteo,D:\MONEY VERSE\datasets\weather\weather_all_vietnam.csv,2026-05-18T15:57:27.004962+00:00,Open-Meteo public API data; attribution required.
Bac Kan,06,,2022-11,22.883347384722224,81.63959980555555,97.6,97.6,5.965411861861112,720,open_meteo,D:\MONEY VERSE\datasets\weather\weather_all_vietnam.csv,2026-05-18T15:57:27.004962+00:00,Open-Meteo public API data; attribution required.
Bac Kan,06,,2022-12,14.730714813978496,67.99331150537634,22.7,22.7,8.824403061841398,744,open_meteo,D:\MONEY VERSE\datasets\weather\weather_all_vietnam.csv,2026-05-18T15:57:27.004962+00:00,Open-Meteo public API data; attribution required.
Bac Kan,06,,2023-01,15.346843932123654,65.39340778763442,2.8000000000000003,2.8000000000000003,8.016031433427418,744,open_meteo,D:\MONEY VERSE\datasets\weather\weather_all_vietnam.csv,2026-05-18T15:57:27.004962+00:00,Open-Meteo public API data; attribution required.
Bac Kan,06,,2023-02,18.713059577380953,79.78251857589287,82.7,82.7,6.8922496140773815,672,open_meteo,D:\MONEY VERSE\datasets\weather\weather_all_vietnam.csv,2026-05-18T15:57:27.004962+00:00,Open-Meteo public API data; attribution required.
Bac Kan,06,,2023-03,21.256252822580645,77.84481640053764,79.1,79.1,6.755577127930107,744,open_meteo,D:\MONEY VERSE\datasets\weather\weather_all_vietnam.csv,2026-05-18T15:57:27.004962+00:00,Open-Meteo public API data; attribution required.
Bac Kan,06,,2023-04,24.770014063888887,80.33925504027778,74.1,74.1,7.047113303652778,720,open_meteo,D:\MONEY VERSE\datasets\weather\weather_all_vietnam.csv,2026-05-18T15:57:27.004962+00:00,Open-Meteo public API data; attribution required.
Bac Kan,06,,2023-05,27.45416939247312,77.70164872983871,86.3,86.3,7.461216669032258,744,open_meteo,D:\MONEY VERSE\datasets\weather\weather_all_vietnam.csv,2026-05-18T15:57:27.004962+00:00,Open-Meteo public API data; attribution required.
Bac Kan,06,,2023-06,27.827861169444446,86.04579162361111,388.6,388.6,4.924608358055555,720,open_meteo,D:\MONEY VERSE\datasets\weather\weather_all_vietnam.csv,2026-05-18T15:57:27.004962+00:00,Open-Meteo public API data; attribution required.
Bac Kan,06,,2023-07,28.575876409946236,84.27447119892473,231.8,231.8,5.212765477715053,744,open_meteo,D:\MONEY VERSE\datasets\weather\weather_all_vietnam.csv,2026-05-18T15:57:27.004962+00:00,Open-Meteo public API data; attribution required.
Bac Kan,06,,2023-08,27.04852436693548,89.76624239919354,459.5,459.5,4.039593530752689,744,open_meteo,D:\MONEY VERSE\datasets\weather\weather_all_vietnam.csv,2026-05-18T15:57:27.004962+00:00,Open-Meteo public API data; attribution required.
Bac Kan,06,,2023-09,26.615222381944445,86.6627442625,297.5,297.5,5.494664668194445,720,open_meteo,D:\MONEY VERSE\datasets\weather\weather_all_vietnam.csv,2026-05-18T15:57:27.004962+00:00,Open-Meteo public API data; attribution required.
Bac Kan,06,,2023-10,24.693685665322583,77.66421808333334,64.7,64.7,7.12940391373656,744,open_meteo,D:\MONEY VERSE\datasets\weather\weather_all_vietnam.csv,2026-05-18T15:57:27.004962+00:00,Open-Meteo public API data; attribution required.
Bac Kan,06,,2023-11,21.45883345,77.61971216666666,52.2,52.2,6.407711946986111,720,open_meteo,D:\MONEY VERSE\datasets\weather\weather_all_vietnam.csv,2026-05-18T15:57:27.004962+00:00,Open-Meteo public API data; attribution required.
Bac Kan,06,,2023-12,17.40463974502688,74.09318064919354,38.6,38.6,7.900527044704301,744,open_meteo,D:\MONEY VERSE\datasets\weather\weather_all_vietnam.csv,2026-05-18T15:57:27.004962+00:00,Open-Meteo public API data; attribution required.
Bac Kan,06,,2024-01,16.40860483965054,84.25033015053764,121.9,121.9,7.449765374193549,744,open_meteo,D:\MONEY VERSE\datasets\weather\weather_all_vietnam.csv,2026-05-18T15:57:27.004962+00:00,Open-Meteo public API data; attribution required.
Bac Kan,06,,2024-02,17.909652252873563,83.39083969540229,58.7,58.7,7.5729484663793105,696,open_meteo,D:\MONEY VERSE\datasets\weather\weather_all_vietnam.csv,2026-05-18T15:57:27.004962+00:00,Open-Meteo public API data; attribution required.
Bac Kan,06,,2024-03,20.859411376344084,82.39671413844086,78.6,78.6,7.1883134604166665,744,open_meteo,D:\MONEY VERSE\datasets\weather\weather_all_vietnam.csv,2026-05-18T15:57:27.004962+00:00,Open-Meteo public API data; attribution required.
Bac Kan,06,,2024-04,26.616888998611113,82.9128761625,68.1,68.1,6.621499578583333,720,open_meteo,D:\MONEY VERSE\datasets\weather\weather_all_vietnam.csv,2026-05-18T15:57:27.004962+00:00,Open-Meteo public API data; attribution required.
Bac Kan,06,,2024-05,26.358268994623657,86.0598145873656,298.8,298.8,5.849810437889785,744,open_meteo,D:\MONEY VERSE\datasets\weather\weather_all_vietnam.csv,2026-05-18T15:57:27.004962+00:00,Open-Meteo public API data; attribution required.
Bac Kan,06,,2024-06,27.738972383333333,89.14468417222223,465.3,465.3,4.932734140722222,720,open_meteo,D:\MONEY VERSE\datasets\weather\weather_all_vietnam.csv,2026-05-18T15:57:27.004962+00:00,Open-Meteo public API data; attribution required.
Bac Kan,06,,2024-07,27.839384528225807,88.74959165860216,360.6,360.6,4.850424935376344,744,open_meteo,D:\MONEY VERSE\datasets\weather\weather_all_vietnam.csv,2026-05-18T15:57:27.004962+00:00,Open-Meteo public API data; attribution required.
Bac Kan,06,,2024-08,27.44724750403226,90.05602719892474,443.1,443.1,3.84556643157258,744,open_meteo,D:\MONEY VERSE\datasets\weather\weather_all_vietnam.csv,2026-05-18T15:57:27.004962+00:00,Open-Meteo public API data; attribution required.
Bac Kan,06,,2024-09,26.9934168125,85.89250192638889,377.9,377.9,6.880580472069444,720,open_meteo,D:\MONEY VERSE\datasets\weather\weather_all_vietnam.csv,2026-05-18T15:57:27.004962+00:00,Open-Meteo public API data; attribution required.
Bac Kan,06,,2024-10,24.4256748844086,72.16286857661291,84.8,84.8,7.608568639771505,744,open_meteo,D:\MONEY VERSE\datasets\weather\weather_all_vietnam.csv,2026-05-18T15:57:27.004962+00:00,Open-Meteo public API data; attribution required.
Bac Kan,06,,2024-11,22.46890293611111,66.47253856527777,8.8,8.8,7.3448784903333335,720,open_meteo,D:\MONEY VERSE\datasets\weather\weather_all_vietnam.csv,2026-05-18T15:57:27.004962+00:00,Open-Meteo public API data; attribution required.
Bac Kan,06,,2024-12,16.15363161827957,72.91514181182797,14.700000000000001,14.700000000000001,7.6523945017338715,744,open_meteo,D:\MONEY VERSE\datasets\weather\weather_all_vietnam.csv,2026-05-18T15:57:27.004962+00:00,Open-Meteo public API data; attribution required.
Bac Kan,06,,2025-01,15.723053677150537,69.04725683467741,15.3,15.3,6.633957431747311,744,open_meteo,D:\MONEY VERSE\datasets\weather\weather_all_vietnam.csv,2026-05-18T15:57:27.004962+00:00,Open-Meteo public API data; attribution required.
Bac Kan,06,,2025-02,16.097732019345237,80.40754591666666,33.5,33.5,8.103169044717262,672,open_meteo,D:\MONEY VERSE\datasets\weather\weather_all_vietnam.csv,2026-05-18T15:57:27.004962+00:00,Open-Meteo public API data; attribution required.
Bac Kan,06,,2025-03,20.19926348924731,73.27939017741936,22.8,22.8,8.006406019274193,744,open_meteo,D:\MONEY VERSE\datasets\weather\weather_all_vietnam.csv,2026-05-18T15:57:27.004962+00:00,Open-Meteo public API data; attribution required.
Bac Kan,06,,2025-04,25.085500070833334,72.77658689027778,86.0,86.0,6.524326143861111,720,open_meteo,D:\MONEY VERSE\datasets\weather\weather_all_vietnam.csv,2026-05-18T15:57:27.004962+00:00,Open-Meteo public API data; attribution required.
Bac Kan,06,,2025-05,26.05269103091398,83.32997078629033,293.4,293.4,6.614483213803763,744,open_meteo,D:\MONEY VERSE\datasets\weather\weather_all_vietnam.csv,2026-05-18T15:57:27.004962+00:00,Open-Meteo public API data; attribution required.
Bac Kan,06,,2025-06,27.71008347638889,86.51922723194444,450.3,450.3,5.3476887631666665,720,open_meteo,D:\MONEY VERSE\datasets\weather\weather_all_vietnam.csv,2026-05-18T15:57:27.004962+00:00,Open-Meteo public API data; attribution required.
Bac Kan,06,,2025-07,28.116803806451614,86.631073625,252.7,252.7,4.5508989555645165,744,open_meteo,D:\MONEY VERSE\datasets\weather\weather_all_vietnam.csv,2026-05-18T15:57:27.004962+00:00,Open-Meteo public API data; attribution required.
Bac Kan,06,,2025-08,27.330782373655914,87.83442884005376,272.7,272.7,5.8045696531720425,744,open_meteo,D:\MONEY VERSE\datasets\weather\weather_all_vietnam.csv,2026-05-18T15:57:27.004962+00:00,Open-Meteo public API data; attribution required.
Bac Kan,06,,2025-09,26.900708504166666,86.57737022361111,280.1,280.1,5.180072762055556,720,open_meteo,D:\MONEY VERSE\datasets\weather\weather_all_vietnam.csv,2026-05-18T15:57:27.004962+00:00,Open-Meteo public API data; attribution required.
Bac Kan,06,,2025-10,24.47890072580645,81.70053611962366,200.2,200.2,6.511674571061828,744,open_meteo,D:\MONEY VERSE\datasets\weather\weather_all_vietnam.csv,2026-05-18T15:57:27.004962+00:00,Open-Meteo public API data; attribution required.
Bac Kan,06,,2025-11,19.11688892777778,76.38605235277777,64.9,64.9,8.194037758722223,720,open_meteo,D:\MONEY VERSE\datasets\weather\weather_all_vietnam.csv,2026-05-18T15:57:27.004962+00:00,Open-Meteo public API data; attribution required.
Bac Kan,06,,2025-12,18.392005454301074,80.2103283172043,42.7,42.7,6.18455509077957,744,open_meteo,D:\MONEY VERSE\datasets\weather\weather_all_vietnam.csv,2026-05-18T15:57:27.004962+00:00,Open-Meteo public API data; attribution required.
Bac Kan,06,,2026-01,15.882193475268817,81.23543232392473,58.0,58.0,6.7055203842876345,744,open_meteo,D:\MONEY VERSE\datasets\weather\weather_all_vietnam.csv,2026-05-18T15:57:27.004962+00:00,Open-Meteo public API data; attribution required.
Bac Kan,06,,2026-02,19.03017264434524,86.00131573660714,68.9,68.9,6.5475701858779765,672,open_meteo,D:\MONEY VERSE\datasets\weather\weather_all_vietnam.csv,2026-05-18T15:57:27.004962+00:00,Open-Meteo public API data; attribution required.
Bac Kan,06,,2026-03,22.14993567204301,81.99362514112903,63.400000000000006,63.400000000000006,6.653486743467742,744,open_meteo,D:\MONEY VERSE\datasets\weather\weather_all_vietnam.csv,2026-05-18T15:57:27.004962+00:00,Open-Meteo public API data; attribution required.
Bac Kan,06,,2026-04,26.349111255555556,78.94369823472222,102.7,102.7,6.503730560083333,720,open_meteo,D:\MONEY VERSE\datasets\weather\weather_all_vietnam.csv,2026-05-18T15:57:27.004962+00:00,Open-Meteo public API data; attribution required.
Bac Kan,06,,2026-05,25.986009402777775,81.85618708333332,84.3,78.10000009000001,6.267806999814815,432,open_meteo,D:\MONEY VERSE\datasets\weather\weather_all_vietnam.csv,2026-05-18T15:57:27.004962+00:00,Open-Meteo public API data; attribution required.
Bac Lieu,95,,2021-05,27.84462365591398,83.79888362365591,217.1,217.1,8.964184696169355,744,open_meteo,D:\MONEY VERSE\datasets\weather\weather_all_vietnam.csv,2026-05-18T15:57:27.004962+00:00,Open-Meteo public API data; attribution required.
Bac Lieu,95,,2021-06,27.54513888888889,84.23962462777779,206.9,206.9,9.7074242575,720,open_meteo,D:\MONEY VERSE\datasets\weather\weather_all_vietnam.csv,2026-05-18T15:57:27.004962+00:00,Open-Meteo public API data; attribution required.
Bac Lieu,95,,2021-07,27.15880376344086,85.61726009274193,284.7,284.7,10.236321313306451,744,open_meteo,D:\MONEY VERSE\datasets\weather\weather_all_vietnam.csv,2026-05-18T15:57:27.004962+00:00,Open-Meteo public API data; attribution required.
Bac Lieu,95,,2021-08,26.97641129032258,85.55506066801075,298.8,298.8,9.178818930376343,744,open_meteo,D:\MONEY VERSE\datasets\weather\weather_all_vietnam.csv,2026-05-18T15:57:27.004962+00:00,Open-Meteo public API data; attribution required.
Bac Lieu,95,,2021-09,26.541875,86.44278474444444,357.9,357.9,9.178292474944444,720,open_meteo,D:\MONEY VERSE\datasets\weather\weather_all_vietnam.csv,2026-05-18T15:57:27.004962+00:00,Open-Meteo public API data; attribution required.
Bac Lieu,95,,2021-10,26.673655913978497,85.24691623387096,247.2,247.2,8.945933530510754,744,open_meteo,D:\MONEY VERSE\datasets\weather\weather_all_vietnam.csv,2026-05-18T15:57:27.004962+00:00,Open-Meteo public API data; attribution required.
Bac Lieu,95,,2021-11,26.100208333333335,86.41373732916666,456.9,456.9,11.338977199166667,720,open_meteo,D:\MONEY VERSE\datasets\weather\weather_all_vietnam.csv,2026-05-18T15:57:27.004962+00:00,Open-Meteo public API data; attribution required.
Bac Lieu,95,,2021-12,25.85342741935484,79.08607476344086,33.0,33.0,11.126494657661292,744,open_meteo,D:\MONEY VERSE\datasets\weather\weather_all_vietnam.csv,2026-05-18T15:57:27.004962+00:00,Open-Meteo public API data; attribution required.
Bac Lieu,95,,2022-01,26.19119623655914,75.32938155241935,18.1,18.1,13.511381368010753,744,open_meteo,D:\MONEY VERSE\datasets\weather\weather_all_vietnam.csv,2026-05-18T15:57:27.004962+00:00,Open-Meteo public API data; attribution required.
Bac Lieu,95,,2022-02,27.223065476190477,74.16978458184524,20.2,20.2,16.910984330505954,672,open_meteo,D:\MONEY VERSE\datasets\weather\weather_all_vietnam.csv,2026-05-18T15:57:27.004962+00:00,Open-Meteo public API data; attribution required.
Bac Lieu,95,,2022-03,27.55483870967742,77.7288875577957,78.9,78.9,11.840021013709677,744,open_meteo,D:\MONEY VERSE\datasets\weather\weather_all_vietnam.csv,2026-05-18T15:57:27.004962+00:00,Open-Meteo public API data; attribution required.
Bac Lieu,95,,2022-04,27.429375,81.09698292083334,204.3,204.3,8.854146170694445,720,open_meteo,D:\MONEY VERSE\datasets\weather\weather_all_vietnam.csv,2026-05-18T15:57:27.004962+00:00,Open-Meteo public API data; attribution required.
Bac Lieu,95,,2022-05,27.489448924731185,83.5709830188172,274.1,274.1,9.35817241344086,744,open_meteo,D:\MONEY VERSE\datasets\weather\weather_all_vietnam.csv,2026-05-18T15:57:27.004962+00:00,Open-Meteo public API data; attribution required.
Bac Lieu,95,,2022-06,27.306041666666665,83.29393462083333,252.5,252.5,7.2394329155833335,720,open_meteo,D:\MONEY VERSE\datasets\weather\weather_all_vietnam.csv,2026-05-18T15:57:27.004962+00:00,Open-Meteo public API data; attribution required.
Bac Lieu,95,,2022-07,26.66337365591398,86.27122834139784,283.7,283.7,9.840483702553763,744,open_meteo,D:\MONEY VERSE\datasets\weather\weather_all_vietnam.csv,2026-05-18T15:57:27.004962+00:00,Open-Meteo public API data; attribution required.
Bac Lieu,95,,2022-08,26.777083333333334,84.45027434274193,258.6,258.6,9.069579233158603,744,open_meteo,D:\MONEY VERSE\datasets\weather\weather_all_vietnam.csv,2026-05-18T15:57:27.004962+00:00,Open-Meteo public API data; attribution required.
Bac Lieu,95,,2022-09,26.308402777777776,85.832819075,357.4,357.4,9.797179161722223,720,open_meteo,D:\MONEY VERSE\datasets\weather\weather_all_vietnam.csv,2026-05-18T15:57:27.004962+00:00,Open-Meteo public API data; attribution required.
Bac Lieu,95,,2022-10,26.11948924731183,86.11118485483871,359.4,359.4,7.257355685712366,744,open_meteo,D:\MONEY VERSE\datasets\weather\weather_all_vietnam.csv,2026-05-18T15:57:27.004962+00:00,Open-Meteo public API data; attribution required.
Bac Lieu,95,,2022-11,26.174305555555556,86.00295045,266.4,266.4,9.445958865555555,720,open_meteo,D:\MONEY VERSE\datasets\weather\weather_all_vietnam.csv,2026-05-18T15:57:27.004962+00:00,Open-Meteo public API data; attribution required.
Bac Lieu,95,,2022-12,25.631317204301077,79.56619225134409,65.0,65.0,11.470476140672043,744,open_meteo,D:\MONEY VERSE\datasets\weather\weather_all_vietnam.csv,2026-05-18T15:57:27.004962+00:00,Open-Meteo public API data; attribution required.
Bac Lieu,95,,2023-01,25.273185483870968,80.7772739905914,95.10000000000001,95.10000000000001,9.757214260752688,744,open_meteo,D:\MONEY VERSE\datasets\weather\weather_all_vietnam.csv,2026-05-18T15:57:27.004962+00:00,Open-Meteo public API data; attribution required.
Bac Lieu,95,,2023-02,26.16168154761905,77.36197455654762,40.3,40.3,13.426606503095238,672,open_meteo,D:\MONEY VERSE\datasets\weather\weather_all_vietnam.csv,2026-05-18T15:57:27.004962+00:00,Open-Meteo public API data; attribution required.
Bac Lieu,95,,2023-03,26.643413978494625,74.15524792204302,2.2,2.2,14.385849784677418,744,open_meteo,D:\MONEY VERSE\datasets\weather\weather_all_vietnam.csv,2026-05-18T15:57:27.004962+00:00,Open-Meteo public API data; attribution required.
Bac Lieu,95,,2023-04,28.579583333333332,77.29721605555557,80.3,80.3,9.415136548472221,720,open_meteo,D:\MONEY VERSE\datasets\weather\weather_all_vietnam.csv,2026-05-18T15:57:27.004962+00:00,Open-Meteo public API data; attribution required.
Bac Lieu,95,,2023-05,28.549193548387095,79.53740512768817,245.0,245.0,9.747079634112904,744,open_meteo,D:\MONEY VERSE\datasets\weather\weather_all_vietnam.csv,2026-05-18T15:57:27.004962+00:00,Open-Meteo public API data; attribution required.
Bac Lieu,95,,2023-06,27.743125,82.67710469305555,247.4,247.4,9.420369062083333,720,open_meteo,D:\MONEY VERSE\datasets\weather\weather_all_vietnam.csv,2026-05-18T15:57:27.004962+00:00,Open-Meteo public API data; attribution required.
Bac Lieu,95,,2023-07,26.898387096774197,86.4340591545699,376.6,376.6,11.339099669448926,744,open_meteo,D:\MONEY VERSE\datasets\weather\weather_all_vietnam.csv,2026-05-18T15:57:27.004962+00:00,Open-Meteo public API data; attribution required.
Bac Lieu,95,,2023-08,27.58239247311828,83.55718592069893,223.4,223.4,12.030363359408602,744,open_meteo,D:\MONEY VERSE\datasets\weather\weather_all_vietnam.csv,2026-05-18T15:57:27.004962+00:00,Open-Meteo public API data; attribution required.
Bac Lieu,95,,2023-09,26.96125,85.83191889305556,313.7,313.7,10.142004645,720,open_meteo,D:\MONEY VERSE\datasets\weather\weather_all_vietnam.csv,2026-05-18T15:57:27.004962+00:00,Open-Meteo public API data; attribution required.
Bac Lieu,95,,2023-10,27.11411290322581,85.75527365994624,339.0,339.0,7.446032726653226,744,open_meteo,D:\MONEY VERSE\datasets\weather\weather_all_vietnam.csv,2026-05-18T15:57:27.004962+00:00,Open-Meteo public API data; attribution required.
Bac Lieu,95,,2023-11,26.737708333333334,83.92215812777778,203.0,203.0,11.380589004583335,720,open_meteo,D:\MONEY VERSE\datasets\weather\weather_all_vietnam.csv,2026-05-18T15:57:27.004962+00:00,Open-Meteo public API data; attribution required.
Bac Lieu,95,,2023-12,27.105510752688172,77.53583738575269,52.7,52.7,13.803126480241936,744,open_meteo,D:\MONEY VERSE\datasets\weather\weather_all_vietnam.csv,2026-05-18T15:57:27.004962+00:00,Open-Meteo public API data; attribution required.
Bac Lieu,95,,2024-01,26.966801075268815,71.64849269758064,4.5,4.5,16.235020825403225,744,open_meteo,D:\MONEY VERSE\datasets\weather\weather_all_vietnam.csv,2026-05-18T15:57:27.004962+00:00,Open-Meteo public API data; attribution required.
Bac Lieu,95,,2024-02,27.348778735632184,75.09803079310345,6.2,6.2,15.2360122875,696,open_meteo,D:\MONEY VERSE\datasets\weather\weather_all_vietnam.csv,2026-05-18T15:57:27.004962+00:00,Open-Meteo public API data; attribution required.
Bac Lieu,95,,2024-03,28.2875,73.8690963561828,6.5,6.5,13.963342132392473,744,open_meteo,D:\MONEY VERSE\datasets\weather\weather_all_vietnam.csv,2026-05-18T15:57:27.004962+00:00,Open-Meteo public API data; attribution required.
Bac Lieu,95,,2024-04,29.89604166666667,70.9410708625,5.800000000000001,5.800000000000001,10.959209611527777,720,open_meteo,D:\MONEY VERSE\datasets\weather\weather_all_vietnam.csv,2026-05-18T15:57:27.004962+00:00,Open-Meteo public API data; attribution required.
Bac Lieu,95,,2024-05,29.575067204301074,78.41306872043012,182.1,182.1,8.250507277930108,744,open_meteo,D:\MONEY VERSE\datasets\weather\weather_all_vietnam.csv,2026-05-18T15:57:27.004962+00:00,Open-Meteo public API data; attribution required.
Bac Lieu,95,,2024-06,28.209513888888885,81.79703415694445,207.0,207.0,9.191130131361112,720,open_meteo,D:\MONEY VERSE\datasets\weather\weather_all_vietnam.csv,2026-05-18T15:57:27.004962+00:00,Open-Meteo public API data; attribution required.
Bac Lieu,95,,2024-07,27.00356182795699,86.37558285349462,340.1,340.1,10.719656059677419,744,open_meteo,D:\MONEY VERSE\datasets\weather\weather_all_vietnam.csv,2026-05-18T15:57:27.004962+00:00,Open-Meteo public API data; attribution required.
Bac Lieu,95,,2024-08,27.507594086021506,84.54995993548387,273.9,273.9,8.87206523561828,744,open_meteo,D:\MONEY VERSE\datasets\weather\weather_all_vietnam.csv,2026-05-18T15:57:27.004962+00:00,Open-Meteo public API data; attribution required.
Bac Lieu,95,,2024-09,27.04854166666667,85.57876709305556,307.7,307.7,12.10441337486111,720,open_meteo,D:\MONEY VERSE\datasets\weather\weather_all_vietnam.csv,2026-05-18T15:57:27.004962+00:00,Open-Meteo public API data; attribution required.
Bac Lieu,95,,2024-10,26.647311827956987,87.06975017607527,412.9,412.9,7.65457485719086,744,open_meteo,D:\MONEY VERSE\datasets\weather\weather_all_vietnam.csv,2026-05-18T15:57:27.004962+00:00,Open-Meteo public API data; attribution required.
Bac Lieu,95,,2024-11,27.00847222222222,82.54341047083334,133.8,133.8,11.064607936722222,720,open_meteo,D:\MONEY VERSE\datasets\weather\weather_all_vietnam.csv,2026-05-18T15:57:27.004962+00:00,Open-Meteo public API data; attribution required.
Bac Lieu,95,,2024-12,25.818548387096776,85.27964717473118,180.5,180.5,9.998690363239248,744,open_meteo,D:\MONEY VERSE\datasets\weather\weather_all_vietnam.csv,2026-05-18T15:57:27.004962+00:00,Open-Meteo public API data; attribution required.
Bac Lieu,95,,2025-01,25.474798387096776,78.8149077983871,38.8,38.8,9.96513078922043,744,open_meteo,D:\MONEY VERSE\datasets\weather\weather_all_vietnam.csv,2026-05-18T15:57:27.004962+00:00,Open-Meteo public API data; attribution required.
Bac Lieu,95,,2025-02,26.596800595238093,75.53943663095238,15.700000000000001,15.700000000000001,13.601031216815475,672,open_meteo,D:\MONEY VERSE\datasets\weather\weather_all_vietnam.csv,2026-05-18T15:57:27.004962+00:00,Open-Meteo public API data; attribution required.
Bac Lieu,95,,2025-03,27.80383064516129,73.96649703629032,15.2,15.2,13.793109065819893,744,open_meteo,D:\MONEY VERSE\datasets\weather\weather_all_vietnam.csv,2026-05-18T15:57:27.004962+00:00,Open-Meteo public API data; attribution required.
Bac Lieu,95,,2025-04,28.50395833333333,76.69844568333333,80.8,80.8,10.48409867775,720,open_meteo,D:\MONEY VERSE\datasets\weather\weather_all_vietnam.csv,2026-05-18T15:57:27.004962+00:00,Open-Meteo public API data; attribution required.
Bac Lieu,95,,2025-05,28.32520161290323,81.0349867298387,301.4,301.4,7.555352857607526,744,open_meteo,D:\MONEY VERSE\datasets\weather\weather_all_vietnam.csv,2026-05-18T15:57:27.004962+00:00,Open-Meteo public API data; attribution required.
Bac Lieu,95,,2025-06,27.420069444444444,85.24920107916667,295.6,295.6,10.143084746500001,720,open_meteo,D:\MONEY VERSE\datasets\weather\weather_all_vietnam.csv,2026-05-18T15:57:27.004962+00:00,Open-Meteo public API data; attribution required.
Bac Lieu,95,,2025-07,27.675739247311828,84.05769397446237,247.6,247.6,12.059116951344087,744,open_meteo,D:\MONEY VERSE\datasets\weather\weather_all_vietnam.csv,2026-05-18T15:57:27.004962+00:00,Open-Meteo public API data; attribution required.
Bac Lieu,95,,2025-08,27.020698924731185,85.13620390725806,315.3,315.3,10.337889353682796,744,open_meteo,D:\MONEY VERSE\datasets\weather\weather_all_vietnam.csv,2026-05-18T15:57:27.004962+00:00,Open-Meteo public API data; attribution required.
Bac Lieu,95,,2025-09,26.904097222222223,85.16948673194445,337.3,337.3,10.197407418152778,720,open_meteo,D:\MONEY VERSE\datasets\weather\weather_all_vietnam.csv,2026-05-18T15:57:27.004962+00:00,Open-Meteo public API data; attribution required.
Bac Lieu,95,,2025-10,26.917069892473116,85.51739520698925,308.5,308.5,6.802615449274194,744,open_meteo,D:\MONEY VERSE\datasets\weather\weather_all_vietnam.csv,2026-05-18T15:57:27.004962+00:00,Open-Meteo public API data; attribution required.
Bac Lieu,95,,2025-11,26.04263888888889,85.14837104722223,247.29999999999998,247.29999999999998,9.219196202930554,720,open_meteo,D:\MONEY VERSE\datasets\weather\weather_all_vietnam.csv,2026-05-18T15:57:27.004962+00:00,Open-Meteo public API data; attribution required.
Bac Lieu,95,,2025-12,26.15665322580645,82.03208070295699,125.5,125.5,9.823689116223118,744,open_meteo,D:\MONEY VERSE\datasets\weather\weather_all_vietnam.csv,2026-05-18T15:57:27.004962+00:00,Open-Meteo public API data; attribution required.
Bac Lieu,95,,2026-01,25.010752688172044,77.58463923924731,20.3,20.3,10.688574857432796,744,open_meteo,D:\MONEY VERSE\datasets\weather\weather_all_vietnam.csv,2026-05-18T15:57:27.004962+00:00,Open-Meteo public API data; attribution required.
Bac Lieu,95,,2026-02,26.656175595238096,73.42034144345237,62.599999999999994,62.599999999999994,13.998654221175595,672,open_meteo,D:\MONEY VERSE\datasets\weather\weather_all_vietnam.csv,2026-05-18T15:57:27.004962+00:00,Open-Meteo public API data; attribution required.
Bac Lieu,95,,2026-03,27.291129032258063,74.47170260080645,21.3,21.3,12.59449865967742,744,open_meteo,D:\MONEY VERSE\datasets\weather\weather_all_vietnam.csv,2026-05-18T15:57:27.004962+00:00,Open-Meteo public API data; attribution required.
Bac Lieu,95,,2026-04,28.924305555555556,70.12154862222222,3.4000000000000004,3.4000000000000004,9.279749423375,720,open_meteo,D:\MONEY VERSE\datasets\weather\weather_all_vietnam.csv,2026-05-18T15:57:27.004962+00:00,Open-Meteo public API data; attribution required.
Bac Lieu,95,,2026-05,29.371643518518518,75.42983109027779,88.4,84.30000004,10.653178203472223,432,open_meteo,D:\MONEY VERSE\datasets\weather\weather_all_vietnam.csv,2026-05-18T15:57:27.004962+00:00,Open-Meteo public API data; attribution required.
Bac Ninh,27,,2021-05,28.837029569892472,80.88347564919356,150.4,150.4,12.276047444865592,744,open_meteo,D:\MONEY VERSE\datasets\weather\weather_all_vietnam.csv,2026-05-18T15:57:27.004962+00:00,Open-Meteo public API data; attribution required.
Bac Ninh,27,,2021-06,30.053472222222222,75.34674433472222,233.4,233.4,9.395055266805555,720,open_meteo,D:\MONEY VERSE\datasets\weather\weather_all_vietnam.csv,2026-05-18T15:57:27.004962+00:00,Open-Meteo public API data; attribution required.
Bac Ninh,27,,2021-07,29.42271505376344,81.15891080376343,304.0,304.0,8.440077581586023,744,open_meteo,D:\MONEY VERSE\datasets\weather\weather_all_vietnam.csv,2026-05-18T15:57:27.004962+00:00,Open-Meteo public API data; attribution required.
Bac Ninh,27,,2021-08,28.998924731182797,84.82521433064515,313.8,313.8,7.823900934086022,744,open_meteo,D:\MONEY VERSE\datasets\weather\weather_all_vietnam.csv,2026-05-18T15:57:27.004962+00:00,Open-Meteo public API data; attribution required.
Bac Ninh,27,,2021-09,27.491666666666667,87.10975164305555,252.3,252.3,6.163516107472222,720,open_meteo,D:\MONEY VERSE\datasets\weather\weather_all_vietnam.csv,2026-05-18T15:57:27.004962+00:00,Open-Meteo public API data; attribution required.
Bac Ninh,27,,2021-10,23.443615591397847,78.67864090860215,412.1,412.1,12.19069906438172,744,open_meteo,D:\MONEY VERSE\datasets\weather\weather_all_vietnam.csv,2026-05-18T15:57:27.004962+00:00,Open-Meteo public API data; attribution required.
Bac Ninh,27,,2021-11,20.78673611111111,72.30061627222223,40.1,40.1,10.157854755694444,720,open_meteo,D:\MONEY VERSE\datasets\weather\weather_all_vietnam.csv,2026-05-18T15:57:27.004962+00:00,Open-Meteo public API data; attribution required.
Bac Ninh,27,,2021-12,17.578763440860214,67.51338407392474,11.3,11.3,8.53072018514785,744,open_meteo,D:\MONEY VERSE\datasets\weather\weather_all_vietnam.csv,2026-05-18T15:57:27.004962+00:00,Open-Meteo public API data; attribution required.
Bac Ninh,27,,2022-01,17.650000000000002,80.57457253494624,78.1,78.1,9.046946394287636,744,open_meteo,D:\MONEY VERSE\datasets\weather\weather_all_vietnam.csv,2026-05-18T15:57:27.004962+00:00,Open-Meteo public API data; attribution required.
Bac Ninh,27,,2022-02,14.386160714285714,78.17525770535715,110.60000000000001,110.60000000000001,9.407087619196428,672,open_meteo,D:\MONEY VERSE\datasets\weather\weather_all_vietnam.csv,2026-05-18T15:57:27.004962+00:00,Open-Meteo public API data; attribution required.
Bac Ninh,27,,2022-03,22.012163978494623,83.4370719623656,98.4,98.4,10.129430179408603,744,open_meteo,D:\MONEY VERSE\datasets\weather\weather_all_vietnam.csv,2026-05-18T15:57:27.004962+00:00,Open-Meteo public API data; attribution required.
Bac Ninh,27,,2022-04,23.248541666666668,77.07799931944444,58.6,58.6,11.185563646527777,720,open_meteo,D:\MONEY VERSE\datasets\weather\weather_all_vietnam.csv,2026-05-18T15:57:27.004962+00:00,Open-Meteo public API data; attribution required.
Bac Ninh,27,,2022-05,25.251008064516128,81.89150919086022,346.6,346.6,9.339045633965053,744,open_meteo,D:\MONEY VERSE\datasets\weather\weather_all_vietnam.csv,2026-05-18T15:57:27.004962+00:00,Open-Meteo public API data; attribution required.
Bac Ninh,27,,2022-06,29.196944444444444,79.33591334722222,244.5,244.5,9.527906360333333,720,open_meteo,D:\MONEY VERSE\datasets\weather\weather_all_vietnam.csv,2026-05-18T15:57:27.004962+00:00,Open-Meteo public API data; attribution required.
Bac Ninh,27,,2022-07,28.719354838709677,83.63386393413978,301.3,301.3,7.926047806814515,744,open_meteo,D:\MONEY VERSE\datasets\weather\weather_all_vietnam.csv,2026-05-18T15:57:27.004962+00:00,Open-Meteo public API data; attribution required.
Bac Ninh,27,,2022-08,27.97654569892473,86.12079832661291,475.7,475.7,7.8339050581989245,744,open_meteo,D:\MONEY VERSE\datasets\weather\weather_all_vietnam.csv,2026-05-18T15:57:27.004962+00:00,Open-Meteo public API data; attribution required.
Bac Ninh,27,,2022-09,27.056458333333335,84.24436470694444,341.5,341.5,6.687549161347222,720,open_meteo,D:\MONEY VERSE\datasets\weather\weather_all_vietnam.csv,2026-05-18T15:57:27.004962+00:00,Open-Meteo public API data; attribution required.
Bac Ninh,27,,2022-10,24.045967741935485,74.1840978172043,142.3,142.3,9.308087681639785,744,open_meteo,D:\MONEY VERSE\datasets\weather\weather_all_vietnam.csv,2026-05-18T15:57:27.004962+00:00,Open-Meteo public API data; attribution required.
Bac Ninh,27,,2022-11,24.155625,79.11933435694445,85.5,85.5,8.56140327275,720,open_meteo,D:\MONEY VERSE\datasets\weather\weather_all_vietnam.csv,2026-05-18T15:57:27.004962+00:00,Open-Meteo public API data; attribution required.
Bac Ninh,27,,2022-12,16.009811827956987,61.24998137903226,9.7,9.7,10.278672477419356,744,open_meteo,D:\MONEY VERSE\datasets\weather\weather_all_vietnam.csv,2026-05-18T15:57:27.004962+00:00,Open-Meteo public API data; attribution required.
Bac Ninh,27,,2023-01,16.517943548387098,64.05205419354839,10.9,10.9,9.098487493642473,744,open_meteo,D:\MONEY VERSE\datasets\weather\weather_all_vietnam.csv,2026-05-18T15:57:27.004962+00:00,Open-Meteo public API data; attribution required.
Bac Ninh,27,,2023-02,19.899627976190477,76.23446254613096,44.8,44.8,10.832338341145833,672,open_meteo,D:\MONEY VERSE\datasets\weather\weather_all_vietnam.csv,2026-05-18T15:57:27.004962+00:00,Open-Meteo public API data; attribution required.
Bac Ninh,27,,2023-03,22.3315188172043,74.48493660349462,38.5,38.5,10.149850536827957,744,open_meteo,D:\MONEY VERSE\datasets\weather\weather_all_vietnam.csv,2026-05-18T15:57:27.004962+00:00,Open-Meteo public API data; attribution required.
Bac Ninh,27,,2023-04,25.290972222222223,80.77572467361111,49.3,49.3,10.863501490138889,720,open_meteo,D:\MONEY VERSE\datasets\weather\weather_all_vietnam.csv,2026-05-18T15:57:27.004962+00:00,Open-Meteo public API data; attribution required.
Bac Ninh,27,,2023-05,28.082728494623655,77.9766191451613,128.9,128.9,10.723242391666666,744,open_meteo,D:\MONEY VERSE\datasets\weather\weather_all_vietnam.csv,2026-05-18T15:57:27.004962+00:00,Open-Meteo public API data; attribution required.
Bac Ninh,27,,2023-06,28.96138888888889,82.81796713888889,393.8,393.8,7.99037689051389,720,open_meteo,D:\MONEY VERSE\datasets\weather\weather_all_vietnam.csv,2026-05-18T15:57:27.004962+00:00,Open-Meteo public API data; attribution required.
Bac Ninh,27,,2023-07,30.0557123655914,77.6539375094086,198.8,198.8,9.687601704166665,744,open_meteo,D:\MONEY VERSE\datasets\weather\weather_all_vietnam.csv,2026-05-18T15:57:27.004962+00:00,Open-Meteo public API data; attribution required.
Bac Ninh,27,,2023-08,28.04643817204301,86.1764616841398,485.8,485.8,6.390084757056451,744,open_meteo,D:\MONEY VERSE\datasets\weather\weather_all_vietnam.csv,2026-05-18T15:57:27.004962+00:00,Open-Meteo public API data; attribution required.
Bac Ninh,27,,2023-09,27.262847222222224,85.13939346250001,358.2,358.2,7.769491517402778,720,open_meteo,D:\MONEY VERSE\datasets\weather\weather_all_vietnam.csv,2026-05-18T15:57:27.004962+00:00,Open-Meteo public API data; attribution required.
Bac Ninh,27,,2023-10,25.96895161290323,73.30865855376345,65.6,65.6,9.095710085389785,744,open_meteo,D:\MONEY VERSE\datasets\weather\weather_all_vietnam.csv,2026-05-18T15:57:27.004962+00:00,Open-Meteo public API data; attribution required.
Bac Ninh,27,,2023-11,22.694444444444443,75.86620183055555,44.6,44.6,8.478058858708334,720,open_meteo,D:\MONEY VERSE\datasets\weather\weather_all_vietnam.csv,2026-05-18T15:57:27.004962+00:00,Open-Meteo public API data; attribution required.
Bac Ninh,27,,2023-12,18.64731182795699,68.16678142473118,14.3,14.3,10.314367765591397,744,open_meteo,D:\MONEY VERSE\datasets\weather\weather_all_vietnam.csv,2026-05-18T15:57:27.004962+00:00,Open-Meteo public API data; attribution required.
Bac Ninh,27,,2024-01,17.545698924731184,79.86718229032257,120.9,120.9,9.902646485887097,744,open_meteo,D:\MONEY VERSE\datasets\weather\weather_all_vietnam.csv,2026-05-18T15:57:27.004962+00:00,Open-Meteo public API data; attribution required.
Bac Ninh,27,,2024-02,19.18132183908046,78.2145832270115,31.400000000000002,31.400000000000002,11.767866522126436,696,open_meteo,D:\MONEY VERSE\datasets\weather\weather_all_vietnam.csv,2026-05-18T15:57:27.004962+00:00,Open-Meteo public API data; attribution required.
Bac Ninh,27,,2024-03,21.48393817204301,81.92824367069893,59.4,59.4,9.978095813884408,744,open_meteo,D:\MONEY VERSE\datasets\weather\weather_all_vietnam.csv,2026-05-18T15:57:27.004962+00:00,Open-Meteo public API data; attribution required.
Bac Ninh,27,,2024-04,27.717430555555556,80.1326984375,48.8,48.8,11.501049871666666,720,open_meteo,D:\MONEY VERSE\datasets\weather\weather_all_vietnam.csv,2026-05-18T15:57:27.004962+00:00,Open-Meteo public API data; attribution required.
Bac Ninh,27,,2024-05,27.324059139784943,83.7405272217742,287.5,287.5,9.399190994623655,744,open_meteo,D:\MONEY VERSE\datasets\weather\weather_all_vietnam.csv,2026-05-18T15:57:27.004962+00:00,Open-Meteo public API data; attribution required.
Bac Ninh,27,,2024-06,29.033333333333335,83.19411197777778,453.9,453.9,9.025585528333332,720,open_meteo,D:\MONEY VERSE\datasets\weather\weather_all_vietnam.csv,2026-05-18T15:57:27.004962+00:00,Open-Meteo public API data; attribution required.
Bac Ninh,27,,2024-07,28.826344086021503,83.67666758602151,471.0,471.0,9.82544160967742,744,open_meteo,D:\MONEY VERSE\datasets\weather\weather_all_vietnam.csv,2026-05-18T15:57:27.004962+00:00,Open-Meteo public API data; attribution required.
Bac Ninh,27,,2024-08,28.732594086021503,84.91548836290322,306.5,306.5,6.947104129247312,744,open_meteo,D:\MONEY VERSE\datasets\weather\weather_all_vietnam.csv,2026-05-18T15:57:27.004962+00:00,Open-Meteo public API data; attribution required.
Bac Ninh,27,,2024-09,27.36645833333333,85.69601444861111,552.3,552.3,9.382425091194445,720,open_meteo,D:\MONEY VERSE\datasets\weather\weather_all_vietnam.csv,2026-05-18T15:57:27.004962+00:00,Open-Meteo public API data; attribution required.
Bac Ninh,27,,2024-10,25.39307795698925,69.6737516344086,63.4,63.4,9.612788508467743,744,open_meteo,D:\MONEY VERSE\datasets\weather\weather_all_vietnam.csv,2026-05-18T15:57:27.004962+00:00,Open-Meteo public API data; attribution required.
Bac Ninh,27,,2024-11,23.47201388888889,65.4687616,7.4,7.4,8.181089612291666,720,open_meteo,D:\MONEY VERSE\datasets\weather\weather_all_vietnam.csv,2026-05-18T15:57:27.004962+00:00,Open-Meteo public API data; attribution required.
Bac Ninh,27,,2024-12,18.09388440860215,63.88075424865591,8.7,8.7,8.889483922392474,744,open_meteo,D:\MONEY VERSE\datasets\weather\weather_all_vietnam.csv,2026-05-18T15:57:27.004962+00:00,Open-Meteo public API data; attribution required.
Bac Ninh,27,,2025-01,16.99247311827957,66.46303817338709,14.7,14.7,8.807749470026883,744,open_meteo,D:\MONEY VERSE\datasets\weather\weather_all_vietnam.csv,2026-05-18T15:57:27.004962+00:00,Open-Meteo public API data; attribution required.
Bac Ninh,27,,2025-02,17.383556547619047,78.0274599985119,52.7,52.7,9.156322022767856,672,open_meteo,D:\MONEY VERSE\datasets\weather\weather_all_vietnam.csv,2026-05-18T15:57:27.004962+00:00,Open-Meteo public API data; attribution required.
Bac Ninh,27,,2025-03,20.30349462365591,75.93847756182795,29.1,29.1,10.710357518064516,744,open_meteo,D:\MONEY VERSE\datasets\weather\weather_all_vietnam.csv,2026-05-18T15:57:27.004962+00:00,Open-Meteo public API data; attribution required.
Bac Ninh,27,,2025-04,24.440416666666664,80.67578952777778,125.4,125.4,9.989449291083332,720,open_meteo,D:\MONEY VERSE\datasets\weather\weather_all_vietnam.csv,2026-05-18T15:57:27.004962+00:00,Open-Meteo public API data; attribution required.
Bac Ninh,27,,2025-05,26.81639784946237,83.2323203077957,261.9,261.9,10.403313313413978,744,open_meteo,D:\MONEY VERSE\datasets\weather\weather_all_vietnam.csv,2026-05-18T15:57:27.004962+00:00,Open-Meteo public API data; attribution required.
Bac Ninh,27,,2025-06,28.810902777777777,82.51827985972223,466.2,466.2,9.475458968583332,720,open_meteo,D:\MONEY VERSE\datasets\weather\weather_all_vietnam.csv,2026-05-18T15:57:27.004962+00:00,Open-Meteo public API data; attribution required.
Bac Ninh,27,,2025-07,28.773790322580645,83.98665958467743,336.4,336.4,7.421105910873656,744,open_meteo,D:\MONEY VERSE\datasets\weather\weather_all_vietnam.csv,2026-05-18T15:57:27.004962+00:00,Open-Meteo public API data; attribution required.
Bac Ninh,27,,2025-08,28.17600806451613,85.4932295,343.6,343.6,8.862516541357527,744,open_meteo,D:\MONEY VERSE\datasets\weather\weather_all_vietnam.csv,2026-05-18T15:57:27.004962+00:00,Open-Meteo public API data; attribution required.
Bac Ninh,27,,2025-09,27.685902777777777,84.26232614861111,326.3,326.3,7.675677520527778,720,open_meteo,D:\MONEY VERSE\datasets\weather\weather_all_vietnam.csv,2026-05-18T15:57:27.004962+00:00,Open-Meteo public API data; attribution required.
Bac Ninh,27,,2025-10,25.27587365591398,78.85597840188171,259.1,259.1,8.400097340537634,744,open_meteo,D:\MONEY VERSE\datasets\weather\weather_all_vietnam.csv,2026-05-18T15:57:27.004962+00:00,Open-Meteo public API data; attribution required.
Bac Ninh,27,,2025-11,20.27284722222222,71.88033124027778,69.6,69.6,9.010753113305556,720,open_meteo,D:\MONEY VERSE\datasets\weather\weather_all_vietnam.csv,2026-05-18T15:57:27.004962+00:00,Open-Meteo public API data; attribution required.
Bac Ninh,27,,2025-12,20.08279569892473,75.37376524731182,38.2,38.2,8.100688360040323,744,open_meteo,D:\MONEY VERSE\datasets\weather\weather_all_vietnam.csv,2026-05-18T15:57:27.004962+00:00,Open-Meteo public API data; attribution required.
Bac Ninh,27,,2026-01,17.202083333333334,76.39914758064516,63.3,63.3,8.734490034690861,744,open_meteo,D:\MONEY VERSE\datasets\weather\weather_all_vietnam.csv,2026-05-18T15:57:27.004962+00:00,Open-Meteo public API data; attribution required.
Bac Ninh,27,,2026-02,20.400818452380953,81.72705066964285,72.8,72.8,9.849374392098214,672,open_meteo,D:\MONEY VERSE\datasets\weather\weather_all_vietnam.csv,2026-05-18T15:57:27.004962+00:00,Open-Meteo public API data; attribution required.
Bac Ninh,27,,2026-03,23.121841397849465,78.73210368145162,41.8,41.8,12.078288657298385,744,open_meteo,D:\MONEY VERSE\datasets\weather\weather_all_vietnam.csv,2026-05-18T15:57:27.004962+00:00,Open-Meteo public API data; attribution required.
Bac Ninh,27,,2026-04,27.042291666666667,79.22498073472222,176.5,176.5,11.064151048152779,720,open_meteo,D:\MONEY VERSE\datasets\weather\weather_all_vietnam.csv,2026-05-18T15:57:27.004962+00:00,Open-Meteo public API data; attribution required.
Bac Ninh,27,,2026-05,26.50115740740741,82.99641402546295,195.2,177.299999478,9.754425321064813,432,open_meteo,D:\MONEY VERSE\datasets\weather\weather_all_vietnam.csv,2026-05-18T15:57:27.004962+00:00,Open-Meteo public API data; attribution required.
Ben Tre,83,,2021-05,27.835685483870968,85.68297062634409,200.5,200.5,7.830197024435484,744,open_meteo,D:\MONEY VERSE\datasets\weather\weather_all_vietnam.csv,2026-05-18T15:57:27.004962+00:00,Open-Meteo public API data; attribution required.
Ben Tre,83,,2021-06,27.42888888888889,86.71874446805555,163.5,163.5,9.089555586305556,720,open_meteo,D:\MONEY VERSE\datasets\weather\weather_all_vietnam.csv,2026-05-18T15:57:27.004962+00:00,Open-Meteo public API data; attribution required.
Ben Tre,83,,2021-07,26.8684811827957,88.84221113306452,295.0,295.0,9.351639959919355,744,open_meteo,D:\MONEY VERSE\datasets\weather\weather_all_vietnam.csv,2026-05-18T15:57:27.004962+00:00,Open-Meteo public API data; attribution required.
Ben Tre,83,,2021-08,26.813440860215056,88.48578305376344,320.7,320.7,8.08537443436828,744,open_meteo,D:\MONEY VERSE\datasets\weather\weather_all_vietnam.csv,2026-05-18T15:57:27.004962+00:00,Open-Meteo public API data; attribution required.
Ben Tre,83,,2021-09,26.24326388888889,90.94733764722221,399.6,399.6,7.4156019881388895,720,open_meteo,D:\MONEY VERSE\datasets\weather\weather_all_vietnam.csv,2026-05-18T15:57:27.004962+00:00,Open-Meteo public API data; attribution required.
Ben Tre,83,,2021-10,26.22755376344086,90.25990134811828,326.5,326.5,7.29484605452957,744,open_meteo,D:\MONEY VERSE\datasets\weather\weather_all_vietnam.csv,2026-05-18T15:57:27.004962+00:00,Open-Meteo public API data; attribution required.
Ben Tre,83,,2021-11,26.07138888888889,88.90599663055556,387.7,387.7,8.270382705833333,720,open_meteo,D:\MONEY VERSE\datasets\weather\weather_all_vietnam.csv,2026-05-18T15:57:27.004962+00:00,Open-Meteo public API data; attribution required.
Ben Tre,83,,2021-12,25.792943548387097,80.92783574327957,20.9,20.9,7.221445922849463,744,open_meteo,D:\MONEY VERSE\datasets\weather\weather_all_vietnam.csv,2026-05-18T15:57:27.004962+00:00,Open-Meteo public API data; attribution required.
Ben Tre,83,,2022-01,26.13427419354839,77.13075306317204,14.700000000000001,14.700000000000001,8.900911029032258,744,open_meteo,D:\MONEY VERSE\datasets\weather\weather_all_vietnam.csv,2026-05-18T15:57:27.004962+00:00,Open-Meteo public API data; attribution required.
Ben Tre,83,,2022-02,27.18482142857143,74.07422179613096,8.6,8.6,12.339817660863096,672,open_meteo,D:\MONEY VERSE\datasets\weather\weather_all_vietnam.csv,2026-05-18T15:57:27.004962+00:00,Open-Meteo public API data; attribution required.
Ben Tre,83,,2022-03,27.64905913978495,76.91480311962366,83.2,83.2,9.696923121505376,744,open_meteo,D:\MONEY VERSE\datasets\weather\weather_all_vietnam.csv,2026-05-18T15:57:27.004962+00:00,Open-Meteo public API data; attribution required.
Ben Tre,83,,2022-04,27.23326388888889,83.53933372638889,222.2,222.2,7.172748853430556,720,open_meteo,D:\MONEY VERSE\datasets\weather\weather_all_vietnam.csv,2026-05-18T15:57:27.004962+00:00,Open-Meteo public API data; attribution required.
Ben Tre,83,,2022-05,26.944086021505377,88.81563648118279,338.0,338.0,7.772281119784946,744,open_meteo,D:\MONEY VERSE\datasets\weather\weather_all_vietnam.csv,2026-05-18T15:57:27.004962+00:00,Open-Meteo public API data; attribution required.
Ben Tre,83,,2022-06,27.25534722222222,86.51498140277778,259.5,259.5,5.885439272055555,720,open_meteo,D:\MONEY VERSE\datasets\weather\weather_all_vietnam.csv,2026-05-18T15:57:27.004962+00:00,Open-Meteo public API data; attribution required.
Ben Tre,83,,2022-07,26.54717741935484,88.76712702553763,307.4,307.4,8.538746244314515,744,open_meteo,D:\MONEY VERSE\datasets\weather\weather_all_vietnam.csv,2026-05-18T15:57:27.004962+00:00,Open-Meteo public API data; attribution required.
Ben Tre,83,,2022-08,26.446236559139784,88.61881587903225,328.5,328.5,7.821574183575269,744,open_meteo,D:\MONEY VERSE\datasets\weather\weather_all_vietnam.csv,2026-05-18T15:57:27.004962+00:00,Open-Meteo public API data; attribution required.
Ben Tre,83,,2022-09,25.999861111111112,90.14213265416666,384.4,384.4,7.829307072569445,720,open_meteo,D:\MONEY VERSE\datasets\weather\weather_all_vietnam.csv,2026-05-18T15:57:27.004962+00:00,Open-Meteo public API data; attribution required.
Ben Tre,83,,2022-10,25.865860215053765,89.1343408642473,336.9,336.9,6.167760852634408,744,open_meteo,D:\MONEY VERSE\datasets\weather\weather_all_vietnam.csv,2026-05-18T15:57:27.004962+00:00,Open-Meteo public API data; attribution required.
Ben Tre,83,,2022-11,26.13888888888889,87.7050185111111,217.2,217.2,7.649613631597222,720,open_meteo,D:\MONEY VERSE\datasets\weather\weather_all_vietnam.csv,2026-05-18T15:57:27.004962+00:00,Open-Meteo public API data; attribution required.
Ben Tre,83,,2022-12,25.56411290322581,80.76024597983871,65.6,65.6,7.145587913239248,744,open_meteo,D:\MONEY VERSE\datasets\weather\weather_all_vietnam.csv,2026-05-18T15:57:27.004962+00:00,Open-Meteo public API data; attribution required.
Ben Tre,83,,2023-01,25.118682795698923,82.5224703266129,106.7,106.7,7.081651330645162,744,open_meteo,D:\MONEY VERSE\datasets\weather\weather_all_vietnam.csv,2026-05-18T15:57:27.004962+00:00,Open-Meteo public API data; attribution required.
Ben Tre,83,,2023-02,26.224479166666665,76.80691429464285,13.8,13.8,9.795621448184525,672,open_meteo,D:\MONEY VERSE\datasets\weather\weather_all_vietnam.csv,2026-05-18T15:57:27.004962+00:00,Open-Meteo public API data; attribution required.
Ben Tre,83,,2023-03,26.524798387096777,74.73926270833333,1.4000000000000001,1.4000000000000001,10.666577568145161,744,open_meteo,D:\MONEY VERSE\datasets\weather\weather_all_vietnam.csv,2026-05-18T15:57:27.004962+00:00,Open-Meteo public API data; attribution required.
Ben Tre,83,,2023-04,28.639444444444447,77.7899593625,78.4,78.4,8.243623070694444,720,open_meteo,D:\MONEY VERSE\datasets\weather\weather_all_vietnam.csv,2026-05-18T15:57:27.004962+00:00,Open-Meteo public API data; attribution required.
Ben Tre,83,,2023-05,28.191129032258065,83.50119068682795,209.7,209.7,7.710012473655914,744,open_meteo,D:\MONEY VERSE\datasets\weather\weather_all_vietnam.csv,2026-05-18T15:57:27.004962+00:00,Open-Meteo public API data; attribution required.
Ben Tre,83,,2023-06,27.26361111111111,87.9459487375,249.8,249.8,7.663000571763889,720,open_meteo,D:\MONEY VERSE\datasets\weather\weather_all_vietnam.csv,2026-05-18T15:57:27.004962+00:00,Open-Meteo public API data; attribution required.
Ben Tre,83,,2023-07,26.517943548387095,89.84781081451614,422.3,422.3,9.737619942607527,744,open_meteo,D:\MONEY VERSE\datasets\weather\weather_all_vietnam.csv,2026-05-18T15:57:27.004962+00:00,Open-Meteo public API data; attribution required.
Ben Tre,83,,2023-08,27.124059139784944,87.10021244623657,248.8,248.8,10.177169980241935,744,open_meteo,D:\MONEY VERSE\datasets\weather\weather_all_vietnam.csv,2026-05-18T15:57:27.004962+00:00,Open-Meteo public API data; attribution required.
Ben Tre,83,,2023-09,26.252152777777777,90.8830705125,458.9,458.9,8.257094586027778,720,open_meteo,D:\MONEY VERSE\datasets\weather\weather_all_vietnam.csv,2026-05-18T15:57:27.004962+00:00,Open-Meteo public API data; attribution required.
Ben Tre,83,,2023-10,26.60625,90.17717900940859,428.4,428.4,5.598835852163978,744,open_meteo,D:\MONEY VERSE\datasets\weather\weather_all_vietnam.csv,2026-05-18T15:57:27.004962+00:00,Open-Meteo public API data; attribution required.
Ben Tre,83,,2023-11,26.664375,86.12690167083333,133.4,133.4,7.182988548861111,720,open_meteo,D:\MONEY VERSE\datasets\weather\weather_all_vietnam.csv,2026-05-18T15:57:27.004962+00:00,Open-Meteo public API data; attribution required.
Ben Tre,83,,2023-12,26.881854838709675,79.00276418548387,25.1,25.1,8.32184706892473,744,open_meteo,D:\MONEY VERSE\datasets\weather\weather_all_vietnam.csv,2026-05-18T15:57:27.004962+00:00,Open-Meteo public API data; attribution required.
Ben Tre,83,,2024-01,26.683669354838713,74.5153119704301,3.6,3.6,9.671006495698926,744,open_meteo,D:\MONEY VERSE\datasets\weather\weather_all_vietnam.csv,2026-05-18T15:57:27.004962+00:00,Open-Meteo public API data; attribution required.
Ben Tre,83,,2024-02,27.158764367816094,75.02557219971264,2.9000000000000004,2.9000000000000004,11.970962459051723,696,open_meteo,D:\MONEY VERSE\datasets\weather\weather_all_vietnam.csv,2026-05-18T15:57:27.004962+00:00,Open-Meteo public API data; attribution required.
Ben Tre,83,,2024-03,28.109274193548387,74.33763889112903,2.2,2.2,11.858788095255377,744,open_meteo,D:\MONEY VERSE\datasets\weather\weather_all_vietnam.csv,2026-05-18T15:57:27.004962+00:00,Open-Meteo public API data; attribution required.
Ben Tre,83,,2024-04,29.717847222222222,72.54705969027778,2.8000000000000003,2.8000000000000003,9.365386797361111,720,open_meteo,D:\MONEY VERSE\datasets\weather\weather_all_vietnam.csv,2026-05-18T15:57:27.004962+00:00,Open-Meteo public API data; attribution required.
Ben Tre,83,,2024-05,29.00927419354839,82.5460267405914,227.9,227.9,6.9531757909946235,744,open_meteo,D:\MONEY VERSE\datasets\weather\weather_all_vietnam.csv,2026-05-18T15:57:27.004962+00:00,Open-Meteo public API data; attribution required.
Ben Tre,83,,2024-06,27.811736111111113,85.67866885277778,260.0,260.0,7.392140573013888,720,open_meteo,D:\MONEY VERSE\datasets\weather\weather_all_vietnam.csv,2026-05-18T15:57:27.004962+00:00,Open-Meteo public API data; attribution required.
Ben Tre,83,,2024-07,26.441263440860215,90.2961528655914,394.0,394.0,8.964669931720431,744,open_meteo,D:\MONEY VERSE\datasets\weather\weather_all_vietnam.csv,2026-05-18T15:57:27.004962+00:00,Open-Meteo public API data; attribution required.
Ben Tre,83,,2024-08,27.14059139784946,87.58329622715053,268.5,268.5,7.05868164217742,744,open_meteo,D:\MONEY VERSE\datasets\weather\weather_all_vietnam.csv,2026-05-18T15:57:27.004962+00:00,Open-Meteo public API data; attribution required.
Ben Tre,83,,2024-09,26.498472222222226,90.30018004027778,440.9,440.9,9.489988783722222,720,open_meteo,D:\MONEY VERSE\datasets\weather\weather_all_vietnam.csv,2026-05-18T15:57:27.004962+00:00,Open-Meteo public API data; attribution required.
Ben Tre,83,,2024-10,26.267271505376343,90.09117306586022,390.7,390.7,6.107898563319893,744,open_meteo,D:\MONEY VERSE\datasets\weather\weather_all_vietnam.csv,2026-05-18T15:57:27.004962+00:00,Open-Meteo public API data; attribution required.
Ben Tre,83,,2024-11,26.884236111111115,84.47219271805555,117.7,117.7,7.018838290416666,720,open_meteo,D:\MONEY VERSE\datasets\weather\weather_all_vietnam.csv,2026-05-18T15:57:27.004962+00:00,Open-Meteo public API data; attribution required.
Ben Tre,83,,2024-12,25.995631720430108,84.04337273252688,174.4,174.4,7.021977263575269,744,open_meteo,D:\MONEY VERSE\datasets\weather\weather_all_vietnam.csv,2026-05-18T15:57:27.004962+00:00,Open-Meteo public API data; attribution required.
Ben Tre,83,,2025-01,25.694825268817205,77.67597600537634,24.900000000000002,24.900000000000002,6.351541285577958,744,open_meteo,D:\MONEY VERSE\datasets\weather\weather_all_vietnam.csv,2026-05-18T15:57:27.004962+00:00,Open-Meteo public API data; attribution required.
Ben Tre,83,,2025-02,26.492038690476193,76.33847346130953,37.7,37.7,9.368019761919644,672,open_meteo,D:\MONEY VERSE\datasets\weather\weather_all_vietnam.csv,2026-05-18T15:57:27.004962+00:00,Open-Meteo public API data; attribution required.
Ben Tre,83,,2025-03,27.773521505376344,74.53097903225806,10.2,10.2,10.163411738615592,744,open_meteo,D:\MONEY VERSE\datasets\weather\weather_all_vietnam.csv,2026-05-18T15:57:27.004962+00:00,Open-Meteo public API data; attribution required.
Ben Tre,83,,2025-04,28.37326388888889,77.6893999236111,49.5,49.5,8.670639615138889,720,open_meteo,D:\MONEY VERSE\datasets\weather\weather_all_vietnam.csv,2026-05-18T15:57:27.004962+00:00,Open-Meteo public API data; attribution required.
Ben Tre,83,,2025-05,27.80672043010753,84.71242374865592,271.0,271.0,6.540763081209677,744,open_meteo,D:\MONEY VERSE\datasets\weather\weather_all_vietnam.csv,2026-05-18T15:57:27.004962+00:00,Open-Meteo public API data; attribution required.
Ben Tre,83,,2025-06,27.025972222222222,88.22315604444445,296.8,296.8,9.059693590347223,720,open_meteo,D:\MONEY VERSE\datasets\weather\weather_all_vietnam.csv,2026-05-18T15:57:27.004962+00:00,Open-Meteo public API data; attribution required.
Ben Tre,83,,2025-07,27.307459677419356,86.02714440591399,277.4,277.4,11.311446260887097,744,open_meteo,D:\MONEY VERSE\datasets\weather\weather_all_vietnam.csv,2026-05-18T15:57:27.004962+00:00,Open-Meteo public API data; attribution required.
Ben Tre,83,,2025-08,26.724865591397847,87.49147757258064,285.7,285.7,9.319967795470431,744,open_meteo,D:\MONEY VERSE\datasets\weather\weather_all_vietnam.csv,2026-05-18T15:57:27.004962+00:00,Open-Meteo public API data; attribution required.
Ben Tre,83,,2025-09,26.396736111111114,89.21417179305556,358.2,358.2,8.397235078972223,720,open_meteo,D:\MONEY VERSE\datasets\weather\weather_all_vietnam.csv,2026-05-18T15:57:27.004962+00:00,Open-Meteo public API data; attribution required.
Ben Tre,83,,2025-10,26.708333333333332,87.90641230779569,319.6,319.6,5.645478071344086,744,open_meteo,D:\MONEY VERSE\datasets\weather\weather_all_vietnam.csv,2026-05-18T15:57:27.004962+00:00,Open-Meteo public API data; attribution required.
Ben Tre,83,,2025-11,25.883055555555554,86.10159364861111,242.0,242.0,6.721426697805556,720,open_meteo,D:\MONEY VERSE\datasets\weather\weather_all_vietnam.csv,2026-05-18T15:57:27.004962+00:00,Open-Meteo public API data; attribution required.
Ben Tre,83,,2025-12,26.12016129032258,83.36086025672043,107.9,107.9,6.114160326155914,744,open_meteo,D:\MONEY VERSE\datasets\weather\weather_all_vietnam.csv,2026-05-18T15:57:27.004962+00:00,Open-Meteo public API data; attribution required.
Ben Tre,83,,2026-01,24.83225806451613,78.55313692876344,11.0,11.0,7.128157270040322,744,open_meteo,D:\MONEY VERSE\datasets\weather\weather_all_vietnam.csv,2026-05-18T15:57:27.004962+00:00,Open-Meteo public API data; attribution required.
Ben Tre,83,,2026-02,26.12604166666667,78.00591700148809,65.8,65.8,9.524404220133928,672,open_meteo,D:\MONEY VERSE\datasets\weather\weather_all_vietnam.csv,2026-05-18T15:57:27.004962+00:00,Open-Meteo public API data; attribution required.
Ben Tre,83,,2026-03,26.743682795698923,78.36630027822581,21.5,21.5,9.560559713400538,744,open_meteo,D:\MONEY VERSE\datasets\weather\weather_all_vietnam.csv,2026-05-18T15:57:27.004962+00:00,Open-Meteo public API data; attribution required.
Ben Tre,83,,2026-04,28.364652777777778,74.15741565694444,2.1,2.1,7.7847250884444446,720,open_meteo,D:\MONEY VERSE\datasets\weather\weather_all_vietnam.csv,2026-05-18T15:57:27.004962+00:00,Open-Meteo public API data; attribution required.
Ben Tre,83,,2026-05,29.38321759259259,75.82754631712963,46.0,38.3999999,9.37398144525463,432,open_meteo,D:\MONEY VERSE\datasets\weather\weather_all_vietnam.csv,2026-05-18T15:57:27.004962+00:00,Open-Meteo public API data; attribution required.
Binh Dinh,52,,2021-05,28.653360215053763,80.26619870026882,85.6,85.6,9.38058761264785,744,open_meteo,D:\MONEY VERSE\datasets\weather\weather_all_vietnam.csv,2026-05-18T15:57:27.004962+00:00,Open-Meteo public API data; attribution required.
Binh Dinh,52,,2021-06,31.22597222222222,63.038593237499995,19.5,19.5,9.844240763986111,720,open_meteo,D:\MONEY VERSE\datasets\weather\weather_all_vietnam.csv,2026-05-18T15:57:27.004962+00:00,Open-Meteo public API data; attribution required.
Binh Dinh,52,,2021-07,29.716801075268815,68.81453483064516,63.9,63.9,11.65147270577957,744,open_meteo,D:\MONEY VERSE\datasets\weather\weather_all_vietnam.csv,2026-05-18T15:57:27.004962+00:00,Open-Meteo public API data; attribution required.
Binh Dinh,52,,2021-08,29.93911290322581,69.42292954166666,82.0,82.0,10.987023590819891,744,open_meteo,D:\MONEY VERSE\datasets\weather\weather_all_vietnam.csv,2026-05-18T15:57:27.004962+00:00,Open-Meteo public API data; attribution required.
Binh Dinh,52,,2021-09,27.035833333333333,85.42865059861111,307.6,307.6,7.301300216430556,720,open_meteo,D:\MONEY VERSE\datasets\weather\weather_all_vietnam.csv,2026-05-18T15:57:27.004962+00:00,Open-Meteo public API data; attribution required.
Binh Dinh,52,,2021-10,26.202217741935485,86.49807291263441,698.2,698.2,8.995794564623656,744,open_meteo,D:\MONEY VERSE\datasets\weather\weather_all_vietnam.csv,2026-05-18T15:57:27.004962+00:00,Open-Meteo public API data; attribution required.
Binh Dinh,52,,2021-11,24.657083333333333,89.22870639444444,599.3,599.3,12.58377289259722,720,open_meteo,D:\MONEY VERSE\datasets\weather\weather_all_vietnam.csv,2026-05-18T15:57:27.004962+00:00,Open-Meteo public API data; attribution required.
Binh Dinh,52,,2021-12,23.037903225806453,82.23719605241935,196.7,196.7,14.943034711290323,744,open_meteo,D:\MONEY VERSE\datasets\weather\weather_all_vietnam.csv,2026-05-18T15:57:27.004962+00:00,Open-Meteo public API data; attribution required.
Binh Dinh,52,,2022-01,23.04731182795699,85.90839616532259,63.5,63.5,10.14853549502688,744,open_meteo,D:\MONEY VERSE\datasets\weather\weather_all_vietnam.csv,2026-05-18T15:57:27.004962+00:00,Open-Meteo public API data; attribution required.
Binh Dinh,52,,2022-02,23.329092261904762,84.07813704166668,68.8,68.8,12.559532763497023,672,open_meteo,D:\MONEY VERSE\datasets\weather\weather_all_vietnam.csv,2026-05-18T15:57:27.004962+00:00,Open-Meteo public API data; attribution required.
Binh Dinh,52,,2022-03,25.19469086021505,84.43848291935484,142.5,142.5,9.84951456922043,744,open_meteo,D:\MONEY VERSE\datasets\weather\weather_all_vietnam.csv,2026-05-18T15:57:27.004962+00:00,Open-Meteo public API data; attribution required.
Binh Dinh,52,,2022-04,25.503819444444446,85.1244759125,82.9,82.9,10.541636372361111,720,open_meteo,D:\MONEY VERSE\datasets\weather\weather_all_vietnam.csv,2026-05-18T15:57:27.004962+00:00,Open-Meteo public API data; attribution required.
Binh Dinh,52,,2022-05,27.353494623655912,83.25274995564516,195.5,195.5,8.259788384247312,744,open_meteo,D:\MONEY VERSE\datasets\weather\weather_all_vietnam.csv,2026-05-18T15:57:27.004962+00:00,Open-Meteo public API data; attribution required.
Binh Dinh,52,,2022-06,29.09777777777778,76.54912781388889,42.1,42.1,8.385905714555555,720,open_meteo,D:\MONEY VERSE\datasets\weather\weather_all_vietnam.csv,2026-05-18T15:57:27.004962+00:00,Open-Meteo public API data; attribution required.
Binh Dinh,52,,2022-07,28.2934811827957,80.36826163709678,263.9,263.9,7.172157814086021,744,open_meteo,D:\MONEY VERSE\datasets\weather\weather_all_vietnam.csv,2026-05-18T15:57:27.004962+00:00,Open-Meteo public API data; attribution required.
Binh Dinh,52,,2022-08,27.949193548387097,81.10759596505376,259.0,259.0,7.195555938306452,744,open_meteo,D:\MONEY VERSE\datasets\weather\weather_all_vietnam.csv,2026-05-18T15:57:27.004962+00:00,Open-Meteo public API data; attribution required.
Binh Dinh,52,,2022-09,26.788194444444443,85.53105917361111,366.1,366.1,6.417439011638889,720,open_meteo,D:\MONEY VERSE\datasets\weather\weather_all_vietnam.csv,2026-05-18T15:57:27.004962+00:00,Open-Meteo public API data; attribution required.
Binh Dinh,52,,2022-10,25.412634408602152,84.09766987365592,341.5,341.5,10.71134528844086,744,open_meteo,D:\MONEY VERSE\datasets\weather\weather_all_vietnam.csv,2026-05-18T15:57:27.004962+00:00,Open-Meteo public API data; attribution required.
Binh Dinh,52,,2022-11,25.239583333333332,85.86317778333333,227.5,227.5,9.46323468,720,open_meteo,D:\MONEY VERSE\datasets\weather\weather_all_vietnam.csv,2026-05-18T15:57:27.004962+00:00,Open-Meteo public API data; attribution required.
Binh Dinh,52,,2022-12,22.69838709677419,82.17909831989247,212.8,212.8,15.458227411021506,744,open_meteo,D:\MONEY VERSE\datasets\weather\weather_all_vietnam.csv,2026-05-18T15:57:27.004962+00:00,Open-Meteo public API data; attribution required.
Binh Dinh,52,,2023-01,22.03474462365591,84.11882496908602,184.4,184.4,14.706395195268819,744,open_meteo,D:\MONEY VERSE\datasets\weather\weather_all_vietnam.csv,2026-05-18T15:57:27.004962+00:00,Open-Meteo public API data; attribution required.
Binh Dinh,52,,2023-02,23.244494047619046,86.11327670238094,67.6,67.6,11.864990826488096,672,open_meteo,D:\MONEY VERSE\datasets\weather\weather_all_vietnam.csv,2026-05-18T15:57:27.004962+00:00,Open-Meteo public API data; attribution required.
Binh Dinh,52,,2023-03,23.978763440860217,83.40092131317203,35.4,35.4,10.731087292741936,744,open_meteo,D:\MONEY VERSE\datasets\weather\weather_all_vietnam.csv,2026-05-18T15:57:27.004962+00:00,Open-Meteo public API data; attribution required.
Binh Dinh,52,,2023-04,27.679166666666667,80.94279941527778,24.3,24.3,10.507519976486112,720,open_meteo,D:\MONEY VERSE\datasets\weather\weather_all_vietnam.csv,2026-05-18T15:57:27.004962+00:00,Open-Meteo public API data; attribution required.
Binh Dinh,52,,2023-05,28.749462365591395,80.63781746639785,151.6,151.6,7.3218306047446235,744,open_meteo,D:\MONEY VERSE\datasets\weather\weather_all_vietnam.csv,2026-05-18T15:57:27.004962+00:00,Open-Meteo public API data; attribution required.
Binh Dinh,52,,2023-06,29.685902777777777,72.74220857222222,92.9,92.9,9.181062849138888,720,open_meteo,D:\MONEY VERSE\datasets\weather\weather_all_vietnam.csv,2026-05-18T15:57:27.004962+00:00,Open-Meteo public API data; attribution required.
Binh Dinh,52,,2023-07,29.41155913978495,72.64588001075269,147.6,147.6,9.115259120134409,744,open_meteo,D:\MONEY VERSE\datasets\weather\weather_all_vietnam.csv,2026-05-18T15:57:27.004962+00:00,Open-Meteo public API data; attribution required.
Binh Dinh,52,,2023-08,30.798991935483873,64.51146944892473,96.5,96.5,11.055852260040322,744,open_meteo,D:\MONEY VERSE\datasets\weather\weather_all_vietnam.csv,2026-05-18T15:57:27.004962+00:00,Open-Meteo public API data; attribution required.
Binh Dinh,52,,2023-09,28.02645833333333,80.42292285555556,319.7,319.7,7.413708402722222,720,open_meteo,D:\MONEY VERSE\datasets\weather\weather_all_vietnam.csv,2026-05-18T15:57:27.004962+00:00,Open-Meteo public API data; attribution required.
Binh Dinh,52,,2023-10,26.37244623655914,87.7283350873656,477.4,477.4,6.552286015120967,744,open_meteo,D:\MONEY VERSE\datasets\weather\weather_all_vietnam.csv,2026-05-18T15:57:27.004962+00:00,Open-Meteo public API data; attribution required.
Binh Dinh,52,,2023-11,25.042777777777776,84.8384710125,302.6,302.6,10.87033964898611,720,open_meteo,D:\MONEY VERSE\datasets\weather\weather_all_vietnam.csv,2026-05-18T15:57:27.004962+00:00,Open-Meteo public API data; attribution required.
Binh Dinh,52,,2023-12,23.912970430107528,86.33063729032257,164.3,164.3,12.281833135483872,744,open_meteo,D:\MONEY VERSE\datasets\weather\weather_all_vietnam.csv,2026-05-18T15:57:27.004962+00:00,Open-Meteo public API data; attribution required.
Binh Dinh,52,,2024-01,22.830645161290324,83.3256713938172,69.9,69.9,10.862432990053764,744,open_meteo,D:\MONEY VERSE\datasets\weather\weather_all_vietnam.csv,2026-05-18T15:57:27.004962+00:00,Open-Meteo public API data; attribution required.
Binh Dinh,52,,2024-02,23.881321839080464,85.40420370977012,25.7,25.7,9.233804142528735,696,open_meteo,D:\MONEY VERSE\datasets\weather\weather_all_vietnam.csv,2026-05-18T15:57:27.004962+00:00,Open-Meteo public API data; attribution required.
Binh Dinh,52,,2024-03,25.465591397849465,84.2586645860215,33.2,33.2,8.475033369314517,744,open_meteo,D:\MONEY VERSE\datasets\weather\weather_all_vietnam.csv,2026-05-18T15:57:27.004962+00:00,Open-Meteo public API data; attribution required.
Binh Dinh,52,,2024-04,29.03097222222222,75.65953817500001,1.6,1.6,10.842827800222222,720,open_meteo,D:\MONEY VERSE\datasets\weather\weather_all_vietnam.csv,2026-05-18T15:57:27.004962+00:00,Open-Meteo public API data; attribution required.
Binh Dinh,52,,2024-05,29.583131720430107,76.20325980913978,103.3,103.3,7.8177984614650535,744,open_meteo,D:\MONEY VERSE\datasets\weather\weather_all_vietnam.csv,2026-05-18T15:57:27.004962+00:00,Open-Meteo public API data; attribution required.
Binh Dinh,52,,2024-06,30.247708333333332,71.18434369444445,94.9,94.9,7.782678671111111,720,open_meteo,D:\MONEY VERSE\datasets\weather\weather_all_vietnam.csv,2026-05-18T15:57:27.004962+00:00,Open-Meteo public API data; attribution required.
Binh Dinh,52,,2024-07,28.75,75.60147347043011,202.2,202.2,9.336816817311828,744,open_meteo,D:\MONEY VERSE\datasets\weather\weather_all_vietnam.csv,2026-05-18T15:57:27.004962+00:00,Open-Meteo public API data; attribution required.
Binh Dinh,52,,2024-08,30.156182795698925,70.75215030645161,70.4,70.4,8.191318521330645,744,open_meteo,D:\MONEY VERSE\datasets\weather\weather_all_vietnam.csv,2026-05-18T15:57:27.004962+00:00,Open-Meteo public API data; attribution required.
Binh Dinh,52,,2024-09,28.16611111111111,80.80361269305556,262.7,262.7,7.259486364013888,720,open_meteo,D:\MONEY VERSE\datasets\weather\weather_all_vietnam.csv,2026-05-18T15:57:27.004962+00:00,Open-Meteo public API data; attribution required.
Binh Dinh,52,,2024-10,25.86263440860215,84.43783107258064,314.8,314.8,8.685578455752688,744,open_meteo,D:\MONEY VERSE\datasets\weather\weather_all_vietnam.csv,2026-05-18T15:57:27.004962+00:00,Open-Meteo public API data; attribution required.
Binh Dinh,52,,2024-11,25.11965277777778,83.37639012777777,220.6,220.6,11.830104426055556,720,open_meteo,D:\MONEY VERSE\datasets\weather\weather_all_vietnam.csv,2026-05-18T15:57:27.004962+00:00,Open-Meteo public API data; attribution required.
Binh Dinh,52,,2024-12,23.35833333333333,84.99356727553764,295.8,295.8,16.949711097849463,744,open_meteo,D:\MONEY VERSE\datasets\weather\weather_all_vietnam.csv,2026-05-18T15:57:27.004962+00:00,Open-Meteo public API data; attribution required.
Binh Dinh,52,,2025-01,21.187836021505376,79.53840284139784,42.800000000000004,42.800000000000004,14.510277661666667,744,open_meteo,D:\MONEY VERSE\datasets\weather\weather_all_vietnam.csv,2026-05-18T15:57:27.004962+00:00,Open-Meteo public API data; attribution required.
Binh Dinh,52,,2025-02,22.635193452380953,85.0338555952381,68.6,68.6,13.179374670833331,672,open_meteo,D:\MONEY VERSE\datasets\weather\weather_all_vietnam.csv,2026-05-18T15:57:27.004962+00:00,Open-Meteo public API data; attribution required.
Binh Dinh,52,,2025-03,24.576344086021503,81.47524315860214,19.3,19.3,11.684647283629031,744,open_meteo,D:\MONEY VERSE\datasets\weather\weather_all_vietnam.csv,2026-05-18T15:57:27.004962+00:00,Open-Meteo public API data; attribution required.
Binh Dinh,52,,2025-04,27.11611111111111,76.05095829722222,6.9,6.9,9.978245718944445,720,open_meteo,D:\MONEY VERSE\datasets\weather\weather_all_vietnam.csv,2026-05-18T15:57:27.004962+00:00,Open-Meteo public API data; attribution required.
Binh Dinh,52,,2025-05,28.767137096774192,77.49445051747313,137.4,137.4,7.905398085241936,744,open_meteo,D:\MONEY VERSE\datasets\weather\weather_all_vietnam.csv,2026-05-18T15:57:27.004962+00:00,Open-Meteo public API data; attribution required.
Binh Dinh,52,,2025-06,29.082500000000003,74.51896187222222,168.8,168.8,9.650535296722222,720,open_meteo,D:\MONEY VERSE\datasets\weather\weather_all_vietnam.csv,2026-05-18T15:57:27.004962+00:00,Open-Meteo public API data; attribution required.
Binh Dinh,52,,2025-07,30.209005376344088,66.19468541935484,81.3,81.3,13.862299129435483,744,open_meteo,D:\MONEY VERSE\datasets\weather\weather_all_vietnam.csv,2026-05-18T15:57:27.004962+00:00,Open-Meteo public API data; attribution required.
Binh Dinh,52,,2025-08,29.12681451612903,73.8867579341398,225.3,225.3,8.182272204180109,744,open_meteo,D:\MONEY VERSE\datasets\weather\weather_all_vietnam.csv,2026-05-18T15:57:27.004962+00:00,Open-Meteo public API data; attribution required.
Binh Dinh,52,,2025-09,27.200555555555557,84.2304889375,315.4,315.4,6.828816152777778,720,open_meteo,D:\MONEY VERSE\datasets\weather\weather_all_vietnam.csv,2026-05-18T15:57:27.004962+00:00,Open-Meteo public API data; attribution required.
Binh Dinh,52,,2025-10,26.17331989247312,85.78830853091398,388.1,388.1,8.149729784354838,744,open_meteo,D:\MONEY VERSE\datasets\weather\weather_all_vietnam.csv,2026-05-18T15:57:27.004962+00:00,Open-Meteo public API data; attribution required.
Binh Dinh,52,,2025-11,24.591319444444444,83.42259545,526.0,526.0,14.289987396708334,720,open_meteo,D:\MONEY VERSE\datasets\weather\weather_all_vietnam.csv,2026-05-18T15:57:27.004962+00:00,Open-Meteo public API data; attribution required.
Binh Dinh,52,,2025-12,23.795564516129033,83.65760387768817,145.8,145.8,12.659965922715054,744,open_meteo,D:\MONEY VERSE\datasets\weather\weather_all_vietnam.csv,2026-05-18T15:57:27.004962+00:00,Open-Meteo public API data; attribution required.
Binh Dinh,52,,2026-01,21.57002688172043,79.35941452688172,38.300000000000004,38.300000000000004,11.389112882123657,744,open_meteo,D:\MONEY VERSE\datasets\weather\weather_all_vietnam.csv,2026-05-18T15:57:27.004962+00:00,Open-Meteo public API data; attribution required.
Binh Dinh,52,,2026-02,23.660193452380952,81.16131947321429,48.2,48.2,10.413449847589286,672,open_meteo,D:\MONEY VERSE\datasets\weather\weather_all_vietnam.csv,2026-05-18T15:57:27.004962+00:00,Open-Meteo public API data; attribution required.
Binh Dinh,52,,2026-03,24.851881720430107,79.1942546733871,48.1,48.1,9.978222073696235,744,open_meteo,D:\MONEY VERSE\datasets\weather\weather_all_vietnam.csv,2026-05-18T15:57:27.004962+00:00,Open-Meteo public API data; attribution required.
Binh Dinh,52,,2026-04,27.698194444444447,75.22177921666668,33.6,33.6,9.589838174736112,720,open_meteo,D:\MONEY VERSE\datasets\weather\weather_all_vietnam.csv,2026-05-18T15:57:27.004962+00:00,Open-Meteo public API data; attribution required.
Binh Dinh,52,,2026-05,29.152893518518518,74.57801905092593,19.3,16.699999895,7.900519211828704,432,open_meteo,D:\MONEY VERSE\datasets\weather\weather_all_vietnam.csv,2026-05-18T15:57:27.004962+00:00,Open-Meteo public API data; attribution required.
Binh Duong,74,,2021-05,27.664112903225803,84.84020156451614,257.6,257.6,6.33932224170699,744,open_meteo,D:\MONEY VERSE\datasets\weather\weather_all_vietnam.csv,2026-05-18T15:57:27.004962+00:00,Open-Meteo public API data; attribution required.
Binh Duong,74,,2021-06,27.284583333333334,86.79204992916667,205.2,205.2,7.86820607375,720,open_meteo,D:\MONEY VERSE\datasets\weather\weather_all_vietnam.csv,2026-05-18T15:57:27.004962+00:00,Open-Meteo public API data; attribution required.
Binh Duong,74,,2021-07,26.770698924731185,87.10465934274194,330.3,330.3,8.941557434274193,744,open_meteo,D:\MONEY VERSE\datasets\weather\weather_all_vietnam.csv,2026-05-18T15:57:27.004962+00:00,Open-Meteo public API data; attribution required.
Binh Duong,74,,2021-08,26.62849462365591,87.96945672715053,359.9,359.9,7.509110759139785,744,open_meteo,D:\MONEY VERSE\datasets\weather\weather_all_vietnam.csv,2026-05-18T15:57:27.004962+00:00,Open-Meteo public API data; attribution required.
Binh Duong,74,,2021-09,26.065486111111113,89.70286732222222,482.6,482.6,7.151753210236111,720,open_meteo,D:\MONEY VERSE\datasets\weather\weather_all_vietnam.csv,2026-05-18T15:57:27.004962+00:00,Open-Meteo public API data; attribution required.
Binh Duong,74,,2021-10,25.912298387096776,89.31476315456989,452.2,452.2,6.681677418454302,744,open_meteo,D:\MONEY VERSE\datasets\weather\weather_all_vietnam.csv,2026-05-18T15:57:27.004962+00:00,Open-Meteo public API data; attribution required.
Binh Duong,74,,2021-11,25.935138888888886,86.71354499027778,361.0,361.0,6.243418211833333,720,open_meteo,D:\MONEY VERSE\datasets\weather\weather_all_vietnam.csv,2026-05-18T15:57:27.004962+00:00,Open-Meteo public API data; attribution required.
Binh Duong,74,,2021-12,25.571102150537637,72.28227724731182,70.9,70.9,9.040867757392473,744,open_meteo,D:\MONEY VERSE\datasets\weather\weather_all_vietnam.csv,2026-05-18T15:57:27.004962+00:00,Open-Meteo public API data; attribution required.
Binh Duong,74,,2022-01,26.910483870967745,65.50505902956989,4.8,4.8,6.899707831680107,744,open_meteo,D:\MONEY VERSE\datasets\weather\weather_all_vietnam.csv,2026-05-18T15:57:27.004962+00:00,Open-Meteo public API data; attribution required.
Binh Duong,74,,2022-02,27.93482142857143,65.89957647619048,42.7,42.7,7.717433383229167,672,open_meteo,D:\MONEY VERSE\datasets\weather\weather_all_vietnam.csv,2026-05-18T15:57:27.004962+00:00,Open-Meteo public API data; attribution required.
Binh Duong,74,,2022-03,28.166532258064517,71.27750596370969,119.7,119.7,7.073486072701614,744,open_meteo,D:\MONEY VERSE\datasets\weather\weather_all_vietnam.csv,2026-05-18T15:57:27.004962+00:00,Open-Meteo public API data; attribution required.
Binh Duong,74,,2022-04,27.22576388888889,80.11213471527778,196.2,196.2,7.2816010552499995,720,open_meteo,D:\MONEY VERSE\datasets\weather\weather_all_vietnam.csv,2026-05-18T15:57:27.004962+00:00,Open-Meteo public API data; attribution required.
Binh Duong,74,,2022-05,26.544758064516127,88.74153503091398,436.8,436.8,6.723785810860215,744,open_meteo,D:\MONEY VERSE\datasets\weather\weather_all_vietnam.csv,2026-05-18T15:57:27.004962+00:00,Open-Meteo public API data; attribution required.
Binh Duong,74,,2022-06,26.519375,87.69925465972223,284.6,284.6,5.938476785138889,720,open_meteo,D:\MONEY VERSE\datasets\weather\weather_all_vietnam.csv,2026-05-18T15:57:27.004962+00:00,Open-Meteo public API data; attribution required.
Binh Duong,74,,2022-07,26.28313172043011,88.82009329569892,497.4,497.4,7.173644885053763,744,open_meteo,D:\MONEY VERSE\datasets\weather\weather_all_vietnam.csv,2026-05-18T15:57:27.004962+00:00,Open-Meteo public API data; attribution required.
Binh Duong,74,,2022-08,26.054368279569893,89.0064347876344,415.2,415.2,6.982610699650537,744,open_meteo,D:\MONEY VERSE\datasets\weather\weather_all_vietnam.csv,2026-05-18T15:57:27.004962+00:00,Open-Meteo public API data; attribution required.
Binh Duong,74,,2022-09,25.718194444444443,90.00807825833333,456.4,456.4,6.844685649805555,720,open_meteo,D:\MONEY VERSE\datasets\weather\weather_all_vietnam.csv,2026-05-18T15:57:27.004962+00:00,Open-Meteo public API data; attribution required.
Binh Duong,74,,2022-10,25.92190860215054,85.98498854973118,291.2,291.2,6.5117862498387105,744,open_meteo,D:\MONEY VERSE\datasets\weather\weather_all_vietnam.csv,2026-05-18T15:57:27.004962+00:00,Open-Meteo public API data; attribution required.
Binh Duong,74,,2022-11,25.876250000000002,86.66162460555556,219.3,219.3,5.859231459111111,720,open_meteo,D:\MONEY VERSE\datasets\weather\weather_all_vietnam.csv,2026-05-18T15:57:27.004962+00:00,Open-Meteo public API data; attribution required.
Binh Duong,74,,2022-12,25.506653225806453,69.90954651478495,27.6,27.6,8.643242209784946,744,open_meteo,D:\MONEY VERSE\datasets\weather\weather_all_vietnam.csv,2026-05-18T15:57:27.004962+00:00,Open-Meteo public API data; attribution required.
Binh Duong,74,,2023-01,25.991263440860216,68.17676881586021,61.9,61.9,9.46278191219086,744,open_meteo,D:\MONEY VERSE\datasets\weather\weather_all_vietnam.csv,2026-05-18T15:57:27.004962+00:00,Open-Meteo public API data; attribution required.
Binh Duong,74,,2023-02,27.34910714285714,63.6091201860119,10.3,10.3,8.171947758005953,672,open_meteo,D:\MONEY VERSE\datasets\weather\weather_all_vietnam.csv,2026-05-18T15:57:27.004962+00:00,Open-Meteo public API data; attribution required.
Binh Duong,74,,2023-03,27.820900537634408,61.812610504032264,4.6,4.6,7.973412521908602,744,open_meteo,D:\MONEY VERSE\datasets\weather\weather_all_vietnam.csv,2026-05-18T15:57:27.004962+00:00,Open-Meteo public API data; attribution required.
Binh Duong,74,,2023-04,29.10798611111111,72.96923580138889,90.6,90.6,7.997732020694444,720,open_meteo,D:\MONEY VERSE\datasets\weather\weather_all_vietnam.csv,2026-05-18T15:57:27.004962+00:00,Open-Meteo public API data; attribution required.
Binh Duong,74,,2023-05,27.92802419354839,82.79667552419355,251.79999999999998,251.79999999999998,6.604654258669354,744,open_meteo,D:\MONEY VERSE\datasets\weather\weather_all_vietnam.csv,2026-05-18T15:57:27.004962+00:00,Open-Meteo public API data; attribution required.
Binh Duong,74,,2023-06,26.759166666666665,88.53658849444444,333.1,333.1,6.608066328611112,720,open_meteo,D:\MONEY VERSE\datasets\weather\weather_all_vietnam.csv,2026-05-18T15:57:27.004962+00:00,Open-Meteo public API data; attribution required.
Binh Duong,74,,2023-07,26.442271505376343,89.13323719758066,526.1,526.1,8.067432301438172,744,open_meteo,D:\MONEY VERSE\datasets\weather\weather_all_vietnam.csv,2026-05-18T15:57:27.004962+00:00,Open-Meteo public API data; attribution required.
Binh Duong,74,,2023-08,26.724798387096776,88.3182138548387,435.9,435.9,7.550566763306452,744,open_meteo,D:\MONEY VERSE\datasets\weather\weather_all_vietnam.csv,2026-05-18T15:57:27.004962+00:00,Open-Meteo public API data; attribution required.
Binh Duong,74,,2023-09,26.143541666666664,89.64273721111111,483.9,483.9,7.339116825430555,720,open_meteo,D:\MONEY VERSE\datasets\weather\weather_all_vietnam.csv,2026-05-18T15:57:27.004962+00:00,Open-Meteo public API data; attribution required.
Binh Duong,74,,2023-10,26.269556451612903,89.33483420564517,449.7,449.7,5.297010530026881,744,open_meteo,D:\MONEY VERSE\datasets\weather\weather_all_vietnam.csv,2026-05-18T15:57:27.004962+00:00,Open-Meteo public API data; attribution required.
Binh Duong,74,,2023-11,26.41861111111111,82.07760183194445,136.6,136.6,6.346116939763889,720,open_meteo,D:\MONEY VERSE\datasets\weather\weather_all_vietnam.csv,2026-05-18T15:57:27.004962+00:00,Open-Meteo public API data; attribution required.
Binh Duong,74,,2023-12,27.322849462365593,70.40476255376345,21.6,21.6,8.263532513400538,744,open_meteo,D:\MONEY VERSE\datasets\weather\weather_all_vietnam.csv,2026-05-18T15:57:27.004962+00:00,Open-Meteo public API data; attribution required.
Binh Duong,74,,2024-01,26.962836021505375,66.95313206989248,0.8,0.8,5.538721150900538,744,open_meteo,D:\MONEY VERSE\datasets\weather\weather_all_vietnam.csv,2026-05-18T15:57:27.004962+00:00,Open-Meteo public API data; attribution required.
Binh Duong,74,,2024-02,28.1125,64.90601383764368,4.0,4.0,7.501974734985632,696,open_meteo,D:\MONEY VERSE\datasets\weather\weather_all_vietnam.csv,2026-05-18T15:57:27.004962+00:00,Open-Meteo public API data; attribution required.
Binh Duong,74,,2024-03,28.9684811827957,65.3363165672043,2.7,2.7,7.867207142258064,744,open_meteo,D:\MONEY VERSE\datasets\weather\weather_all_vietnam.csv,2026-05-18T15:57:27.004962+00:00,Open-Meteo public API data; attribution required.
Binh Duong,74,,2024-04,30.746319444444442,64.58470920138889,4.7,4.7,9.660397072402779,720,open_meteo,D:\MONEY VERSE\datasets\weather\weather_all_vietnam.csv,2026-05-18T15:57:27.004962+00:00,Open-Meteo public API data; attribution required.
Binh Duong,74,,2024-05,29.29274193548387,78.20801699327957,225.7,225.7,6.534978956276881,744,open_meteo,D:\MONEY VERSE\datasets\weather\weather_all_vietnam.csv,2026-05-18T15:57:27.004962+00:00,Open-Meteo public API data; attribution required.
Binh Duong,74,,2024-06,27.512291666666666,85.17554675972222,246.7,246.7,6.872469169902778,720,open_meteo,D:\MONEY VERSE\datasets\weather\weather_all_vietnam.csv,2026-05-18T15:57:27.004962+00:00,Open-Meteo public API data; attribution required.
Binh Duong,74,,2024-07,26.35739247311828,89.15862260215054,478.1,478.1,8.36155898844086,744,open_meteo,D:\MONEY VERSE\datasets\weather\weather_all_vietnam.csv,2026-05-18T15:57:27.004962+00:00,Open-Meteo public API data; attribution required.
Binh Duong,74,,2024-08,26.960147849462363,87.04852971774194,301.8,301.8,6.2151265584408595,744,open_meteo,D:\MONEY VERSE\datasets\weather\weather_all_vietnam.csv,2026-05-18T15:57:27.004962+00:00,Open-Meteo public API data; attribution required.
Binh Duong,74,,2024-09,26.329305555555553,89.88027908333333,545.2,545.2,7.88424926,720,open_meteo,D:\MONEY VERSE\datasets\weather\weather_all_vietnam.csv,2026-05-18T15:57:27.004962+00:00,Open-Meteo public API data; attribution required.
Binh Duong,74,,2024-10,26.182862903225807,87.9256766155914,384.4,384.4,5.867792299126345,744,open_meteo,D:\MONEY VERSE\datasets\weather\weather_all_vietnam.csv,2026-05-18T15:57:27.004962+00:00,Open-Meteo public API data; attribution required.
Binh Duong,74,,2024-11,26.649583333333336,80.9978733625,101.2,101.2,6.90573026836111,720,open_meteo,D:\MONEY VERSE\datasets\weather\weather_all_vietnam.csv,2026-05-18T15:57:27.004962+00:00,Open-Meteo public API data; attribution required.
Binh Duong,74,,2024-12,25.639516129032256,78.18527619086021,85.9,85.9,9.479316183870967,744,open_meteo,D:\MONEY VERSE\datasets\weather\weather_all_vietnam.csv,2026-05-18T15:57:27.004962+00:00,Open-Meteo public API data; attribution required.
Binh Duong,74,,2025-01,25.59213709677419,65.29127786290323,7.9,7.9,8.309402729637098,744,open_meteo,D:\MONEY VERSE\datasets\weather\weather_all_vietnam.csv,2026-05-18T15:57:27.004962+00:00,Open-Meteo public API data; attribution required.
Binh Duong,74,,2025-02,26.655952380952378,70.65180952232143,59.6,59.6,7.003952868482143,672,open_meteo,D:\MONEY VERSE\datasets\weather\weather_all_vietnam.csv,2026-05-18T15:57:27.004962+00:00,Open-Meteo public API data; attribution required.
Binh Duong,74,,2025-03,27.576478494623657,71.85893504301076,26.8,26.8,8.062649353709677,744,open_meteo,D:\MONEY VERSE\datasets\weather\weather_all_vietnam.csv,2026-05-18T15:57:27.004962+00:00,Open-Meteo public API data; attribution required.
Binh Duong,74,,2025-04,28.53840277777778,75.12696176666667,104.39999999999999,104.39999999999999,6.980568823847222,720,open_meteo,D:\MONEY VERSE\datasets\weather\weather_all_vietnam.csv,2026-05-18T15:57:27.004962+00:00,Open-Meteo public API data; attribution required.
Binh Duong,74,,2025-05,27.467741935483872,85.81055030510753,332.8,332.8,6.71351633594086,744,open_meteo,D:\MONEY VERSE\datasets\weather\weather_all_vietnam.csv,2026-05-18T15:57:27.004962+00:00,Open-Meteo public API data; attribution required.
Binh Duong,74,,2025-06,26.464374999999997,90.96250401666666,526.1,526.1,7.249191578583334,720,open_meteo,D:\MONEY VERSE\datasets\weather\weather_all_vietnam.csv,2026-05-18T15:57:27.004962+00:00,Open-Meteo public API data; attribution required.
Binh Duong,74,,2025-07,26.669086021505375,88.83904920698924,463.9,463.9,9.135661722688173,744,open_meteo,D:\MONEY VERSE\datasets\weather\weather_all_vietnam.csv,2026-05-18T15:57:27.004962+00:00,Open-Meteo public API data; attribution required.
Binh Duong,74,,2025-08,26.294825268817203,89.56859740860216,438.5,438.5,7.389755167836022,744,open_meteo,D:\MONEY VERSE\datasets\weather\weather_all_vietnam.csv,2026-05-18T15:57:27.004962+00:00,Open-Meteo public API data; attribution required.
Binh Duong,74,,2025-09,25.86986111111111,91.67068510972221,548.5,548.5,6.878011405833334,720,open_meteo,D:\MONEY VERSE\datasets\weather\weather_all_vietnam.csv,2026-05-18T15:57:27.004962+00:00,Open-Meteo public API data; attribution required.
Binh Duong,74,,2025-10,26.25181451612903,89.4242341639785,453.4,453.4,5.5472816,744,open_meteo,D:\MONEY VERSE\datasets\weather\weather_all_vietnam.csv,2026-05-18T15:57:27.004962+00:00,Open-Meteo public API data; attribution required.
Binh Duong,74,,2025-11,25.544236111111108,83.87049826111111,169.3,169.3,8.589435512263888,720,open_meteo,D:\MONEY VERSE\datasets\weather\weather_all_vietnam.csv,2026-05-18T15:57:27.004962+00:00,Open-Meteo public API data; attribution required.
Binh Duong,74,,2025-12,25.923924731182797,75.87677765456989,65.8,65.8,7.7529901917741935,744,open_meteo,D:\MONEY VERSE\datasets\weather\weather_all_vietnam.csv,2026-05-18T15:57:27.004962+00:00,Open-Meteo public API data; attribution required.
Binh Duong,74,,2026-01,25.276075268817205,65.04787776209677,3.0,3.0,7.103579575053764,744,open_meteo,D:\MONEY VERSE\datasets\weather\weather_all_vietnam.csv,2026-05-18T15:57:27.004962+00:00,Open-Meteo public API data; attribution required.
Binh Duong,74,,2026-02,27.075595238095236,68.54939449999999,29.7,29.7,6.653727933511905,672,open_meteo,D:\MONEY VERSE\datasets\weather\weather_all_vietnam.csv,2026-05-18T15:57:27.004962+00:00,Open-Meteo public API data; attribution required.
Binh Duong,74,,2026-03,27.15141129032258,72.43356635215054,27.3,27.3,7.67640841702957,744,open_meteo,D:\MONEY VERSE\datasets\weather\weather_all_vietnam.csv,2026-05-18T15:57:27.004962+00:00,Open-Meteo public API data; attribution required.
Binh Duong,74,,2026-04,29.525625,66.2544362375,7.1000000000000005,7.1000000000000005,9.085457942916667,720,open_meteo,D:\MONEY VERSE\datasets\weather\weather_all_vietnam.csv,2026-05-18T15:57:27.004962+00:00,Open-Meteo public API data; attribution required.
Binh Duong,74,,2026-05,29.20243055555556,75.59797000694445,85.7,73.49999929,6.948793350300925,432,open_meteo,D:\MONEY VERSE\datasets\weather\weather_all_vietnam.csv,2026-05-18T15:57:27.004962+00:00,Open-Meteo public API data; attribution required.
Binh Phuoc,70,,2021-05,27.33326612903226,85.554135047043,304.2,304.2,6.007338017284946,744,open_meteo,D:\MONEY VERSE\datasets\weather\weather_all_vietnam.csv,2026-05-18T15:57:27.004962+00:00,Open-Meteo public API data; attribution required.
Binh Phuoc,70,,2021-06,26.841805555555553,88.45868606388889,217.0,217.0,7.448098495416667,720,open_meteo,D:\MONEY VERSE\datasets\weather\weather_all_vietnam.csv,2026-05-18T15:57:27.004962+00:00,Open-Meteo public API data; attribution required.
Binh Phuoc,70,,2021-07,26.36733870967742,88.3158811841398,406.7,406.7,7.988453456317204,744,open_meteo,D:\MONEY VERSE\datasets\weather\weather_all_vietnam.csv,2026-05-18T15:57:27.004962+00:00,Open-Meteo public API data; attribution required.
Binh Phuoc,70,,2021-08,26.27385752688172,88.75687798924731,393.9,393.9,7.172354037473117,744,open_meteo,D:\MONEY VERSE\datasets\weather\weather_all_vietnam.csv,2026-05-18T15:57:27.004962+00:00,Open-Meteo public API data; attribution required.
Binh Phuoc,70,,2021-09,25.72361111111111,89.69827797916666,395.1,395.1,7.161636730694445,720,open_meteo,D:\MONEY VERSE\datasets\weather\weather_all_vietnam.csv,2026-05-18T15:57:27.004962+00:00,Open-Meteo public API data; attribution required.
Binh Phuoc,70,,2021-10,25.50967741935484,89.85934632930108,460.7,460.7,6.1408002334005385,744,open_meteo,D:\MONEY VERSE\datasets\weather\weather_all_vietnam.csv,2026-05-18T15:57:27.004962+00:00,Open-Meteo public API data; attribution required.
Binh Phuoc,70,,2021-11,25.573541666666667,86.48305098333334,371.4,371.4,6.572575924291666,720,open_meteo,D:\MONEY VERSE\datasets\weather\weather_all_vietnam.csv,2026-05-18T15:57:27.004962+00:00,Open-Meteo public API data; attribution required.
Binh Phuoc,70,,2021-12,24.97331989247312,72.38717585887096,38.2,38.2,9.092773292741937,744,open_meteo,D:\MONEY VERSE\datasets\weather\weather_all_vietnam.csv,2026-05-18T15:57:27.004962+00:00,Open-Meteo public API data; attribution required.
Binh Phuoc,70,,2022-01,26.949529569892473,60.00888166935484,11.7,11.7,7.148458651801076,744,open_meteo,D:\MONEY VERSE\datasets\weather\weather_all_vietnam.csv,2026-05-18T15:57:27.004962+00:00,Open-Meteo public API data; attribution required.
Binh Phuoc,70,,2022-02,27.39903273809524,66.74658068601191,43.300000000000004,43.300000000000004,7.899479974419643,672,open_meteo,D:\MONEY VERSE\datasets\weather\weather_all_vietnam.csv,2026-05-18T15:57:27.004962+00:00,Open-Meteo public API data; attribution required.
Binh Phuoc,70,,2022-03,28.301478494623655,68.42861858198926,85.1,85.1,6.255094126948925,744,open_meteo,D:\MONEY VERSE\datasets\weather\weather_all_vietnam.csv,2026-05-18T15:57:27.004962+00:00,Open-Meteo public API data; attribution required.
Binh Phuoc,70,,2022-04,26.98840277777778,78.90830472638889,201.8,201.8,7.341595941625,720,open_meteo,D:\MONEY VERSE\datasets\weather\weather_all_vietnam.csv,2026-05-18T15:57:27.004962+00:00,Open-Meteo public API data; attribution required.
Binh Phuoc,70,,2022-05,26.13568548387097,89.17504012231183,474.1,474.1,6.640971038172043,744,open_meteo,D:\MONEY VERSE\datasets\weather\weather_all_vietnam.csv,2026-05-18T15:57:27.004962+00:00,Open-Meteo public API data; attribution required.
Binh Phuoc,70,,2022-06,26.329375000000002,87.44105548611111,325.7,325.7,6.241970265486112,720,open_meteo,D:\MONEY VERSE\datasets\weather\weather_all_vietnam.csv,2026-05-18T15:57:27.004962+00:00,Open-Meteo public API data; attribution required.
Binh Phuoc,70,,2022-07,25.847916666666666,89.26446103360215,529.5,529.5,7.0672642850537635,744,open_meteo,D:\MONEY VERSE\datasets\weather\weather_all_vietnam.csv,2026-05-18T15:57:27.004962+00:00,Open-Meteo public API data; attribution required.
Binh Phuoc,70,,2022-08,25.614717741935483,89.59513602822581,463.0,463.0,6.800417597284946,744,open_meteo,D:\MONEY VERSE\datasets\weather\weather_all_vietnam.csv,2026-05-18T15:57:27.004962+00:00,Open-Meteo public API data; attribution required.
Binh Phuoc,70,,2022-09,25.35284722222222,90.25439353888889,534.5,534.5,6.5674316332638885,720,open_meteo,D:\MONEY VERSE\datasets\weather\weather_all_vietnam.csv,2026-05-18T15:57:27.004962+00:00,Open-Meteo public API data; attribution required.
Binh Phuoc,70,,2022-10,25.496774193548386,86.03706574462365,283.9,283.9,6.281184661223119,744,open_meteo,D:\MONEY VERSE\datasets\weather\weather_all_vietnam.csv,2026-05-18T15:57:27.004962+00:00,Open-Meteo public API data; attribution required.
Binh Phuoc,70,,2022-11,25.551527777777775,86.39311594444445,222.9,222.9,5.844843908833333,720,open_meteo,D:\MONEY VERSE\datasets\weather\weather_all_vietnam.csv,2026-05-18T15:57:27.004962+00:00,Open-Meteo public API data; attribution required.
Binh Phuoc,70,,2022-12,25.024395161290325,68.91653330779569,51.300000000000004,51.300000000000004,9.097778935080646,744,open_meteo,D:\MONEY VERSE\datasets\weather\weather_all_vietnam.csv,2026-05-18T15:57:27.004962+00:00,Open-Meteo public API data; attribution required.
Binh Phuoc,70,,2023-01,25.275,68.58537262365591,54.8,54.8,9.069304994946236,744,open_meteo,D:\MONEY VERSE\datasets\weather\weather_all_vietnam.csv,2026-05-18T15:57:27.004962+00:00,Open-Meteo public API data; attribution required.
Binh Phuoc,70,,2023-02,27.086681547619047,62.279562562500004,7.5,7.5,8.230514274136905,672,open_meteo,D:\MONEY VERSE\datasets\weather\weather_all_vietnam.csv,2026-05-18T15:57:27.004962+00:00,Open-Meteo public API data; attribution required.
Binh Phuoc,70,,2023-03,27.85,58.38577454569892,5.5,5.5,7.94762232452957,744,open_meteo,D:\MONEY VERSE\datasets\weather\weather_all_vietnam.csv,2026-05-18T15:57:27.004962+00:00,Open-Meteo public API data; attribution required.
Binh Phuoc,70,,2023-04,28.644791666666666,73.33393649166666,67.2,67.2,7.787945032361111,720,open_meteo,D:\MONEY VERSE\datasets\weather\weather_all_vietnam.csv,2026-05-18T15:57:27.004962+00:00,Open-Meteo public API data; attribution required.
Binh Phuoc,70,,2023-05,27.826344086021503,81.12865271639785,247.4,247.4,7.197088440389784,744,open_meteo,D:\MONEY VERSE\datasets\weather\weather_all_vietnam.csv,2026-05-18T15:57:27.004962+00:00,Open-Meteo public API data; attribution required.
Binh Phuoc,70,,2023-06,26.336319444444445,89.3669153125,409.2,409.2,6.3240130603611115,720,open_meteo,D:\MONEY VERSE\datasets\weather\weather_all_vietnam.csv,2026-05-18T15:57:27.004962+00:00,Open-Meteo public API data; attribution required.
Binh Phuoc,70,,2023-07,26.10342741935484,89.55292885215053,584.5,584.5,7.447947416827957,744,open_meteo,D:\MONEY VERSE\datasets\weather\weather_all_vietnam.csv,2026-05-18T15:57:27.004962+00:00,Open-Meteo public API data; attribution required.
Binh Phuoc,70,,2023-08,26.166666666666668,89.3819688642473,479.2,479.2,7.248557271451613,744,open_meteo,D:\MONEY VERSE\datasets\weather\weather_all_vietnam.csv,2026-05-18T15:57:27.004962+00:00,Open-Meteo public API data; attribution required.
Binh Phuoc,70,,2023-09,25.829652777777774,90.11170400833333,562.4,562.4,6.933411996027778,720,open_meteo,D:\MONEY VERSE\datasets\weather\weather_all_vietnam.csv,2026-05-18T15:57:27.004962+00:00,Open-Meteo public API data; attribution required.
Binh Phuoc,70,,2023-10,26.01787634408602,89.55260852016129,479.0,479.0,5.372278102526882,744,open_meteo,D:\MONEY VERSE\datasets\weather\weather_all_vietnam.csv,2026-05-18T15:57:27.004962+00:00,Open-Meteo public API data; attribution required.
Binh Phuoc,70,,2023-11,26.064305555555556,81.85889228611111,159.6,159.6,6.976419815430556,720,open_meteo,D:\MONEY VERSE\datasets\weather\weather_all_vietnam.csv,2026-05-18T15:57:27.004962+00:00,Open-Meteo public API data; attribution required.
Binh Phuoc,70,,2023-12,26.637634408602153,71.92606068951613,18.5,18.5,7.993615593924732,744,open_meteo,D:\MONEY VERSE\datasets\weather\weather_all_vietnam.csv,2026-05-18T15:57:27.004962+00:00,Open-Meteo public API data; attribution required.
Binh Phuoc,70,,2024-01,26.567002688172042,64.51423901209678,0.0,0.0,6.797664604892474,744,open_meteo,D:\MONEY VERSE\datasets\weather\weather_all_vietnam.csv,2026-05-18T15:57:27.004962+00:00,Open-Meteo public API data; attribution required.
Binh Phuoc,70,,2024-02,27.979525862068964,64.83891599568966,4.2,4.2,6.6176122703017235,696,open_meteo,D:\MONEY VERSE\datasets\weather\weather_all_vietnam.csv,2026-05-18T15:57:27.004962+00:00,Open-Meteo public API data; attribution required.
Binh Phuoc,70,,2024-03,29.045295698924733,63.98291309005376,3.1,3.1,6.764507348655914,744,open_meteo,D:\MONEY VERSE\datasets\weather\weather_all_vietnam.csv,2026-05-18T15:57:27.004962+00:00,Open-Meteo public API data; attribution required.
Binh Phuoc,70,,2024-04,30.57125,64.28744659305555,0.6000000000000001,0.6000000000000001,9.61874599676389,720,open_meteo,D:\MONEY VERSE\datasets\weather\weather_all_vietnam.csv,2026-05-18T15:57:27.004962+00:00,Open-Meteo public API data; attribution required.
Binh Phuoc,70,,2024-05,28.988776881720433,78.43046538978494,217.9,217.9,6.431614311384409,744,open_meteo,D:\MONEY VERSE\datasets\weather\weather_all_vietnam.csv,2026-05-18T15:57:27.004962+00:00,Open-Meteo public API data; attribution required.
Binh Phuoc,70,,2024-06,27.15798611111111,86.34177622083334,346.1,346.1,6.890237079138889,720,open_meteo,D:\MONEY VERSE\datasets\weather\weather_all_vietnam.csv,2026-05-18T15:57:27.004962+00:00,Open-Meteo public API data; attribution required.
Binh Phuoc,70,,2024-07,25.953629032258064,89.88702729569893,600.6,600.6,7.849551278225807,744,open_meteo,D:\MONEY VERSE\datasets\weather\weather_all_vietnam.csv,2026-05-18T15:57:27.004962+00:00,Open-Meteo public API data; attribution required.
Binh Phuoc,70,,2024-08,26.669086021505375,87.40827442607527,340.9,340.9,6.270470942446237,744,open_meteo,D:\MONEY VERSE\datasets\weather\weather_all_vietnam.csv,2026-05-18T15:57:27.004962+00:00,Open-Meteo public API data; attribution required.
Binh Phuoc,70,,2024-09,25.861458333333335,90.60669585,621.2,621.2,7.357493709236111,720,open_meteo,D:\MONEY VERSE\datasets\weather\weather_all_vietnam.csv,2026-05-18T15:57:27.004962+00:00,Open-Meteo public API data; attribution required.
Binh Phuoc,70,,2024-10,25.853293010752687,87.6826424798387,391.5,391.5,5.8257244495833325,744,open_meteo,D:\MONEY VERSE\datasets\weather\weather_all_vietnam.csv,2026-05-18T15:57:27.004962+00:00,Open-Meteo public API data; attribution required.
Binh Phuoc,70,,2024-11,26.502152777777777,79.46170408333333,82.7,82.7,7.491348483694445,720,open_meteo,D:\MONEY VERSE\datasets\weather\weather_all_vietnam.csv,2026-05-18T15:57:27.004962+00:00,Open-Meteo public API data; attribution required.
Binh Phuoc,70,,2024-12,25.515793010752688,74.89745927284946,69.8,69.8,9.90518902016129,744,open_meteo,D:\MONEY VERSE\datasets\weather\weather_all_vietnam.csv,2026-05-18T15:57:27.004962+00:00,Open-Meteo public API data; attribution required.
Binh Phuoc,70,,2025-01,25.29690860215054,63.03954983736559,4.6,4.6,8.785595232688172,744,open_meteo,D:\MONEY VERSE\datasets\weather\weather_all_vietnam.csv,2026-05-18T15:57:27.004962+00:00,Open-Meteo public API data; attribution required.
Binh Phuoc,70,,2025-02,26.54233630952381,67.40801745089286,48.9,48.9,8.136511316994048,672,open_meteo,D:\MONEY VERSE\datasets\weather\weather_all_vietnam.csv,2026-05-18T15:57:27.004962+00:00,Open-Meteo public API data; attribution required.
Binh Phuoc,70,,2025-03,27.69327956989247,68.86364252150538,42.800000000000004,42.800000000000004,8.332360124650538,744,open_meteo,D:\MONEY VERSE\datasets\weather\weather_all_vietnam.csv,2026-05-18T15:57:27.004962+00:00,Open-Meteo public API data; attribution required.
Binh Phuoc,70,,2025-04,28.14013888888889,75.26579157638889,115.4,115.4,6.686899387611112,720,open_meteo,D:\MONEY VERSE\datasets\weather\weather_all_vietnam.csv,2026-05-18T15:57:27.004962+00:00,Open-Meteo public API data; attribution required.
Binh Phuoc,70,,2025-05,27.178897849462363,86.06775286693548,329.7,329.7,6.457509284408602,744,open_meteo,D:\MONEY VERSE\datasets\weather\weather_all_vietnam.csv,2026-05-18T15:57:27.004962+00:00,Open-Meteo public API data; attribution required.
Binh Phuoc,70,,2025-06,26.13201388888889,90.89213684444445,438.2,438.2,7.093573483625,720,open_meteo,D:\MONEY VERSE\datasets\weather\weather_all_vietnam.csv,2026-05-18T15:57:27.004962+00:00,Open-Meteo public API data; attribution required.
Binh Phuoc,70,,2025-07,26.144825268817204,90.45145447311828,486.2,486.2,8.176870197836022,744,open_meteo,D:\MONEY VERSE\datasets\weather\weather_all_vietnam.csv,2026-05-18T15:57:27.004962+00:00,Open-Meteo public API data; attribution required.
Binh Phuoc,70,,2025-08,25.936962365591395,89.6224487110215,424.3,424.3,7.21850151795699,744,open_meteo,D:\MONEY VERSE\datasets\weather\weather_all_vietnam.csv,2026-05-18T15:57:27.004962+00:00,Open-Meteo public API data; attribution required.
Binh Phuoc,70,,2025-09,25.53125,91.93821937916667,529.8,529.8,6.692286118347223,720,open_meteo,D:\MONEY VERSE\datasets\weather\weather_all_vietnam.csv,2026-05-18T15:57:27.004962+00:00,Open-Meteo public API data; attribution required.
Binh Phuoc,70,,2025-10,25.985887096774192,89.49560857258065,289.9,289.9,5.938438956747311,744,open_meteo,D:\MONEY VERSE\datasets\weather\weather_all_vietnam.csv,2026-05-18T15:57:27.004962+00:00,Open-Meteo public API data; attribution required.
Binh Phuoc,70,,2025-11,25.306805555555556,83.25707489305556,223.20000000000002,223.20000000000002,8.237864361722222,720,open_meteo,D:\MONEY VERSE\datasets\weather\weather_all_vietnam.csv,2026-05-18T15:57:27.004962+00:00,Open-Meteo public API data; attribution required.
Binh Phuoc,70,,2025-12,25.727217741935483,73.22841178763441,45.2,45.2,8.74234235405914,744,open_meteo,D:\MONEY VERSE\datasets\weather\weather_all_vietnam.csv,2026-05-18T15:57:27.004962+00:00,Open-Meteo public API data; attribution required.
Binh Phuoc,70,,2026-01,25.04932795698925,61.743356482526885,3.6,3.6,7.767946877513441,744,open_meteo,D:\MONEY VERSE\datasets\weather\weather_all_vietnam.csv,2026-05-18T15:57:27.004962+00:00,Open-Meteo public API data; attribution required.
Binh Phuoc,70,,2026-02,27.14278273809524,65.44347376339286,30.400000000000002,30.400000000000002,7.106565198705358,672,open_meteo,D:\MONEY VERSE\datasets\weather\weather_all_vietnam.csv,2026-05-18T15:57:27.004962+00:00,Open-Meteo public API data; attribution required.
Binh Phuoc,70,,2026-03,27.565120967741937,66.26690544354838,40.2,40.2,8.137673865241934,744,open_meteo,D:\MONEY VERSE\datasets\weather\weather_all_vietnam.csv,2026-05-18T15:57:27.004962+00:00,Open-Meteo public API data; attribution required.
Binh Phuoc,70,,2026-04,28.922569444444445,68.34174190694443,17.1,17.1,8.631288796166666,720,open_meteo,D:\MONEY VERSE\datasets\weather\weather_all_vietnam.csv,2026-05-18T15:57:27.004962+00:00,Open-Meteo public API data; attribution required.
Binh Phuoc,70,,2026-05,28.530324074074073,78.86484829629629,89.5,84.599999734,6.2253436569907405,432,open_meteo,D:\MONEY VERSE\datasets\weather\weather_all_vietnam.csv,2026-05-18T15:57:27.004962+00:00,Open-Meteo public API data; attribution required.
Binh Thuan,60,,2021-05,28.244153225806453,82.02733547715053,118.5,118.5,11.778935763279568,744,open_meteo,D:\MONEY VERSE\datasets\weather\weather_all_vietnam.csv,2026-05-18T15:57:27.004962+00:00,Open-Meteo public API data; attribution required.
Binh Thuan,60,,2021-06,28.38076388888889,80.436864325,85.3,85.3,14.093177050694445,720,open_meteo,D:\MONEY VERSE\datasets\weather\weather_all_vietnam.csv,2026-05-18T15:57:27.004962+00:00,Open-Meteo public API data; attribution required.
Binh Thuan,60,,2021-07,27.465591397849465,84.07207085887097,218.7,218.7,14.421717603185483,744,open_meteo,D:\MONEY VERSE\datasets\weather\weather_all_vietnam.csv,2026-05-18T15:57:27.004962+00:00,Open-Meteo public API data; attribution required.
Binh Thuan,60,,2021-08,27.415389784946235,84.4140533938172,167.9,167.9,11.335141321330646,744,open_meteo,D:\MONEY VERSE\datasets\weather\weather_all_vietnam.csv,2026-05-18T15:57:27.004962+00:00,Open-Meteo public API data; attribution required.
Binh Thuan,60,,2021-09,26.626180555555553,87.77393410277779,278.6,278.6,9.806592343986111,720,open_meteo,D:\MONEY VERSE\datasets\weather\weather_all_vietnam.csv,2026-05-18T15:57:27.004962+00:00,Open-Meteo public API data; attribution required.
Binh Thuan,60,,2021-10,26.50188172043011,87.75331708333333,261.5,261.5,10.962755477419353,744,open_meteo,D:\MONEY VERSE\datasets\weather\weather_all_vietnam.csv,2026-05-18T15:57:27.004962+00:00,Open-Meteo public API data; attribution required.
Binh Thuan,60,,2021-11,26.445416666666667,85.82391098194444,91.60000000000001,91.60000000000001,12.061684914138889,720,open_meteo,D:\MONEY VERSE\datasets\weather\weather_all_vietnam.csv,2026-05-18T15:57:27.004962+00:00,Open-Meteo public API data; attribution required.
Binh Thuan,60,,2021-12,25.3684811827957,78.56305393817203,4.5,4.5,10.724824872150538,744,open_meteo,D:\MONEY VERSE\datasets\weather\weather_all_vietnam.csv,2026-05-18T15:57:27.004962+00:00,Open-Meteo public API data; attribution required.
Binh Thuan,60,,2022-01,25.505645161290325,75.41875361021506,1.5,1.5,13.770589002956989,744,open_meteo,D:\MONEY VERSE\datasets\weather\weather_all_vietnam.csv,2026-05-18T15:57:27.004962+00:00,Open-Meteo public API data; attribution required.
Binh Thuan,60,,2022-02,27.152901785714285,71.36550933482143,3.7,3.7,17.274054176041666,672,open_meteo,D:\MONEY VERSE\datasets\weather\weather_all_vietnam.csv,2026-05-18T15:57:27.004962+00:00,Open-Meteo public API data; attribution required.
Binh Thuan,60,,2022-03,27.114852150537637,76.69839834946237,50.4,50.4,13.398782435846774,744,open_meteo,D:\MONEY VERSE\datasets\weather\weather_all_vietnam.csv,2026-05-18T15:57:27.004962+00:00,Open-Meteo public API data; attribution required.
Binh Thuan,60,,2022-04,27.456041666666664,79.47805461388889,106.8,106.8,10.952754452916666,720,open_meteo,D:\MONEY VERSE\datasets\weather\weather_all_vietnam.csv,2026-05-18T15:57:27.004962+00:00,Open-Meteo public API data; attribution required.
Binh Thuan,60,,2022-05,27.439045698924733,84.18021859274194,196.9,196.9,10.712917585577957,744,open_meteo,D:\MONEY VERSE\datasets\weather\weather_all_vietnam.csv,2026-05-18T15:57:27.004962+00:00,Open-Meteo public API data; attribution required.
Binh Thuan,60,,2022-06,27.653680555555557,83.29063671944444,152.6,152.6,8.873881977361112,720,open_meteo,D:\MONEY VERSE\datasets\weather\weather_all_vietnam.csv,2026-05-18T15:57:27.004962+00:00,Open-Meteo public API data; attribution required.
Binh Thuan,60,,2022-07,27.267943548387095,83.58366150672043,216.7,216.7,12.373949153225807,744,open_meteo,D:\MONEY VERSE\datasets\weather\weather_all_vietnam.csv,2026-05-18T15:57:27.004962+00:00,Open-Meteo public API data; attribution required.
Binh Thuan,60,,2022-08,27.30524193548387,82.52619801881721,159.7,159.7,12.353531905107527,744,open_meteo,D:\MONEY VERSE\datasets\weather\weather_all_vietnam.csv,2026-05-18T15:57:27.004962+00:00,Open-Meteo public API data; attribution required.
Binh Thuan,60,,2022-09,26.70736111111111,85.27483843333334,212.8,212.8,11.465958293333333,720,open_meteo,D:\MONEY VERSE\datasets\weather\weather_all_vietnam.csv,2026-05-18T15:57:27.004962+00:00,Open-Meteo public API data; attribution required.
Binh Thuan,60,,2022-10,26.34926075268817,86.54940142069893,139.2,139.2,8.213961079126344,744,open_meteo,D:\MONEY VERSE\datasets\weather\weather_all_vietnam.csv,2026-05-18T15:57:27.004962+00:00,Open-Meteo public API data; attribution required.
Binh Thuan,60,,2022-11,26.376319444444444,84.87922904166666,120.4,120.4,10.75614701986111,720,open_meteo,D:\MONEY VERSE\datasets\weather\weather_all_vietnam.csv,2026-05-18T15:57:27.004962+00:00,Open-Meteo public API data; attribution required.
Binh Thuan,60,,2022-12,25.66478494623656,74.46619792069893,31.9,31.9,11.50450041876344,744,open_meteo,D:\MONEY VERSE\datasets\weather\weather_all_vietnam.csv,2026-05-18T15:57:27.004962+00:00,Open-Meteo public API data; attribution required.
Binh Thuan,60,,2023-01,25.218010752688173,79.2415207392473,72.8,72.8,10.211247895268817,744,open_meteo,D:\MONEY VERSE\datasets\weather\weather_all_vietnam.csv,2026-05-18T15:57:27.004962+00:00,Open-Meteo public API data; attribution required.
Binh Thuan,60,,2023-02,26.213020833333335,71.85896243154762,1.3,1.3,14.866079413095239,672,open_meteo,D:\MONEY VERSE\datasets\weather\weather_all_vietnam.csv,2026-05-18T15:57:27.004962+00:00,Open-Meteo public API data; attribution required.
Binh Thuan,60,,2023-03,26.067674731182795,72.43400372446237,0.9,0.9,15.949696442607527,744,open_meteo,D:\MONEY VERSE\datasets\weather\weather_all_vietnam.csv,2026-05-18T15:57:27.004962+00:00,Open-Meteo public API data; attribution required.
Binh Thuan,60,,2023-04,28.26736111111111,78.67597009861112,19.900000000000002,19.900000000000002,11.834800671111111,720,open_meteo,D:\MONEY VERSE\datasets\weather\weather_all_vietnam.csv,2026-05-18T15:57:27.004962+00:00,Open-Meteo public API data; attribution required.
Binh Thuan,60,,2023-05,28.57809139784946,80.6238179032258,154.1,154.1,10.585957923655913,744,open_meteo,D:\MONEY VERSE\datasets\weather\weather_all_vietnam.csv,2026-05-18T15:57:27.004962+00:00,Open-Meteo public API data; attribution required.
Binh Thuan,60,,2023-06,28.30034722222222,79.6544399138889,167.6,167.6,13.064707104583333,720,open_meteo,D:\MONEY VERSE\datasets\weather\weather_all_vietnam.csv,2026-05-18T15:57:27.004962+00:00,Open-Meteo public API data; attribution required.
Binh Thuan,60,,2023-07,27.36760752688172,83.20361301478493,229.0,229.0,13.540966740994625,744,open_meteo,D:\MONEY VERSE\datasets\weather\weather_all_vietnam.csv,2026-05-18T15:57:27.004962+00:00,Open-Meteo public API data; attribution required.
Binh Thuan,60,,2023-08,28.026948924731183,79.01091128763441,92.8,92.8,16.007637381451612,744,open_meteo,D:\MONEY VERSE\datasets\weather\weather_all_vietnam.csv,2026-05-18T15:57:27.004962+00:00,Open-Meteo public API data; attribution required.
Binh Thuan,60,,2023-09,27.054652777777775,84.39271881388889,255.4,255.4,12.232176069305556,720,open_meteo,D:\MONEY VERSE\datasets\weather\weather_all_vietnam.csv,2026-05-18T15:57:27.004962+00:00,Open-Meteo public API data; attribution required.
Binh Thuan,60,,2023-10,27.06088709677419,85.54513819758066,162.5,162.5,7.810647518978495,744,open_meteo,D:\MONEY VERSE\datasets\weather\weather_all_vietnam.csv,2026-05-18T15:57:27.004962+00:00,Open-Meteo public API data; attribution required.
Binh Thuan,60,,2023-11,27.790555555555557,74.05857172222223,27.1,27.1,11.71474974051389,720,open_meteo,D:\MONEY VERSE\datasets\weather\weather_all_vietnam.csv,2026-05-18T15:57:27.004962+00:00,Open-Meteo public API data; attribution required.
Binh Thuan,60,,2023-12,27.61364247311828,68.41949644758064,38.3,38.3,13.385684292338711,744,open_meteo,D:\MONEY VERSE\datasets\weather\weather_all_vietnam.csv,2026-05-18T15:57:27.004962+00:00,Open-Meteo public API data; attribution required.
Binh Thuan,60,,2024-01,26.593077956989248,65.22507526612902,0.0,0.0,15.644082144758066,744,open_meteo,D:\MONEY VERSE\datasets\weather\weather_all_vietnam.csv,2026-05-18T15:57:27.004962+00:00,Open-Meteo public API data; attribution required.
Binh Thuan,60,,2024-02,27.152873563218392,69.47597163362069,0.1,0.1,16.96442366882184,696,open_meteo,D:\MONEY VERSE\datasets\weather\weather_all_vietnam.csv,2026-05-18T15:57:27.004962+00:00,Open-Meteo public API data; attribution required.
Binh Thuan,60,,2024-03,27.906317204301075,70.60432188037635,1.9000000000000001,1.9000000000000001,17.16505065981183,744,open_meteo,D:\MONEY VERSE\datasets\weather\weather_all_vietnam.csv,2026-05-18T15:57:27.004962+00:00,Open-Meteo public API data; attribution required.
Binh Thuan,60,,2024-04,29.448055555555552,72.33607428055555,11.700000000000001,11.700000000000001,11.647033259166667,720,open_meteo,D:\MONEY VERSE\datasets\weather\weather_all_vietnam.csv,2026-05-18T15:57:27.004962+00:00,Open-Meteo public API data; attribution required.
Binh Thuan,60,,2024-05,29.923924731182797,74.02811583467742,88.1,88.1,11.640101077392474,744,open_meteo,D:\MONEY VERSE\datasets\weather\weather_all_vietnam.csv,2026-05-18T15:57:27.004962+00:00,Open-Meteo public API data; attribution required.
Binh Thuan,60,,2024-06,29.14638888888889,75.27494250555556,141.2,141.2,11.526922555805555,720,open_meteo,D:\MONEY VERSE\datasets\weather\weather_all_vietnam.csv,2026-05-18T15:57:27.004962+00:00,Open-Meteo public API data; attribution required.
Binh Thuan,60,,2024-07,27.308870967741935,82.8268828077957,271.2,271.2,14.29799686451613,744,open_meteo,D:\MONEY VERSE\datasets\weather\weather_all_vietnam.csv,2026-05-18T15:57:27.004962+00:00,Open-Meteo public API data; attribution required.
Binh Thuan,60,,2024-08,28.252755376344084,78.92680144758064,147.5,147.5,11.961231416801075,744,open_meteo,D:\MONEY VERSE\datasets\weather\weather_all_vietnam.csv,2026-05-18T15:57:27.004962+00:00,Open-Meteo public API data; attribution required.
Binh Thuan,60,,2024-09,27.227083333333333,84.17266778888889,229.2,229.2,13.15829355902778,720,open_meteo,D:\MONEY VERSE\datasets\weather\weather_all_vietnam.csv,2026-05-18T15:57:27.004962+00:00,Open-Meteo public API data; attribution required.
Binh Thuan,60,,2024-10,26.700067204301074,85.69774835483871,200.5,200.5,7.781293232822581,744,open_meteo,D:\MONEY VERSE\datasets\weather\weather_all_vietnam.csv,2026-05-18T15:57:27.004962+00:00,Open-Meteo public API data; attribution required.
Binh Thuan,60,,2024-11,27.61416666666667,75.02109808333333,24.7,24.7,11.193575492972222,720,open_meteo,D:\MONEY VERSE\datasets\weather\weather_all_vietnam.csv,2026-05-18T15:57:27.004962+00:00,Open-Meteo public API data; attribution required.
Binh Thuan,60,,2024-12,26.388978494623657,77.17206123655914,97.9,97.9,10.946905283642472,744,open_meteo,D:\MONEY VERSE\datasets\weather\weather_all_vietnam.csv,2026-05-18T15:57:27.004962+00:00,Open-Meteo public API data; attribution required.
Binh Thuan,60,,2025-01,25.57983870967742,67.80208156586022,18.1,18.1,11.811024941384408,744,open_meteo,D:\MONEY VERSE\datasets\weather\weather_all_vietnam.csv,2026-05-18T15:57:27.004962+00:00,Open-Meteo public API data; attribution required.
Binh Thuan,60,,2025-02,26.569345238095234,68.30425191071429,20.9,20.9,14.753349053050597,672,open_meteo,D:\MONEY VERSE\datasets\weather\weather_all_vietnam.csv,2026-05-18T15:57:27.004962+00:00,Open-Meteo public API data; attribution required.
Binh Thuan,60,,2025-03,27.528629032258063,69.78051551075269,14.6,14.6,15.373483337231184,744,open_meteo,D:\MONEY VERSE\datasets\weather\weather_all_vietnam.csv,2026-05-18T15:57:27.004962+00:00,Open-Meteo public API data; attribution required.
Binh Thuan,60,,2025-04,28.434722222222224,73.37501547083333,27.3,27.3,13.060828236458333,720,open_meteo,D:\MONEY VERSE\datasets\weather\weather_all_vietnam.csv,2026-05-18T15:57:27.004962+00:00,Open-Meteo public API data; attribution required.
Binh Thuan,60,,2025-05,28.43340053763441,79.01124118145161,298.0,298.0,10.435159415994624,744,open_meteo,D:\MONEY VERSE\datasets\weather\weather_all_vietnam.csv,2026-05-18T15:57:27.004962+00:00,Open-Meteo public API data; attribution required.
Binh Thuan,60,,2025-06,27.708958333333335,81.28102345138889,144.6,144.6,14.461417229958334,720,open_meteo,D:\MONEY VERSE\datasets\weather\weather_all_vietnam.csv,2026-05-18T15:57:27.004962+00:00,Open-Meteo public API data; attribution required.
Binh Thuan,60,,2025-07,27.86404569892473,79.58276627016129,144.2,144.2,18.008164909005377,744,open_meteo,D:\MONEY VERSE\datasets\weather\weather_all_vietnam.csv,2026-05-18T15:57:27.004962+00:00,Open-Meteo public API data; attribution required.
Binh Thuan,60,,2025-08,27.624865591397853,79.77899041263441,184.0,184.0,14.365759458844085,744,open_meteo,D:\MONEY VERSE\datasets\weather\weather_all_vietnam.csv,2026-05-18T15:57:27.004962+00:00,Open-Meteo public API data; attribution required.
Binh Thuan,60,,2025-09,26.855208333333334,84.13774553611111,291.7,291.7,12.675745486041668,720,open_meteo,D:\MONEY VERSE\datasets\weather\weather_all_vietnam.csv,2026-05-18T15:57:27.004962+00:00,Open-Meteo public API data; attribution required.
Binh Thuan,60,,2025-10,27.036693548387095,83.72038508467742,256.1,256.1,7.984567036102151,744,open_meteo,D:\MONEY VERSE\datasets\weather\weather_all_vietnam.csv,2026-05-18T15:57:27.004962+00:00,Open-Meteo public API data; attribution required.
Binh Thuan,60,,2025-11,26.333819444444444,82.75466020555555,228.0,228.0,9.330404419319445,720,open_meteo,D:\MONEY VERSE\datasets\weather\weather_all_vietnam.csv,2026-05-18T15:57:27.004962+00:00,Open-Meteo public API data; attribution required.
Binh Thuan,60,,2025-12,26.40813172043011,73.22775776747312,62.2,62.2,12.079604541693548,744,open_meteo,D:\MONEY VERSE\datasets\weather\weather_all_vietnam.csv,2026-05-18T15:57:27.004962+00:00,Open-Meteo public API data; attribution required.
Binh Thuan,60,,2026-01,25.083333333333332,64.61969644892473,0.1,0.1,13.855990413575269,744,open_meteo,D:\MONEY VERSE\datasets\weather\weather_all_vietnam.csv,2026-05-18T15:57:27.004962+00:00,Open-Meteo public API data; attribution required.
Binh Thuan,60,,2026-02,26.485267857142855,68.44623634077381,19.8,19.8,16.254200763690477,672,open_meteo,D:\MONEY VERSE\datasets\weather\weather_all_vietnam.csv,2026-05-18T15:57:27.004962+00:00,Open-Meteo public API data; attribution required.
Binh Thuan,60,,2026-03,26.880241935483873,71.78202011827958,4.5,4.5,16.05229856263441,744,open_meteo,D:\MONEY VERSE\datasets\weather\weather_all_vietnam.csv,2026-05-18T15:57:27.004962+00:00,Open-Meteo public API data; attribution required.
Binh Thuan,60,,2026-04,28.669444444444444,70.29654139027778,7.6000000000000005,7.6000000000000005,11.51213132226389,720,open_meteo,D:\MONEY VERSE\datasets\weather\weather_all_vietnam.csv,2026-05-18T15:57:27.004962+00:00,Open-Meteo public API data; attribution required.
Binh Thuan,60,,2026-05,29.86388888888889,70.6259351087963,22.6,20.900000044,15.311810020555557,432,open_meteo,D:\MONEY VERSE\datasets\weather\weather_all_vietnam.csv,2026-05-18T15:57:27.004962+00:00,Open-Meteo public API data; attribution required.
Ca Mau,96,,2021-05,27.860282258064515,83.638395297043,239.4,239.4,8.337370912473117,744,open_meteo,D:\MONEY VERSE\datasets\weather\weather_all_vietnam.csv,2026-05-18T15:57:27.004962+00:00,Open-Meteo public API data; attribution required.
Ca Mau,96,,2021-06,27.53013888888889,84.46856536944445,219.3,219.3,9.77935209625,720,open_meteo,D:\MONEY VERSE\datasets\weather\weather_all_vietnam.csv,2026-05-18T15:57:27.004962+00:00,Open-Meteo public API data; attribution required.
Ca Mau,96,,2021-07,27.23434139784946,85.61866253494624,274.9,274.9,10.48869682873656,744,open_meteo,D:\MONEY VERSE\datasets\weather\weather_all_vietnam.csv,2026-05-18T15:57:27.004962+00:00,Open-Meteo public API data; attribution required.
Ca Mau,96,,2021-08,26.910752688172042,86.11401161021504,288.1,288.1,9.39846428733871,744,open_meteo,D:\MONEY VERSE\datasets\weather\weather_all_vietnam.csv,2026-05-18T15:57:27.004962+00:00,Open-Meteo public API data; attribution required.
Ca Mau,96,,2021-09,26.423402777777774,87.36215424444444,369.9,369.9,9.329959578416666,720,open_meteo,D:\MONEY VERSE\datasets\weather\weather_all_vietnam.csv,2026-05-18T15:57:27.004962+00:00,Open-Meteo public API data; attribution required.
Ca Mau,96,,2021-10,26.584811827956987,86.25435937903225,317.6,317.6,9.007162782594087,744,open_meteo,D:\MONEY VERSE\datasets\weather\weather_all_vietnam.csv,2026-05-18T15:57:27.004962+00:00,Open-Meteo public API data; attribution required.
Ca Mau,96,,2021-11,25.85576388888889,87.34905685555555,413.3,413.3,10.471931680555556,720,open_meteo,D:\MONEY VERSE\datasets\weather\weather_all_vietnam.csv,2026-05-18T15:57:27.004962+00:00,Open-Meteo public API data; attribution required.
Ca Mau,96,,2021-12,25.772647849462363,79.17345648655915,37.2,37.2,10.007346714543012,744,open_meteo,D:\MONEY VERSE\datasets\weather\weather_all_vietnam.csv,2026-05-18T15:57:27.004962+00:00,Open-Meteo public API data; attribution required.
Ca Mau,96,,2022-01,26.366801075268818,74.08026574865592,25.400000000000002,25.400000000000002,11.344656381155913,744,open_meteo,D:\MONEY VERSE\datasets\weather\weather_all_vietnam.csv,2026-05-18T15:57:27.004962+00:00,Open-Meteo public API data; attribution required.
Ca Mau,96,,2022-02,27.60796130952381,71.64258484226191,51.0,51.0,15.390107066220239,672,open_meteo,D:\MONEY VERSE\datasets\weather\weather_all_vietnam.csv,2026-05-18T15:57:27.004962+00:00,Open-Meteo public API data; attribution required.
Ca Mau,96,,2022-03,27.87520161290323,75.42501884946236,75.8,75.8,10.273792102553763,744,open_meteo,D:\MONEY VERSE\datasets\weather\weather_all_vietnam.csv,2026-05-18T15:57:27.004962+00:00,Open-Meteo public API data; attribution required.
Ca Mau,96,,2022-04,27.276041666666668,81.47039249583334,228.0,228.0,7.571842221208334,720,open_meteo,D:\MONEY VERSE\datasets\weather\weather_all_vietnam.csv,2026-05-18T15:57:27.004962+00:00,Open-Meteo public API data; attribution required.
Ca Mau,96,,2022-05,27.66478494623656,82.68530291263441,251.0,251.0,9.581656740766128,744,open_meteo,D:\MONEY VERSE\datasets\weather\weather_all_vietnam.csv,2026-05-18T15:57:27.004962+00:00,Open-Meteo public API data; attribution required.
Ca Mau,96,,2022-06,27.313472222222224,83.30190508333332,249.8,249.8,7.6004590996944446,720,open_meteo,D:\MONEY VERSE\datasets\weather\weather_all_vietnam.csv,2026-05-18T15:57:27.004962+00:00,Open-Meteo public API data; attribution required.
Ca Mau,96,,2022-07,26.710282258064517,85.84748441801075,420.6,420.6,9.686776339354838,744,open_meteo,D:\MONEY VERSE\datasets\weather\weather_all_vietnam.csv,2026-05-18T15:57:27.004962+00:00,Open-Meteo public API data; attribution required.
Ca Mau,96,,2022-08,26.791801075268815,84.56075223118279,238.6,238.6,9.183467318373657,744,open_meteo,D:\MONEY VERSE\datasets\weather\weather_all_vietnam.csv,2026-05-18T15:57:27.004962+00:00,Open-Meteo public API data; attribution required.
Ca Mau,96,,2022-09,26.272291666666664,86.165724425,380.2,380.2,10.288019961916666,720,open_meteo,D:\MONEY VERSE\datasets\weather\weather_all_vietnam.csv,2026-05-18T15:57:27.004962+00:00,Open-Meteo public API data; attribution required.
Ca Mau,96,,2022-10,25.945026881720427,87.12315144758064,391.1,391.1,6.623374595672043,744,open_meteo,D:\MONEY VERSE\datasets\weather\weather_all_vietnam.csv,2026-05-18T15:57:27.004962+00:00,Open-Meteo public API data; attribution required.
Ca Mau,96,,2022-11,25.93798611111111,87.12133236944445,298.6,298.6,8.490202484555555,720,open_meteo,D:\MONEY VERSE\datasets\weather\weather_all_vietnam.csv,2026-05-18T15:57:27.004962+00:00,Open-Meteo public API data; attribution required.
Ca Mau,96,,2022-12,25.572782258064517,79.03711261155914,80.8,80.8,10.449897202768817,744,open_meteo,D:\MONEY VERSE\datasets\weather\weather_all_vietnam.csv,2026-05-18T15:57:27.004962+00:00,Open-Meteo public API data; attribution required.
Ca Mau,96,,2023-01,25.28702956989247,79.67045095698924,133.5,133.5,9.06089603438172,744,open_meteo,D:\MONEY VERSE\datasets\weather\weather_all_vietnam.csv,2026-05-18T15:57:27.004962+00:00,Open-Meteo public API data; attribution required.
Ca Mau,96,,2023-02,26.34940476190476,76.20789970535714,72.5,72.5,11.647597691071429,672,open_meteo,D:\MONEY VERSE\datasets\weather\weather_all_vietnam.csv,2026-05-18T15:57:27.004962+00:00,Open-Meteo public API data; attribution required.
Ca Mau,96,,2023-03,27.305040322580645,70.54757702553763,7.5,7.5,12.516243033333332,744,open_meteo,D:\MONEY VERSE\datasets\weather\weather_all_vietnam.csv,2026-05-18T15:57:27.004962+00:00,Open-Meteo public API data; attribution required.
Ca Mau,96,,2023-04,28.414236111111112,77.80341551111111,156.0,156.0,7.666555385347222,720,open_meteo,D:\MONEY VERSE\datasets\weather\weather_all_vietnam.csv,2026-05-18T15:57:27.004962+00:00,Open-Meteo public API data; attribution required.
Ca Mau,96,,2023-05,28.591397849462364,79.574742125,283.8,283.8,9.161732368010753,744,open_meteo,D:\MONEY VERSE\datasets\weather\weather_all_vietnam.csv,2026-05-18T15:57:27.004962+00:00,Open-Meteo public API data; attribution required.
Ca Mau,96,,2023-06,27.957500000000003,81.79521019861112,198.4,198.4,9.953735971250001,720,open_meteo,D:\MONEY VERSE\datasets\weather\weather_all_vietnam.csv,2026-05-18T15:57:27.004962+00:00,Open-Meteo public API data; attribution required.
Ca Mau,96,,2023-07,26.88649193548387,86.63813162231183,536.8,536.8,11.453644485967743,744,open_meteo,D:\MONEY VERSE\datasets\weather\weather_all_vietnam.csv,2026-05-18T15:57:27.004962+00:00,Open-Meteo public API data; attribution required.
Ca Mau,96,,2023-08,27.479771505376345,83.66826452150538,234.2,234.2,12.547153876209677,744,open_meteo,D:\MONEY VERSE\datasets\weather\weather_all_vietnam.csv,2026-05-18T15:57:27.004962+00:00,Open-Meteo public API data; attribution required.
Ca Mau,96,,2023-09,26.748541666666668,86.88234503055556,440.7,440.7,9.957362835249999,720,open_meteo,D:\MONEY VERSE\datasets\weather\weather_all_vietnam.csv,2026-05-18T15:57:27.004962+00:00,Open-Meteo public API data; attribution required.
Ca Mau,96,,2023-10,27.076948924731184,86.45001795698924,378.3,378.3,7.350975672930108,744,open_meteo,D:\MONEY VERSE\datasets\weather\weather_all_vietnam.csv,2026-05-18T15:57:27.004962+00:00,Open-Meteo public API data; attribution required.
Ca Mau,96,,2023-11,26.784791666666667,84.16562917222222,209.0,209.0,10.873969232194444,720,open_meteo,D:\MONEY VERSE\datasets\weather\weather_all_vietnam.csv,2026-05-18T15:57:27.004962+00:00,Open-Meteo public API data; attribution required.
Ca Mau,96,,2023-12,27.11041666666667,77.57636904032259,54.5,54.5,12.636490265725808,744,open_meteo,D:\MONEY VERSE\datasets\weather\weather_all_vietnam.csv,2026-05-18T15:57:27.004962+00:00,Open-Meteo public API data; attribution required.
Ca Mau,96,,2024-01,27.15510752688172,72.18973042876344,8.1,8.1,14.638467559811827,744,open_meteo,D:\MONEY VERSE\datasets\weather\weather_all_vietnam.csv,2026-05-18T15:57:27.004962+00:00,Open-Meteo public API data; attribution required.
Ca Mau,96,,2024-02,27.72679597701149,73.96308488362068,12.5,12.5,14.307948548994252,696,open_meteo,D:\MONEY VERSE\datasets\weather\weather_all_vietnam.csv,2026-05-18T15:57:27.004962+00:00,Open-Meteo public API data; attribution required.
Ca Mau,96,,2024-03,28.708333333333332,72.45177931182795,11.3,11.3,13.373072029435484,744,open_meteo,D:\MONEY VERSE\datasets\weather\weather_all_vietnam.csv,2026-05-18T15:57:27.004962+00:00,Open-Meteo public API data; attribution required.
Ca Mau,96,,2024-04,30.430208333333333,68.60827024027778,10.6,10.6,9.729106528472222,720,open_meteo,D:\MONEY VERSE\datasets\weather\weather_all_vietnam.csv,2026-05-18T15:57:27.004962+00:00,Open-Meteo public API data; attribution required.
Ca Mau,96,,2024-05,29.660887096774193,78.64263401747311,225.9,225.9,7.64359730391129,744,open_meteo,D:\MONEY VERSE\datasets\weather\weather_all_vietnam.csv,2026-05-18T15:57:27.004962+00:00,Open-Meteo public API data; attribution required.
Ca Mau,96,,2024-06,28.15486111111111,81.86196123055555,265.3,265.3,9.439202099722223,720,open_meteo,D:\MONEY VERSE\datasets\weather\weather_all_vietnam.csv,2026-05-18T15:57:27.004962+00:00,Open-Meteo public API data; attribution required.
Ca Mau,96,,2024-07,26.933669354838713,86.80100924731182,429.7,429.7,10.109979218521506,744,open_meteo,D:\MONEY VERSE\datasets\weather\weather_all_vietnam.csv,2026-05-18T15:57:27.004962+00:00,Open-Meteo public API data; attribution required.
Ca Mau,96,,2024-08,27.405913978494624,84.57628828494623,342.1,342.1,8.760011288145162,744,open_meteo,D:\MONEY VERSE\datasets\weather\weather_all_vietnam.csv,2026-05-18T15:57:27.004962+00:00,Open-Meteo public API data; attribution required.
Ca Mau,96,,2024-09,26.95736111111111,86.01204504166667,408.1,408.1,12.361688152194445,720,open_meteo,D:\MONEY VERSE\datasets\weather\weather_all_vietnam.csv,2026-05-18T15:57:27.004962+00:00,Open-Meteo public API data; attribution required.
Ca Mau,96,,2024-10,26.68548387096774,87.55896359811828,455.3,455.3,7.9288022326612895,744,open_meteo,D:\MONEY VERSE\datasets\weather\weather_all_vietnam.csv,2026-05-18T15:57:27.004962+00:00,Open-Meteo public API data; attribution required.
Ca Mau,96,,2024-11,27.030277777777776,83.09684606666666,182.2,182.2,10.648950750625001,720,open_meteo,D:\MONEY VERSE\datasets\weather\weather_all_vietnam.csv,2026-05-18T15:57:27.004962+00:00,Open-Meteo public API data; attribution required.
Ca Mau,96,,2024-12,25.924663978494625,84.44377692473118,191.3,191.3,10.260074010618279,744,open_meteo,D:\MONEY VERSE\datasets\weather\weather_all_vietnam.csv,2026-05-18T15:57:27.004962+00:00,Open-Meteo public API data; attribution required.
Ca Mau,96,,2025-01,25.852889784946235,77.5656066344086,20.7,20.7,9.735906015201614,744,open_meteo,D:\MONEY VERSE\datasets\weather\weather_all_vietnam.csv,2026-05-18T15:57:27.004962+00:00,Open-Meteo public API data; attribution required.
Ca Mau,96,,2025-02,26.877604166666668,75.25470635565476,30.3,30.3,12.795577044940476,672,open_meteo,D:\MONEY VERSE\datasets\weather\weather_all_vietnam.csv,2026-05-18T15:57:27.004962+00:00,Open-Meteo public API data; attribution required.
Ca Mau,96,,2025-03,28.015860215053763,73.78913381586021,31.7,31.7,12.72511594997312,744,open_meteo,D:\MONEY VERSE\datasets\weather\weather_all_vietnam.csv,2026-05-18T15:57:27.004962+00:00,Open-Meteo public API data; attribution required.
Ca Mau,96,,2025-04,28.218125,78.94420687083334,158.1,158.1,9.073063332638888,720,open_meteo,D:\MONEY VERSE\datasets\weather\weather_all_vietnam.csv,2026-05-18T15:57:27.004962+00:00,Open-Meteo public API data; attribution required.
Ca Mau,96,,2025-05,27.988978494623655,83.39315765188172,336.7,336.7,7.448265105846774,744,open_meteo,D:\MONEY VERSE\datasets\weather\weather_all_vietnam.csv,2026-05-18T15:57:27.004962+00:00,Open-Meteo public API data; attribution required.
Ca Mau,96,,2025-06,27.34027777777778,85.30289691527778,255.2,255.2,11.059304613652778,720,open_meteo,D:\MONEY VERSE\datasets\weather\weather_all_vietnam.csv,2026-05-18T15:57:27.004962+00:00,Open-Meteo public API data; attribution required.
Ca Mau,96,,2025-07,27.553629032258065,84.52078234139785,238.8,238.8,12.41471858158602,744,open_meteo,D:\MONEY VERSE\datasets\weather\weather_all_vietnam.csv,2026-05-18T15:57:27.004962+00:00,Open-Meteo public API data; attribution required.
Ca Mau,96,,2025-08,27.01666666666667,84.61139290188173,278.8,278.8,11.053930746774194,744,open_meteo,D:\MONEY VERSE\datasets\weather\weather_all_vietnam.csv,2026-05-18T15:57:27.004962+00:00,Open-Meteo public API data; attribution required.
Ca Mau,96,,2025-09,26.771805555555556,85.82050608194444,381.5,381.5,10.68049887851389,720,open_meteo,D:\MONEY VERSE\datasets\weather\weather_all_vietnam.csv,2026-05-18T15:57:27.004962+00:00,Open-Meteo public API data; attribution required.
Ca Mau,96,,2025-10,26.78581989247312,86.59375303897849,339.1,339.1,7.1090880327822585,744,open_meteo,D:\MONEY VERSE\datasets\weather\weather_all_vietnam.csv,2026-05-18T15:57:27.004962+00:00,Open-Meteo public API data; attribution required.
Ca Mau,96,,2025-11,26.098819444444448,84.75913224722223,264.9,264.9,9.856376305236111,720,open_meteo,D:\MONEY VERSE\datasets\weather\weather_all_vietnam.csv,2026-05-18T15:57:27.004962+00:00,Open-Meteo public API data; attribution required.
Ca Mau,96,,2025-12,26.258131720430107,82.17603478494624,113.0,113.0,9.331065513521505,744,open_meteo,D:\MONEY VERSE\datasets\weather\weather_all_vietnam.csv,2026-05-18T15:57:27.004962+00:00,Open-Meteo public API data; attribution required.
Ca Mau,96,,2026-01,25.435752688172045,76.63088643010752,31.0,31.0,10.788727868575268,744,open_meteo,D:\MONEY VERSE\datasets\weather\weather_all_vietnam.csv,2026-05-18T15:57:27.004962+00:00,Open-Meteo public API data; attribution required.
Ca Mau,96,,2026-02,27.129166666666666,72.18890950297619,39.8,39.8,13.018273213839285,672,open_meteo,D:\MONEY VERSE\datasets\weather\weather_all_vietnam.csv,2026-05-18T15:57:27.004962+00:00,Open-Meteo public API data; attribution required.
Ca Mau,96,,2026-03,27.5747311827957,74.15097958870967,37.5,37.5,11.990555655201614,744,open_meteo,D:\MONEY VERSE\datasets\weather\weather_all_vietnam.csv,2026-05-18T15:57:27.004962+00:00,Open-Meteo public API data; attribution required.
Ca Mau,96,,2026-04,29.70847222222222,66.92159353333334,5.5,5.5,8.855299129402779,720,open_meteo,D:\MONEY VERSE\datasets\weather\weather_all_vietnam.csv,2026-05-18T15:57:27.004962+00:00,Open-Meteo public API data; attribution required.
Ca Mau,96,,2026-05,29.157523148148147,77.18851956018518,106.3,102.899999944,10.482173770416667,432,open_meteo,D:\MONEY VERSE\datasets\weather\weather_all_vietnam.csv,2026-05-18T15:57:27.004962+00:00,Open-Meteo public API data; attribution required.
Can Tho,92,,2021-05,27.761626344086025,85.3469274717742,171.4,171.4,8.274786142607526,744,open_meteo,D:\MONEY VERSE\datasets\weather\weather_all_vietnam.csv,2026-05-18T15:57:27.004962+00:00,Open-Meteo public API data; attribution required.
Can Tho,92,,2021-06,27.37361111111111,86.0417871611111,189.4,189.4,10.531236537638888,720,open_meteo,D:\MONEY VERSE\datasets\weather\weather_all_vietnam.csv,2026-05-18T15:57:27.004962+00:00,Open-Meteo public API data; attribution required.
Can Tho,92,,2021-07,26.940456989247313,87.11871061021506,341.7,341.7,10.816120727150537,744,open_meteo,D:\MONEY VERSE\datasets\weather\weather_all_vietnam.csv,2026-05-18T15:57:27.004962+00:00,Open-Meteo public API data; attribution required.
Can Tho,92,,2021-08,26.889516129032256,86.57222338172042,304.5,304.5,9.498772382258064,744,open_meteo,D:\MONEY VERSE\datasets\weather\weather_all_vietnam.csv,2026-05-18T15:57:27.004962+00:00,Open-Meteo public API data; attribution required.
Can Tho,92,,2021-09,26.504583333333333,87.48541789166667,293.5,293.5,9.220905637777777,720,open_meteo,D:\MONEY VERSE\datasets\weather\weather_all_vietnam.csv,2026-05-18T15:57:27.004962+00:00,Open-Meteo public API data; attribution required.
Can Tho,92,,2021-10,26.53407258064516,87.0262987876344,303.3,303.3,8.491970031908602,744,open_meteo,D:\MONEY VERSE\datasets\weather\weather_all_vietnam.csv,2026-05-18T15:57:27.004962+00:00,Open-Meteo public API data; attribution required.
Can Tho,92,,2021-11,26.096736111111113,87.83614773194444,383.2,383.2,8.901321592291668,720,open_meteo,D:\MONEY VERSE\datasets\weather\weather_all_vietnam.csv,2026-05-18T15:57:27.004962+00:00,Open-Meteo public API data; attribution required.
Can Tho,92,,2021-12,25.72600806451613,79.62530509811828,34.7,34.7,8.2027951365457,744,open_meteo,D:\MONEY VERSE\datasets\weather\weather_all_vietnam.csv,2026-05-18T15:57:27.004962+00:00,Open-Meteo public API data; attribution required.
Can Tho,92,,2022-01,26.51659946236559,73.91669288172042,12.4,12.4,9.113098589475806,744,open_meteo,D:\MONEY VERSE\datasets\weather\weather_all_vietnam.csv,2026-05-18T15:57:27.004962+00:00,Open-Meteo public API data; attribution required.
Can Tho,92,,2022-02,27.78764880952381,70.23589510119048,17.8,17.8,13.606445598660715,672,open_meteo,D:\MONEY VERSE\datasets\weather\weather_all_vietnam.csv,2026-05-18T15:57:27.004962+00:00,Open-Meteo public API data; attribution required.
Can Tho,92,,2022-03,28.082594086021505,74.35844195698925,79.8,79.8,9.993890397002687,744,open_meteo,D:\MONEY VERSE\datasets\weather\weather_all_vietnam.csv,2026-05-18T15:57:27.004962+00:00,Open-Meteo public API data; attribution required.
Can Tho,92,,2022-04,27.135694444444447,83.39728000972222,257.4,257.4,7.266110385166667,720,open_meteo,D:\MONEY VERSE\datasets\weather\weather_all_vietnam.csv,2026-05-18T15:57:27.004962+00:00,Open-Meteo public API data; attribution required.
Can Tho,92,,2022-05,26.973521505376343,87.38373765053763,353.1,353.1,8.772475982096774,744,open_meteo,D:\MONEY VERSE\datasets\weather\weather_all_vietnam.csv,2026-05-18T15:57:27.004962+00:00,Open-Meteo public API data; attribution required.
Can Tho,92,,2022-06,27.018333333333334,86.16964772777777,270.3,270.3,7.220919139166666,720,open_meteo,D:\MONEY VERSE\datasets\weather\weather_all_vietnam.csv,2026-05-18T15:57:27.004962+00:00,Open-Meteo public API data; attribution required.
Can Tho,92,,2022-07,26.570430107526885,87.40896592069892,357.7,357.7,10.006310855564516,744,open_meteo,D:\MONEY VERSE\datasets\weather\weather_all_vietnam.csv,2026-05-18T15:57:27.004962+00:00,Open-Meteo public API data; attribution required.
Can Tho,92,,2022-08,26.515389784946237,87.06270076478495,323.1,323.1,8.989832276989247,744,open_meteo,D:\MONEY VERSE\datasets\weather\weather_all_vietnam.csv,2026-05-18T15:57:27.004962+00:00,Open-Meteo public API data; attribution required.
Can Tho,92,,2022-09,26.19604166666667,87.33623495138889,340.8,340.8,9.630118076972222,720,open_meteo,D:\MONEY VERSE\datasets\weather\weather_all_vietnam.csv,2026-05-18T15:57:27.004962+00:00,Open-Meteo public API data; attribution required.
Can Tho,92,,2022-10,26.06061827956989,86.52895278225806,340.4,340.4,6.951439662432796,744,open_meteo,D:\MONEY VERSE\datasets\weather\weather_all_vietnam.csv,2026-05-18T15:57:27.004962+00:00,Open-Meteo public API data; attribution required.
Can Tho,92,,2022-11,26.15590277777778,87.11895665694445,257.8,257.8,7.98779142125,720,open_meteo,D:\MONEY VERSE\datasets\weather\weather_all_vietnam.csv,2026-05-18T15:57:27.004962+00:00,Open-Meteo public API data; attribution required.
Can Tho,92,,2022-12,25.52197580645161,79.86248186290322,45.0,45.0,8.661011900134408,744,open_meteo,D:\MONEY VERSE\datasets\weather\weather_all_vietnam.csv,2026-05-18T15:57:27.004962+00:00,Open-Meteo public API data; attribution required.
Can Tho,92,,2023-01,25.02715053763441,81.69712214784947,110.2,110.2,8.217280752379033,744,open_meteo,D:\MONEY VERSE\datasets\weather\weather_all_vietnam.csv,2026-05-18T15:57:27.004962+00:00,Open-Meteo public API data; attribution required.
Can Tho,92,,2023-02,26.52001488095238,74.80027539880952,16.2,16.2,10.47898632110119,672,open_meteo,D:\MONEY VERSE\datasets\weather\weather_all_vietnam.csv,2026-05-18T15:57:27.004962+00:00,Open-Meteo public API data; attribution required.
Can Tho,92,,2023-03,27.324798387096777,70.09505501075269,1.8,1.8,11.451489213575268,744,open_meteo,D:\MONEY VERSE\datasets\weather\weather_all_vietnam.csv,2026-05-18T15:57:27.004962+00:00,Open-Meteo public API data; attribution required.
Can Tho,92,,2023-04,29.046666666666663,74.67550304722222,55.2,55.2,8.500326335527777,720,open_meteo,D:\MONEY VERSE\datasets\weather\weather_all_vietnam.csv,2026-05-18T15:57:27.004962+00:00,Open-Meteo public API data; attribution required.
Can Tho,92,,2023-05,28.51935483870968,80.28289666801075,244.5,244.5,9.134437387903226,744,open_meteo,D:\MONEY VERSE\datasets\weather\weather_all_vietnam.csv,2026-05-18T15:57:27.004962+00:00,Open-Meteo public API data; attribution required.
Can Tho,92,,2023-06,27.390694444444442,85.7291498375,272.9,272.9,9.164556211111112,720,open_meteo,D:\MONEY VERSE\datasets\weather\weather_all_vietnam.csv,2026-05-18T15:57:27.004962+00:00,Open-Meteo public API data; attribution required.
Can Tho,92,,2023-07,26.630241935483873,88.12049545698926,396.0,396.0,11.624093472553763,744,open_meteo,D:\MONEY VERSE\datasets\weather\weather_all_vietnam.csv,2026-05-18T15:57:27.004962+00:00,Open-Meteo public API data; attribution required.
Can Tho,92,,2023-08,27.27896505376344,84.84465034408602,217.9,217.9,12.322292167069893,744,open_meteo,D:\MONEY VERSE\datasets\weather\weather_all_vietnam.csv,2026-05-18T15:57:27.004962+00:00,Open-Meteo public API data; attribution required.
Can Tho,92,,2023-09,26.41125,88.74283684305556,441.1,441.1,9.68336985625,720,open_meteo,D:\MONEY VERSE\datasets\weather\weather_all_vietnam.csv,2026-05-18T15:57:27.004962+00:00,Open-Meteo public API data; attribution required.
Can Tho,92,,2023-10,26.7184811827957,88.39706043010753,401.7,401.7,6.417219147137097,744,open_meteo,D:\MONEY VERSE\datasets\weather\weather_all_vietnam.csv,2026-05-18T15:57:27.004962+00:00,Open-Meteo public API data; attribution required.
Can Tho,92,,2023-11,26.694166666666664,84.86462466805555,190.6,190.6,8.209044917083332,720,open_meteo,D:\MONEY VERSE\datasets\weather\weather_all_vietnam.csv,2026-05-18T15:57:27.004962+00:00,Open-Meteo public API data; attribution required.
Can Tho,92,,2023-12,27.124529569892474,76.77119717473118,25.9,25.9,9.986851727782259,744,open_meteo,D:\MONEY VERSE\datasets\weather\weather_all_vietnam.csv,2026-05-18T15:57:27.004962+00:00,Open-Meteo public API data; attribution required.
Can Tho,92,,2024-01,26.964314516129033,72.54955489650537,11.0,11.0,10.930328018682795,744,open_meteo,D:\MONEY VERSE\datasets\weather\weather_all_vietnam.csv,2026-05-18T15:57:27.004962+00:00,Open-Meteo public API data; attribution required.
Can Tho,92,,2024-02,27.803376436781612,70.84575788505748,3.8000000000000003,3.8000000000000003,12.858300415229884,696,open_meteo,D:\MONEY VERSE\datasets\weather\weather_all_vietnam.csv,2026-05-18T15:57:27.004962+00:00,Open-Meteo public API data; attribution required.
Can Tho,92,,2024-03,29.055779569892472,68.26994563306451,3.5,3.5,12.586863333064516,744,open_meteo,D:\MONEY VERSE\datasets\weather\weather_all_vietnam.csv,2026-05-18T15:57:27.004962+00:00,Open-Meteo public API data; attribution required.
Can Tho,92,,2024-04,30.790694444444444,65.57948874444445,3.4000000000000004,3.4000000000000004,9.429932084694444,720,open_meteo,D:\MONEY VERSE\datasets\weather\weather_all_vietnam.csv,2026-05-18T15:57:27.004962+00:00,Open-Meteo public API data; attribution required.
Can Tho,92,,2024-05,29.0684811827957,81.47321679569893,250.2,250.2,7.174813564422044,744,open_meteo,D:\MONEY VERSE\datasets\weather\weather_all_vietnam.csv,2026-05-18T15:57:27.004962+00:00,Open-Meteo public API data; attribution required.
Can Tho,92,,2024-06,27.785833333333333,84.39761754999999,236.2,236.2,9.057858518194443,720,open_meteo,D:\MONEY VERSE\datasets\weather\weather_all_vietnam.csv,2026-05-18T15:57:27.004962+00:00,Open-Meteo public API data; attribution required.
Can Tho,92,,2024-07,26.582594086021505,88.56839643682797,373.3,373.3,10.470358575672043,744,open_meteo,D:\MONEY VERSE\datasets\weather\weather_all_vietnam.csv,2026-05-18T15:57:27.004962+00:00,Open-Meteo public API data; attribution required.
Can Tho,92,,2024-08,27.117540322580645,86.54611566129033,295.7,295.7,8.279224005107528,744,open_meteo,D:\MONEY VERSE\datasets\weather\weather_all_vietnam.csv,2026-05-18T15:57:27.004962+00:00,Open-Meteo public API data; attribution required.
Can Tho,92,,2024-09,26.71027777777778,87.74496538055556,324.2,324.2,11.830656701680555,720,open_meteo,D:\MONEY VERSE\datasets\weather\weather_all_vietnam.csv,2026-05-18T15:57:27.004962+00:00,Open-Meteo public API data; attribution required.
Can Tho,92,,2024-10,26.504502688172042,88.06618368413979,430.7,430.7,6.909869458723119,744,open_meteo,D:\MONEY VERSE\datasets\weather\weather_all_vietnam.csv,2026-05-18T15:57:27.004962+00:00,Open-Meteo public API data; attribution required.
Can Tho,92,,2024-11,26.908819444444443,83.40049195,167.7,167.7,7.856093301708333,720,open_meteo,D:\MONEY VERSE\datasets\weather\weather_all_vietnam.csv,2026-05-18T15:57:27.004962+00:00,Open-Meteo public API data; attribution required.
Can Tho,92,,2024-12,25.831989247311828,83.65833240860215,148.5,148.5,8.161167315080645,744,open_meteo,D:\MONEY VERSE\datasets\weather\weather_all_vietnam.csv,2026-05-18T15:57:27.004962+00:00,Open-Meteo public API data; attribution required.
Can Tho,92,,2025-01,25.47755376344086,77.23929142876344,7.5,7.5,7.272639812002688,744,open_meteo,D:\MONEY VERSE\datasets\weather\weather_all_vietnam.csv,2026-05-18T15:57:27.004962+00:00,Open-Meteo public API data; attribution required.
Can Tho,92,,2025-02,26.662872023809523,75.03317363095238,53.800000000000004,53.800000000000004,9.689268079657738,672,open_meteo,D:\MONEY VERSE\datasets\weather\weather_all_vietnam.csv,2026-05-18T15:57:27.004962+00:00,Open-Meteo public API data; attribution required.
Can Tho,92,,2025-03,28.087701612903224,72.21892240053764,11.4,11.4,9.953523304072581,744,open_meteo,D:\MONEY VERSE\datasets\weather\weather_all_vietnam.csv,2026-05-18T15:57:27.004962+00:00,Open-Meteo public API data; attribution required.
Can Tho,92,,2025-04,28.579583333333332,75.92872361111111,73.7,73.7,8.465618679,720,open_meteo,D:\MONEY VERSE\datasets\weather\weather_all_vietnam.csv,2026-05-18T15:57:27.004962+00:00,Open-Meteo public API data; attribution required.
Can Tho,92,,2025-05,27.562163978494624,86.11572927956989,358.6,358.6,6.38996668829301,744,open_meteo,D:\MONEY VERSE\datasets\weather\weather_all_vietnam.csv,2026-05-18T15:57:27.004962+00:00,Open-Meteo public API data; attribution required.
Can Tho,92,,2025-06,26.991041666666664,87.59725636805555,293.0,293.0,10.126322121416667,720,open_meteo,D:\MONEY VERSE\datasets\weather\weather_all_vietnam.csv,2026-05-18T15:57:27.004962+00:00,Open-Meteo public API data; attribution required.
Can Tho,92,,2025-07,27.338844086021503,85.19767053091397,252.8,252.8,12.56381854247312,744,open_meteo,D:\MONEY VERSE\datasets\weather\weather_all_vietnam.csv,2026-05-18T15:57:27.004962+00:00,Open-Meteo public API data; attribution required.
Can Tho,92,,2025-08,26.688440860215056,86.76882863709677,306.9,306.9,10.632740749731184,744,open_meteo,D:\MONEY VERSE\datasets\weather\weather_all_vietnam.csv,2026-05-18T15:57:27.004962+00:00,Open-Meteo public API data; attribution required.
Can Tho,92,,2025-09,26.500833333333333,87.54974056666667,328.1,328.1,9.827490476013889,720,open_meteo,D:\MONEY VERSE\datasets\weather\weather_all_vietnam.csv,2026-05-18T15:57:27.004962+00:00,Open-Meteo public API data; attribution required.
Can Tho,92,,2025-10,26.6752688172043,87.61644393010752,287.9,287.9,6.1397505595967745,744,open_meteo,D:\MONEY VERSE\datasets\weather\weather_all_vietnam.csv,2026-05-18T15:57:27.004962+00:00,Open-Meteo public API data; attribution required.
Can Tho,92,,2025-11,25.965902777777778,84.27532302638889,247.8,247.8,7.833288082375,720,open_meteo,D:\MONEY VERSE\datasets\weather\weather_all_vietnam.csv,2026-05-18T15:57:27.004962+00:00,Open-Meteo public API data; attribution required.
Can Tho,92,,2025-12,26.07318548387097,83.3995121733871,130.1,130.1,6.844700503642473,744,open_meteo,D:\MONEY VERSE\datasets\weather\weather_all_vietnam.csv,2026-05-18T15:57:27.004962+00:00,Open-Meteo public API data; attribution required.
Can Tho,92,,2026-01,24.85241935483871,78.69464053225806,16.5,16.5,7.456030691680108,744,open_meteo,D:\MONEY VERSE\datasets\weather\weather_all_vietnam.csv,2026-05-18T15:57:27.004962+00:00,Open-Meteo public API data; attribution required.
Can Tho,92,,2026-02,26.648735119047622,74.40087888690476,61.5,61.5,9.908307831517858,672,open_meteo,D:\MONEY VERSE\datasets\weather\weather_all_vietnam.csv,2026-05-18T15:57:27.004962+00:00,Open-Meteo public API data; attribution required.
Can Tho,92,,2026-03,27.236559139784948,75.93877829166667,30.1,30.1,9.582619053669355,744,open_meteo,D:\MONEY VERSE\datasets\weather\weather_all_vietnam.csv,2026-05-18T15:57:27.004962+00:00,Open-Meteo public API data; attribution required.
Can Tho,92,,2026-04,29.15222222222222,68.60689328472222,2.2,2.2,8.088668334819445,720,open_meteo,D:\MONEY VERSE\datasets\weather\weather_all_vietnam.csv,2026-05-18T15:57:27.004962+00:00,Open-Meteo public API data; attribution required.
Can Tho,92,,2026-05,29.39178240740741,75.72988921296297,58.1,53.700000064,8.92840665111111,432,open_meteo,D:\MONEY VERSE\datasets\weather\weather_all_vietnam.csv,2026-05-18T15:57:27.004962+00:00,Open-Meteo public API data; attribution required.
Cao Bang,04,,2021-05,27.056175079301074,86.81003830376343,350.7,350.7,7.8480457555107535,744,open_meteo,D:\MONEY VERSE\datasets\weather\weather_all_vietnam.csv,2026-05-18T15:57:27.004962+00:00,Open-Meteo public API data; attribution required.
Cao Bang,04,,2021-06,27.94176419861111,85.29095098888888,310.5,310.5,6.063252292222223,720,open_meteo,D:\MONEY VERSE\datasets\weather\weather_all_vietnam.csv,2026-05-18T15:57:27.004962+00:00,Open-Meteo public API data; attribution required.
Cao Bang,04,,2021-07,28.0198847594086,86.34657229032258,243.5,243.5,5.388414044422043,744,open_meteo,D:\MONEY VERSE\datasets\weather\weather_all_vietnam.csv,2026-05-18T15:57:27.004962+00:00,Open-Meteo public API data; attribution required.
Cao Bang,04,,2021-08,27.88829868010753,88.50669490053764,360.8,360.8,5.301000869032258,744,open_meteo,D:\MONEY VERSE\datasets\weather\weather_all_vietnam.csv,2026-05-18T15:57:27.004962+00:00,Open-Meteo public API data; attribution required.
Cao Bang,04,,2021-09,27.009264259722222,87.0738834,171.6,171.6,4.198498155055556,720,open_meteo,D:\MONEY VERSE\datasets\weather\weather_all_vietnam.csv,2026-05-18T15:57:27.004962+00:00,Open-Meteo public API data; attribution required.
Cao Bang,04,,2021-10,22.63473690860215,79.22327074462365,308.9,308.9,7.45972863375,744,open_meteo,D:\MONEY VERSE\datasets\weather\weather_all_vietnam.csv,2026-05-18T15:57:27.004962+00:00,Open-Meteo public API data; attribution required.
Cao Bang,04,,2021-11,19.056694613888887,78.02598918888889,44.1,44.1,6.136491908416668,720,open_meteo,D:\MONEY VERSE\datasets\weather\weather_all_vietnam.csv,2026-05-18T15:57:27.004962+00:00,Open-Meteo public API data; attribution required.
Cao Bang,04,,2021-12,15.630637055107528,73.40118216935484,14.200000000000001,14.200000000000001,5.582728230537634,744,open_meteo,D:\MONEY VERSE\datasets\weather\weather_all_vietnam.csv,2026-05-18T15:57:27.004962+00:00,Open-Meteo public API data; attribution required.
Cao Bang,04,,2022-01,15.62452140672043,84.29837526344086,188.4,188.4,6.613530132271506,744,open_meteo,D:\MONEY VERSE\datasets\weather\weather_all_vietnam.csv,2026-05-18T15:57:27.004962+00:00,Open-Meteo public API data; attribution required.
Cao Bang,04,,2022-02,12.632101027678573,82.84518795982143,129.4,129.4,6.550233733586309,672,open_meteo,D:\MONEY VERSE\datasets\weather\weather_all_vietnam.csv,2026-05-18T15:57:27.004962+00:00,Open-Meteo public API data; attribution required.
Cao Bang,04,,2022-03,21.412626706989247,84.4223589233871,115.3,115.3,7.724923624193548,744,open_meteo,D:\MONEY VERSE\datasets\weather\weather_all_vietnam.csv,2026-05-18T15:57:27.004962+00:00,Open-Meteo public API data; attribution required.
Cao Bang,04,,2022-04,22.609333633333332,76.14733692222222,93.1,93.1,7.538696788611111,720,open_meteo,D:\MONEY VERSE\datasets\weather\weather_all_vietnam.csv,2026-05-18T15:57:27.004962+00:00,Open-Meteo public API data; attribution required.
Cao Bang,04,,2022-05,23.93971004032258,83.0436856545699,438.9,438.9,6.250050073548388,744,open_meteo,D:\MONEY VERSE\datasets\weather\weather_all_vietnam.csv,2026-05-18T15:57:27.004962+00:00,Open-Meteo public API data; attribution required.
Cao Bang,04,,2022-06,27.496347566666664,86.44449872777777,332.8,332.8,6.186847076277777,720,open_meteo,D:\MONEY VERSE\datasets\weather\weather_all_vietnam.csv,2026-05-18T15:57:27.004962+00:00,Open-Meteo public API data; attribution required.
Cao Bang,04,,2022-07,28.09313742204301,85.52420278225806,188.9,188.9,5.787776058387097,744,open_meteo,D:\MONEY VERSE\datasets\weather\weather_all_vietnam.csv,2026-05-18T15:57:27.004962+00:00,Open-Meteo public API data; attribution required.
Cao Bang,04,,2022-08,27.55348688575269,86.10574936424732,324.6,324.6,5.9267047158602155,744,open_meteo,D:\MONEY VERSE\datasets\weather\weather_all_vietnam.csv,2026-05-18T15:57:27.004962+00:00,Open-Meteo public API data; attribution required.
Cao Bang,04,,2022-09,26.37551427222222,83.08386595972222,180.0,180.0,4.880941995263889,720,open_meteo,D:\MONEY VERSE\datasets\weather\weather_all_vietnam.csv,2026-05-18T15:57:27.004962+00:00,Open-Meteo public API data; attribution required.
Cao Bang,04,,2022-10,23.315382100806453,73.90047872715054,63.9,63.9,6.506069561680108,744,open_meteo,D:\MONEY VERSE\datasets\weather\weather_all_vietnam.csv,2026-05-18T15:57:27.004962+00:00,Open-Meteo public API data; attribution required.
Cao Bang,04,,2022-11,22.472875316666666,80.92554684166667,101.6,101.6,6.2906364125694445,720,open_meteo,D:\MONEY VERSE\datasets\weather\weather_all_vietnam.csv,2026-05-18T15:57:27.004962+00:00,Open-Meteo public API data; attribution required.
Cao Bang,04,,2022-12,14.082854677688172,69.28796534811828,20.3,20.3,6.152847132163979,744,open_meteo,D:\MONEY VERSE\datasets\weather\weather_all_vietnam.csv,2026-05-18T15:57:27.004962+00:00,Open-Meteo public API data; attribution required.
Cao Bang,04,,2023-01,14.683862819623656,66.85468884811829,7.0,7.0,6.25121948389785,744,open_meteo,D:\MONEY VERSE\datasets\weather\weather_all_vietnam.csv,2026-05-18T15:57:27.004962+00:00,Open-Meteo public API data; attribution required.
Cao Bang,04,,2023-02,17.952785866071427,80.82625265327381,116.7,116.7,6.99858370625,672,open_meteo,D:\MONEY VERSE\datasets\weather\weather_all_vietnam.csv,2026-05-18T15:57:27.004962+00:00,Open-Meteo public API data; attribution required.
Cao Bang,04,,2023-03,21.14253258064516,76.78523437634408,65.5,65.5,7.261710897446236,744,open_meteo,D:\MONEY VERSE\datasets\weather\weather_all_vietnam.csv,2026-05-18T15:57:27.004962+00:00,Open-Meteo public API data; attribution required.
Cao Bang,04,,2023-04,24.511139227777775,81.03249454027778,105.4,105.4,7.780735891902778,720,open_meteo,D:\MONEY VERSE\datasets\weather\weather_all_vietnam.csv,2026-05-18T15:57:27.004962+00:00,Open-Meteo public API data; attribution required.
Cao Bang,04,,2023-05,27.054360431451613,78.32165207930107,67.8,67.8,7.840687075672044,744,open_meteo,D:\MONEY VERSE\datasets\weather\weather_all_vietnam.csv,2026-05-18T15:57:27.004962+00:00,Open-Meteo public API data; attribution required.
Cao Bang,04,,2023-06,27.960375243055555,82.94706439166666,411.6,411.6,5.5762156705,720,open_meteo,D:\MONEY VERSE\datasets\weather\weather_all_vietnam.csv,2026-05-18T15:57:27.004962+00:00,Open-Meteo public API data; attribution required.
Cao Bang,04,,2023-07,28.61699479435484,82.3563119610215,254.3,254.3,7.105372930497311,744,open_meteo,D:\MONEY VERSE\datasets\weather\weather_all_vietnam.csv,2026-05-18T15:57:27.004962+00:00,Open-Meteo public API data; attribution required.
Cao Bang,04,,2023-08,26.991188568548388,89.31433717607527,445.4,445.4,4.157865108723118,744,open_meteo,D:\MONEY VERSE\datasets\weather\weather_all_vietnam.csv,2026-05-18T15:57:27.004962+00:00,Open-Meteo public API data; attribution required.
Cao Bang,04,,2023-09,26.51002815,86.24713259444445,375.2,375.2,4.914730031736111,720,open_meteo,D:\MONEY VERSE\datasets\weather\weather_all_vietnam.csv,2026-05-18T15:57:27.004962+00:00,Open-Meteo public API data; attribution required.
Cao Bang,04,,2023-10,24.177142875,77.6669321155914,50.9,50.9,5.192148392110215,744,open_meteo,D:\MONEY VERSE\datasets\weather\weather_all_vietnam.csv,2026-05-18T15:57:27.004962+00:00,Open-Meteo public API data; attribution required.
Cao Bang,04,,2023-11,20.800097452777777,78.80977136666667,57.300000000000004,57.300000000000004,5.487813205527778,720,open_meteo,D:\MONEY VERSE\datasets\weather\weather_all_vietnam.csv,2026-05-18T15:57:27.004962+00:00,Open-Meteo public API data; attribution required.
Cao Bang,04,,2023-12,16.6807043780914,75.21711223655913,30.0,30.0,6.381370481922042,744,open_meteo,D:\MONEY VERSE\datasets\weather\weather_all_vietnam.csv,2026-05-18T15:57:27.004962+00:00,Open-Meteo public API data; attribution required.
Cao Bang,04,,2024-01,16.04071783723118,83.2685487795699,119.9,119.9,6.650755938104839,744,open_meteo,D:\MONEY VERSE\datasets\weather\weather_all_vietnam.csv,2026-05-18T15:57:27.004962+00:00,Open-Meteo public API data; attribution required.
Cao Bang,04,,2024-02,17.43656036350575,81.98761659913794,73.5,73.5,7.76883252454023,696,open_meteo,D:\MONEY VERSE\datasets\weather\weather_all_vietnam.csv,2026-05-18T15:57:27.004962+00:00,Open-Meteo public API data; attribution required.
Cao Bang,04,,2024-03,20.700126586021504,80.99240363978495,64.4,64.4,7.760908184744624,744,open_meteo,D:\MONEY VERSE\datasets\weather\weather_all_vietnam.csv,2026-05-18T15:57:27.004962+00:00,Open-Meteo public API data; attribution required.
Cao Bang,04,,2024-04,26.24086140833333,81.98755968055556,89.4,89.4,7.924879130625,720,open_meteo,D:\MONEY VERSE\datasets\weather\weather_all_vietnam.csv,2026-05-18T15:57:27.004962+00:00,Open-Meteo public API data; attribution required.
Cao Bang,04,,2024-05,25.925597155913977,85.08648358198924,333.3,333.3,5.949386860510753,744,open_meteo,D:\MONEY VERSE\datasets\weather\weather_all_vietnam.csv,2026-05-18T15:57:27.004962+00:00,Open-Meteo public API data; attribution required.
Cao Bang,04,,2024-06,27.44169477361111,88.93870789166667,516.7,516.7,5.873044658416667,720,open_meteo,D:\MONEY VERSE\datasets\weather\weather_all_vietnam.csv,2026-05-18T15:57:27.004962+00:00,Open-Meteo public API data; attribution required.
Cao Bang,04,,2024-07,27.787223423387097,87.08087326612903,316.7,316.7,6.5837810439919355,744,open_meteo,D:\MONEY VERSE\datasets\weather\weather_all_vietnam.csv,2026-05-18T15:57:27.004962+00:00,Open-Meteo public API data; attribution required.
Cao Bang,04,,2024-08,27.428688516129032,88.676560297043,403.6,403.6,4.6251977707392475,744,open_meteo,D:\MONEY VERSE\datasets\weather\weather_all_vietnam.csv,2026-05-18T15:57:27.004962+00:00,Open-Meteo public API data; attribution required.
Cao Bang,04,,2024-09,26.897597594444445,85.24181677638889,411.5,411.5,6.819835379458333,720,open_meteo,D:\MONEY VERSE\datasets\weather\weather_all_vietnam.csv,2026-05-18T15:57:27.004962+00:00,Open-Meteo public API data; attribution required.
Cao Bang,04,,2024-10,23.682183190860215,73.0099343844086,102.0,102.0,5.367186503494623,744,open_meteo,D:\MONEY VERSE\datasets\weather\weather_all_vietnam.csv,2026-05-18T15:57:27.004962+00:00,Open-Meteo public API data; attribution required.
Cao Bang,04,,2024-11,21.514611415277777,68.3655276638889,7.5,7.5,5.132932662013888,720,open_meteo,D:\MONEY VERSE\datasets\weather\weather_all_vietnam.csv,2026-05-18T15:57:27.004962+00:00,Open-Meteo public API data; attribution required.
Cao Bang,04,,2024-12,15.659736503091398,69.18586959946236,25.6,25.6,5.4382262772715055,744,open_meteo,D:\MONEY VERSE\datasets\weather\weather_all_vietnam.csv,2026-05-18T15:57:27.004962+00:00,Open-Meteo public API data; attribution required.
Cao Bang,04,,2025-01,15.337693511424732,66.4322138642473,18.400000000000002,18.400000000000002,5.823704301142473,744,open_meteo,D:\MONEY VERSE\datasets\weather\weather_all_vietnam.csv,2026-05-18T15:57:27.004962+00:00,Open-Meteo public API data; attribution required.
Cao Bang,04,,2025-02,15.341922494940476,80.19050863541668,51.1,51.1,6.601307629970238,672,open_meteo,D:\MONEY VERSE\datasets\weather\weather_all_vietnam.csv,2026-05-18T15:57:27.004962+00:00,Open-Meteo public API data; attribution required.
Cao Bang,04,,2025-03,20.212424901881718,69.27125457123655,48.7,48.7,8.36023640985215,744,open_meteo,D:\MONEY VERSE\datasets\weather\weather_all_vietnam.csv,2026-05-18T15:57:27.004962+00:00,Open-Meteo public API data; attribution required.
Cao Bang,04,,2025-04,25.11016693611111,69.11792270833332,73.6,73.6,7.697134682750001,720,open_meteo,D:\MONEY VERSE\datasets\weather\weather_all_vietnam.csv,2026-05-18T15:57:27.004962+00:00,Open-Meteo public API data; attribution required.
Cao Bang,04,,2025-05,25.72116163306452,82.47500552822581,356.9,356.9,6.623627828104838,744,open_meteo,D:\MONEY VERSE\datasets\weather\weather_all_vietnam.csv,2026-05-18T15:57:27.004962+00:00,Open-Meteo public API data; attribution required.
Cao Bang,04,,2025-06,27.534611406944446,85.72155135555555,334.3,334.3,6.036137599652777,720,open_meteo,D:\MONEY VERSE\datasets\weather\weather_all_vietnam.csv,2026-05-18T15:57:27.004962+00:00,Open-Meteo public API data; attribution required.
Cao Bang,04,,2025-07,28.168876529569893,84.4471369139785,253.1,253.1,5.2657896058333336,744,open_meteo,D:\MONEY VERSE\datasets\weather\weather_all_vietnam.csv,2026-05-18T15:57:27.004962+00:00,Open-Meteo public API data; attribution required.
Cao Bang,04,,2025-08,27.14965621774194,87.72544259274194,369.0,369.0,5.229267145994624,744,open_meteo,D:\MONEY VERSE\datasets\weather\weather_all_vietnam.csv,2026-05-18T15:57:27.004962+00:00,Open-Meteo public API data; attribution required.
Cao Bang,04,,2025-09,26.86433365972222,84.54019103194445,326.0,326.0,5.802588008305555,720,open_meteo,D:\MONEY VERSE\datasets\weather\weather_all_vietnam.csv,2026-05-18T15:57:27.004962+00:00,Open-Meteo public API data; attribution required.
Cao Bang,04,,2025-10,24.337492352150537,78.77690254435484,168.1,168.1,6.041401779932796,744,open_meteo,D:\MONEY VERSE\datasets\weather\weather_all_vietnam.csv,2026-05-18T15:57:27.004962+00:00,Open-Meteo public API data; attribution required.
Cao Bang,04,,2025-11,18.840791830555553,73.35372473888889,69.7,69.7,5.135083107680556,720,open_meteo,D:\MONEY VERSE\datasets\weather\weather_all_vietnam.csv,2026-05-18T15:57:27.004962+00:00,Open-Meteo public API data; attribution required.
Cao Bang,04,,2025-12,17.819010930107527,78.42440563978495,46.9,46.9,5.443285802580645,744,open_meteo,D:\MONEY VERSE\datasets\weather\weather_all_vietnam.csv,2026-05-18T15:57:27.004962+00:00,Open-Meteo public API data; attribution required.
Cao Bang,04,,2026-01,15.50556984798387,77.25943006451612,47.2,47.2,6.214939863225807,744,open_meteo,D:\MONEY VERSE\datasets\weather\weather_all_vietnam.csv,2026-05-18T15:57:27.004962+00:00,Open-Meteo public API data; attribution required.
Cao Bang,04,,2026-02,18.932994226190477,83.28821554910714,79.1,79.1,7.367840542351191,672,open_meteo,D:\MONEY VERSE\datasets\weather\weather_all_vietnam.csv,2026-05-18T15:57:27.004962+00:00,Open-Meteo public API data; attribution required.
Cao Bang,04,,2026-03,21.921900869623656,78.28960257661291,75.2,75.2,8.035631319112904,744,open_meteo,D:\MONEY VERSE\datasets\weather\weather_all_vietnam.csv,2026-05-18T15:57:27.004962+00:00,Open-Meteo public API data; attribution required.
Cao Bang,04,,2026-04,26.523778005555556,73.84818915972222,100.0,100.0,7.990419505458333,720,open_meteo,D:\MONEY VERSE\datasets\weather\weather_all_vietnam.csv,2026-05-18T15:57:27.004962+00:00,Open-Meteo public API data; attribution required.
Cao Bang,04,,2026-05,25.73572255324074,79.66247534027778,78.4,74.499999994,6.724529297314815,432,open_meteo,D:\MONEY VERSE\datasets\weather\weather_all_vietnam.csv,2026-05-18T15:57:27.004962+00:00,Open-Meteo public API data; attribution required.
Da Nang,48,,2021-05,29.02076612903226,80.44240795698924,17.900000000000002,17.900000000000002,12.884984564247311,744,open_meteo,D:\MONEY VERSE\datasets\weather\weather_all_vietnam.csv,2026-05-18T15:57:27.004962+00:00,Open-Meteo public API data; attribution required.
Da Nang,48,,2021-06,30.529375,71.85225196111111,44.7,44.7,9.191067330194445,720,open_meteo,D:\MONEY VERSE\datasets\weather\weather_all_vietnam.csv,2026-05-18T15:57:27.004962+00:00,Open-Meteo public API data; attribution required.
Da Nang,48,,2021-07,29.639314516129033,75.0712674610215,61.2,61.2,10.80931326125,744,open_meteo,D:\MONEY VERSE\datasets\weather\weather_all_vietnam.csv,2026-05-18T15:57:27.004962+00:00,Open-Meteo public API data; attribution required.
Da Nang,48,,2021-08,30.246639784946236,70.7430297983871,77.7,77.7,10.196202736317204,744,open_meteo,D:\MONEY VERSE\datasets\weather\weather_all_vietnam.csv,2026-05-18T15:57:27.004962+00:00,Open-Meteo public API data; attribution required.
Da Nang,48,,2021-09,27.245,86.01521789583333,408.7,408.7,11.117793871416668,720,open_meteo,D:\MONEY VERSE\datasets\weather\weather_all_vietnam.csv,2026-05-18T15:57:27.004962+00:00,Open-Meteo public API data; attribution required.
Da Nang,48,,2021-10,26.14260752688172,86.37494180913978,575.9,575.9,13.294255393521507,744,open_meteo,D:\MONEY VERSE\datasets\weather\weather_all_vietnam.csv,2026-05-18T15:57:27.004962+00:00,Open-Meteo public API data; attribution required.
Da Nang,48,,2021-11,24.817569444444448,85.09366082916667,311.3,311.3,15.186697367777779,720,open_meteo,D:\MONEY VERSE\datasets\weather\weather_all_vietnam.csv,2026-05-18T15:57:27.004962+00:00,Open-Meteo public API data; attribution required.
Da Nang,48,,2021-12,22.27983870967742,83.33707219892473,398.1,398.1,15.436405315053765,744,open_meteo,D:\MONEY VERSE\datasets\weather\weather_all_vietnam.csv,2026-05-18T15:57:27.004962+00:00,Open-Meteo public API data; attribution required.
Da Nang,48,,2022-01,22.554569892473115,88.03076868413979,172.4,172.4,8.717639980510754,744,open_meteo,D:\MONEY VERSE\datasets\weather\weather_all_vietnam.csv,2026-05-18T15:57:27.004962+00:00,Open-Meteo public API data; attribution required.
Da Nang,48,,2022-02,22.064136904761906,86.0559531279762,71.9,71.9,13.822004117559525,672,open_meteo,D:\MONEY VERSE\datasets\weather\weather_all_vietnam.csv,2026-05-18T15:57:27.004962+00:00,Open-Meteo public API data; attribution required.
Da Nang,48,,2022-03,24.694422043010753,87.63698745564515,67.8,67.8,10.360671866370968,744,open_meteo,D:\MONEY VERSE\datasets\weather\weather_all_vietnam.csv,2026-05-18T15:57:27.004962+00:00,Open-Meteo public API data; attribution required.
Da Nang,48,,2022-04,25.302777777777777,87.0236171625,294.8,294.8,13.150031409375,720,open_meteo,D:\MONEY VERSE\datasets\weather\weather_all_vietnam.csv,2026-05-18T15:57:27.004962+00:00,Open-Meteo public API data; attribution required.
Da Nang,48,,2022-05,27.073723118279567,85.85581671505376,112.10000000000001,112.10000000000001,9.242693183198924,744,open_meteo,D:\MONEY VERSE\datasets\weather\weather_all_vietnam.csv,2026-05-18T15:57:27.004962+00:00,Open-Meteo public API data; attribution required.
Da Nang,48,,2022-06,30.144722222222224,74.31601664305556,26.0,26.0,10.217847556805555,720,open_meteo,D:\MONEY VERSE\datasets\weather\weather_all_vietnam.csv,2026-05-18T15:57:27.004962+00:00,Open-Meteo public API data; attribution required.
Da Nang,48,,2022-07,28.740389784946235,80.14731565053764,124.7,124.7,8.514362234274193,744,open_meteo,D:\MONEY VERSE\datasets\weather\weather_all_vietnam.csv,2026-05-18T15:57:27.004962+00:00,Open-Meteo public API data; attribution required.
Da Nang,48,,2022-08,28.522110215053765,80.1695370295699,106.9,106.9,8.103320645806452,744,open_meteo,D:\MONEY VERSE\datasets\weather\weather_all_vietnam.csv,2026-05-18T15:57:27.004962+00:00,Open-Meteo public API data; attribution required.
Da Nang,48,,2022-09,27.57097222222222,82.25252968055555,344.0,344.0,9.24461792375,720,open_meteo,D:\MONEY VERSE\datasets\weather\weather_all_vietnam.csv,2026-05-18T15:57:27.004962+00:00,Open-Meteo public API data; attribution required.
Da Nang,48,,2022-10,25.743548387096777,82.11877991263441,506.6,506.6,15.7325855652957,744,open_meteo,D:\MONEY VERSE\datasets\weather\weather_all_vietnam.csv,2026-05-18T15:57:27.004962+00:00,Open-Meteo public API data; attribution required.
Da Nang,48,,2022-11,25.246805555555557,86.41609374583334,145.1,145.1,10.012391774027778,720,open_meteo,D:\MONEY VERSE\datasets\weather\weather_all_vietnam.csv,2026-05-18T15:57:27.004962+00:00,Open-Meteo public API data; attribution required.
Da Nang,48,,2022-12,22.266397849462365,81.4034971344086,343.6,343.6,16.837355253494625,744,open_meteo,D:\MONEY VERSE\datasets\weather\weather_all_vietnam.csv,2026-05-18T15:57:27.004962+00:00,Open-Meteo public API data; attribution required.
Da Nang,48,,2023-01,21.11619623655914,85.33874142069892,187.2,187.2,14.431024987231183,744,open_meteo,D:\MONEY VERSE\datasets\weather\weather_all_vietnam.csv,2026-05-18T15:57:27.004962+00:00,Open-Meteo public API data; attribution required.
Da Nang,48,,2023-02,22.757142857142856,87.43307982142858,118.3,118.3,12.685167702529762,672,open_meteo,D:\MONEY VERSE\datasets\weather\weather_all_vietnam.csv,2026-05-18T15:57:27.004962+00:00,Open-Meteo public API data; attribution required.
Da Nang,48,,2023-03,23.877486559139783,86.26838063037634,40.7,40.7,10.288730462768816,744,open_meteo,D:\MONEY VERSE\datasets\weather\weather_all_vietnam.csv,2026-05-18T15:57:27.004962+00:00,Open-Meteo public API data; attribution required.
Da Nang,48,,2023-04,27.433680555555554,85.04499882222223,25.6,25.6,12.41480365148611,720,open_meteo,D:\MONEY VERSE\datasets\weather\weather_all_vietnam.csv,2026-05-18T15:57:27.004962+00:00,Open-Meteo public API data; attribution required.
Da Nang,48,,2023-05,28.903293010752687,80.56502778494624,65.9,65.9,10.223266243817204,744,open_meteo,D:\MONEY VERSE\datasets\weather\weather_all_vietnam.csv,2026-05-18T15:57:27.004962+00:00,Open-Meteo public API data; attribution required.
Da Nang,48,,2023-06,30.035555555555554,74.50487515,79.3,79.3,8.763967030930555,720,open_meteo,D:\MONEY VERSE\datasets\weather\weather_all_vietnam.csv,2026-05-18T15:57:27.004962+00:00,Open-Meteo public API data; attribution required.
Da Nang,48,,2023-07,29.96854838709677,73.83090115591398,96.2,96.2,7.938516189032258,744,open_meteo,D:\MONEY VERSE\datasets\weather\weather_all_vietnam.csv,2026-05-18T15:57:27.004962+00:00,Open-Meteo public API data; attribution required.
Da Nang,48,,2023-08,30.778763440860217,67.7635876048387,82.6,82.6,8.602402685483872,744,open_meteo,D:\MONEY VERSE\datasets\weather\weather_all_vietnam.csv,2026-05-18T15:57:27.004962+00:00,Open-Meteo public API data; attribution required.
Da Nang,48,,2023-09,28.282152777777778,81.25748364305556,199.4,199.4,6.610931322472222,720,open_meteo,D:\MONEY VERSE\datasets\weather\weather_all_vietnam.csv,2026-05-18T15:57:27.004962+00:00,Open-Meteo public API data; attribution required.
Da Nang,48,,2023-10,26.36942204301075,87.1803462782258,715.7,715.7,9.426806076317204,744,open_meteo,D:\MONEY VERSE\datasets\weather\weather_all_vietnam.csv,2026-05-18T15:57:27.004962+00:00,Open-Meteo public API data; attribution required.
Da Nang,48,,2023-11,25.044722222222223,84.59547566111111,366.6,366.6,9.558234797972222,720,open_meteo,D:\MONEY VERSE\datasets\weather\weather_all_vietnam.csv,2026-05-18T15:57:27.004962+00:00,Open-Meteo public API data; attribution required.
Da Nang,48,,2023-12,23.316935483870967,87.83156150806451,391.5,391.5,11.138731022930108,744,open_meteo,D:\MONEY VERSE\datasets\weather\weather_all_vietnam.csv,2026-05-18T15:57:27.004962+00:00,Open-Meteo public API data; attribution required.
Da Nang,48,,2024-01,22.3942876344086,85.42970060215053,152.5,152.5,8.156246986276882,744,open_meteo,D:\MONEY VERSE\datasets\weather\weather_all_vietnam.csv,2026-05-18T15:57:27.004962+00:00,Open-Meteo public API data; attribution required.
Da Nang,48,,2024-02,23.619540229885057,87.10273917241379,31.8,31.8,10.636959538189654,696,open_meteo,D:\MONEY VERSE\datasets\weather\weather_all_vietnam.csv,2026-05-18T15:57:27.004962+00:00,Open-Meteo public API data; attribution required.
Da Nang,48,,2024-03,25.293279569892473,85.61414027284945,38.7,38.7,11.051105124139784,744,open_meteo,D:\MONEY VERSE\datasets\weather\weather_all_vietnam.csv,2026-05-18T15:57:27.004962+00:00,Open-Meteo public API data; attribution required.
Da Nang,48,,2024-04,28.941388888888888,78.92482972916666,2.1,2.1,11.609321825555556,720,open_meteo,D:\MONEY VERSE\datasets\weather\weather_all_vietnam.csv,2026-05-18T15:57:27.004962+00:00,Open-Meteo public API data; attribution required.
Da Nang,48,,2024-05,29.320094086021506,79.02205188844086,71.3,71.3,8.219205081142473,744,open_meteo,D:\MONEY VERSE\datasets\weather\weather_all_vietnam.csv,2026-05-18T15:57:27.004962+00:00,Open-Meteo public API data; attribution required.
Da Nang,48,,2024-06,30.525972222222222,74.6293386625,138.5,138.5,7.802982245277779,720,open_meteo,D:\MONEY VERSE\datasets\weather\weather_all_vietnam.csv,2026-05-18T15:57:27.004962+00:00,Open-Meteo public API data; attribution required.
Da Nang,48,,2024-07,29.415793010752687,76.38586145295699,120.3,120.3,8.21706405564516,744,open_meteo,D:\MONEY VERSE\datasets\weather\weather_all_vietnam.csv,2026-05-18T15:57:27.004962+00:00,Open-Meteo public API data; attribution required.
Da Nang,48,,2024-08,30.745026881720428,70.64575664112904,33.300000000000004,33.300000000000004,7.828679531021505,744,open_meteo,D:\MONEY VERSE\datasets\weather\weather_all_vietnam.csv,2026-05-18T15:57:27.004962+00:00,Open-Meteo public API data; attribution required.
Da Nang,48,,2024-09,28.480625,80.62246409444444,316.3,316.3,7.801118519791666,720,open_meteo,D:\MONEY VERSE\datasets\weather\weather_all_vietnam.csv,2026-05-18T15:57:27.004962+00:00,Open-Meteo public API data; attribution required.
Da Nang,48,,2024-10,25.765793010752688,84.7805529126344,528.0,528.0,10.281143397715054,744,open_meteo,D:\MONEY VERSE\datasets\weather\weather_all_vietnam.csv,2026-05-18T15:57:27.004962+00:00,Open-Meteo public API data; attribution required.
Da Nang,48,,2024-11,24.655625,84.2156481236111,470.8,470.8,11.688186346625,720,open_meteo,D:\MONEY VERSE\datasets\weather\weather_all_vietnam.csv,2026-05-18T15:57:27.004962+00:00,Open-Meteo public API data; attribution required.
Da Nang,48,,2024-12,22.450739247311827,85.44249467204301,303.9,303.9,12.575092709341398,744,open_meteo,D:\MONEY VERSE\datasets\weather\weather_all_vietnam.csv,2026-05-18T15:57:27.004962+00:00,Open-Meteo public API data; attribution required.
Da Nang,48,,2025-01,20.517405913978497,82.18945961155913,111.3,111.3,8.969611736491936,744,open_meteo,D:\MONEY VERSE\datasets\weather\weather_all_vietnam.csv,2026-05-18T15:57:27.004962+00:00,Open-Meteo public API data; attribution required.
Da Nang,48,,2025-02,21.903943452380954,87.14568614285714,106.6,106.6,9.976210238973215,672,open_meteo,D:\MONEY VERSE\datasets\weather\weather_all_vietnam.csv,2026-05-18T15:57:27.004962+00:00,Open-Meteo public API data; attribution required.
Da Nang,48,,2025-03,23.468615591397853,87.06689387096775,184.9,184.9,9.510999247446236,744,open_meteo,D:\MONEY VERSE\datasets\weather\weather_all_vietnam.csv,2026-05-18T15:57:27.004962+00:00,Open-Meteo public API data; attribution required.
Da Nang,48,,2025-04,26.27111111111111,80.51199906388888,38.1,38.1,8.104050393333333,720,open_meteo,D:\MONEY VERSE\datasets\weather\weather_all_vietnam.csv,2026-05-18T15:57:27.004962+00:00,Open-Meteo public API data; attribution required.
Da Nang,48,,2025-05,28.79415322580645,78.76680750672043,65.2,65.2,7.718665653158602,744,open_meteo,D:\MONEY VERSE\datasets\weather\weather_all_vietnam.csv,2026-05-18T15:57:27.004962+00:00,Open-Meteo public API data; attribution required.
Da Nang,48,,2025-06,29.48090277777778,75.56172731805556,393.0,393.0,6.647392899944445,720,open_meteo,D:\MONEY VERSE\datasets\weather\weather_all_vietnam.csv,2026-05-18T15:57:27.004962+00:00,Open-Meteo public API data; attribution required.
Da Nang,48,,2025-07,29.748521505376345,73.72386697446237,142.3,142.3,6.512949479247312,744,open_meteo,D:\MONEY VERSE\datasets\weather\weather_all_vietnam.csv,2026-05-18T15:57:27.004962+00:00,Open-Meteo public API data; attribution required.
Da Nang,48,,2025-08,29.53474462365591,73.9717673172043,252.5,252.5,7.431909608427419,744,open_meteo,D:\MONEY VERSE\datasets\weather\weather_all_vietnam.csv,2026-05-18T15:57:27.004962+00:00,Open-Meteo public API data; attribution required.
Da Nang,48,,2025-09,27.575694444444444,84.43302330555555,351.7,351.7,6.819791944055555,720,open_meteo,D:\MONEY VERSE\datasets\weather\weather_all_vietnam.csv,2026-05-18T15:57:27.004962+00:00,Open-Meteo public API data; attribution required.
Da Nang,48,,2025-10,26.182325268817205,86.59982651209677,826.7,826.7,10.353200654502688,744,open_meteo,D:\MONEY VERSE\datasets\weather\weather_all_vietnam.csv,2026-05-18T15:57:27.004962+00:00,Open-Meteo public API data; attribution required.
Da Nang,48,,2025-11,24.101319444444446,83.14021873333333,436.1,436.1,13.374530458333334,720,open_meteo,D:\MONEY VERSE\datasets\weather\weather_all_vietnam.csv,2026-05-18T15:57:27.004962+00:00,Open-Meteo public API data; attribution required.
Da Nang,48,,2025-12,23.08427419354839,86.11264984005376,244.3,244.3,9.615384446881722,744,open_meteo,D:\MONEY VERSE\datasets\weather\weather_all_vietnam.csv,2026-05-18T15:57:27.004962+00:00,Open-Meteo public API data; attribution required.
Da Nang,48,,2026-01,21.33662634408602,80.74886211693548,55.9,55.9,7.049794392782259,744,open_meteo,D:\MONEY VERSE\datasets\weather\weather_all_vietnam.csv,2026-05-18T15:57:27.004962+00:00,Open-Meteo public API data; attribution required.
Da Nang,48,,2026-02,23.29516369047619,82.70262018898809,49.6,49.6,8.798187893348214,672,open_meteo,D:\MONEY VERSE\datasets\weather\weather_all_vietnam.csv,2026-05-18T15:57:27.004962+00:00,Open-Meteo public API data; attribution required.
Da Nang,48,,2026-03,24.42143817204301,83.56745182258065,97.9,97.9,9.041018783306452,744,open_meteo,D:\MONEY VERSE\datasets\weather\weather_all_vietnam.csv,2026-05-18T15:57:27.004962+00:00,Open-Meteo public API data; attribution required.
Da Nang,48,,2026-04,28.43048611111111,74.67712716111112,6.0,6.0,9.360981076347223,720,open_meteo,D:\MONEY VERSE\datasets\weather\weather_all_vietnam.csv,2026-05-18T15:57:27.004962+00:00,Open-Meteo public API data; attribution required.
Da Nang,48,,2026-05,29.04201388888889,74.28834625,21.8,20.80000002,7.763237801851852,432,open_meteo,D:\MONEY VERSE\datasets\weather\weather_all_vietnam.csv,2026-05-18T15:57:27.004962+00:00,Open-Meteo public API data; attribution required.
Dak Lak,66,,2021-05,26.281989247311827,78.17838844892474,112.7,112.7,10.79387314405914,744,open_meteo,D:\MONEY VERSE\datasets\weather\weather_all_vietnam.csv,2026-05-18T15:57:27.004962+00:00,Open-Meteo public API data; attribution required.
Dak Lak,66,,2021-06,25.685069444444444,79.43662102083333,89.3,89.3,14.500937765000002,720,open_meteo,D:\MONEY VERSE\datasets\weather\weather_all_vietnam.csv,2026-05-18T15:57:27.004962+00:00,Open-Meteo public API data; attribution required.
Dak Lak,66,,2021-07,25.169354838709676,81.14081080107526,177.3,177.3,15.068198198924732,744,open_meteo,D:\MONEY VERSE\datasets\weather\weather_all_vietnam.csv,2026-05-18T15:57:27.004962+00:00,Open-Meteo public API data; attribution required.
Dak Lak,66,,2021-08,25.314650537634407,81.13547232258064,163.1,163.1,12.65238123030914,744,open_meteo,D:\MONEY VERSE\datasets\weather\weather_all_vietnam.csv,2026-05-18T15:57:27.004962+00:00,Open-Meteo public API data; attribution required.
Dak Lak,66,,2021-09,24.056041666666665,87.28302412638888,305.6,305.6,9.497760649388889,720,open_meteo,D:\MONEY VERSE\datasets\weather\weather_all_vietnam.csv,2026-05-18T15:57:27.004962+00:00,Open-Meteo public API data; attribution required.
Dak Lak,66,,2021-10,23.60282258064516,88.64216950268818,307.7,307.7,13.549510468346774,744,open_meteo,D:\MONEY VERSE\datasets\weather\weather_all_vietnam.csv,2026-05-18T15:57:27.004962+00:00,Open-Meteo public API data; attribution required.
Dak Lak,66,,2021-11,22.481805555555557,89.93093327638888,249.3,249.3,20.40407692152778,720,open_meteo,D:\MONEY VERSE\datasets\weather\weather_all_vietnam.csv,2026-05-18T15:57:27.004962+00:00,Open-Meteo public API data; attribution required.
Dak Lak,66,,2021-12,20.818548387096776,84.0440886155914,32.6,32.6,21.08524966908602,744,open_meteo,D:\MONEY VERSE\datasets\weather\weather_all_vietnam.csv,2026-05-18T15:57:27.004962+00:00,Open-Meteo public API data; attribution required.
Dak Lak,66,,2022-01,21.449260752688172,81.07425568145162,5.9,5.9,19.100190378091398,744,open_meteo,D:\MONEY VERSE\datasets\weather\weather_all_vietnam.csv,2026-05-18T15:57:27.004962+00:00,Open-Meteo public API data; attribution required.
Dak Lak,66,,2022-02,22.194717261904763,80.59781662500001,21.400000000000002,21.400000000000002,22.245853055803572,672,open_meteo,D:\MONEY VERSE\datasets\weather\weather_all_vietnam.csv,2026-05-18T15:57:27.004962+00:00,Open-Meteo public API data; attribution required.
Dak Lak,66,,2022-03,24.59563172043011,74.27800973521505,61.2,61.2,15.189914596639786,744,open_meteo,D:\MONEY VERSE\datasets\weather\weather_all_vietnam.csv,2026-05-18T15:57:27.004962+00:00,Open-Meteo public API data; attribution required.
Dak Lak,66,,2022-04,24.407500000000002,78.44025383055555,72.5,72.5,14.393524326944446,720,open_meteo,D:\MONEY VERSE\datasets\weather\weather_all_vietnam.csv,2026-05-18T15:57:27.004962+00:00,Open-Meteo public API data; attribution required.
Dak Lak,66,,2022-05,25.142473118279568,81.31334388575269,281.4,281.4,12.577641766397848,744,open_meteo,D:\MONEY VERSE\datasets\weather\weather_all_vietnam.csv,2026-05-18T15:57:27.004962+00:00,Open-Meteo public API data; attribution required.
Dak Lak,66,,2022-06,25.548194444444444,78.94813686388889,133.1,133.1,9.760185188333335,720,open_meteo,D:\MONEY VERSE\datasets\weather\weather_all_vietnam.csv,2026-05-18T15:57:27.004962+00:00,Open-Meteo public API data; attribution required.
Dak Lak,66,,2022-07,24.770900537634407,83.60798154704301,202.1,202.1,12.034475066935483,744,open_meteo,D:\MONEY VERSE\datasets\weather\weather_all_vietnam.csv,2026-05-18T15:57:27.004962+00:00,Open-Meteo public API data; attribution required.
Dak Lak,66,,2022-08,24.468145161290323,83.85223275537635,208.4,208.4,12.855779784435486,744,open_meteo,D:\MONEY VERSE\datasets\weather\weather_all_vietnam.csv,2026-05-18T15:57:27.004962+00:00,Open-Meteo public API data; attribution required.
Dak Lak,66,,2022-09,24.01888888888889,86.12572877222222,222.1,222.1,10.281520533055556,720,open_meteo,D:\MONEY VERSE\datasets\weather\weather_all_vietnam.csv,2026-05-18T15:57:27.004962+00:00,Open-Meteo public API data; attribution required.
Dak Lak,66,,2022-10,23.314448924731185,85.2943940483871,135.6,135.6,13.397817174543011,744,open_meteo,D:\MONEY VERSE\datasets\weather\weather_all_vietnam.csv,2026-05-18T15:57:27.004962+00:00,Open-Meteo public API data; attribution required.
Dak Lak,66,,2022-11,23.21736111111111,85.00768000416667,121.5,121.5,16.983585419444445,720,open_meteo,D:\MONEY VERSE\datasets\weather\weather_all_vietnam.csv,2026-05-18T15:57:27.004962+00:00,Open-Meteo public API data; attribution required.
Dak Lak,66,,2022-12,20.4692876344086,83.57260702553764,24.3,24.3,21.328513204973117,744,open_meteo,D:\MONEY VERSE\datasets\weather\weather_all_vietnam.csv,2026-05-18T15:57:27.004962+00:00,Open-Meteo public API data; attribution required.
Dak Lak,66,,2023-01,20.200604838709676,84.33500173387097,54.0,54.0,20.405043561827956,744,open_meteo,D:\MONEY VERSE\datasets\weather\weather_all_vietnam.csv,2026-05-18T15:57:27.004962+00:00,Open-Meteo public API data; attribution required.
Dak Lak,66,,2023-02,21.95714285714286,79.17002531845239,8.5,8.5,20.616414048660715,672,open_meteo,D:\MONEY VERSE\datasets\weather\weather_all_vietnam.csv,2026-05-18T15:57:27.004962+00:00,Open-Meteo public API data; attribution required.
Dak Lak,66,,2023-03,23.498991935483872,71.8145271626344,8.2,8.2,18.01753049501344,744,open_meteo,D:\MONEY VERSE\datasets\weather\weather_all_vietnam.csv,2026-05-18T15:57:27.004962+00:00,Open-Meteo public API data; attribution required.
Dak Lak,66,,2023-04,27.113472222222224,69.38819081805555,17.8,17.8,12.05734260776389,720,open_meteo,D:\MONEY VERSE\datasets\weather\weather_all_vietnam.csv,2026-05-18T15:57:27.004962+00:00,Open-Meteo public API data; attribution required.
Dak Lak,66,,2023-05,26.515120967741936,76.15270028629033,159.70000000000002,159.70000000000002,10.419407750631722,744,open_meteo,D:\MONEY VERSE\datasets\weather\weather_all_vietnam.csv,2026-05-18T15:57:27.004962+00:00,Open-Meteo public API data; attribution required.
Dak Lak,66,,2023-06,25.262847222222224,82.30166814027778,224.1,224.1,12.739509686527779,720,open_meteo,D:\MONEY VERSE\datasets\weather\weather_all_vietnam.csv,2026-05-18T15:57:27.004962+00:00,Open-Meteo public API data; attribution required.
Dak Lak,66,,2023-07,24.687567204301075,84.81791473521506,278.6,278.6,12.278935739986558,744,open_meteo,D:\MONEY VERSE\datasets\weather\weather_all_vietnam.csv,2026-05-18T15:57:27.004962+00:00,Open-Meteo public API data; attribution required.
Dak Lak,66,,2023-08,25.23293010752688,81.70925571370968,126.6,126.6,15.351019261693548,744,open_meteo,D:\MONEY VERSE\datasets\weather\weather_all_vietnam.csv,2026-05-18T15:57:27.004962+00:00,Open-Meteo public API data; attribution required.
Dak Lak,66,,2023-09,24.552847222222223,85.03863033611111,246.6,246.6,11.553287549333332,720,open_meteo,D:\MONEY VERSE\datasets\weather\weather_all_vietnam.csv,2026-05-18T15:57:27.004962+00:00,Open-Meteo public API data; attribution required.
Dak Lak,66,,2023-10,24.184139784946236,87.25183026209677,230.8,230.8,10.241203594623656,744,open_meteo,D:\MONEY VERSE\datasets\weather\weather_all_vietnam.csv,2026-05-18T15:57:27.004962+00:00,Open-Meteo public API data; attribution required.
Dak Lak,66,,2023-11,22.98548611111111,85.20267823194445,44.2,44.2,20.07166997708333,720,open_meteo,D:\MONEY VERSE\datasets\weather\weather_all_vietnam.csv,2026-05-18T15:57:27.004962+00:00,Open-Meteo public API data; attribution required.
Dak Lak,66,,2023-12,22.15141129032258,84.11731376344086,21.8,21.8,21.77734163172043,744,open_meteo,D:\MONEY VERSE\datasets\weather\weather_all_vietnam.csv,2026-05-18T15:57:27.004962+00:00,Open-Meteo public API data; attribution required.
Dak Lak,66,,2024-01,21.331989247311828,79.21564540053762,4.4,4.4,22.685196219758065,744,open_meteo,D:\MONEY VERSE\datasets\weather\weather_all_vietnam.csv,2026-05-18T15:57:27.004962+00:00,Open-Meteo public API data; attribution required.
Dak Lak,66,,2024-02,23.688577586206897,73.81676219396552,2.8000000000000003,2.8000000000000003,19.172879258045977,696,open_meteo,D:\MONEY VERSE\datasets\weather\weather_all_vietnam.csv,2026-05-18T15:57:27.004962+00:00,Open-Meteo public API data; attribution required.
Dak Lak,66,,2024-03,25.362903225806452,70.70605878360216,11.5,11.5,17.58863329811828,744,open_meteo,D:\MONEY VERSE\datasets\weather\weather_all_vietnam.csv,2026-05-18T15:57:27.004962+00:00,Open-Meteo public API data; attribution required.
Dak Lak,66,,2024-04,28.40513888888889,64.66127835972222,18.2,18.2,9.545791901722223,720,open_meteo,D:\MONEY VERSE\datasets\weather\weather_all_vietnam.csv,2026-05-18T15:57:27.004962+00:00,Open-Meteo public API data; attribution required.
Dak Lak,66,,2024-05,27.18931451612903,75.3411544233871,95.7,95.7,11.349910531048387,744,open_meteo,D:\MONEY VERSE\datasets\weather\weather_all_vietnam.csv,2026-05-18T15:57:27.004962+00:00,Open-Meteo public API data; attribution required.
Dak Lak,66,,2024-06,26.264791666666667,77.93150412638889,149.6,149.6,11.90624131888889,720,open_meteo,D:\MONEY VERSE\datasets\weather\weather_all_vietnam.csv,2026-05-18T15:57:27.004962+00:00,Open-Meteo public API data; attribution required.
Dak Lak,66,,2024-07,24.65342741935484,84.58936540591398,215.6,215.6,14.47257396610215,744,open_meteo,D:\MONEY VERSE\datasets\weather\weather_all_vietnam.csv,2026-05-18T15:57:27.004962+00:00,Open-Meteo public API data; attribution required.
Dak Lak,66,,2024-08,25.566868279569892,80.96635329569892,152.8,152.8,10.098458495080646,744,open_meteo,D:\MONEY VERSE\datasets\weather\weather_all_vietnam.csv,2026-05-18T15:57:27.004962+00:00,Open-Meteo public API data; attribution required.
Dak Lak,66,,2024-09,24.514444444444447,86.29159295555556,249.4,249.4,12.400700240666668,720,open_meteo,D:\MONEY VERSE\datasets\weather\weather_all_vietnam.csv,2026-05-18T15:57:27.004962+00:00,Open-Meteo public API data; attribution required.
Dak Lak,66,,2024-10,23.708736559139783,85.61393546236559,146.2,146.2,12.7327629225,744,open_meteo,D:\MONEY VERSE\datasets\weather\weather_all_vietnam.csv,2026-05-18T15:57:27.004962+00:00,Open-Meteo public API data; attribution required.
Dak Lak,66,,2024-11,23.143402777777776,82.93246493888888,57.2,57.2,18.32142088625,720,open_meteo,D:\MONEY VERSE\datasets\weather\weather_all_vietnam.csv,2026-05-18T15:57:27.004962+00:00,Open-Meteo public API data; attribution required.
Dak Lak,66,,2024-12,21.11599462365591,87.66270391935484,93.7,93.7,20.932297168145162,744,open_meteo,D:\MONEY VERSE\datasets\weather\weather_all_vietnam.csv,2026-05-18T15:57:27.004962+00:00,Open-Meteo public API data; attribution required.
Dak Lak,66,,2025-01,19.356720430107526,79.65651874596774,3.5,3.5,20.51679474892473,744,open_meteo,D:\MONEY VERSE\datasets\weather\weather_all_vietnam.csv,2026-05-18T15:57:27.004962+00:00,Open-Meteo public API data; attribution required.
Dak Lak,66,,2025-02,21.39278273809524,79.43944274107143,13.700000000000001,13.700000000000001,20.51111278690476,672,open_meteo,D:\MONEY VERSE\datasets\weather\weather_all_vietnam.csv,2026-05-18T15:57:27.004962+00:00,Open-Meteo public API data; attribution required.
Dak Lak,66,,2025-03,23.659475806451614,75.89332936424731,7.1000000000000005,7.1000000000000005,16.963968792244625,744,open_meteo,D:\MONEY VERSE\datasets\weather\weather_all_vietnam.csv,2026-05-18T15:57:27.004962+00:00,Open-Meteo public API data; attribution required.
Dak Lak,66,,2025-04,25.892083333333332,71.42089704305556,36.0,36.0,12.315915371375,720,open_meteo,D:\MONEY VERSE\datasets\weather\weather_all_vietnam.csv,2026-05-18T15:57:27.004962+00:00,Open-Meteo public API data; attribution required.
Dak Lak,66,,2025-05,25.731048387096777,81.03617242473118,177.9,177.9,8.883066777943549,744,open_meteo,D:\MONEY VERSE\datasets\weather\weather_all_vietnam.csv,2026-05-18T15:57:27.004962+00:00,Open-Meteo public API data; attribution required.
Dak Lak,66,,2025-06,24.686736111111113,85.10342912777779,175.3,175.3,12.392567758347223,720,open_meteo,D:\MONEY VERSE\datasets\weather\weather_all_vietnam.csv,2026-05-18T15:57:27.004962+00:00,Open-Meteo public API data; attribution required.
Dak Lak,66,,2025-07,24.954435483870967,82.44209055376345,148.7,148.7,17.127338190994625,744,open_meteo,D:\MONEY VERSE\datasets\weather\weather_all_vietnam.csv,2026-05-18T15:57:27.004962+00:00,Open-Meteo public API data; attribution required.
Dak Lak,66,,2025-08,24.713575268817205,83.37927173252687,172.9,172.9,11.901130678709675,744,open_meteo,D:\MONEY VERSE\datasets\weather\weather_all_vietnam.csv,2026-05-18T15:57:27.004962+00:00,Open-Meteo public API data; attribution required.
Dak Lak,66,,2025-09,23.759236111111115,89.40645795555555,367.4,367.4,9.986273724,720,open_meteo,D:\MONEY VERSE\datasets\weather\weather_all_vietnam.csv,2026-05-18T15:57:27.004962+00:00,Open-Meteo public API data; attribution required.
Dak Lak,66,,2025-10,23.64677419354839,88.26556048387097,244.3,244.3,11.202129463387097,744,open_meteo,D:\MONEY VERSE\datasets\weather\weather_all_vietnam.csv,2026-05-18T15:57:27.004962+00:00,Open-Meteo public API data; attribution required.
Dak Lak,66,,2025-11,22.10201388888889,88.46821872083333,392.5,392.5,14.373133826208333,720,open_meteo,D:\MONEY VERSE\datasets\weather\weather_all_vietnam.csv,2026-05-18T15:57:27.004962+00:00,Open-Meteo public API data; attribution required.
Dak Lak,66,,2025-12,21.36633064516129,86.5953586438172,64.7,64.7,19.202957850645163,744,open_meteo,D:\MONEY VERSE\datasets\weather\weather_all_vietnam.csv,2026-05-18T15:57:27.004962+00:00,Open-Meteo public API data; attribution required.
Dak Lak,66,,2026-01,19.431250000000002,78.865890625,3.7,3.7,17.902207288978495,744,open_meteo,D:\MONEY VERSE\datasets\weather\weather_all_vietnam.csv,2026-05-18T15:57:27.004962+00:00,Open-Meteo public API data; attribution required.
Dak Lak,66,,2026-02,21.880059523809525,79.78098090625001,28.200000000000003,28.200000000000003,18.356440786458332,672,open_meteo,D:\MONEY VERSE\datasets\weather\weather_all_vietnam.csv,2026-05-18T15:57:27.004962+00:00,Open-Meteo public API data; attribution required.
Dak Lak,66,,2026-03,23.50698924731183,75.05028735215053,16.5,16.5,16.117946567768815,744,open_meteo,D:\MONEY VERSE\datasets\weather\weather_all_vietnam.csv,2026-05-18T15:57:27.004962+00:00,Open-Meteo public API data; attribution required.
Dak Lak,66,,2026-04,27.57701388888889,61.1972109513889,31.8,31.8,9.386330627083332,720,open_meteo,D:\MONEY VERSE\datasets\weather\weather_all_vietnam.csv,2026-05-18T15:57:27.004962+00:00,Open-Meteo public API data; attribution required.
Dak Lak,66,,2026-05,26.5494212962963,74.40631650231482,52.7,50.8,13.469299993287038,432,open_meteo,D:\MONEY VERSE\datasets\weather\weather_all_vietnam.csv,2026-05-18T15:57:27.004962+00:00,Open-Meteo public API data; attribution required.
Dak Nong,67,,2021-05,22.86875,87.88524280107528,307.4,307.4,6.740455960900538,744,open_meteo,D:\MONEY VERSE\datasets\weather\weather_all_vietnam.csv,2026-05-18T15:57:27.004962+00:00,Open-Meteo public API data; attribution required.
Dak Nong,67,,2021-06,22.390555555555558,90.87755623194445,160.7,160.7,11.247010891527777,720,open_meteo,D:\MONEY VERSE\datasets\weather\weather_all_vietnam.csv,2026-05-18T15:57:27.004962+00:00,Open-Meteo public API data; attribution required.
Dak Nong,67,,2021-07,21.86431451612903,92.25655883333333,337.3,337.3,11.72129829014785,744,open_meteo,D:\MONEY VERSE\datasets\weather\weather_all_vietnam.csv,2026-05-18T15:57:27.004962+00:00,Open-Meteo public API data; attribution required.
Dak Nong,67,,2021-08,22.015389784946237,91.06189055510752,296.8,296.8,9.8145888690457,744,open_meteo,D:\MONEY VERSE\datasets\weather\weather_all_vietnam.csv,2026-05-18T15:57:27.004962+00:00,Open-Meteo public API data; attribution required.
Dak Nong,67,,2021-09,21.374166666666667,92.53847465694444,408.8,408.8,8.851791211319444,720,open_meteo,D:\MONEY VERSE\datasets\weather\weather_all_vietnam.csv,2026-05-18T15:57:27.004962+00:00,Open-Meteo public API data; attribution required.
Dak Nong,67,,2021-10,21.123051075268815,92.97325677150538,440.5,440.5,10.27046665829301,744,open_meteo,D:\MONEY VERSE\datasets\weather\weather_all_vietnam.csv,2026-05-18T15:57:27.004962+00:00,Open-Meteo public API data; attribution required.
Dak Nong,67,,2021-11,20.54375,91.45889326388888,121.3,121.3,17.26334468847222,720,open_meteo,D:\MONEY VERSE\datasets\weather\weather_all_vietnam.csv,2026-05-18T15:57:27.004962+00:00,Open-Meteo public API data; attribution required.
Dak Nong,67,,2021-12,18.851814516129032,85.51667298387096,26.5,26.5,19.731912133145162,744,open_meteo,D:\MONEY VERSE\datasets\weather\weather_all_vietnam.csv,2026-05-18T15:57:27.004962+00:00,Open-Meteo public API data; attribution required.
Dak Nong,67,,2022-01,19.550470430107527,79.85814480241936,9.3,9.3,13.790792808682797,744,open_meteo,D:\MONEY VERSE\datasets\weather\weather_all_vietnam.csv,2026-05-18T15:57:27.004962+00:00,Open-Meteo public API data; attribution required.
Dak Nong,67,,2022-02,20.360863095238095,83.13418870982143,40.199999999999996,40.199999999999996,13.492037576785714,672,open_meteo,D:\MONEY VERSE\datasets\weather\weather_all_vietnam.csv,2026-05-18T15:57:27.004962+00:00,Open-Meteo public API data; attribution required.
Dak Nong,67,,2022-03,22.149932795698923,78.38913528360214,92.8,92.8,8.618436597379032,744,open_meteo,D:\MONEY VERSE\datasets\weather\weather_all_vietnam.csv,2026-05-18T15:57:27.004962+00:00,Open-Meteo public API data; attribution required.
Dak Nong,67,,2022-04,21.606319444444445,84.71910935277778,136.6,136.6,10.368559239555555,720,open_meteo,D:\MONEY VERSE\datasets\weather\weather_all_vietnam.csv,2026-05-18T15:57:27.004962+00:00,Open-Meteo public API data; attribution required.
Dak Nong,67,,2022-05,22.06108870967742,90.30340102150538,271.8,271.8,9.020613547728495,744,open_meteo,D:\MONEY VERSE\datasets\weather\weather_all_vietnam.csv,2026-05-18T15:57:27.004962+00:00,Open-Meteo public API data; attribution required.
Dak Nong,67,,2022-06,22.21673611111111,88.07669639583332,176.4,176.4,7.611594813861111,720,open_meteo,D:\MONEY VERSE\datasets\weather\weather_all_vietnam.csv,2026-05-18T15:57:27.004962+00:00,Open-Meteo public API data; attribution required.
Dak Nong,67,,2022-07,21.82157258064516,90.62717590591399,260.0,260.0,9.893203860994623,744,open_meteo,D:\MONEY VERSE\datasets\weather\weather_all_vietnam.csv,2026-05-18T15:57:27.004962+00:00,Open-Meteo public API data; attribution required.
Dak Nong,67,,2022-08,21.603897849462363,90.30361669758064,201.7,201.7,9.850328484811827,744,open_meteo,D:\MONEY VERSE\datasets\weather\weather_all_vietnam.csv,2026-05-18T15:57:27.004962+00:00,Open-Meteo public API data; attribution required.
Dak Nong,67,,2022-09,21.292916666666667,91.93168276527778,282.1,282.1,9.00929131051389,720,open_meteo,D:\MONEY VERSE\datasets\weather\weather_all_vietnam.csv,2026-05-18T15:57:27.004962+00:00,Open-Meteo public API data; attribution required.
Dak Nong,67,,2022-10,20.94603494623656,88.95779147311829,195.8,195.8,10.562668001129033,744,open_meteo,D:\MONEY VERSE\datasets\weather\weather_all_vietnam.csv,2026-05-18T15:57:27.004962+00:00,Open-Meteo public API data; attribution required.
Dak Nong,67,,2022-11,20.93173611111111,87.72191451944444,164.9,164.9,11.380726167291666,720,open_meteo,D:\MONEY VERSE\datasets\weather\weather_all_vietnam.csv,2026-05-18T15:57:27.004962+00:00,Open-Meteo public API data; attribution required.
Dak Nong,67,,2022-12,18.355913978494623,86.07248336424732,13.9,13.9,20.051169956317203,744,open_meteo,D:\MONEY VERSE\datasets\weather\weather_all_vietnam.csv,2026-05-18T15:57:27.004962+00:00,Open-Meteo public API data; attribution required.
Dak Nong,67,,2023-01,18.15638440860215,87.70704417204301,64.6,64.6,18.580898585483872,744,open_meteo,D:\MONEY VERSE\datasets\weather\weather_all_vietnam.csv,2026-05-18T15:57:27.004962+00:00,Open-Meteo public API data; attribution required.
Dak Nong,67,,2023-02,20.029241071428572,79.73438070535715,12.4,12.4,14.894197734077382,672,open_meteo,D:\MONEY VERSE\datasets\weather\weather_all_vietnam.csv,2026-05-18T15:57:27.004962+00:00,Open-Meteo public API data; attribution required.
Dak Nong,67,,2023-03,21.14912634408602,73.4365484811828,20.9,20.9,12.48113931548387,744,open_meteo,D:\MONEY VERSE\datasets\weather\weather_all_vietnam.csv,2026-05-18T15:57:27.004962+00:00,Open-Meteo public API data; attribution required.
Dak Nong,67,,2023-04,23.56111111111111,78.38642951111112,71.0,71.0,7.681700773361111,720,open_meteo,D:\MONEY VERSE\datasets\weather\weather_all_vietnam.csv,2026-05-18T15:57:27.004962+00:00,Open-Meteo public API data; attribution required.
Dak Nong,67,,2023-05,23.281989247311827,84.38006075806452,188.9,188.9,8.361511634408602,744,open_meteo,D:\MONEY VERSE\datasets\weather\weather_all_vietnam.csv,2026-05-18T15:57:27.004962+00:00,Open-Meteo public API data; attribution required.
Dak Nong,67,,2023-06,22.260625,89.48691665972223,243.6,243.6,9.491794793305555,720,open_meteo,D:\MONEY VERSE\datasets\weather\weather_all_vietnam.csv,2026-05-18T15:57:27.004962+00:00,Open-Meteo public API data; attribution required.
Dak Nong,67,,2023-07,21.917674731182796,91.45331845967743,327.5,327.5,10.125011789731182,744,open_meteo,D:\MONEY VERSE\datasets\weather\weather_all_vietnam.csv,2026-05-18T15:57:27.004962+00:00,Open-Meteo public API data; attribution required.
Dak Nong,67,,2023-08,22.33508064516129,89.1976854126344,182.3,182.3,11.485013413575269,744,open_meteo,D:\MONEY VERSE\datasets\weather\weather_all_vietnam.csv,2026-05-18T15:57:27.004962+00:00,Open-Meteo public API data; attribution required.
Dak Nong,67,,2023-09,21.831180555555555,91.12072887361111,269.0,269.0,9.898356574222221,720,open_meteo,D:\MONEY VERSE\datasets\weather\weather_all_vietnam.csv,2026-05-18T15:57:27.004962+00:00,Open-Meteo public API data; attribution required.
Dak Nong,67,,2023-10,21.6807123655914,91.31906943682796,240.8,240.8,7.862681242607527,744,open_meteo,D:\MONEY VERSE\datasets\weather\weather_all_vietnam.csv,2026-05-18T15:57:27.004962+00:00,Open-Meteo public API data; attribution required.
Dak Nong,67,,2023-11,20.787708333333335,88.57126474861111,52.1,52.1,16.72688334729167,720,open_meteo,D:\MONEY VERSE\datasets\weather\weather_all_vietnam.csv,2026-05-18T15:57:27.004962+00:00,Open-Meteo public API data; attribution required.
Dak Nong,67,,2023-12,20.045564516129033,86.35954496236559,11.5,11.5,19.099252653763443,744,open_meteo,D:\MONEY VERSE\datasets\weather\weather_all_vietnam.csv,2026-05-18T15:57:27.004962+00:00,Open-Meteo public API data; attribution required.
Dak Nong,67,,2024-01,19.459879032258065,80.38888240188172,0.2,0.2,15.932431987204302,744,open_meteo,D:\MONEY VERSE\datasets\weather\weather_all_vietnam.csv,2026-05-18T15:57:27.004962+00:00,Open-Meteo public API data; attribution required.
Dak Nong,67,,2024-02,22.01645114942529,73.3921208591954,2.8000000000000003,2.8000000000000003,10.637198963793104,696,open_meteo,D:\MONEY VERSE\datasets\weather\weather_all_vietnam.csv,2026-05-18T15:57:27.004962+00:00,Open-Meteo public API data; attribution required.
Dak Nong,67,,2024-03,23.508602150537637,69.60404127553764,31.799999999999997,31.799999999999997,9.186954235268818,744,open_meteo,D:\MONEY VERSE\datasets\weather\weather_all_vietnam.csv,2026-05-18T15:57:27.004962+00:00,Open-Meteo public API data; attribution required.
Dak Nong,67,,2024-04,25.173194444444444,71.89690183611111,32.7,32.7,7.679769313916666,720,open_meteo,D:\MONEY VERSE\datasets\weather\weather_all_vietnam.csv,2026-05-18T15:57:27.004962+00:00,Open-Meteo public API data; attribution required.
Dak Nong,67,,2024-05,23.96854838709677,83.63863964247312,194.7,194.7,6.520894530040323,744,open_meteo,D:\MONEY VERSE\datasets\weather\weather_all_vietnam.csv,2026-05-18T15:57:27.004962+00:00,Open-Meteo public API data; attribution required.
Dak Nong,67,,2024-06,22.835416666666667,88.23971796805556,185.5,185.5,9.425368785555555,720,open_meteo,D:\MONEY VERSE\datasets\weather\weather_all_vietnam.csv,2026-05-18T15:57:27.004962+00:00,Open-Meteo public API data; attribution required.
Dak Nong,67,,2024-07,21.81975806451613,91.96513345161291,271.2,271.2,11.674485733145163,744,open_meteo,D:\MONEY VERSE\datasets\weather\weather_all_vietnam.csv,2026-05-18T15:57:27.004962+00:00,Open-Meteo public API data; attribution required.
Dak Nong,67,,2024-08,22.553091397849464,88.722464327957,265.7,265.7,7.84368986313172,744,open_meteo,D:\MONEY VERSE\datasets\weather\weather_all_vietnam.csv,2026-05-18T15:57:27.004962+00:00,Open-Meteo public API data; attribution required.
Dak Nong,67,,2024-09,21.761875,92.87122020416666,334.9,334.9,10.015558529875,720,open_meteo,D:\MONEY VERSE\datasets\weather\weather_all_vietnam.csv,2026-05-18T15:57:27.004962+00:00,Open-Meteo public API data; attribution required.
Dak Nong,67,,2024-10,21.41720430107527,88.80076852822582,192.9,192.9,10.550878975510752,744,open_meteo,D:\MONEY VERSE\datasets\weather\weather_all_vietnam.csv,2026-05-18T15:57:27.004962+00:00,Open-Meteo public API data; attribution required.
Dak Nong,67,,2024-11,20.871458333333333,86.95599787083333,70.1,70.1,18.00704654347222,720,open_meteo,D:\MONEY VERSE\datasets\weather\weather_all_vietnam.csv,2026-05-18T15:57:27.004962+00:00,Open-Meteo public API data; attribution required.
Dak Nong,67,,2024-12,19.050604838709678,90.96408297849463,53.2,53.2,26.212057665322583,744,open_meteo,D:\MONEY VERSE\datasets\weather\weather_all_vietnam.csv,2026-05-18T15:57:27.004962+00:00,Open-Meteo public API data; attribution required.
Dak Nong,67,,2025-01,17.684744623655916,82.54358422849462,5.3,5.3,21.05108528709677,744,open_meteo,D:\MONEY VERSE\datasets\weather\weather_all_vietnam.csv,2026-05-18T15:57:27.004962+00:00,Open-Meteo public API data; attribution required.
Dak Nong,67,,2025-02,19.843229166666667,79.58980826041667,7.5,7.5,19.34393438421131,672,open_meteo,D:\MONEY VERSE\datasets\weather\weather_all_vietnam.csv,2026-05-18T15:57:27.004962+00:00,Open-Meteo public API data; attribution required.
Dak Nong,67,,2025-03,22.032728494623655,76.33525160887096,17.3,17.3,14.02762776810484,744,open_meteo,D:\MONEY VERSE\datasets\weather\weather_all_vietnam.csv,2026-05-18T15:57:27.004962+00:00,Open-Meteo public API data; attribution required.
Dak Nong,67,,2025-04,23.440069444444443,76.83409909444444,71.2,71.2,8.464397024250001,720,open_meteo,D:\MONEY VERSE\datasets\weather\weather_all_vietnam.csv,2026-05-18T15:57:27.004962+00:00,Open-Meteo public API data; attribution required.
Dak Nong,67,,2025-05,22.819220430107528,87.38000875940861,309.2,309.2,6.585429146599463,744,open_meteo,D:\MONEY VERSE\datasets\weather\weather_all_vietnam.csv,2026-05-18T15:57:27.004962+00:00,Open-Meteo public API data; attribution required.
Dak Nong,67,,2025-06,22.064097222222223,90.8773113375,223.4,223.4,11.395537093902776,720,open_meteo,D:\MONEY VERSE\datasets\weather\weather_all_vietnam.csv,2026-05-18T15:57:27.004962+00:00,Open-Meteo public API data; attribution required.
Dak Nong,67,,2025-07,21.892405913978497,92.03448081048387,193.5,193.5,15.612178002755378,744,open_meteo,D:\MONEY VERSE\datasets\weather\weather_all_vietnam.csv,2026-05-18T15:57:27.004962+00:00,Open-Meteo public API data; attribution required.
Dak Nong,67,,2025-08,21.794556451612902,90.69327247580647,203.3,203.3,11.074267764193547,744,open_meteo,D:\MONEY VERSE\datasets\weather\weather_all_vietnam.csv,2026-05-18T15:57:27.004962+00:00,Open-Meteo public API data; attribution required.
Dak Nong,67,,2025-09,21.548194444444444,92.22283616805557,336.6,336.6,10.224363020680556,720,open_meteo,D:\MONEY VERSE\datasets\weather\weather_all_vietnam.csv,2026-05-18T15:57:27.004962+00:00,Open-Meteo public API data; attribution required.
Dak Nong,67,,2025-10,21.51505376344086,90.30160530241935,181.3,181.3,10.928962401693548,744,open_meteo,D:\MONEY VERSE\datasets\weather\weather_all_vietnam.csv,2026-05-18T15:57:27.004962+00:00,Open-Meteo public API data; attribution required.
Dak Nong,67,,2025-11,20.198819444444442,90.01472918194445,268.6,268.6,17.604289617305554,720,open_meteo,D:\MONEY VERSE\datasets\weather\weather_all_vietnam.csv,2026-05-18T15:57:27.004962+00:00,Open-Meteo public API data; attribution required.
Dak Nong,67,,2025-12,19.506048387096776,87.1011661344086,19.7,19.7,22.062701743561828,744,open_meteo,D:\MONEY VERSE\datasets\weather\weather_all_vietnam.csv,2026-05-18T15:57:27.004962+00:00,Open-Meteo public API data; attribution required.
Dak Nong,67,,2026-01,18.033736559139786,74.66269258198925,0.0,0.0,18.329191199946237,744,open_meteo,D:\MONEY VERSE\datasets\weather\weather_all_vietnam.csv,2026-05-18T15:57:27.004962+00:00,Open-Meteo public API data; attribution required.
Dak Nong,67,,2026-02,20.662574404761905,76.56039227827381,72.8,72.8,14.94326166282738,672,open_meteo,D:\MONEY VERSE\datasets\weather\weather_all_vietnam.csv,2026-05-18T15:57:27.004962+00:00,Open-Meteo public API data; attribution required.
Dak Nong,67,,2026-03,21.673790322580643,74.25537511827956,15.200000000000001,15.200000000000001,12.45277304422043,744,open_meteo,D:\MONEY VERSE\datasets\weather\weather_all_vietnam.csv,2026-05-18T15:57:27.004962+00:00,Open-Meteo public API data; attribution required.
Dak Nong,67,,2026-04,24.12361111111111,73.07673113055556,50.3,50.3,7.616333858458333,720,open_meteo,D:\MONEY VERSE\datasets\weather\weather_all_vietnam.csv,2026-05-18T15:57:27.004962+00:00,Open-Meteo public API data; attribution required.
Dak Nong,67,,2026-05,23.954050925925927,79.33790873842592,77.2,75.399999885,8.203373160856481,432,open_meteo,D:\MONEY VERSE\datasets\weather\weather_all_vietnam.csv,2026-05-18T15:57:27.004962+00:00,Open-Meteo public API data; attribution required.
Dien Bien,11,,2021-05,26.864828325268817,80.26252445430107,104.7,104.7,4.582351767231183,744,open_meteo,D:\MONEY VERSE\datasets\weather\weather_all_vietnam.csv,2026-05-18T15:57:27.004962+00:00,Open-Meteo public API data; attribution required.
Dien Bien,11,,2021-06,26.18140314861111,86.39517408194445,207.3,207.3,4.511918552972222,720,open_meteo,D:\MONEY VERSE\datasets\weather\weather_all_vietnam.csv,2026-05-18T15:57:27.004962+00:00,Open-Meteo public API data; attribution required.
Dien Bien,11,,2021-07,25.70481491129032,89.9900338266129,339.1,339.1,3.391829905268817,744,open_meteo,D:\MONEY VERSE\datasets\weather\weather_all_vietnam.csv,2026-05-18T15:57:27.004962+00:00,Open-Meteo public API data; attribution required.
Dien Bien,11,,2021-08,25.603202008064518,89.92009892204301,245.0,245.0,3.82514617844086,744,open_meteo,D:\MONEY VERSE\datasets\weather\weather_all_vietnam.csv,2026-05-18T15:57:27.004962+00:00,Open-Meteo public API data; attribution required.
Dien Bien,11,,2021-09,25.466264288888887,85.39047827499999,62.300000000000004,62.300000000000004,3.7308696243750004,720,open_meteo,D:\MONEY VERSE\datasets\weather\weather_all_vietnam.csv,2026-05-18T15:57:27.004962+00:00,Open-Meteo public API data; attribution required.
Dien Bien,11,,2021-10,23.096884776209677,82.86326318413978,104.9,104.9,4.5836056423521505,744,open_meteo,D:\MONEY VERSE\datasets\weather\weather_all_vietnam.csv,2026-05-18T15:57:27.004962+00:00,Open-Meteo public API data; attribution required.
Dien Bien,11,,2021-11,21.18633362986111,75.60859979027778,15.4,15.4,5.430452950513889,720,open_meteo,D:\MONEY VERSE\datasets\weather\weather_all_vietnam.csv,2026-05-18T15:57:27.004962+00:00,Open-Meteo public API data; attribution required.
Dien Bien,11,,2021-12,17.612274290860213,68.55073210752688,4.6000000000000005,4.6000000000000005,5.109815623965053,744,open_meteo,D:\MONEY VERSE\datasets\weather\weather_all_vietnam.csv,2026-05-18T15:57:27.004962+00:00,Open-Meteo public API data; attribution required.
Dien Bien,11,,2022-01,18.558040456317205,77.51727622446236,97.5,97.5,4.898202346586022,744,open_meteo,D:\MONEY VERSE\datasets\weather\weather_all_vietnam.csv,2026-05-18T15:57:27.004962+00:00,Open-Meteo public API data; attribution required.
Dien Bien,11,,2022-02,17.350916722172617,78.98152702232143,134.9,134.9,5.798697254613096,672,open_meteo,D:\MONEY VERSE\datasets\weather\weather_all_vietnam.csv,2026-05-18T15:57:27.004962+00:00,Open-Meteo public API data; attribution required.
Dien Bien,11,,2022-03,23.025984237903227,83.60344205107528,123.7,123.7,4.55520889420699,744,open_meteo,D:\MONEY VERSE\datasets\weather\weather_all_vietnam.csv,2026-05-18T15:57:27.004962+00:00,Open-Meteo public API data; attribution required.
Dien Bien,11,,2022-04,23.259389240972222,76.3903024388889,104.10000000000001,104.10000000000001,5.025764000263889,720,open_meteo,D:\MONEY VERSE\datasets\weather\weather_all_vietnam.csv,2026-05-18T15:57:27.004962+00:00,Open-Meteo public API data; attribution required.
Dien Bien,11,,2022-05,24.170607906586017,85.52335832661291,376.8,376.8,4.223529800134409,744,open_meteo,D:\MONEY VERSE\datasets\weather\weather_all_vietnam.csv,2026-05-18T15:57:27.004962+00:00,Open-Meteo public API data; attribution required.
Dien Bien,11,,2022-06,25.14619483472222,89.87439499444444,299.4,299.4,4.342808079791666,720,open_meteo,D:\MONEY VERSE\datasets\weather\weather_all_vietnam.csv,2026-05-18T15:57:27.004962+00:00,Open-Meteo public API data; attribution required.
Dien Bien,11,,2022-07,26.719734254032257,83.86617081586022,138.3,138.3,3.9262418803225807,744,open_meteo,D:\MONEY VERSE\datasets\weather\weather_all_vietnam.csv,2026-05-18T15:57:27.004962+00:00,Open-Meteo public API data; attribution required.
Dien Bien,11,,2022-08,25.490433197580646,89.81285447446237,462.7,462.7,3.070788592701613,744,open_meteo,D:\MONEY VERSE\datasets\weather\weather_all_vietnam.csv,2026-05-18T15:57:27.004962+00:00,Open-Meteo public API data; attribution required.
Dien Bien,11,,2022-09,24.65425041527778,88.01522327361111,179.6,179.6,3.5952661068611107,720,open_meteo,D:\MONEY VERSE\datasets\weather\weather_all_vietnam.csv,2026-05-18T15:57:27.004962+00:00,Open-Meteo public API data; attribution required.
Dien Bien,11,,2022-10,23.1083094952957,76.46143346236559,40.1,40.1,5.135412178897849,744,open_meteo,D:\MONEY VERSE\datasets\weather\weather_all_vietnam.csv,2026-05-18T15:57:27.004962+00:00,Open-Meteo public API data; attribution required.
Dien Bien,11,,2022-11,22.236611413888888,77.31439608611112,28.0,28.0,3.332668144472222,720,open_meteo,D:\MONEY VERSE\datasets\weather\weather_all_vietnam.csv,2026-05-18T15:57:27.004962+00:00,Open-Meteo public API data; attribution required.
Dien Bien,11,,2022-12,17.91731463158602,70.65418527016129,12.7,12.7,5.8618986454301085,744,open_meteo,D:\MONEY VERSE\datasets\weather\weather_all_vietnam.csv,2026-05-18T15:57:27.004962+00:00,Open-Meteo public API data; attribution required.
Dien Bien,11,,2023-01,17.29372588373656,66.0321115094086,0.2,0.2,5.536564765295699,744,open_meteo,D:\MONEY VERSE\datasets\weather\weather_all_vietnam.csv,2026-05-18T15:57:27.004962+00:00,Open-Meteo public API data; attribution required.
Dien Bien,11,,2023-02,20.736928779761904,65.71102413839286,26.0,26.0,5.666237002604167,672,open_meteo,D:\MONEY VERSE\datasets\weather\weather_all_vietnam.csv,2026-05-18T15:57:27.004962+00:00,Open-Meteo public API data; attribution required.
Dien Bien,11,,2023-03,23.60360516263441,64.3904248844086,78.6,78.6,5.725945555846774,744,open_meteo,D:\MONEY VERSE\datasets\weather\weather_all_vietnam.csv,2026-05-18T15:57:27.004962+00:00,Open-Meteo public API data; attribution required.
Dien Bien,11,,2023-04,27.23036144583333,59.31795519027777,53.5,53.5,5.853811602208333,720,open_meteo,D:\MONEY VERSE\datasets\weather\weather_all_vietnam.csv,2026-05-18T15:57:27.004962+00:00,Open-Meteo public API data; attribution required.
Dien Bien,11,,2023-05,27.99910252016129,67.5051710483871,69.5,69.5,5.208772860900537,744,open_meteo,D:\MONEY VERSE\datasets\weather\weather_all_vietnam.csv,2026-05-18T15:57:27.004962+00:00,Open-Meteo public API data; attribution required.
Dien Bien,11,,2023-06,26.477722573611114,85.65321494027778,311.4,311.4,3.897897070263889,720,open_meteo,D:\MONEY VERSE\datasets\weather\weather_all_vietnam.csv,2026-05-18T15:57:27.004962+00:00,Open-Meteo public API data; attribution required.
Dien Bien,11,,2023-07,26.768121309139783,84.66903875672043,185.7,185.7,3.512404284784946,744,open_meteo,D:\MONEY VERSE\datasets\weather\weather_all_vietnam.csv,2026-05-18T15:57:27.004962+00:00,Open-Meteo public API data; attribution required.
Dien Bien,11,,2023-08,25.201723552419352,92.34431655913978,499.2,499.2,3.3526025833333333,744,open_meteo,D:\MONEY VERSE\datasets\weather\weather_all_vietnam.csv,2026-05-18T15:57:27.004962+00:00,Open-Meteo public API data; attribution required.
Dien Bien,11,,2023-09,25.44244485138889,87.06844895138889,125.5,125.5,3.059625529888889,720,open_meteo,D:\MONEY VERSE\datasets\weather\weather_all_vietnam.csv,2026-05-18T15:57:27.004962+00:00,Open-Meteo public API data; attribution required.
Dien Bien,11,,2023-10,24.360392856182795,80.12570634946236,49.9,49.9,3.760035946155914,744,open_meteo,D:\MONEY VERSE\datasets\weather\weather_all_vietnam.csv,2026-05-18T15:57:27.004962+00:00,Open-Meteo public API data; attribution required.
Dien Bien,11,,2023-11,22.085778025,72.84304947361112,25.9,25.9,4.097713274611111,720,open_meteo,D:\MONEY VERSE\datasets\weather\weather_all_vietnam.csv,2026-05-18T15:57:27.004962+00:00,Open-Meteo public API data; attribution required.
Dien Bien,11,,2023-12,19.84829595846774,73.52150513306451,10.200000000000001,10.200000000000001,4.509921248454301,744,open_meteo,D:\MONEY VERSE\datasets\weather\weather_all_vietnam.csv,2026-05-18T15:57:27.004962+00:00,Open-Meteo public API data; attribution required.
Dien Bien,11,,2024-01,18.666172150537633,78.30780283602151,25.9,25.9,4.35947977047043,744,open_meteo,D:\MONEY VERSE\datasets\weather\weather_all_vietnam.csv,2026-05-18T15:57:27.004962+00:00,Open-Meteo public API data; attribution required.
Dien Bien,11,,2024-02,22.282095059626435,58.05266906752874,16.0,16.0,5.53256307454023,696,open_meteo,D:\MONEY VERSE\datasets\weather\weather_all_vietnam.csv,2026-05-18T15:57:27.004962+00:00,Open-Meteo public API data; attribution required.
Dien Bien,11,,2024-03,24.406360570564516,59.44362819489247,27.8,27.8,5.72867209389785,744,open_meteo,D:\MONEY VERSE\datasets\weather\weather_all_vietnam.csv,2026-05-18T15:57:27.004962+00:00,Open-Meteo public API data; attribution required.
Dien Bien,11,,2024-04,29.29931984027778,50.51241050833333,36.6,36.6,6.172106444555556,720,open_meteo,D:\MONEY VERSE\datasets\weather\weather_all_vietnam.csv,2026-05-18T15:57:27.004962+00:00,Open-Meteo public API data; attribution required.
Dien Bien,11,,2024-05,26.307839053763438,82.8952030107527,277.3,277.3,3.8376909360215055,744,open_meteo,D:\MONEY VERSE\datasets\weather\weather_all_vietnam.csv,2026-05-18T15:57:27.004962+00:00,Open-Meteo public API data; attribution required.
Dien Bien,11,,2024-06,26.244319861111112,89.14952637222223,314.8,314.8,3.4924232250694445,720,open_meteo,D:\MONEY VERSE\datasets\weather\weather_all_vietnam.csv,2026-05-18T15:57:27.004962+00:00,Open-Meteo public API data; attribution required.
Dien Bien,11,,2024-07,26.043457393817203,89.70775845026883,297.7,297.7,3.7165151080241934,744,open_meteo,D:\MONEY VERSE\datasets\weather\weather_all_vietnam.csv,2026-05-18T15:57:27.004962+00:00,Open-Meteo public API data; attribution required.
Dien Bien,11,,2024-08,25.245070319892474,91.81259743279571,456.2,456.2,3.1160502401612904,744,open_meteo,D:\MONEY VERSE\datasets\weather\weather_all_vietnam.csv,2026-05-18T15:57:27.004962+00:00,Open-Meteo public API data; attribution required.
Dien Bien,11,,2024-09,25.585014290277776,89.90737805555555,390.6,390.6,2.945566895847222,720,open_meteo,D:\MONEY VERSE\datasets\weather\weather_all_vietnam.csv,2026-05-18T15:57:27.004962+00:00,Open-Meteo public API data; attribution required.
Dien Bien,11,,2024-10,23.830218133064516,80.77065322849462,47.1,47.1,3.7382989926478496,744,open_meteo,D:\MONEY VERSE\datasets\weather\weather_all_vietnam.csv,2026-05-18T15:57:27.004962+00:00,Open-Meteo public API data; attribution required.
Dien Bien,11,,2024-11,21.677514205555557,73.6582752263889,3.6,3.6,4.399919251611111,720,open_meteo,D:\MONEY VERSE\datasets\weather\weather_all_vietnam.csv,2026-05-18T15:57:27.004962+00:00,Open-Meteo public API data; attribution required.
Dien Bien,11,,2024-12,18.362677597446236,78.28573100806452,17.4,17.4,4.500463874744623,744,open_meteo,D:\MONEY VERSE\datasets\weather\weather_all_vietnam.csv,2026-05-18T15:57:27.004962+00:00,Open-Meteo public API data; attribution required.
Dien Bien,11,,2025-01,16.936064597446236,69.36217607258065,6.1,6.1,4.81280930422043,744,open_meteo,D:\MONEY VERSE\datasets\weather\weather_all_vietnam.csv,2026-05-18T15:57:27.004962+00:00,Open-Meteo public API data; attribution required.
Dien Bien,11,,2025-02,20.162449624255952,71.08570765029762,47.4,47.4,5.222521773630952,672,open_meteo,D:\MONEY VERSE\datasets\weather\weather_all_vietnam.csv,2026-05-18T15:57:27.004962+00:00,Open-Meteo public API data; attribution required.
Dien Bien,11,,2025-03,22.827193864247313,60.27536683467742,6.7,6.7,5.72490793516129,744,open_meteo,D:\MONEY VERSE\datasets\weather\weather_all_vietnam.csv,2026-05-18T15:57:27.004962+00:00,Open-Meteo public API data; attribution required.
Dien Bien,11,,2025-04,24.386680916666666,77.52336350138889,175.4,175.4,4.292811727208333,720,open_meteo,D:\MONEY VERSE\datasets\weather\weather_all_vietnam.csv,2026-05-18T15:57:27.004962+00:00,Open-Meteo public API data; attribution required.
Dien Bien,11,,2025-05,26.17215361827957,79.38828569220429,179.9,179.9,4.329759006505376,744,open_meteo,D:\MONEY VERSE\datasets\weather\weather_all_vietnam.csv,2026-05-18T15:57:27.004962+00:00,Open-Meteo public API data; attribution required.
Dien Bien,11,,2025-06,26.114667083333334,86.58221279305555,309.7,309.7,3.568527087152778,720,open_meteo,D:\MONEY VERSE\datasets\weather\weather_all_vietnam.csv,2026-05-18T15:57:27.004962+00:00,Open-Meteo public API data; attribution required.
Dien Bien,11,,2025-07,25.597758487903228,89.67011729435485,505.0,505.0,3.1203254170967742,744,open_meteo,D:\MONEY VERSE\datasets\weather\weather_all_vietnam.csv,2026-05-18T15:57:27.004962+00:00,Open-Meteo public API data; attribution required.
Dien Bien,11,,2025-08,25.724102543010755,86.89053119086022,315.0,315.0,3.5519857959543013,744,open_meteo,D:\MONEY VERSE\datasets\weather\weather_all_vietnam.csv,2026-05-18T15:57:27.004962+00:00,Open-Meteo public API data; attribution required.
Dien Bien,11,,2025-09,25.902167065277776,84.31577663194444,165.2,165.2,3.1672254426388884,720,open_meteo,D:\MONEY VERSE\datasets\weather\weather_all_vietnam.csv,2026-05-18T15:57:27.004962+00:00,Open-Meteo public API data; attribution required.
Dien Bien,11,,2025-10,23.806629423387093,82.42652217473119,107.9,107.9,3.787500042311828,744,open_meteo,D:\MONEY VERSE\datasets\weather\weather_all_vietnam.csv,2026-05-18T15:57:27.004962+00:00,Open-Meteo public API data; attribution required.
Dien Bien,11,,2025-11,19.733278000833334,78.06268270694444,35.8,35.8,4.657224397930555,720,open_meteo,D:\MONEY VERSE\datasets\weather\weather_all_vietnam.csv,2026-05-18T15:57:27.004962+00:00,Open-Meteo public API data; attribution required.
Dien Bien,11,,2025-12,18.233779690860214,80.02626863037634,7.9,7.9,3.3976934726344084,744,open_meteo,D:\MONEY VERSE\datasets\weather\weather_all_vietnam.csv,2026-05-18T15:57:27.004962+00:00,Open-Meteo public API data; attribution required.
Dien Bien,11,,2026-01,17.96079578185484,74.48946036693549,2.9000000000000004,2.9000000000000004,3.8316584188978497,744,open_meteo,D:\MONEY VERSE\datasets\weather\weather_all_vietnam.csv,2026-05-18T15:57:27.004962+00:00,Open-Meteo public API data; attribution required.
Dien Bien,11,,2026-02,21.439830671130952,74.26559764434523,27.2,27.2,3.959321675610119,672,open_meteo,D:\MONEY VERSE\datasets\weather\weather_all_vietnam.csv,2026-05-18T15:57:27.004962+00:00,Open-Meteo public API data; attribution required.
Dien Bien,11,,2026-03,22.56933098857527,70.77238301747312,19.3,19.3,4.334924846236559,744,open_meteo,D:\MONEY VERSE\datasets\weather\weather_all_vietnam.csv,2026-05-18T15:57:27.004962+00:00,Open-Meteo public API data; attribution required.
Dien Bien,11,,2026-04,26.035153152777774,69.03810724583333,34.0,34.0,4.371570503736111,720,open_meteo,D:\MONEY VERSE\datasets\weather\weather_all_vietnam.csv,2026-05-18T15:57:27.004962+00:00,Open-Meteo public API data; attribution required.
Dien Bien,11,,2026-05,25.122329090277777,84.40104423148148,114.2,112.9000001,3.7776450843055556,432,open_meteo,D:\MONEY VERSE\datasets\weather\weather_all_vietnam.csv,2026-05-18T15:57:27.004962+00:00,Open-Meteo public API data; attribution required.
Dong Nai,75,,2021-05,28.127217741935485,83.0820591532258,261.5,261.5,6.89510438266129,744,open_meteo,D:\MONEY VERSE\datasets\weather\weather_all_vietnam.csv,2026-05-18T15:57:27.004962+00:00,Open-Meteo public API data; attribution required.
Dong Nai,75,,2021-06,27.69111111111111,85.45670568055556,209.2,209.2,8.41345291375,720,open_meteo,D:\MONEY VERSE\datasets\weather\weather_all_vietnam.csv,2026-05-18T15:57:27.004962+00:00,Open-Meteo public API data; attribution required.
Dong Nai,75,,2021-07,27.115456989247313,86.49160090053763,367.3,367.3,9.525037530739247,744,open_meteo,D:\MONEY VERSE\datasets\weather\weather_all_vietnam.csv,2026-05-18T15:57:27.004962+00:00,Open-Meteo public API data; attribution required.
Dong Nai,75,,2021-08,27.11572580645161,86.19654959946237,337.8,337.8,7.952018055268818,744,open_meteo,D:\MONEY VERSE\datasets\weather\weather_all_vietnam.csv,2026-05-18T15:57:27.004962+00:00,Open-Meteo public API data; attribution required.
Dong Nai,75,,2021-09,26.532291666666666,88.204825125,442.7,442.7,7.165314712152778,720,open_meteo,D:\MONEY VERSE\datasets\weather\weather_all_vietnam.csv,2026-05-18T15:57:27.004962+00:00,Open-Meteo public API data; attribution required.
Dong Nai,75,,2021-10,26.29731182795699,88.37825919623656,414.2,414.2,6.898737686357527,744,open_meteo,D:\MONEY VERSE\datasets\weather\weather_all_vietnam.csv,2026-05-18T15:57:27.004962+00:00,Open-Meteo public API data; attribution required.
Dong Nai,75,,2021-11,26.311527777777776,87.24034073055556,260.7,260.7,5.648490077263889,720,open_meteo,D:\MONEY VERSE\datasets\weather\weather_all_vietnam.csv,2026-05-18T15:57:27.004962+00:00,Open-Meteo public API data; attribution required.
Dong Nai,75,,2021-12,25.87150537634409,77.41787118413978,22.8,22.8,6.158294692607527,744,open_meteo,D:\MONEY VERSE\datasets\weather\weather_all_vietnam.csv,2026-05-18T15:57:27.004962+00:00,Open-Meteo public API data; attribution required.
Dong Nai,75,,2022-01,26.553897849462363,72.43761537231183,11.7,11.7,6.304885766639785,744,open_meteo,D:\MONEY VERSE\datasets\weather\weather_all_vietnam.csv,2026-05-18T15:57:27.004962+00:00,Open-Meteo public API data; attribution required.
Dong Nai,75,,2022-02,27.909449404761908,67.85383950446428,27.0,27.0,7.957238929538691,672,open_meteo,D:\MONEY VERSE\datasets\weather\weather_all_vietnam.csv,2026-05-18T15:57:27.004962+00:00,Open-Meteo public API data; attribution required.
Dong Nai,75,,2022-03,28.299932795698926,71.09116027016128,60.7,60.7,8.333937003803763,744,open_meteo,D:\MONEY VERSE\datasets\weather\weather_all_vietnam.csv,2026-05-18T15:57:27.004962+00:00,Open-Meteo public API data; attribution required.
Dong Nai,75,,2022-04,27.53986111111111,80.28475982361111,212.3,212.3,7.246506556222222,720,open_meteo,D:\MONEY VERSE\datasets\weather\weather_all_vietnam.csv,2026-05-18T15:57:27.004962+00:00,Open-Meteo public API data; attribution required.
Dong Nai,75,,2022-05,27.11061827956989,86.49246755913978,427.5,427.5,7.145549603588709,744,open_meteo,D:\MONEY VERSE\datasets\weather\weather_all_vietnam.csv,2026-05-18T15:57:27.004962+00:00,Open-Meteo public API data; attribution required.
Dong Nai,75,,2022-06,27.13180555555556,85.96980835694444,294.0,294.0,5.57111469875,720,open_meteo,D:\MONEY VERSE\datasets\weather\weather_all_vietnam.csv,2026-05-18T15:57:27.004962+00:00,Open-Meteo public API data; attribution required.
Dong Nai,75,,2022-07,26.75826612903226,87.35032511021505,390.3,390.3,7.681845430215054,744,open_meteo,D:\MONEY VERSE\datasets\weather\weather_all_vietnam.csv,2026-05-18T15:57:27.004962+00:00,Open-Meteo public API data; attribution required.
Dong Nai,75,,2022-08,26.563508064516128,87.53733782661291,403.1,403.1,7.091044476881721,744,open_meteo,D:\MONEY VERSE\datasets\weather\weather_all_vietnam.csv,2026-05-18T15:57:27.004962+00:00,Open-Meteo public API data; attribution required.
Dong Nai,75,,2022-09,26.27548611111111,87.97025039444445,437.8,437.8,7.250397946569445,720,open_meteo,D:\MONEY VERSE\datasets\weather\weather_all_vietnam.csv,2026-05-18T15:57:27.004962+00:00,Open-Meteo public API data; attribution required.
Dong Nai,75,,2022-10,26.208669354838708,85.98326593279569,280.6,280.6,6.47839643266129,744,open_meteo,D:\MONEY VERSE\datasets\weather\weather_all_vietnam.csv,2026-05-18T15:57:27.004962+00:00,Open-Meteo public API data; attribution required.
Dong Nai,75,,2022-11,26.235416666666666,86.53672102916667,224.9,224.9,6.174856201013889,720,open_meteo,D:\MONEY VERSE\datasets\weather\weather_all_vietnam.csv,2026-05-18T15:57:27.004962+00:00,Open-Meteo public API data; attribution required.
Dong Nai,75,,2022-12,25.824932795698924,75.65041320430107,30.5,30.5,6.317689956693549,744,open_meteo,D:\MONEY VERSE\datasets\weather\weather_all_vietnam.csv,2026-05-18T15:57:27.004962+00:00,Open-Meteo public API data; attribution required.
Dong Nai,75,,2023-01,25.719354838709677,74.83650851747312,88.6,88.6,7.547630021263441,744,open_meteo,D:\MONEY VERSE\datasets\weather\weather_all_vietnam.csv,2026-05-18T15:57:27.004962+00:00,Open-Meteo public API data; attribution required.
Dong Nai,75,,2023-02,27.052083333333332,68.62151205654762,8.5,8.5,7.386322347127976,672,open_meteo,D:\MONEY VERSE\datasets\weather\weather_all_vietnam.csv,2026-05-18T15:57:27.004962+00:00,Open-Meteo public API data; attribution required.
Dong Nai,75,,2023-03,27.34731182795699,67.87092402419354,1.2,1.2,7.767017095268817,744,open_meteo,D:\MONEY VERSE\datasets\weather\weather_all_vietnam.csv,2026-05-18T15:57:27.004962+00:00,Open-Meteo public API data; attribution required.
Dong Nai,75,,2023-04,29.157847222222223,73.91681284444445,90.2,90.2,8.519755205097223,720,open_meteo,D:\MONEY VERSE\datasets\weather\weather_all_vietnam.csv,2026-05-18T15:57:27.004962+00:00,Open-Meteo public API data; attribution required.
Dong Nai,75,,2023-05,28.646438172043013,80.24849538306452,216.5,216.5,7.092969494758064,744,open_meteo,D:\MONEY VERSE\datasets\weather\weather_all_vietnam.csv,2026-05-18T15:57:27.004962+00:00,Open-Meteo public API data; attribution required.
Dong Nai,75,,2023-06,27.290555555555557,86.94875050694444,351.0,351.0,6.738911327527777,720,open_meteo,D:\MONEY VERSE\datasets\weather\weather_all_vietnam.csv,2026-05-18T15:57:27.004962+00:00,Open-Meteo public API data; attribution required.
Dong Nai,75,,2023-07,26.809811827956988,87.95135180376343,509.1,509.1,8.900078213938173,744,open_meteo,D:\MONEY VERSE\datasets\weather\weather_all_vietnam.csv,2026-05-18T15:57:27.004962+00:00,Open-Meteo public API data; attribution required.
Dong Nai,75,,2023-08,27.30551075268817,85.9124270967742,376.6,376.6,8.681881192540324,744,open_meteo,D:\MONEY VERSE\datasets\weather\weather_all_vietnam.csv,2026-05-18T15:57:27.004962+00:00,Open-Meteo public API data; attribution required.
Dong Nai,75,,2023-09,26.539166666666667,88.38199402083333,495.7,495.7,7.999597803569444,720,open_meteo,D:\MONEY VERSE\datasets\weather\weather_all_vietnam.csv,2026-05-18T15:57:27.004962+00:00,Open-Meteo public API data; attribution required.
Dong Nai,75,,2023-10,26.686962365591395,88.15629899327956,427.2,427.2,5.346110505120968,744,open_meteo,D:\MONEY VERSE\datasets\weather\weather_all_vietnam.csv,2026-05-18T15:57:27.004962+00:00,Open-Meteo public API data; attribution required.
Dong Nai,75,,2023-11,26.79111111111111,83.66253512222222,119.4,119.4,5.477455075111111,720,open_meteo,D:\MONEY VERSE\datasets\weather\weather_all_vietnam.csv,2026-05-18T15:57:27.004962+00:00,Open-Meteo public API data; attribution required.
Dong Nai,75,,2023-12,27.315524193548388,75.16416228091398,26.3,26.3,6.538765491935484,744,open_meteo,D:\MONEY VERSE\datasets\weather\weather_all_vietnam.csv,2026-05-18T15:57:27.004962+00:00,Open-Meteo public API data; attribution required.
Dong Nai,75,,2024-01,26.991666666666667,70.99731617069892,2.2,2.2,5.340919563629032,744,open_meteo,D:\MONEY VERSE\datasets\weather\weather_all_vietnam.csv,2026-05-18T15:57:27.004962+00:00,Open-Meteo public API data; attribution required.
Dong Nai,75,,2024-02,27.809482758620693,68.47092704310344,4.8,4.8,8.085056183864943,696,open_meteo,D:\MONEY VERSE\datasets\weather\weather_all_vietnam.csv,2026-05-18T15:57:27.004962+00:00,Open-Meteo public API data; attribution required.
Dong Nai,75,,2024-03,28.87170698924731,67.0050102889785,3.7,3.7,9.210952141290322,744,open_meteo,D:\MONEY VERSE\datasets\weather\weather_all_vietnam.csv,2026-05-18T15:57:27.004962+00:00,Open-Meteo public API data; attribution required.
Dong Nai,75,,2024-04,30.339930555555554,68.14768347361111,6.3,6.3,10.303126980555556,720,open_meteo,D:\MONEY VERSE\datasets\weather\weather_all_vietnam.csv,2026-05-18T15:57:27.004962+00:00,Open-Meteo public API data; attribution required.
Dong Nai,75,,2024-05,29.705645161290324,76.90066600672043,205.29999999999998,205.29999999999998,7.56666827936828,744,open_meteo,D:\MONEY VERSE\datasets\weather\weather_all_vietnam.csv,2026-05-18T15:57:27.004962+00:00,Open-Meteo public API data; attribution required.
Dong Nai,75,,2024-06,28.047638888888887,83.52203538194445,264.5,264.5,6.889818671555555,720,open_meteo,D:\MONEY VERSE\datasets\weather\weather_all_vietnam.csv,2026-05-18T15:57:27.004962+00:00,Open-Meteo public API data; attribution required.
Dong Nai,75,,2024-07,26.827956989247312,87.39886791397849,457.1,457.1,8.89482029454301,744,open_meteo,D:\MONEY VERSE\datasets\weather\weather_all_vietnam.csv,2026-05-18T15:57:27.004962+00:00,Open-Meteo public API data; attribution required.
Dong Nai,75,,2024-08,27.519489247311828,85.06558632258064,335.5,335.5,6.296554675443548,744,open_meteo,D:\MONEY VERSE\datasets\weather\weather_all_vietnam.csv,2026-05-18T15:57:27.004962+00:00,Open-Meteo public API data; attribution required.
Dong Nai,75,,2024-09,26.67361111111111,88.58512814166667,491.2,491.2,8.609020621222221,720,open_meteo,D:\MONEY VERSE\datasets\weather\weather_all_vietnam.csv,2026-05-18T15:57:27.004962+00:00,Open-Meteo public API data; attribution required.
Dong Nai,75,,2024-10,26.497849462365593,87.70227568548387,377.5,377.5,5.914958435685484,744,open_meteo,D:\MONEY VERSE\datasets\weather\weather_all_vietnam.csv,2026-05-18T15:57:27.004962+00:00,Open-Meteo public API data; attribution required.
Dong Nai,75,,2024-11,27.20888888888889,81.61851875138889,113.1,113.1,5.432504316694444,720,open_meteo,D:\MONEY VERSE\datasets\weather\weather_all_vietnam.csv,2026-05-18T15:57:27.004962+00:00,Open-Meteo public API data; attribution required.
Dong Nai,75,,2024-12,26.235483870967744,79.97184487634408,91.10000000000001,91.10000000000001,6.566680841989247,744,open_meteo,D:\MONEY VERSE\datasets\weather\weather_all_vietnam.csv,2026-05-18T15:57:27.004962+00:00,Open-Meteo public API data; attribution required.
Dong Nai,75,,2025-01,26.071236559139784,71.1406308077957,20.6,20.6,6.0943612518413985,744,open_meteo,D:\MONEY VERSE\datasets\weather\weather_all_vietnam.csv,2026-05-18T15:57:27.004962+00:00,Open-Meteo public API data; attribution required.
Dong Nai,75,,2025-02,27.005803571428572,72.86335090178571,74.7,74.7,5.643193231294643,672,open_meteo,D:\MONEY VERSE\datasets\weather\weather_all_vietnam.csv,2026-05-18T15:57:27.004962+00:00,Open-Meteo public API data; attribution required.
Dong Nai,75,,2025-03,28.426344086021505,68.94288169489248,32.5,32.5,8.524646260080644,744,open_meteo,D:\MONEY VERSE\datasets\weather\weather_all_vietnam.csv,2026-05-18T15:57:27.004962+00:00,Open-Meteo public API data; attribution required.
Dong Nai,75,,2025-04,28.731944444444444,75.01911464999999,55.7,55.7,7.9161547031527775,720,open_meteo,D:\MONEY VERSE\datasets\weather\weather_all_vietnam.csv,2026-05-18T15:57:27.004962+00:00,Open-Meteo public API data; attribution required.
Dong Nai,75,,2025-05,28.03951612903226,82.98382138844086,335.7,335.7,6.681971262715053,744,open_meteo,D:\MONEY VERSE\datasets\weather\weather_all_vietnam.csv,2026-05-18T15:57:27.004962+00:00,Open-Meteo public API data; attribution required.
Dong Nai,75,,2025-06,27.172430555555557,87.0037734888889,404.8,404.8,7.312469426611112,720,open_meteo,D:\MONEY VERSE\datasets\weather\weather_all_vietnam.csv,2026-05-18T15:57:27.004962+00:00,Open-Meteo public API data; attribution required.
Dong Nai,75,,2025-07,27.339112903225807,85.53535727150538,340.5,340.5,9.454301234905914,744,open_meteo,D:\MONEY VERSE\datasets\weather\weather_all_vietnam.csv,2026-05-18T15:57:27.004962+00:00,Open-Meteo public API data; attribution required.
Dong Nai,75,,2025-08,26.95766129032258,86.18430651612903,455.8,455.8,7.49856874704301,744,open_meteo,D:\MONEY VERSE\datasets\weather\weather_all_vietnam.csv,2026-05-18T15:57:27.004962+00:00,Open-Meteo public API data; attribution required.
Dong Nai,75,,2025-09,26.420902777777776,88.4741290125,541.6,541.6,7.047067364388888,720,open_meteo,D:\MONEY VERSE\datasets\weather\weather_all_vietnam.csv,2026-05-18T15:57:27.004962+00:00,Open-Meteo public API data; attribution required.
Dong Nai,75,,2025-10,26.861962365591395,86.61068688172043,279.1,279.1,5.391493237311828,744,open_meteo,D:\MONEY VERSE\datasets\weather\weather_all_vietnam.csv,2026-05-18T15:57:27.004962+00:00,Open-Meteo public API data; attribution required.
Dong Nai,75,,2025-11,26.157083333333333,83.34315319583334,230.3,230.3,6.462469365736111,720,open_meteo,D:\MONEY VERSE\datasets\weather\weather_all_vietnam.csv,2026-05-18T15:57:27.004962+00:00,Open-Meteo public API data; attribution required.
Dong Nai,75,,2025-12,26.48864247311828,79.8076510483871,125.5,125.5,5.40807924452957,744,open_meteo,D:\MONEY VERSE\datasets\weather\weather_all_vietnam.csv,2026-05-18T15:57:27.004962+00:00,Open-Meteo public API data; attribution required.
Dong Nai,75,,2026-01,25.717473118279568,68.41682361962366,32.3,32.3,6.215949843965054,744,open_meteo,D:\MONEY VERSE\datasets\weather\weather_all_vietnam.csv,2026-05-18T15:57:27.004962+00:00,Open-Meteo public API data; attribution required.
Dong Nai,75,,2026-02,27.40409226190476,69.24375493898809,57.3,57.3,6.770182575401786,672,open_meteo,D:\MONEY VERSE\datasets\weather\weather_all_vietnam.csv,2026-05-18T15:57:27.004962+00:00,Open-Meteo public API data; attribution required.
Dong Nai,75,,2026-03,27.43407258064516,73.19826484811828,46.2,46.2,7.8724225622446244,744,open_meteo,D:\MONEY VERSE\datasets\weather\weather_all_vietnam.csv,2026-05-18T15:57:27.004962+00:00,Open-Meteo public API data; attribution required.
Dong Nai,75,,2026-04,29.675069444444443,66.78743401527777,5.5,5.5,9.881534997083333,720,open_meteo,D:\MONEY VERSE\datasets\weather\weather_all_vietnam.csv,2026-05-18T15:57:27.004962+00:00,Open-Meteo public API data; attribution required.
Dong Nai,75,,2026-05,30.20381944444444,70.04914441435186,73.3,61.799999714,8.37105907662037,432,open_meteo,D:\MONEY VERSE\datasets\weather\weather_all_vietnam.csv,2026-05-18T15:57:27.004962+00:00,Open-Meteo public API data; attribution required.
Dong Thap,87,,2021-05,27.994287634408604,84.2050016155914,184.7,184.7,7.939420475913979,744,open_meteo,D:\MONEY VERSE\datasets\weather\weather_all_vietnam.csv,2026-05-18T15:57:27.004962+00:00,Open-Meteo public API data; attribution required.
Dong Thap,87,,2021-06,27.838194444444444,83.83981724305555,132.8,132.8,11.498363644444446,720,open_meteo,D:\MONEY VERSE\datasets\weather\weather_all_vietnam.csv,2026-05-18T15:57:27.004962+00:00,Open-Meteo public API data; attribution required.
Dong Thap,87,,2021-07,27.34206989247312,84.99351401881721,358.3,358.3,11.773654945698924,744,open_meteo,D:\MONEY VERSE\datasets\weather\weather_all_vietnam.csv,2026-05-18T15:57:27.004962+00:00,Open-Meteo public API data; attribution required.
Dong Thap,87,,2021-08,27.23145161290323,84.97069469354838,319.3,319.3,10.144596772768818,744,open_meteo,D:\MONEY VERSE\datasets\weather\weather_all_vietnam.csv,2026-05-18T15:57:27.004962+00:00,Open-Meteo public API data; attribution required.
Dong Thap,87,,2021-09,26.734166666666663,86.73812837777777,372.2,372.2,8.991906441500001,720,open_meteo,D:\MONEY VERSE\datasets\weather\weather_all_vietnam.csv,2026-05-18T15:57:27.004962+00:00,Open-Meteo public API data; attribution required.
Dong Thap,87,,2021-10,26.65974462365591,86.18274412231182,298.8,298.8,8.312918941491935,744,open_meteo,D:\MONEY VERSE\datasets\weather\weather_all_vietnam.csv,2026-05-18T15:57:27.004962+00:00,Open-Meteo public API data; attribution required.
Dong Thap,87,,2021-11,26.182222222222222,85.99143023333333,283.4,283.4,7.869891360388889,720,open_meteo,D:\MONEY VERSE\datasets\weather\weather_all_vietnam.csv,2026-05-18T15:57:27.004962+00:00,Open-Meteo public API data; attribution required.
Dong Thap,87,,2021-12,26.06451612903226,72.89105459005377,28.5,28.5,8.29330891577957,744,open_meteo,D:\MONEY VERSE\datasets\weather\weather_all_vietnam.csv,2026-05-18T15:57:27.004962+00:00,Open-Meteo public API data; attribution required.
Dong Thap,87,,2022-01,27.18561827956989,69.92483508467741,16.0,16.0,7.291287666357527,744,open_meteo,D:\MONEY VERSE\datasets\weather\weather_all_vietnam.csv,2026-05-18T15:57:27.004962+00:00,Open-Meteo public API data; attribution required.
Dong Thap,87,,2022-02,28.09672619047619,67.40808329166667,50.1,50.1,10.745688275595239,672,open_meteo,D:\MONEY VERSE\datasets\weather\weather_all_vietnam.csv,2026-05-18T15:57:27.004962+00:00,Open-Meteo public API data; attribution required.
Dong Thap,87,,2022-03,28.23608870967742,72.94070715591397,112.3,112.3,8.532221190456989,744,open_meteo,D:\MONEY VERSE\datasets\weather\weather_all_vietnam.csv,2026-05-18T15:57:27.004962+00:00,Open-Meteo public API data; attribution required.
Dong Thap,87,,2022-04,27.250694444444445,82.65948591388889,224.8,224.8,7.439586460138889,720,open_meteo,D:\MONEY VERSE\datasets\weather\weather_all_vietnam.csv,2026-05-18T15:57:27.004962+00:00,Open-Meteo public API data; attribution required.
Dong Thap,87,,2022-05,27.058467741935484,87.36228346908602,310.4,310.4,8.724030867741936,744,open_meteo,D:\MONEY VERSE\datasets\weather\weather_all_vietnam.csv,2026-05-18T15:57:27.004962+00:00,Open-Meteo public API data; attribution required.
Dong Thap,87,,2022-06,27.184305555555557,86.40906319583333,245.8,245.8,7.1931825101388895,720,open_meteo,D:\MONEY VERSE\datasets\weather\weather_all_vietnam.csv,2026-05-18T15:57:27.004962+00:00,Open-Meteo public API data; attribution required.
Dong Thap,87,,2022-07,26.775806451612905,86.71684436021505,354.9,354.9,9.861103877419355,744,open_meteo,D:\MONEY VERSE\datasets\weather\weather_all_vietnam.csv,2026-05-18T15:57:27.004962+00:00,Open-Meteo public API data; attribution required.
Dong Thap,87,,2022-08,26.914448924731182,85.02853551209678,318.6,318.6,9.38094023889785,744,open_meteo,D:\MONEY VERSE\datasets\weather\weather_all_vietnam.csv,2026-05-18T15:57:27.004962+00:00,Open-Meteo public API data; attribution required.
Dong Thap,87,,2022-09,26.584791666666664,86.1421335875,282.5,282.5,9.772252347875,720,open_meteo,D:\MONEY VERSE\datasets\weather\weather_all_vietnam.csv,2026-05-18T15:57:27.004962+00:00,Open-Meteo public API data; attribution required.
Dong Thap,87,,2022-10,26.223387096774193,84.67206486021506,320.7,320.7,7.139296940228494,744,open_meteo,D:\MONEY VERSE\datasets\weather\weather_all_vietnam.csv,2026-05-18T15:57:27.004962+00:00,Open-Meteo public API data; attribution required.
Dong Thap,87,,2022-11,26.389722222222222,85.13243283611111,213.5,213.5,7.092779703097222,720,open_meteo,D:\MONEY VERSE\datasets\weather\weather_all_vietnam.csv,2026-05-18T15:57:27.004962+00:00,Open-Meteo public API data; attribution required.
Dong Thap,87,,2022-12,26.221505376344084,70.66769026747312,37.6,37.6,8.671950154435484,744,open_meteo,D:\MONEY VERSE\datasets\weather\weather_all_vietnam.csv,2026-05-18T15:57:27.004962+00:00,Open-Meteo public API data; attribution required.
Dong Thap,87,,2023-01,25.471639784946237,74.87554313978494,89.9,89.9,8.922755385685484,744,open_meteo,D:\MONEY VERSE\datasets\weather\weather_all_vietnam.csv,2026-05-18T15:57:27.004962+00:00,Open-Meteo public API data; attribution required.
Dong Thap,87,,2023-02,27.05625,69.6925705922619,8.1,8.1,9.176892041517856,672,open_meteo,D:\MONEY VERSE\datasets\weather\weather_all_vietnam.csv,2026-05-18T15:57:27.004962+00:00,Open-Meteo public API data; attribution required.
Dong Thap,87,,2023-03,28.039314516129032,65.52955102822581,2.4,2.4,9.620994994758064,744,open_meteo,D:\MONEY VERSE\datasets\weather\weather_all_vietnam.csv,2026-05-18T15:57:27.004962+00:00,Open-Meteo public API data; attribution required.
Dong Thap,87,,2023-04,29.344305555555557,72.87625522500001,78.6,78.6,8.376987964583334,720,open_meteo,D:\MONEY VERSE\datasets\weather\weather_all_vietnam.csv,2026-05-18T15:57:27.004962+00:00,Open-Meteo public API data; attribution required.
Dong Thap,87,,2023-05,28.733736559139786,80.0728695389785,205.7,205.7,9.126260784368279,744,open_meteo,D:\MONEY VERSE\datasets\weather\weather_all_vietnam.csv,2026-05-18T15:57:27.004962+00:00,Open-Meteo public API data; attribution required.
Dong Thap,87,,2023-06,27.562638888888888,85.72326060972222,237.5,237.5,9.275413530652777,720,open_meteo,D:\MONEY VERSE\datasets\weather\weather_all_vietnam.csv,2026-05-18T15:57:27.004962+00:00,Open-Meteo public API data; attribution required.
Dong Thap,87,,2023-07,27.045362903225808,86.02817114784946,427.8,427.8,11.67302981420699,744,open_meteo,D:\MONEY VERSE\datasets\weather\weather_all_vietnam.csv,2026-05-18T15:57:27.004962+00:00,Open-Meteo public API data; attribution required.
Dong Thap,87,,2023-08,27.748454301075267,82.74993798252689,223.5,223.5,12.38295937405914,744,open_meteo,D:\MONEY VERSE\datasets\weather\weather_all_vietnam.csv,2026-05-18T15:57:27.004962+00:00,Open-Meteo public API data; attribution required.
Dong Thap,87,,2023-09,26.762986111111108,86.81899999166666,381.2,381.2,9.988010133680556,720,open_meteo,D:\MONEY VERSE\datasets\weather\weather_all_vietnam.csv,2026-05-18T15:57:27.004962+00:00,Open-Meteo public API data; attribution required.
Dong Thap,87,,2023-10,26.86364247311828,87.40403682795699,383.1,383.1,5.948632017177419,744,open_meteo,D:\MONEY VERSE\datasets\weather\weather_all_vietnam.csv,2026-05-18T15:57:27.004962+00:00,Open-Meteo public API data; attribution required.
Dong Thap,87,,2023-11,26.863819444444445,81.80635928333334,141.7,141.7,7.181768817499999,720,open_meteo,D:\MONEY VERSE\datasets\weather\weather_all_vietnam.csv,2026-05-18T15:57:27.004962+00:00,Open-Meteo public API data; attribution required.
Dong Thap,87,,2023-12,27.455510752688173,73.98579936021505,35.2,35.2,8.481890497943548,744,open_meteo,D:\MONEY VERSE\datasets\weather\weather_all_vietnam.csv,2026-05-18T15:57:27.004962+00:00,Open-Meteo public API data; attribution required.
Dong Thap,87,,2024-01,27.138776881720432,72.21783866129033,5.9,5.9,7.558041752123655,744,open_meteo,D:\MONEY VERSE\datasets\weather\weather_all_vietnam.csv,2026-05-18T15:57:27.004962+00:00,Open-Meteo public API data; attribution required.
Dong Thap,87,,2024-02,28.011350574712647,68.55235161063219,4.0,4.0,10.551323178879311,696,open_meteo,D:\MONEY VERSE\datasets\weather\weather_all_vietnam.csv,2026-05-18T15:57:27.004962+00:00,Open-Meteo public API data; attribution required.
Dong Thap,87,,2024-03,29.366532258064517,66.01144954032257,3.1,3.1,11.215388855483871,744,open_meteo,D:\MONEY VERSE\datasets\weather\weather_all_vietnam.csv,2026-05-18T15:57:27.004962+00:00,Open-Meteo public API data; attribution required.
Dong Thap,87,,2024-04,31.243958333333335,62.74772202361112,4.1000000000000005,4.1000000000000005,9.479495305,720,open_meteo,D:\MONEY VERSE\datasets\weather\weather_all_vietnam.csv,2026-05-18T15:57:27.004962+00:00,Open-Meteo public API data; attribution required.
Dong Thap,87,,2024-05,29.194959677419355,80.60340787903226,236.9,236.9,7.095785104260753,744,open_meteo,D:\MONEY VERSE\datasets\weather\weather_all_vietnam.csv,2026-05-18T15:57:27.004962+00:00,Open-Meteo public API data; attribution required.
Dong Thap,87,,2024-06,27.884791666666665,84.596509175,233.20000000000002,233.20000000000002,8.722802745694445,720,open_meteo,D:\MONEY VERSE\datasets\weather\weather_all_vietnam.csv,2026-05-18T15:57:27.004962+00:00,Open-Meteo public API data; attribution required.
Dong Thap,87,,2024-07,26.88736559139785,87.10233226881721,358.0,358.0,10.876227449543011,744,open_meteo,D:\MONEY VERSE\datasets\weather\weather_all_vietnam.csv,2026-05-18T15:57:27.004962+00:00,Open-Meteo public API data; attribution required.
Dong Thap,87,,2024-08,27.57587365591398,84.42164728360216,286.4,286.4,8.53756390094086,744,open_meteo,D:\MONEY VERSE\datasets\weather\weather_all_vietnam.csv,2026-05-18T15:57:27.004962+00:00,Open-Meteo public API data; attribution required.
Dong Thap,87,,2024-09,27.05888888888889,86.1261087625,373.9,373.9,11.29295059926389,720,open_meteo,D:\MONEY VERSE\datasets\weather\weather_all_vietnam.csv,2026-05-18T15:57:27.004962+00:00,Open-Meteo public API data; attribution required.
Dong Thap,87,,2024-10,26.649865591397848,86.86416907795699,447.9,447.9,6.381438359543011,744,open_meteo,D:\MONEY VERSE\datasets\weather\weather_all_vietnam.csv,2026-05-18T15:57:27.004962+00:00,Open-Meteo public API data; attribution required.
Dong Thap,87,,2024-11,27.044930555555553,81.59502082361111,154.9,154.9,6.950649198402777,720,open_meteo,D:\MONEY VERSE\datasets\weather\weather_all_vietnam.csv,2026-05-18T15:57:27.004962+00:00,Open-Meteo public API data; attribution required.
Dong Thap,87,,2024-12,25.818884408602152,80.73849951612902,132.8,132.8,8.422465404314515,744,open_meteo,D:\MONEY VERSE\datasets\weather\weather_all_vietnam.csv,2026-05-18T15:57:27.004962+00:00,Open-Meteo public API data; attribution required.
Dong Thap,87,,2025-01,25.18951612903226,75.37567784811827,20.7,20.7,7.23684867329301,744,open_meteo,D:\MONEY VERSE\datasets\weather\weather_all_vietnam.csv,2026-05-18T15:57:27.004962+00:00,Open-Meteo public API data; attribution required.
Dong Thap,87,,2025-02,26.303348214285712,77.69218968749999,72.7,72.7,7.007352148854166,672,open_meteo,D:\MONEY VERSE\datasets\weather\weather_all_vietnam.csv,2026-05-18T15:57:27.004962+00:00,Open-Meteo public API data; attribution required.
Dong Thap,87,,2025-03,28.178091397849464,70.8398937688172,12.0,12.0,8.91512170938172,744,open_meteo,D:\MONEY VERSE\datasets\weather\weather_all_vietnam.csv,2026-05-18T15:57:27.004962+00:00,Open-Meteo public API data; attribution required.
Dong Thap,87,,2025-04,28.70715277777778,75.05163391388889,111.6,111.6,8.145922933013889,720,open_meteo,D:\MONEY VERSE\datasets\weather\weather_all_vietnam.csv,2026-05-18T15:57:27.004962+00:00,Open-Meteo public API data; attribution required.
Dong Thap,87,,2025-05,27.535752688172042,86.6280196155914,348.9,348.9,6.853574440120967,744,open_meteo,D:\MONEY VERSE\datasets\weather\weather_all_vietnam.csv,2026-05-18T15:57:27.004962+00:00,Open-Meteo public API data; attribution required.
Dong Thap,87,,2025-06,26.987569444444443,88.24220909583333,330.0,330.0,10.200109436291665,720,open_meteo,D:\MONEY VERSE\datasets\weather\weather_all_vietnam.csv,2026-05-18T15:57:27.004962+00:00,Open-Meteo public API data; attribution required.
Dong Thap,87,,2025-07,27.50537634408602,84.50571679301075,253.7,253.7,12.957457920295699,744,open_meteo,D:\MONEY VERSE\datasets\weather\weather_all_vietnam.csv,2026-05-18T15:57:27.004962+00:00,Open-Meteo public API data; attribution required.
Dong Thap,87,,2025-08,27.12338709677419,84.7576786639785,369.2,369.2,10.8168742575,744,open_meteo,D:\MONEY VERSE\datasets\weather\weather_all_vietnam.csv,2026-05-18T15:57:27.004962+00:00,Open-Meteo public API data; attribution required.
Dong Thap,87,,2025-09,27.010972222222225,84.76188491388888,334.6,334.6,9.827971432472223,720,open_meteo,D:\MONEY VERSE\datasets\weather\weather_all_vietnam.csv,2026-05-18T15:57:27.004962+00:00,Open-Meteo public API data; attribution required.
Dong Thap,87,,2025-10,27.15295698924731,83.84769838575268,358.0,358.0,6.55483007907258,744,open_meteo,D:\MONEY VERSE\datasets\weather\weather_all_vietnam.csv,2026-05-18T15:57:27.004962+00:00,Open-Meteo public API data; attribution required.
Dong Thap,87,,2025-11,26.03805555555556,81.35911042916666,227.9,227.9,8.528941010041667,720,open_meteo,D:\MONEY VERSE\datasets\weather\weather_all_vietnam.csv,2026-05-18T15:57:27.004962+00:00,Open-Meteo public API data; attribution required.
Dong Thap,87,,2025-12,26.112163978494625,80.76609984408601,64.3,64.3,6.326863688642473,744,open_meteo,D:\MONEY VERSE\datasets\weather\weather_all_vietnam.csv,2026-05-18T15:57:27.004962+00:00,Open-Meteo public API data; attribution required.
Dong Thap,87,,2026-01,24.779301075268815,77.36181360215053,17.0,17.0,6.6254365831182795,744,open_meteo,D:\MONEY VERSE\datasets\weather\weather_all_vietnam.csv,2026-05-18T15:57:27.004962+00:00,Open-Meteo public API data; attribution required.
Dong Thap,87,,2026-02,26.474851190476187,76.24757971726191,81.8,81.8,7.5341240010416675,672,open_meteo,D:\MONEY VERSE\datasets\weather\weather_all_vietnam.csv,2026-05-18T15:57:27.004962+00:00,Open-Meteo public API data; attribution required.
Dong Thap,87,,2026-03,26.885013440860217,77.89037839247312,34.0,34.0,8.180121612083333,744,open_meteo,D:\MONEY VERSE\datasets\weather\weather_all_vietnam.csv,2026-05-18T15:57:27.004962+00:00,Open-Meteo public API data; attribution required.
Dong Thap,87,,2026-04,29.279375,67.77313945277778,2.7,2.7,8.301507425319445,720,open_meteo,D:\MONEY VERSE\datasets\weather\weather_all_vietnam.csv,2026-05-18T15:57:27.004962+00:00,Open-Meteo public API data; attribution required.
Dong Thap,87,,2026-05,29.45960648148148,75.06325543055556,68.7,61.400000124,8.284068978356482,432,open_meteo,D:\MONEY VERSE\datasets\weather\weather_all_vietnam.csv,2026-05-18T15:57:27.004962+00:00,Open-Meteo public API data; attribution required.
Gia Lai,64,,2021-05,24.975134408602152,78.62359624193549,228.8,228.8,10.009074166935484,744,open_meteo,D:\MONEY VERSE\datasets\weather\weather_all_vietnam.csv,2026-05-18T15:57:27.004962+00:00,Open-Meteo public API data; attribution required.
Gia Lai,64,,2021-06,23.235208333333333,91.98887225972223,233.20000000000002,233.20000000000002,13.968333376666667,720,open_meteo,D:\MONEY VERSE\datasets\weather\weather_all_vietnam.csv,2026-05-18T15:57:27.004962+00:00,Open-Meteo public API data; attribution required.
Gia Lai,64,,2021-07,22.735887096774192,91.591120452957,452.4,452.4,15.449465355376345,744,open_meteo,D:\MONEY VERSE\datasets\weather\weather_all_vietnam.csv,2026-05-18T15:57:27.004962+00:00,Open-Meteo public API data; attribution required.
Gia Lai,64,,2021-08,23.115120967741937,89.64878168145161,220.4,220.4,12.114738332526882,744,open_meteo,D:\MONEY VERSE\datasets\weather\weather_all_vietnam.csv,2026-05-18T15:57:27.004962+00:00,Open-Meteo public API data; attribution required.
Gia Lai,64,,2021-09,22.624513888888888,90.44100923333333,494.6,494.6,10.087574272180555,720,open_meteo,D:\MONEY VERSE\datasets\weather\weather_all_vietnam.csv,2026-05-18T15:57:27.004962+00:00,Open-Meteo public API data; attribution required.
Gia Lai,64,,2021-10,22.25168010752688,89.672993422043,397.9,397.9,13.126735982661291,744,open_meteo,D:\MONEY VERSE\datasets\weather\weather_all_vietnam.csv,2026-05-18T15:57:27.004962+00:00,Open-Meteo public API data; attribution required.
Gia Lai,64,,2021-11,22.127361111111114,80.70531690972223,53.0,53.0,18.76954756263889,720,open_meteo,D:\MONEY VERSE\datasets\weather\weather_all_vietnam.csv,2026-05-18T15:57:27.004962+00:00,Open-Meteo public API data; attribution required.
Gia Lai,64,,2021-12,20.060752688172045,76.02318009946237,21.4,21.4,19.31121679717742,744,open_meteo,D:\MONEY VERSE\datasets\weather\weather_all_vietnam.csv,2026-05-18T15:57:27.004962+00:00,Open-Meteo public API data; attribution required.
Gia Lai,64,,2022-01,20.896034946236558,72.51952857661291,9.5,9.5,15.93617712751344,744,open_meteo,D:\MONEY VERSE\datasets\weather\weather_all_vietnam.csv,2026-05-18T15:57:27.004962+00:00,Open-Meteo public API data; attribution required.
Gia Lai,64,,2022-02,21.881026785714283,72.77872959970239,28.4,28.4,18.13598660059524,672,open_meteo,D:\MONEY VERSE\datasets\weather\weather_all_vietnam.csv,2026-05-18T15:57:27.004962+00:00,Open-Meteo public API data; attribution required.
Gia Lai,64,,2022-03,23.894556451612903,70.97233643010753,115.5,115.5,13.041744878857527,744,open_meteo,D:\MONEY VERSE\datasets\weather\weather_all_vietnam.csv,2026-05-18T15:57:27.004962+00:00,Open-Meteo public API data; attribution required.
Gia Lai,64,,2022-04,23.552083333333332,73.82398698749999,70.5,70.5,13.295750065138888,720,open_meteo,D:\MONEY VERSE\datasets\weather\weather_all_vietnam.csv,2026-05-18T15:57:27.004962+00:00,Open-Meteo public API data; attribution required.
Gia Lai,64,,2022-05,23.187365591397853,86.1855724422043,204.5,204.5,10.89683021532258,744,open_meteo,D:\MONEY VERSE\datasets\weather\weather_all_vietnam.csv,2026-05-18T15:57:27.004962+00:00,Open-Meteo public API data; attribution required.
Gia Lai,64,,2022-06,23.785555555555554,85.11877998333334,132.3,132.3,9.641249481944444,720,open_meteo,D:\MONEY VERSE\datasets\weather\weather_all_vietnam.csv,2026-05-18T15:57:27.004962+00:00,Open-Meteo public API data; attribution required.
Gia Lai,64,,2022-07,22.8752688172043,89.79702436155914,346.3,346.3,10.021127012862904,744,open_meteo,D:\MONEY VERSE\datasets\weather\weather_all_vietnam.csv,2026-05-18T15:57:27.004962+00:00,Open-Meteo public API data; attribution required.
Gia Lai,64,,2022-08,22.43958333333333,90.6538116733871,330.6,330.6,12.0935401375,744,open_meteo,D:\MONEY VERSE\datasets\weather\weather_all_vietnam.csv,2026-05-18T15:57:27.004962+00:00,Open-Meteo public API data; attribution required.
Gia Lai,64,,2022-09,22.24652777777778,90.61193639305556,406.1,406.1,9.090451838263888,720,open_meteo,D:\MONEY VERSE\datasets\weather\weather_all_vietnam.csv,2026-05-18T15:57:27.004962+00:00,Open-Meteo public API data; attribution required.
Gia Lai,64,,2022-10,22.151545698924732,83.33187955913978,171.5,171.5,11.821133878696237,744,open_meteo,D:\MONEY VERSE\datasets\weather\weather_all_vietnam.csv,2026-05-18T15:57:27.004962+00:00,Open-Meteo public API data; attribution required.
Gia Lai,64,,2022-11,22.28159722222222,80.11649452916667,70.60000000000001,70.60000000000001,14.328039867361111,720,open_meteo,D:\MONEY VERSE\datasets\weather\weather_all_vietnam.csv,2026-05-18T15:57:27.004962+00:00,Open-Meteo public API data; attribution required.
Gia Lai,64,,2022-12,20.29233870967742,71.98350760887097,1.9000000000000001,1.9000000000000001,19.557765025537634,744,open_meteo,D:\MONEY VERSE\datasets\weather\weather_all_vietnam.csv,2026-05-18T15:57:27.004962+00:00,Open-Meteo public API data; attribution required.
Gia Lai,64,,2023-01,20.193077956989246,72.08079288037634,25.9,25.9,19.414597691129032,744,open_meteo,D:\MONEY VERSE\datasets\weather\weather_all_vietnam.csv,2026-05-18T15:57:27.004962+00:00,Open-Meteo public API data; attribution required.
Gia Lai,64,,2023-02,22.015625,67.77963787946429,2.8,2.8,18.079493031517856,672,open_meteo,D:\MONEY VERSE\datasets\weather\weather_all_vietnam.csv,2026-05-18T15:57:27.004962+00:00,Open-Meteo public API data; attribution required.
Gia Lai,64,,2023-03,23.15255376344086,64.50974121505377,10.5,10.5,15.597626695833334,744,open_meteo,D:\MONEY VERSE\datasets\weather\weather_all_vietnam.csv,2026-05-18T15:57:27.004962+00:00,Open-Meteo public API data; attribution required.
Gia Lai,64,,2023-04,25.49111111111111,71.82054005277777,49.2,49.2,10.654854630972222,720,open_meteo,D:\MONEY VERSE\datasets\weather\weather_all_vietnam.csv,2026-05-18T15:57:27.004962+00:00,Open-Meteo public API data; attribution required.
Gia Lai,64,,2023-05,24.863844086021505,79.65785597983871,148.4,148.4,9.44151549827957,744,open_meteo,D:\MONEY VERSE\datasets\weather\weather_all_vietnam.csv,2026-05-18T15:57:27.004962+00:00,Open-Meteo public API data; attribution required.
Gia Lai,64,,2023-06,23.22041666666667,89.27789601666667,260.5,260.5,12.362073085555554,720,open_meteo,D:\MONEY VERSE\datasets\weather\weather_all_vietnam.csv,2026-05-18T15:57:27.004962+00:00,Open-Meteo public API data; attribution required.
Gia Lai,64,,2023-07,23.004502688172042,90.0461747513441,292.4,292.4,12.037522563534946,744,open_meteo,D:\MONEY VERSE\datasets\weather\weather_all_vietnam.csv,2026-05-18T15:57:27.004962+00:00,Open-Meteo public API data; attribution required.
Gia Lai,64,,2023-08,22.943346774193547,90.42009357258065,226.4,226.4,15.540366145295698,744,open_meteo,D:\MONEY VERSE\datasets\weather\weather_all_vietnam.csv,2026-05-18T15:57:27.004962+00:00,Open-Meteo public API data; attribution required.
Gia Lai,64,,2023-09,22.631875,90.89279964166667,316.2,316.2,10.99975586138889,720,open_meteo,D:\MONEY VERSE\datasets\weather\weather_all_vietnam.csv,2026-05-18T15:57:27.004962+00:00,Open-Meteo public API data; attribution required.
Gia Lai,64,,2023-10,22.678158602150535,89.5736648642473,319.0,319.0,8.197980408830645,744,open_meteo,D:\MONEY VERSE\datasets\weather\weather_all_vietnam.csv,2026-05-18T15:57:27.004962+00:00,Open-Meteo public API data; attribution required.
Gia Lai,64,,2023-11,22.389583333333334,77.84730423472223,37.7,37.7,17.544580175277776,720,open_meteo,D:\MONEY VERSE\datasets\weather\weather_all_vietnam.csv,2026-05-18T15:57:27.004962+00:00,Open-Meteo public API data; attribution required.
Gia Lai,64,,2023-12,21.989381720430107,73.4041036626344,3.1,3.1,19.35698175672043,744,open_meteo,D:\MONEY VERSE\datasets\weather\weather_all_vietnam.csv,2026-05-18T15:57:27.004962+00:00,Open-Meteo public API data; attribution required.
Gia Lai,64,,2024-01,20.80282258064516,71.70814417876345,0.30000000000000004,0.30000000000000004,18.312075764650537,744,open_meteo,D:\MONEY VERSE\datasets\weather\weather_all_vietnam.csv,2026-05-18T15:57:27.004962+00:00,Open-Meteo public API data; attribution required.
Gia Lai,64,,2024-02,23.170043103448275,67.2118609367816,2.6,2.6,14.851362922126437,696,open_meteo,D:\MONEY VERSE\datasets\weather\weather_all_vietnam.csv,2026-05-18T15:57:27.004962+00:00,Open-Meteo public API data; attribution required.
Gia Lai,64,,2024-03,24.945497311827957,64.15361438306452,24.7,24.7,15.02714278561828,744,open_meteo,D:\MONEY VERSE\datasets\weather\weather_all_vietnam.csv,2026-05-18T15:57:27.004962+00:00,Open-Meteo public API data; attribution required.
Gia Lai,64,,2024-04,27.930625,59.222222943055556,39.9,39.9,10.913816657222222,720,open_meteo,D:\MONEY VERSE\datasets\weather\weather_all_vietnam.csv,2026-05-18T15:57:27.004962+00:00,Open-Meteo public API data; attribution required.
Gia Lai,64,,2024-05,25.855309139784943,75.19314011424731,122.9,122.9,11.050767950940859,744,open_meteo,D:\MONEY VERSE\datasets\weather\weather_all_vietnam.csv,2026-05-18T15:57:27.004962+00:00,Open-Meteo public API data; attribution required.
Gia Lai,64,,2024-06,24.392152777777774,84.01177693333334,161.2,161.2,11.712247831666668,720,open_meteo,D:\MONEY VERSE\datasets\weather\weather_all_vietnam.csv,2026-05-18T15:57:27.004962+00:00,Open-Meteo public API data; attribution required.
Gia Lai,64,,2024-07,22.508333333333333,92.59582516397849,355.0,355.0,14.89323341075269,744,open_meteo,D:\MONEY VERSE\datasets\weather\weather_all_vietnam.csv,2026-05-18T15:57:27.004962+00:00,Open-Meteo public API data; attribution required.
Gia Lai,64,,2024-08,23.597983870967745,87.88932437634408,166.5,166.5,9.400324431693548,744,open_meteo,D:\MONEY VERSE\datasets\weather\weather_all_vietnam.csv,2026-05-18T15:57:27.004962+00:00,Open-Meteo public API data; attribution required.
Gia Lai,64,,2024-09,22.686458333333334,92.14469206944445,315.8,315.8,11.829450767680555,720,open_meteo,D:\MONEY VERSE\datasets\weather\weather_all_vietnam.csv,2026-05-18T15:57:27.004962+00:00,Open-Meteo public API data; attribution required.
Gia Lai,64,,2024-10,22.263037634408605,86.12101643548387,224.1,224.1,11.237860099596773,744,open_meteo,D:\MONEY VERSE\datasets\weather\weather_all_vietnam.csv,2026-05-18T15:57:27.004962+00:00,Open-Meteo public API data; attribution required.
Gia Lai,64,,2024-11,22.089930555555554,79.67062635555556,83.2,83.2,15.444911363527778,720,open_meteo,D:\MONEY VERSE\datasets\weather\weather_all_vietnam.csv,2026-05-18T15:57:27.004962+00:00,Open-Meteo public API data; attribution required.
Gia Lai,64,,2024-12,20.783131720430106,76.07889452553763,23.9,23.9,19.387448313978496,744,open_meteo,D:\MONEY VERSE\datasets\weather\weather_all_vietnam.csv,2026-05-18T15:57:27.004962+00:00,Open-Meteo public API data; attribution required.
Gia Lai,64,,2025-01,19.211424731182795,69.65993381451612,0.7,0.7,16.227711841935484,744,open_meteo,D:\MONEY VERSE\datasets\weather\weather_all_vietnam.csv,2026-05-18T15:57:27.004962+00:00,Open-Meteo public API data; attribution required.
Gia Lai,64,,2025-02,21.56860119047619,68.92842949404762,4.2,4.2,16.420458810714287,672,open_meteo,D:\MONEY VERSE\datasets\weather\weather_all_vietnam.csv,2026-05-18T15:57:27.004962+00:00,Open-Meteo public API data; attribution required.
Gia Lai,64,,2025-03,23.695631720430107,67.31019110215054,10.7,10.7,13.992068934059139,744,open_meteo,D:\MONEY VERSE\datasets\weather\weather_all_vietnam.csv,2026-05-18T15:57:27.004962+00:00,Open-Meteo public API data; attribution required.
Gia Lai,64,,2025-04,25.128680555555558,68.28198026805556,44.7,44.7,10.870649924277778,720,open_meteo,D:\MONEY VERSE\datasets\weather\weather_all_vietnam.csv,2026-05-18T15:57:27.004962+00:00,Open-Meteo public API data; attribution required.
Gia Lai,64,,2025-05,24.209005376344088,82.95172000134409,245.4,245.4,8.531326914032258,744,open_meteo,D:\MONEY VERSE\datasets\weather\weather_all_vietnam.csv,2026-05-18T15:57:27.004962+00:00,Open-Meteo public API data; attribution required.
Gia Lai,64,,2025-06,22.817152777777775,91.06172242222222,337.6,337.6,12.841854629680556,720,open_meteo,D:\MONEY VERSE\datasets\weather\weather_all_vietnam.csv,2026-05-18T15:57:27.004962+00:00,Open-Meteo public API data; attribution required.
Gia Lai,64,,2025-07,22.296370967741936,93.99821651075268,419.5,419.5,17.98472111942204,744,open_meteo,D:\MONEY VERSE\datasets\weather\weather_all_vietnam.csv,2026-05-18T15:57:27.004962+00:00,Open-Meteo public API data; attribution required.
Gia Lai,64,,2025-08,22.70208333333333,90.43372380913979,275.8,275.8,11.44801230263441,744,open_meteo,D:\MONEY VERSE\datasets\weather\weather_all_vietnam.csv,2026-05-18T15:57:27.004962+00:00,Open-Meteo public API data; attribution required.
Gia Lai,64,,2025-09,22.33736111111111,91.71774035555556,370.7,370.7,9.272509233305556,720,open_meteo,D:\MONEY VERSE\datasets\weather\weather_all_vietnam.csv,2026-05-18T15:57:27.004962+00:00,Open-Meteo public API data; attribution required.
Gia Lai,64,,2025-10,22.69576612903226,85.83798267607527,217.0,217.0,10.190734544274195,744,open_meteo,D:\MONEY VERSE\datasets\weather\weather_all_vietnam.csv,2026-05-18T15:57:27.004962+00:00,Open-Meteo public API data; attribution required.
Gia Lai,64,,2025-11,21.422847222222224,81.03055268333333,268.7,268.7,14.878372005097223,720,open_meteo,D:\MONEY VERSE\datasets\weather\weather_all_vietnam.csv,2026-05-18T15:57:27.004962+00:00,Open-Meteo public API data; attribution required.
Gia Lai,64,,2025-12,21.16720430107527,75.52380064112903,7.1,7.1,16.444652549731185,744,open_meteo,D:\MONEY VERSE\datasets\weather\weather_all_vietnam.csv,2026-05-18T15:57:27.004962+00:00,Open-Meteo public API data; attribution required.
Gia Lai,64,,2026-01,19.342674731182797,67.91446910080646,0.0,0.0,14.459240514112903,744,open_meteo,D:\MONEY VERSE\datasets\weather\weather_all_vietnam.csv,2026-05-18T15:57:27.004962+00:00,Open-Meteo public API data; attribution required.
Gia Lai,64,,2026-02,21.909449404761904,68.52132468601191,24.0,24.0,14.976007107886904,672,open_meteo,D:\MONEY VERSE\datasets\weather\weather_all_vietnam.csv,2026-05-18T15:57:27.004962+00:00,Open-Meteo public API data; attribution required.
Gia Lai,64,,2026-03,23.03662634408602,67.59760470833334,22.2,22.2,12.835330616102151,744,open_meteo,D:\MONEY VERSE\datasets\weather\weather_all_vietnam.csv,2026-05-18T15:57:27.004962+00:00,Open-Meteo public API data; attribution required.
Gia Lai,64,,2026-04,25.978472222222223,61.89587904583334,27.7,27.7,9.144105637902777,720,open_meteo,D:\MONEY VERSE\datasets\weather\weather_all_vietnam.csv,2026-05-18T15:57:27.004962+00:00,Open-Meteo public API data; attribution required.
Gia Lai,64,,2026-05,25.225347222222222,73.92464319444444,36.8,33.70000004,11.44306435462963,432,open_meteo,D:\MONEY VERSE\datasets\weather\weather_all_vietnam.csv,2026-05-18T15:57:27.004962+00:00,Open-Meteo public API data; attribution required.
Ha Giang,02,,2021-05,27.320838514784946,85.23670118413979,440.5,440.5,4.522954621129032,744,open_meteo,D:\MONEY VERSE\datasets\weather\weather_all_vietnam.csv,2026-05-18T15:57:27.004962+00:00,Open-Meteo public API data; attribution required.
Ha Giang,02,,2021-06,28.3032220375,82.70844670416666,374.4,374.4,3.9547912799027776,720,open_meteo,D:\MONEY VERSE\datasets\weather\weather_all_vietnam.csv,2026-05-18T15:57:27.004962+00:00,Open-Meteo public API data; attribution required.
Ha Giang,02,,2021-07,28.003365383064516,85.84200911155914,335.5,335.5,3.506494581263441,744,open_meteo,D:\MONEY VERSE\datasets\weather\weather_all_vietnam.csv,2026-05-18T15:57:27.004962+00:00,Open-Meteo public API data; attribution required.
Ha Giang,02,,2021-08,27.923862686827956,86.31357612365592,404.8,404.8,3.3746851593682794,744,open_meteo,D:\MONEY VERSE\datasets\weather\weather_all_vietnam.csv,2026-05-18T15:57:27.004962+00:00,Open-Meteo public API data; attribution required.
Ha Giang,02,,2021-09,27.368291420833334,82.39315213888888,191.1,191.1,3.1255479379305555,720,open_meteo,D:\MONEY VERSE\datasets\weather\weather_all_vietnam.csv,2026-05-18T15:57:27.004962+00:00,Open-Meteo public API data; attribution required.
Ha Giang,02,,2021-10,23.88878207123656,77.62705954435484,223.5,223.5,4.646130214677419,744,open_meteo,D:\MONEY VERSE\datasets\weather\weather_all_vietnam.csv,2026-05-18T15:57:27.004962+00:00,Open-Meteo public API data; attribution required.
Ha Giang,02,,2021-11,20.1834998,78.99260971666666,110.0,110.0,3.6713224900138886,720,open_meteo,D:\MONEY VERSE\datasets\weather\weather_all_vietnam.csv,2026-05-18T15:57:27.004962+00:00,Open-Meteo public API data; attribution required.
Ha Giang,02,,2021-12,16.62036798924731,75.01707148790322,69.7,69.7,4.033515320430108,744,open_meteo,D:\MONEY VERSE\datasets\weather\weather_all_vietnam.csv,2026-05-18T15:57:27.004962+00:00,Open-Meteo public API data; attribution required.
Ha Giang,02,,2022-01,16.957195987903226,84.90925697580646,254.7,254.7,3.6592279980913975,744,open_meteo,D:\MONEY VERSE\datasets\weather\weather_all_vietnam.csv,2026-05-18T15:57:27.004962+00:00,Open-Meteo public API data; attribution required.
Ha Giang,02,,2022-02,15.190032446875001,81.15758348214285,144.1,144.1,4.146208563988095,672,open_meteo,D:\MONEY VERSE\datasets\weather\weather_all_vietnam.csv,2026-05-18T15:57:27.004962+00:00,Open-Meteo public API data; attribution required.
Ha Giang,02,,2022-03,22.212169154569892,83.85387582123656,180.5,180.5,4.366619273346774,744,open_meteo,D:\MONEY VERSE\datasets\weather\weather_all_vietnam.csv,2026-05-18T15:57:27.004962+00:00,Open-Meteo public API data; attribution required.
Ha Giang,02,,2022-04,23.623013704166663,74.25527019722223,159.6,159.6,4.763088720638889,720,open_meteo,D:\MONEY VERSE\datasets\weather\weather_all_vietnam.csv,2026-05-18T15:57:27.004962+00:00,Open-Meteo public API data; attribution required.
Ha Giang,02,,2022-05,24.863177231182796,81.28497935887097,624.5,624.5,3.911915428655914,744,open_meteo,D:\MONEY VERSE\datasets\weather\weather_all_vietnam.csv,2026-05-18T15:57:27.004962+00:00,Open-Meteo public API data; attribution required.
Ha Giang,02,,2022-06,27.253152591666666,86.26140830555556,493.5,493.5,4.071581749138889,720,open_meteo,D:\MONEY VERSE\datasets\weather\weather_all_vietnam.csv,2026-05-18T15:57:27.004962+00:00,Open-Meteo public API data; attribution required.
Ha Giang,02,,2022-07,28.522989009408604,82.98465426075269,184.8,184.8,3.851797365698925,744,open_meteo,D:\MONEY VERSE\datasets\weather\weather_all_vietnam.csv,2026-05-18T15:57:27.004962+00:00,Open-Meteo public API data; attribution required.
Ha Giang,02,,2022-08,27.685421849462365,85.22400227822581,337.5,337.5,3.468521303333333,744,open_meteo,D:\MONEY VERSE\datasets\weather\weather_all_vietnam.csv,2026-05-18T15:57:27.004962+00:00,Open-Meteo public API data; attribution required.
Ha Giang,02,,2022-09,26.688291448611114,80.48765658333333,245.3,245.3,3.7809332239305555,720,open_meteo,D:\MONEY VERSE\datasets\weather\weather_all_vietnam.csv,2026-05-18T15:57:27.004962+00:00,Open-Meteo public API data; attribution required.
Ha Giang,02,,2022-10,24.60477666666667,72.65332581586021,87.7,87.7,4.144305335577957,744,open_meteo,D:\MONEY VERSE\datasets\weather\weather_all_vietnam.csv,2026-05-18T15:57:27.004962+00:00,Open-Meteo public API data; attribution required.
Ha Giang,02,,2022-11,22.817319248611113,80.87001613055556,181.9,181.9,3.8069563482916666,720,open_meteo,D:\MONEY VERSE\datasets\weather\weather_all_vietnam.csv,2026-05-18T15:57:27.004962+00:00,Open-Meteo public API data; attribution required.
Ha Giang,02,,2022-12,15.926550818010753,74.11531066263441,61.2,61.2,3.8029596864650537,744,open_meteo,D:\MONEY VERSE\datasets\weather\weather_all_vietnam.csv,2026-05-18T15:57:27.004962+00:00,Open-Meteo public API data; attribution required.
Ha Giang,02,,2023-01,15.187303475537634,72.29935450806451,28.2,28.2,4.398401563817204,744,open_meteo,D:\MONEY VERSE\datasets\weather\weather_all_vietnam.csv,2026-05-18T15:57:27.004962+00:00,Open-Meteo public API data; attribution required.
Ha Giang,02,,2023-02,19.501342059523807,79.05620253571429,177.0,177.0,4.056603695625,672,open_meteo,D:\MONEY VERSE\datasets\weather\weather_all_vietnam.csv,2026-05-18T15:57:27.004962+00:00,Open-Meteo public API data; attribution required.
Ha Giang,02,,2023-03,21.24194065860215,79.88482244892474,88.2,88.2,4.481889926626344,744,open_meteo,D:\MONEY VERSE\datasets\weather\weather_all_vietnam.csv,2026-05-18T15:57:27.004962+00:00,Open-Meteo public API data; attribution required.
Ha Giang,02,,2023-04,25.351069223611113,78.96647219444445,109.10000000000001,109.10000000000001,4.845502593486112,720,open_meteo,D:\MONEY VERSE\datasets\weather\weather_all_vietnam.csv,2026-05-18T15:57:27.004962+00:00,Open-Meteo public API data; attribution required.
Ha Giang,02,,2023-05,27.753499783602148,76.95026190456989,257.5,257.5,4.933473277688172,744,open_meteo,D:\MONEY VERSE\datasets\weather\weather_all_vietnam.csv,2026-05-18T15:57:27.004962+00:00,Open-Meteo public API data; attribution required.
Ha Giang,02,,2023-06,28.098083120833337,82.52218732083332,460.9,460.9,3.6790533461944444,720,open_meteo,D:\MONEY VERSE\datasets\weather\weather_all_vietnam.csv,2026-05-18T15:57:27.004962+00:00,Open-Meteo public API data; attribution required.
Ha Giang,02,,2023-07,28.729440645161286,81.10950423655913,268.3,268.3,4.1406617565457,744,open_meteo,D:\MONEY VERSE\datasets\weather\weather_all_vietnam.csv,2026-05-18T15:57:27.004962+00:00,Open-Meteo public API data; attribution required.
Ha Giang,02,,2023-08,27.695569688172043,85.61279047580645,249.20000000000002,249.20000000000002,3.0359317188978494,744,open_meteo,D:\MONEY VERSE\datasets\weather\weather_all_vietnam.csv,2026-05-18T15:57:27.004962+00:00,Open-Meteo public API data; attribution required.
Ha Giang,02,,2023-09,27.5057220375,81.16783124722222,193.6,193.6,3.680307003527778,720,open_meteo,D:\MONEY VERSE\datasets\weather\weather_all_vietnam.csv,2026-05-18T15:57:27.004962+00:00,Open-Meteo public API data; attribution required.
Ha Giang,02,,2023-10,25.404104629032258,75.6586739327957,63.4,63.4,3.801624779408602,744,open_meteo,D:\MONEY VERSE\datasets\weather\weather_all_vietnam.csv,2026-05-18T15:57:27.004962+00:00,Open-Meteo public API data; attribution required.
Ha Giang,02,,2023-11,21.263569243055557,80.05366906805556,64.5,64.5,3.8773433892916667,720,open_meteo,D:\MONEY VERSE\datasets\weather\weather_all_vietnam.csv,2026-05-18T15:57:27.004962+00:00,Open-Meteo public API data; attribution required.
Ha Giang,02,,2023-12,17.730247083198925,80.62786222715054,84.9,84.9,4.033045750443549,744,open_meteo,D:\MONEY VERSE\datasets\weather\weather_all_vietnam.csv,2026-05-18T15:57:27.004962+00:00,Open-Meteo public API data; attribution required.
Ha Giang,02,,2024-01,17.414790092741935,83.83029680913978,163.3,163.3,3.765038958467742,744,open_meteo,D:\MONEY VERSE\datasets\weather\weather_all_vietnam.csv,2026-05-18T15:57:27.004962+00:00,Open-Meteo public API data; attribution required.
Ha Giang,02,,2024-02,19.09739346408046,84.16904150862068,102.9,102.9,4.357879011968391,696,open_meteo,D:\MONEY VERSE\datasets\weather\weather_all_vietnam.csv,2026-05-18T15:57:27.004962+00:00,Open-Meteo public API data; attribution required.
Ha Giang,02,,2024-03,21.525609983870968,80.09990684677419,69.2,69.2,4.40084746952957,744,open_meteo,D:\MONEY VERSE\datasets\weather\weather_all_vietnam.csv,2026-05-18T15:57:27.004962+00:00,Open-Meteo public API data; attribution required.
Ha Giang,02,,2024-04,26.840374794444447,78.7925361125,92.0,92.0,4.607662720097222,720,open_meteo,D:\MONEY VERSE\datasets\weather\weather_all_vietnam.csv,2026-05-18T15:57:27.004962+00:00,Open-Meteo public API data; attribution required.
Ha Giang,02,,2024-05,26.61015306048387,82.97330830913978,285.3,285.3,3.932491203655914,744,open_meteo,D:\MONEY VERSE\datasets\weather\weather_all_vietnam.csv,2026-05-18T15:57:27.004962+00:00,Open-Meteo public API data; attribution required.
Ha Giang,02,,2024-06,27.72537478611111,87.64177358055555,486.8,486.8,3.604981459666667,720,open_meteo,D:\MONEY VERSE\datasets\weather\weather_all_vietnam.csv,2026-05-18T15:57:27.004962+00:00,Open-Meteo public API data; attribution required.
Ha Giang,02,,2024-07,28.06855355645161,86.47853828494624,449.9,449.9,3.6120905171505377,744,open_meteo,D:\MONEY VERSE\datasets\weather\weather_all_vietnam.csv,2026-05-18T15:57:27.004962+00:00,Open-Meteo public API data; attribution required.
Ha Giang,02,,2024-08,27.809346583333337,86.33549631854838,373.2,373.2,3.072125480336022,744,open_meteo,D:\MONEY VERSE\datasets\weather\weather_all_vietnam.csv,2026-05-18T15:57:27.004962+00:00,Open-Meteo public API data; attribution required.
Ha Giang,02,,2024-09,27.607388680555555,82.44976712916666,553.1,553.1,3.995379076555556,720,open_meteo,D:\MONEY VERSE\datasets\weather\weather_all_vietnam.csv,2026-05-18T15:57:27.004962+00:00,Open-Meteo public API data; attribution required.
Ha Giang,02,,2024-10,24.76082509408602,75.58910498790323,183.5,183.5,3.988235804448925,744,open_meteo,D:\MONEY VERSE\datasets\weather\weather_all_vietnam.csv,2026-05-18T15:57:27.004962+00:00,Open-Meteo public API data; attribution required.
Ha Giang,02,,2024-11,22.13884701111111,74.94048841527778,21.6,21.6,3.5102283735416666,720,open_meteo,D:\MONEY VERSE\datasets\weather\weather_all_vietnam.csv,2026-05-18T15:57:27.004962+00:00,Open-Meteo public API data; attribution required.
Ha Giang,02,,2024-12,16.925945975806453,78.52778438037635,87.7,87.7,2.9836183575403226,744,open_meteo,D:\MONEY VERSE\datasets\weather\weather_all_vietnam.csv,2026-05-18T15:57:27.004962+00:00,Open-Meteo public API data; attribution required.
Ha Giang,02,,2025-01,15.719494344354839,73.74721260752689,74.1,74.1,3.611119249905914,744,open_meteo,D:\MONEY VERSE\datasets\weather\weather_all_vietnam.csv,2026-05-18T15:57:27.004962+00:00,Open-Meteo public API data; attribution required.
Ha Giang,02,,2025-02,17.206550367559526,82.28896844940476,160.0,160.0,3.3113698623958334,672,open_meteo,D:\MONEY VERSE\datasets\weather\weather_all_vietnam.csv,2026-05-18T15:57:27.004962+00:00,Open-Meteo public API data; attribution required.
Ha Giang,02,,2025-03,20.902155697580646,74.94638082526882,108.3,108.3,4.026498967365591,744,open_meteo,D:\MONEY VERSE\datasets\weather\weather_all_vietnam.csv,2026-05-18T15:57:27.004962+00:00,Open-Meteo public API data; attribution required.
Ha Giang,02,,2025-04,24.51238867916667,76.26171347638889,137.3,137.3,3.9225815836805555,720,open_meteo,D:\MONEY VERSE\datasets\weather\weather_all_vietnam.csv,2026-05-18T15:57:27.004962+00:00,Open-Meteo public API data; attribution required.
Ha Giang,02,,2025-05,26.482868084677417,80.04180895967741,356.8,356.8,3.537617675698925,744,open_meteo,D:\MONEY VERSE\datasets\weather\weather_all_vietnam.csv,2026-05-18T15:57:27.004962+00:00,Open-Meteo public API data; attribution required.
Ha Giang,02,,2025-06,27.719749775,84.16072780694445,447.3,447.3,3.2304669052916664,720,open_meteo,D:\MONEY VERSE\datasets\weather\weather_all_vietnam.csv,2026-05-18T15:57:27.004962+00:00,Open-Meteo public API data; attribution required.
Ha Giang,02,,2025-07,28.82890298655914,80.4020161639785,334.1,334.1,3.3120662137096777,744,open_meteo,D:\MONEY VERSE\datasets\weather\weather_all_vietnam.csv,2026-05-18T15:57:27.004962+00:00,Open-Meteo public API data; attribution required.
Ha Giang,02,,2025-08,27.65544870967742,83.5586724811828,269.1,269.1,3.1654948006720427,744,open_meteo,D:\MONEY VERSE\datasets\weather\weather_all_vietnam.csv,2026-05-18T15:57:27.004962+00:00,Open-Meteo public API data; attribution required.
Ha Giang,02,,2025-09,27.23877756111111,82.46973679166666,289.5,289.5,3.272225651986111,720,open_meteo,D:\MONEY VERSE\datasets\weather\weather_all_vietnam.csv,2026-05-18T15:57:27.004962+00:00,Open-Meteo public API data; attribution required.
Ha Giang,02,,2025-10,25.027424559139785,80.53688846236558,253.0,253.0,3.1277716238172046,744,open_meteo,D:\MONEY VERSE\datasets\weather\weather_all_vietnam.csv,2026-05-18T15:57:27.004962+00:00,Open-Meteo public API data; attribution required.
Ha Giang,02,,2025-11,19.783291448611113,76.82532150277778,115.9,115.9,3.315036952083333,720,open_meteo,D:\MONEY VERSE\datasets\weather\weather_all_vietnam.csv,2026-05-18T15:57:27.004962+00:00,Open-Meteo public API data; attribution required.
Ha Giang,02,,2025-12,18.608472913978492,80.111084875,80.8,80.8,3.268401735645161,744,open_meteo,D:\MONEY VERSE\datasets\weather\weather_all_vietnam.csv,2026-05-18T15:57:27.004962+00:00,Open-Meteo public API data; attribution required.
Ha Giang,02,,2026-01,16.64395673252688,82.21034692607527,134.0,134.0,3.357730201532258,744,open_meteo,D:\MONEY VERSE\datasets\weather\weather_all_vietnam.csv,2026-05-18T15:57:27.004962+00:00,Open-Meteo public API data; attribution required.
Ha Giang,02,,2026-02,19.423514700892856,86.40582013392857,125.10000000000001,125.10000000000001,3.5281642689136907,672,open_meteo,D:\MONEY VERSE\datasets\weather\weather_all_vietnam.csv,2026-05-18T15:57:27.004962+00:00,Open-Meteo public API data; attribution required.
Ha Giang,02,,2026-03,22.14503206182796,81.68085169086021,158.7,158.7,3.5422937924059137,744,open_meteo,D:\MONEY VERSE\datasets\weather\weather_all_vietnam.csv,2026-05-18T15:57:27.004962+00:00,Open-Meteo public API data; attribution required.
Ha Giang,02,,2026-04,26.10169425,76.30885048055555,70.8,70.8,4.397800161055556,720,open_meteo,D:\MONEY VERSE\datasets\weather\weather_all_vietnam.csv,2026-05-18T15:57:27.004962+00:00,Open-Meteo public API data; attribution required.
Ha Giang,02,,2026-05,25.617967407407406,81.04427316666667,125.0,119.999999844,3.576799223518518,432,open_meteo,D:\MONEY VERSE\datasets\weather\weather_all_vietnam.csv,2026-05-18T15:57:27.004962+00:00,Open-Meteo public API data; attribution required.
Ha Nam,35,,2021-05,28.724395161290325,82.74290150672043,98.0,98.0,12.450532712096773,744,open_meteo,D:\MONEY VERSE\datasets\weather\weather_all_vietnam.csv,2026-05-18T15:57:27.004962+00:00,Open-Meteo public API data; attribution required.
Ha Nam,35,,2021-06,29.85375,76.19727851249999,195.3,195.3,10.116507505625,720,open_meteo,D:\MONEY VERSE\datasets\weather\weather_all_vietnam.csv,2026-05-18T15:57:27.004962+00:00,Open-Meteo public API data; attribution required.
Ha Nam,35,,2021-07,29.132526881720427,82.2574348938172,283.6,283.6,8.774405717338709,744,open_meteo,D:\MONEY VERSE\datasets\weather\weather_all_vietnam.csv,2026-05-18T15:57:27.004962+00:00,Open-Meteo public API data; attribution required.
Ha Nam,35,,2021-08,29.187029569892474,83.33350999865591,188.8,188.8,7.320114964086022,744,open_meteo,D:\MONEY VERSE\datasets\weather\weather_all_vietnam.csv,2026-05-18T15:57:27.004962+00:00,Open-Meteo public API data; attribution required.
Ha Nam,35,,2021-09,27.094513888888887,88.20102460694444,294.1,294.1,6.542382434861111,720,open_meteo,D:\MONEY VERSE\datasets\weather\weather_all_vietnam.csv,2026-05-18T15:57:27.004962+00:00,Open-Meteo public API data; attribution required.
Ha Nam,35,,2021-10,23.205309139784948,81.57168079032257,504.5,504.5,13.55450731922043,744,open_meteo,D:\MONEY VERSE\datasets\weather\weather_all_vietnam.csv,2026-05-18T15:57:27.004962+00:00,Open-Meteo public API data; attribution required.
Ha Nam,35,,2021-11,20.7375,76.26405901805556,45.1,45.1,10.187661009374999,720,open_meteo,D:\MONEY VERSE\datasets\weather\weather_all_vietnam.csv,2026-05-18T15:57:27.004962+00:00,Open-Meteo public API data; attribution required.
Ha Nam,35,,2021-12,17.706586021505377,70.70701985887096,16.1,16.1,9.071474622715055,744,open_meteo,D:\MONEY VERSE\datasets\weather\weather_all_vietnam.csv,2026-05-18T15:57:27.004962+00:00,Open-Meteo public API data; attribution required.
Ha Nam,35,,2022-01,18.04247311827957,83.14651645161291,79.2,79.2,9.07230385170699,744,open_meteo,D:\MONEY VERSE\datasets\weather\weather_all_vietnam.csv,2026-05-18T15:57:27.004962+00:00,Open-Meteo public API data; attribution required.
Ha Nam,35,,2022-02,14.794122023809523,79.97824665029762,94.6,94.6,9.63151568735119,672,open_meteo,D:\MONEY VERSE\datasets\weather\weather_all_vietnam.csv,2026-05-18T15:57:27.004962+00:00,Open-Meteo public API data; attribution required.
Ha Nam,35,,2022-03,22.03514784946237,86.05547220430107,86.2,86.2,9.65343748813172,744,open_meteo,D:\MONEY VERSE\datasets\weather\weather_all_vietnam.csv,2026-05-18T15:57:27.004962+00:00,Open-Meteo public API data; attribution required.
Ha Nam,35,,2022-04,23.064027777777774,81.41252320833333,92.10000000000001,92.10000000000001,10.920189516666667,720,open_meteo,D:\MONEY VERSE\datasets\weather\weather_all_vietnam.csv,2026-05-18T15:57:27.004962+00:00,Open-Meteo public API data; attribution required.
Ha Nam,35,,2022-05,25.273252688172043,83.75128668413979,330.0,330.0,8.636261129731183,744,open_meteo,D:\MONEY VERSE\datasets\weather\weather_all_vietnam.csv,2026-05-18T15:57:27.004962+00:00,Open-Meteo public API data; attribution required.
Ha Nam,35,,2022-06,29.42701388888889,78.67509581527777,174.3,174.3,10.0852072325,720,open_meteo,D:\MONEY VERSE\datasets\weather\weather_all_vietnam.csv,2026-05-18T15:57:27.004962+00:00,Open-Meteo public API data; attribution required.
Ha Nam,35,,2022-07,28.53037634408602,84.79916870698925,237.5,237.5,7.717491831048386,744,open_meteo,D:\MONEY VERSE\datasets\weather\weather_all_vietnam.csv,2026-05-18T15:57:27.004962+00:00,Open-Meteo public API data; attribution required.
Ha Nam,35,,2022-08,27.83266129032258,87.17875924596774,463.2,463.2,7.189887728010753,744,open_meteo,D:\MONEY VERSE\datasets\weather\weather_all_vietnam.csv,2026-05-18T15:57:27.004962+00:00,Open-Meteo public API data; attribution required.
Ha Nam,35,,2022-09,26.660833333333333,86.35718713333334,497.6,497.6,7.622404860416667,720,open_meteo,D:\MONEY VERSE\datasets\weather\weather_all_vietnam.csv,2026-05-18T15:57:27.004962+00:00,Open-Meteo public API data; attribution required.
Ha Nam,35,,2022-10,23.84905913978495,76.52706063172043,159.2,159.2,10.192250354811828,744,open_meteo,D:\MONEY VERSE\datasets\weather\weather_all_vietnam.csv,2026-05-18T15:57:27.004962+00:00,Open-Meteo public API data; attribution required.
Ha Nam,35,,2022-11,24.113819444444445,82.25039006527778,127.1,127.1,8.099145080527778,720,open_meteo,D:\MONEY VERSE\datasets\weather\weather_all_vietnam.csv,2026-05-18T15:57:27.004962+00:00,Open-Meteo public API data; attribution required.
Ha Nam,35,,2022-12,16.071774193548386,67.95634367607528,19.400000000000002,19.400000000000002,10.368611388682796,744,open_meteo,D:\MONEY VERSE\datasets\weather\weather_all_vietnam.csv,2026-05-18T15:57:27.004962+00:00,Open-Meteo public API data; attribution required.
Ha Nam,35,,2023-01,16.439381720430106,69.61066795295699,29.0,29.0,9.107135503306452,744,open_meteo,D:\MONEY VERSE\datasets\weather\weather_all_vietnam.csv,2026-05-18T15:57:27.004962+00:00,Open-Meteo public API data; attribution required.
Ha Nam,35,,2023-02,19.648660714285715,81.5559750669643,48.2,48.2,10.056703086130952,672,open_meteo,D:\MONEY VERSE\datasets\weather\weather_all_vietnam.csv,2026-05-18T15:57:27.004962+00:00,Open-Meteo public API data; attribution required.
Ha Nam,35,,2023-03,21.993413978494623,79.57189904973119,31.7,31.7,9.544506958844085,744,open_meteo,D:\MONEY VERSE\datasets\weather\weather_all_vietnam.csv,2026-05-18T15:57:27.004962+00:00,Open-Meteo public API data; attribution required.
Ha Nam,35,,2023-04,24.975347222222222,85.52095973333334,75.8,75.8,9.723312748097221,720,open_meteo,D:\MONEY VERSE\datasets\weather\weather_all_vietnam.csv,2026-05-18T15:57:27.004962+00:00,Open-Meteo public API data; attribution required.
Ha Nam,35,,2023-05,27.918884408602153,80.44315662096774,146.0,146.0,10.619842349018818,744,open_meteo,D:\MONEY VERSE\datasets\weather\weather_all_vietnam.csv,2026-05-18T15:57:27.004962+00:00,Open-Meteo public API data; attribution required.
Ha Nam,35,,2023-06,28.900625,83.63564878888889,329.3,329.3,7.213798630527777,720,open_meteo,D:\MONEY VERSE\datasets\weather\weather_all_vietnam.csv,2026-05-18T15:57:27.004962+00:00,Open-Meteo public API data; attribution required.
Ha Nam,35,,2023-07,30.125672043010752,76.65325253360216,142.8,142.8,9.774733606680108,744,open_meteo,D:\MONEY VERSE\datasets\weather\weather_all_vietnam.csv,2026-05-18T15:57:27.004962+00:00,Open-Meteo public API data; attribution required.
Ha Nam,35,,2023-08,28.141129032258064,85.82635049462365,329.3,329.3,7.185599085147849,744,open_meteo,D:\MONEY VERSE\datasets\weather\weather_all_vietnam.csv,2026-05-18T15:57:27.004962+00:00,Open-Meteo public API data; attribution required.
Ha Nam,35,,2023-09,26.965,86.28949113888889,462.4,462.4,8.474065224277778,720,open_meteo,D:\MONEY VERSE\datasets\weather\weather_all_vietnam.csv,2026-05-18T15:57:27.004962+00:00,Open-Meteo public API data; attribution required.
Ha Nam,35,,2023-10,25.8190188172043,75.78431678225807,69.0,69.0,9.358724694758065,744,open_meteo,D:\MONEY VERSE\datasets\weather\weather_all_vietnam.csv,2026-05-18T15:57:27.004962+00:00,Open-Meteo public API data; attribution required.
Ha Nam,35,,2023-11,22.510277777777777,79.88512330416667,61.5,61.5,8.549553455527777,720,open_meteo,D:\MONEY VERSE\datasets\weather\weather_all_vietnam.csv,2026-05-18T15:57:27.004962+00:00,Open-Meteo public API data; attribution required.
Ha Nam,35,,2023-12,18.599327956989246,73.8139719704301,35.7,35.7,10.127242188172042,744,open_meteo,D:\MONEY VERSE\datasets\weather\weather_all_vietnam.csv,2026-05-18T15:57:27.004962+00:00,Open-Meteo public API data; attribution required.
Ha Nam,35,,2024-01,17.8065188172043,83.0104151814516,122.2,122.2,9.783831110215054,744,open_meteo,D:\MONEY VERSE\datasets\weather\weather_all_vietnam.csv,2026-05-18T15:57:27.004962+00:00,Open-Meteo public API data; attribution required.
Ha Nam,35,,2024-02,19.526293103448275,82.24066280747127,35.8,35.8,11.440751004885058,696,open_meteo,D:\MONEY VERSE\datasets\weather\weather_all_vietnam.csv,2026-05-18T15:57:27.004962+00:00,Open-Meteo public API data; attribution required.
Ha Nam,35,,2024-03,21.49475806451613,83.93222490994624,113.3,113.3,10.040691519166666,744,open_meteo,D:\MONEY VERSE\datasets\weather\weather_all_vietnam.csv,2026-05-18T15:57:27.004962+00:00,Open-Meteo public API data; attribution required.
Ha Nam,35,,2024-04,27.693680555555556,80.8249890625,23.8,23.8,12.289556592680555,720,open_meteo,D:\MONEY VERSE\datasets\weather\weather_all_vietnam.csv,2026-05-18T15:57:27.004962+00:00,Open-Meteo public API data; attribution required.
Ha Nam,35,,2024-05,27.24670698924731,86.21908752553763,327.2,327.2,9.299917618978496,744,open_meteo,D:\MONEY VERSE\datasets\weather\weather_all_vietnam.csv,2026-05-18T15:57:27.004962+00:00,Open-Meteo public API data; attribution required.
Ha Nam,35,,2024-06,29.244791666666668,81.9110106625,275.1,275.1,8.963918613055556,720,open_meteo,D:\MONEY VERSE\datasets\weather\weather_all_vietnam.csv,2026-05-18T15:57:27.004962+00:00,Open-Meteo public API data; attribution required.
Ha Nam,35,,2024-07,28.73521505376344,84.00813785080645,387.3,387.3,9.198479181545698,744,open_meteo,D:\MONEY VERSE\datasets\weather\weather_all_vietnam.csv,2026-05-18T15:57:27.004962+00:00,Open-Meteo public API data; attribution required.
Ha Nam,35,,2024-08,28.76391129032258,84.67485421774194,290.6,290.6,7.00999259452957,744,open_meteo,D:\MONEY VERSE\datasets\weather\weather_all_vietnam.csv,2026-05-18T15:57:27.004962+00:00,Open-Meteo public API data; attribution required.
Ha Nam,35,,2024-09,27.07263888888889,86.44620271944444,537.0,537.0,10.149895039166667,720,open_meteo,D:\MONEY VERSE\datasets\weather\weather_all_vietnam.csv,2026-05-18T15:57:27.004962+00:00,Open-Meteo public API data; attribution required.
Ha Nam,35,,2024-10,24.95436827956989,74.31646039650538,77.4,77.4,9.837528329166666,744,open_meteo,D:\MONEY VERSE\datasets\weather\weather_all_vietnam.csv,2026-05-18T15:57:27.004962+00:00,Open-Meteo public API data; attribution required.
Ha Nam,35,,2024-11,22.846875,73.36102057083333,12.3,12.3,8.140654804027777,720,open_meteo,D:\MONEY VERSE\datasets\weather\weather_all_vietnam.csv,2026-05-18T15:57:27.004962+00:00,Open-Meteo public API data; attribution required.
Ha Nam,35,,2024-12,17.896438172043013,72.11345128360215,17.7,17.7,8.840676528373656,744,open_meteo,D:\MONEY VERSE\datasets\weather\weather_all_vietnam.csv,2026-05-18T15:57:27.004962+00:00,Open-Meteo public API data; attribution required.
Ha Nam,35,,2025-01,17.001478494623658,71.66632586559139,16.7,16.7,8.936828609099463,744,open_meteo,D:\MONEY VERSE\datasets\weather\weather_all_vietnam.csv,2026-05-18T15:57:27.004962+00:00,Open-Meteo public API data; attribution required.
Ha Nam,35,,2025-02,17.386383928571426,82.6947329077381,54.9,54.9,9.441580728720238,672,open_meteo,D:\MONEY VERSE\datasets\weather\weather_all_vietnam.csv,2026-05-18T15:57:27.004962+00:00,Open-Meteo public API data; attribution required.
Ha Nam,35,,2025-03,20.061290322580646,80.69120493010753,54.800000000000004,54.800000000000004,10.719093478333335,744,open_meteo,D:\MONEY VERSE\datasets\weather\weather_all_vietnam.csv,2026-05-18T15:57:27.004962+00:00,Open-Meteo public API data; attribution required.
Ha Nam,35,,2025-04,24.02986111111111,84.5281668763889,125.3,125.3,9.814948342361111,720,open_meteo,D:\MONEY VERSE\datasets\weather\weather_all_vietnam.csv,2026-05-18T15:57:27.004962+00:00,Open-Meteo public API data; attribution required.
Ha Nam,35,,2025-05,26.75698924731183,85.3302920389785,264.3,264.3,10.746195401129032,744,open_meteo,D:\MONEY VERSE\datasets\weather\weather_all_vietnam.csv,2026-05-18T15:57:27.004962+00:00,Open-Meteo public API data; attribution required.
Ha Nam,35,,2025-06,28.779097222222223,83.03668339583334,289.2,289.2,9.791997111,720,open_meteo,D:\MONEY VERSE\datasets\weather\weather_all_vietnam.csv,2026-05-18T15:57:27.004962+00:00,Open-Meteo public API data; attribution required.
Ha Nam,35,,2025-07,28.55201612903226,84.66556227150538,343.4,343.4,7.559770710295698,744,open_meteo,D:\MONEY VERSE\datasets\weather\weather_all_vietnam.csv,2026-05-18T15:57:27.004962+00:00,Open-Meteo public API data; attribution required.
Ha Nam,35,,2025-08,27.994825268817205,85.86775740591398,380.7,380.7,9.929693432446237,744,open_meteo,D:\MONEY VERSE\datasets\weather\weather_all_vietnam.csv,2026-05-18T15:57:27.004962+00:00,Open-Meteo public API data; attribution required.
Ha Nam,35,,2025-09,27.360625000000002,85.49638574305555,396.3,396.3,8.435000852652779,720,open_meteo,D:\MONEY VERSE\datasets\weather\weather_all_vietnam.csv,2026-05-18T15:57:27.004962+00:00,Open-Meteo public API data; attribution required.
Ha Nam,35,,2025-10,25.098924731182795,80.66571661021506,278.8,278.8,9.199475439166667,744,open_meteo,D:\MONEY VERSE\datasets\weather\weather_all_vietnam.csv,2026-05-18T15:57:27.004962+00:00,Open-Meteo public API data; attribution required.
Ha Nam,35,,2025-11,20.229791666666667,74.92733162083333,110.5,110.5,10.535024536194443,720,open_meteo,D:\MONEY VERSE\datasets\weather\weather_all_vietnam.csv,2026-05-18T15:57:27.004962+00:00,Open-Meteo public API data; attribution required.
Ha Nam,35,,2025-12,20.067943548387095,79.13659142741936,40.0,40.0,7.909757045994623,744,open_meteo,D:\MONEY VERSE\datasets\weather\weather_all_vietnam.csv,2026-05-18T15:57:27.004962+00:00,Open-Meteo public API data; attribution required.
Ha Nam,35,,2026-01,17.771102150537637,78.9221183857527,31.900000000000002,31.900000000000002,8.761003568467743,744,open_meteo,D:\MONEY VERSE\datasets\weather\weather_all_vietnam.csv,2026-05-18T15:57:27.004962+00:00,Open-Meteo public API data; attribution required.
Ha Nam,35,,2026-02,20.564508928571428,83.99608535416667,44.2,44.2,10.279638699657738,672,open_meteo,D:\MONEY VERSE\datasets\weather\weather_all_vietnam.csv,2026-05-18T15:57:27.004962+00:00,Open-Meteo public API data; attribution required.
Ha Nam,35,,2026-03,22.95040322580645,82.32690573655914,65.5,65.5,11.70684079657258,744,open_meteo,D:\MONEY VERSE\datasets\weather\weather_all_vietnam.csv,2026-05-18T15:57:27.004962+00:00,Open-Meteo public API data; attribution required.
Ha Nam,35,,2026-04,27.03798611111111,79.97952857916667,157.0,157.0,11.406415707083333,720,open_meteo,D:\MONEY VERSE\datasets\weather\weather_all_vietnam.csv,2026-05-18T15:57:27.004962+00:00,Open-Meteo public API data; attribution required.
Ha Nam,35,,2026-05,26.43935185185185,84.86662621527778,184.7,160.49999964,9.510492631365741,432,open_meteo,D:\MONEY VERSE\datasets\weather\weather_all_vietnam.csv,2026-05-18T15:57:27.004962+00:00,Open-Meteo public API data; attribution required.
Ha Noi,01,,2021-05,29.13588709677419,80.35578171505377,123.2,123.2,12.540345422002689,744,open_meteo,D:\MONEY VERSE\datasets\weather\weather_all_vietnam.csv,2026-05-18T15:57:27.004962+00:00,Open-Meteo public API data; attribution required.
Ha Noi,01,,2021-06,30.016597222222224,76.68991798333333,213.8,213.8,9.052358879583334,720,open_meteo,D:\MONEY VERSE\datasets\weather\weather_all_vietnam.csv,2026-05-18T15:57:27.004962+00:00,Open-Meteo public API data; attribution required.
Ha Noi,01,,2021-07,29.401545698924732,81.93103287096774,239.0,239.0,8.730569015860214,744,open_meteo,D:\MONEY VERSE\datasets\weather\weather_all_vietnam.csv,2026-05-18T15:57:27.004962+00:00,Open-Meteo public API data; attribution required.
Ha Noi,01,,2021-08,29.30181451612903,83.41510847715054,226.9,226.9,7.811207737298387,744,open_meteo,D:\MONEY VERSE\datasets\weather\weather_all_vietnam.csv,2026-05-18T15:57:27.004962+00:00,Open-Meteo public API data; attribution required.
Ha Noi,01,,2021-09,27.61298611111111,86.39324378055555,235.0,235.0,6.637611226111111,720,open_meteo,D:\MONEY VERSE\datasets\weather\weather_all_vietnam.csv,2026-05-18T15:57:27.004962+00:00,Open-Meteo public API data; attribution required.
Ha Noi,01,,2021-10,23.58225806451613,80.07150544086021,493.8,493.8,11.231972818413979,744,open_meteo,D:\MONEY VERSE\datasets\weather\weather_all_vietnam.csv,2026-05-18T15:57:27.004962+00:00,Open-Meteo public API data; attribution required.
Ha Noi,01,,2021-11,20.96736111111111,74.23373601944445,52.5,52.5,9.85856353565278,720,open_meteo,D:\MONEY VERSE\datasets\weather\weather_all_vietnam.csv,2026-05-18T15:57:27.004962+00:00,Open-Meteo public API data; attribution required.
Ha Noi,01,,2021-12,17.9067876344086,68.79804614247313,7.6000000000000005,7.6000000000000005,8.317363283817205,744,open_meteo,D:\MONEY VERSE\datasets\weather\weather_all_vietnam.csv,2026-05-18T15:57:27.004962+00:00,Open-Meteo public API data; attribution required.
Ha Noi,01,,2022-01,17.923857526881722,80.97132644623656,63.800000000000004,63.800000000000004,9.302305091774194,744,open_meteo,D:\MONEY VERSE\datasets\weather\weather_all_vietnam.csv,2026-05-18T15:57:27.004962+00:00,Open-Meteo public API data; attribution required.
Ha Noi,01,,2022-02,14.714360119047617,78.3363503139881,129.0,129.0,9.184797865327381,672,open_meteo,D:\MONEY VERSE\datasets\weather\weather_all_vietnam.csv,2026-05-18T15:57:27.004962+00:00,Open-Meteo public API data; attribution required.
Ha Noi,01,,2022-03,22.400201612903224,83.29908616801075,103.60000000000001,103.60000000000001,10.442634275672043,744,open_meteo,D:\MONEY VERSE\datasets\weather\weather_all_vietnam.csv,2026-05-18T15:57:27.004962+00:00,Open-Meteo public API data; attribution required.
Ha Noi,01,,2022-04,23.590208333333333,78.31189509027779,42.7,42.7,10.935106217222224,720,open_meteo,D:\MONEY VERSE\datasets\weather\weather_all_vietnam.csv,2026-05-18T15:57:27.004962+00:00,Open-Meteo public API data; attribution required.
Ha Noi,01,,2022-05,25.53333333333333,81.49604945026883,316.5,316.5,9.3298886827957,744,open_meteo,D:\MONEY VERSE\datasets\weather\weather_all_vietnam.csv,2026-05-18T15:57:27.004962+00:00,Open-Meteo public API data; attribution required.
Ha Noi,01,,2022-06,29.48388888888889,78.63777562083334,223.4,223.4,9.543699081944444,720,open_meteo,D:\MONEY VERSE\datasets\weather\weather_all_vietnam.csv,2026-05-18T15:57:27.004962+00:00,Open-Meteo public API data; attribution required.
Ha Noi,01,,2022-07,28.914381720430107,83.2109969233871,274.7,274.7,7.971796833938173,744,open_meteo,D:\MONEY VERSE\datasets\weather\weather_all_vietnam.csv,2026-05-18T15:57:27.004962+00:00,Open-Meteo public API data; attribution required.
Ha Noi,01,,2022-08,28.17614247311828,86.03556632795699,511.3,511.3,7.7180778472715055,744,open_meteo,D:\MONEY VERSE\datasets\weather\weather_all_vietnam.csv,2026-05-18T15:57:27.004962+00:00,Open-Meteo public API data; attribution required.
Ha Noi,01,,2022-09,27.134375,84.79993708194445,385.2,385.2,7.276169837930556,720,open_meteo,D:\MONEY VERSE\datasets\weather\weather_all_vietnam.csv,2026-05-18T15:57:27.004962+00:00,Open-Meteo public API data; attribution required.
Ha Noi,01,,2022-10,24.21095430107527,76.33934897311828,148.0,148.0,8.857298387768818,744,open_meteo,D:\MONEY VERSE\datasets\weather\weather_all_vietnam.csv,2026-05-18T15:57:27.004962+00:00,Open-Meteo public API data; attribution required.
Ha Noi,01,,2022-11,24.321180555555557,80.70846483194444,62.5,62.5,8.346254597777778,720,open_meteo,D:\MONEY VERSE\datasets\weather\weather_all_vietnam.csv,2026-05-18T15:57:27.004962+00:00,Open-Meteo public API data; attribution required.
Ha Noi,01,,2022-12,16.06646505376344,65.78973762768817,15.4,15.4,9.608914539959677,744,open_meteo,D:\MONEY VERSE\datasets\weather\weather_all_vietnam.csv,2026-05-18T15:57:27.004962+00:00,Open-Meteo public API data; attribution required.
Ha Noi,01,,2023-01,16.49133064516129,67.48674269086021,11.1,11.1,8.681745741801075,744,open_meteo,D:\MONEY VERSE\datasets\weather\weather_all_vietnam.csv,2026-05-18T15:57:27.004962+00:00,Open-Meteo public API data; attribution required.
Ha Noi,01,,2023-02,19.992113095238096,78.32791965922618,58.1,58.1,10.373498151741071,672,open_meteo,D:\MONEY VERSE\datasets\weather\weather_all_vietnam.csv,2026-05-18T15:57:27.004962+00:00,Open-Meteo public API data; attribution required.
Ha Noi,01,,2023-03,22.39724462365591,76.65193618682797,55.9,55.9,9.692323003185484,744,open_meteo,D:\MONEY VERSE\datasets\weather\weather_all_vietnam.csv,2026-05-18T15:57:27.004962+00:00,Open-Meteo public API data; attribution required.
Ha Noi,01,,2023-04,25.373472222222226,82.09036020416667,65.5,65.5,9.964281826347221,720,open_meteo,D:\MONEY VERSE\datasets\weather\weather_all_vietnam.csv,2026-05-18T15:57:27.004962+00:00,Open-Meteo public API data; attribution required.
Ha Noi,01,,2023-05,28.251075268817203,78.63051269623656,153.1,153.1,10.58100313311828,744,open_meteo,D:\MONEY VERSE\datasets\weather\weather_all_vietnam.csv,2026-05-18T15:57:27.004962+00:00,Open-Meteo public API data; attribution required.
Ha Noi,01,,2023-06,29.107222222222223,82.79641149027778,329.0,329.0,7.747080091722223,720,open_meteo,D:\MONEY VERSE\datasets\weather\weather_all_vietnam.csv,2026-05-18T15:57:27.004962+00:00,Open-Meteo public API data; attribution required.
Ha Noi,01,,2023-07,30.226948924731182,77.13569560080644,167.7,167.7,9.567209198319892,744,open_meteo,D:\MONEY VERSE\datasets\weather\weather_all_vietnam.csv,2026-05-18T15:57:27.004962+00:00,Open-Meteo public API data; attribution required.
Ha Noi,01,,2023-08,28.293346774193548,85.84059808064515,410.4,410.4,6.28553759579301,744,open_meteo,D:\MONEY VERSE\datasets\weather\weather_all_vietnam.csv,2026-05-18T15:57:27.004962+00:00,Open-Meteo public API data; attribution required.
Ha Noi,01,,2023-09,27.404097222222223,85.25416385972223,328.6,328.6,7.985129872861112,720,open_meteo,D:\MONEY VERSE\datasets\weather\weather_all_vietnam.csv,2026-05-18T15:57:27.004962+00:00,Open-Meteo public API data; attribution required.
Ha Noi,01,,2023-10,26.15,74.17777260483871,67.3,67.3,8.78935922607527,744,open_meteo,D:\MONEY VERSE\datasets\weather\weather_all_vietnam.csv,2026-05-18T15:57:27.004962+00:00,Open-Meteo public API data; attribution required.
Ha Noi,01,,2023-11,22.662222222222223,78.42896190833333,43.3,43.3,8.48654538001389,720,open_meteo,D:\MONEY VERSE\datasets\weather\weather_all_vietnam.csv,2026-05-18T15:57:27.004962+00:00,Open-Meteo public API data; attribution required.
Ha Noi,01,,2023-12,18.757190860215054,71.64016414784946,16.2,16.2,9.815030290282259,744,open_meteo,D:\MONEY VERSE\datasets\weather\weather_all_vietnam.csv,2026-05-18T15:57:27.004962+00:00,Open-Meteo public API data; attribution required.
Ha Noi,01,,2024-01,17.83581989247312,80.398330827957,103.5,103.5,10.110558944287634,744,open_meteo,D:\MONEY VERSE\datasets\weather\weather_all_vietnam.csv,2026-05-18T15:57:27.004962+00:00,Open-Meteo public API data; attribution required.
Ha Noi,01,,2024-02,19.57183908045977,79.66961938793104,31.400000000000002,31.400000000000002,11.51887758433908,696,open_meteo,D:\MONEY VERSE\datasets\weather\weather_all_vietnam.csv,2026-05-18T15:57:27.004962+00:00,Open-Meteo public API data; attribution required.
Ha Noi,01,,2024-03,21.801344086021505,81.44559032258064,88.2,88.2,10.030994532096775,744,open_meteo,D:\MONEY VERSE\datasets\weather\weather_all_vietnam.csv,2026-05-18T15:57:27.004962+00:00,Open-Meteo public API data; attribution required.
Ha Noi,01,,2024-04,28.009444444444444,79.74303881527779,36.7,36.7,11.513675975416666,720,open_meteo,D:\MONEY VERSE\datasets\weather\weather_all_vietnam.csv,2026-05-18T15:57:27.004962+00:00,Open-Meteo public API data; attribution required.
Ha Noi,01,,2024-05,27.52587365591398,83.89189560080645,304.5,304.5,9.50519568938172,744,open_meteo,D:\MONEY VERSE\datasets\weather\weather_all_vietnam.csv,2026-05-18T15:57:27.004962+00:00,Open-Meteo public API data; attribution required.
Ha Noi,01,,2024-06,29.276319444444447,82.54487500277777,475.0,475.0,8.620827469277778,720,open_meteo,D:\MONEY VERSE\datasets\weather\weather_all_vietnam.csv,2026-05-18T15:57:27.004962+00:00,Open-Meteo public API data; attribution required.
Ha Noi,01,,2024-07,28.917002688172044,83.86801549865591,557.9,557.9,9.15676107564516,744,open_meteo,D:\MONEY VERSE\datasets\weather\weather_all_vietnam.csv,2026-05-18T15:57:27.004962+00:00,Open-Meteo public API data; attribution required.
Ha Noi,01,,2024-08,28.869825268817205,84.69042369623656,330.6,330.6,6.890074313239247,744,open_meteo,D:\MONEY VERSE\datasets\weather\weather_all_vietnam.csv,2026-05-18T15:57:27.004962+00:00,Open-Meteo public API data; attribution required.
Ha Noi,01,,2024-09,27.331805555555558,86.18662533194446,632.5,632.5,9.674217864833333,720,open_meteo,D:\MONEY VERSE\datasets\weather\weather_all_vietnam.csv,2026-05-18T15:57:27.004962+00:00,Open-Meteo public API data; attribution required.
Ha Noi,01,,2024-10,25.404099462365593,73.00402854032258,79.6,79.6,8.891809600268816,744,open_meteo,D:\MONEY VERSE\datasets\weather\weather_all_vietnam.csv,2026-05-18T15:57:27.004962+00:00,Open-Meteo public API data; attribution required.
Ha Noi,01,,2024-11,23.507430555555555,68.99052044166667,12.8,12.8,7.746473217499999,720,open_meteo,D:\MONEY VERSE\datasets\weather\weather_all_vietnam.csv,2026-05-18T15:57:27.004962+00:00,Open-Meteo public API data; attribution required.
Ha Noi,01,,2024-12,18.23662634408602,67.56035195295699,13.2,13.2,7.9852394046102155,744,open_meteo,D:\MONEY VERSE\datasets\weather\weather_all_vietnam.csv,2026-05-18T15:57:27.004962+00:00,Open-Meteo public API data; attribution required.
Ha Noi,01,,2025-01,17.93595430107527,65.26535791801076,19.5,19.5,8.527043676196236,744,open_meteo,D:\MONEY VERSE\datasets\weather\weather_all_vietnam.csv,2026-05-18T15:57:27.004962+00:00,Open-Meteo public API data; attribution required.
Ha Noi,01,,2025-02,17.333407738095236,81.71797647172619,52.6,52.6,8.100151238779763,672,open_meteo,D:\MONEY VERSE\datasets\weather\weather_all_vietnam.csv,2026-05-18T15:57:27.004962+00:00,Open-Meteo public API data; attribution required.
Ha Noi,01,,2025-03,20.767204301075267,76.982264547043,31.8,31.8,9.644111736505376,744,open_meteo,D:\MONEY VERSE\datasets\weather\weather_all_vietnam.csv,2026-05-18T15:57:27.004962+00:00,Open-Meteo public API data; attribution required.
Ha Noi,01,,2025-04,25.360208333333333,76.74564973611112,148.9,148.9,9.541618443805556,720,open_meteo,D:\MONEY VERSE\datasets\weather\weather_all_vietnam.csv,2026-05-18T15:57:27.004962+00:00,Open-Meteo public API data; attribution required.
Ha Noi,01,,2025-05,27.086223118279573,83.26676345026881,251.9,251.9,9.48458082485215,744,open_meteo,D:\MONEY VERSE\datasets\weather\weather_all_vietnam.csv,2026-05-18T15:57:27.004962+00:00,Open-Meteo public API data; attribution required.
Ha Noi,01,,2025-06,28.818888888888885,83.4744845875,491.2,491.2,8.444147519041667,720,open_meteo,D:\MONEY VERSE\datasets\weather\weather_all_vietnam.csv,2026-05-18T15:57:27.004962+00:00,Open-Meteo public API data; attribution required.
Ha Noi,01,,2025-07,28.81270161290323,84.81095401209677,348.1,348.1,6.943391588346774,744,open_meteo,D:\MONEY VERSE\datasets\weather\weather_all_vietnam.csv,2026-05-18T15:57:27.004962+00:00,Open-Meteo public API data; attribution required.
Ha Noi,01,,2025-08,28.29032258064516,85.26897320564517,370.5,370.5,8.144611086908602,744,open_meteo,D:\MONEY VERSE\datasets\weather\weather_all_vietnam.csv,2026-05-18T15:57:27.004962+00:00,Open-Meteo public API data; attribution required.
Ha Noi,01,,2025-09,27.843611111111112,84.27746749166667,345.2,345.2,7.667504739194444,720,open_meteo,D:\MONEY VERSE\datasets\weather\weather_all_vietnam.csv,2026-05-18T15:57:27.004962+00:00,Open-Meteo public API data; attribution required.
Ha Noi,01,,2025-10,25.30369623655914,81.41667570430107,277.9,277.9,7.561188095120968,744,open_meteo,D:\MONEY VERSE\datasets\weather\weather_all_vietnam.csv,2026-05-18T15:57:27.004962+00:00,Open-Meteo public API data; attribution required.
Ha Noi,01,,2025-11,20.28298611111111,76.52882987777777,114.1,114.1,8.008569623402778,720,open_meteo,D:\MONEY VERSE\datasets\weather\weather_all_vietnam.csv,2026-05-18T15:57:27.004962+00:00,Open-Meteo public API data; attribution required.
Ha Noi,01,,2025-12,20.05349462365591,79.60292969086021,38.0,38.0,7.00844941389785,744,open_meteo,D:\MONEY VERSE\datasets\weather\weather_all_vietnam.csv,2026-05-18T15:57:27.004962+00:00,Open-Meteo public API data; attribution required.
Ha Noi,01,,2026-01,17.587298387096777,79.17000328629032,26.900000000000002,26.900000000000002,8.186924836196237,744,open_meteo,D:\MONEY VERSE\datasets\weather\weather_all_vietnam.csv,2026-05-18T15:57:27.004962+00:00,Open-Meteo public API data; attribution required.
Ha Noi,01,,2026-02,20.495089285714286,83.82972993005953,65.8,65.8,9.086447057708332,672,open_meteo,D:\MONEY VERSE\datasets\weather\weather_all_vietnam.csv,2026-05-18T15:57:27.004962+00:00,Open-Meteo public API data; attribution required.
Ha Noi,01,,2026-03,23.30013440860215,80.4995754327957,26.3,26.3,10.957159650766128,744,open_meteo,D:\MONEY VERSE\datasets\weather\weather_all_vietnam.csv,2026-05-18T15:57:27.004962+00:00,Open-Meteo public API data; attribution required.
Ha Noi,01,,2026-04,27.460694444444446,78.91732768055556,117.5,117.5,9.544092369055555,720,open_meteo,D:\MONEY VERSE\datasets\weather\weather_all_vietnam.csv,2026-05-18T15:57:27.004962+00:00,Open-Meteo public API data; attribution required.
Ha Noi,01,,2026-05,26.66550925925926,82.9688093101852,168.3,163.300000128,9.17002873275463,432,open_meteo,D:\MONEY VERSE\datasets\weather\weather_all_vietnam.csv,2026-05-18T15:57:27.004962+00:00,Open-Meteo public API data; attribution required.
Ha Tinh,42,,2021-05,29.43037634408602,77.42764991129033,27.3,27.3,9.207359369448925,744,open_meteo,D:\MONEY VERSE\datasets\weather\weather_all_vietnam.csv,2026-05-18T15:57:27.004962+00:00,Open-Meteo public API data; attribution required.
Ha Tinh,42,,2021-06,30.50166666666667,71.00810254444444,206.1,206.1,9.080083181805556,720,open_meteo,D:\MONEY VERSE\datasets\weather\weather_all_vietnam.csv,2026-05-18T15:57:27.004962+00:00,Open-Meteo public API data; attribution required.
Ha Tinh,42,,2021-07,29.712567204301077,76.32756791666667,225.2,225.2,8.23121238297043,744,open_meteo,D:\MONEY VERSE\datasets\weather\weather_all_vietnam.csv,2026-05-18T15:57:27.004962+00:00,Open-Meteo public API data; attribution required.
Ha Tinh,42,,2021-08,31.101478494623656,66.88229183467742,69.4,69.4,8.920029493454301,744,open_meteo,D:\MONEY VERSE\datasets\weather\weather_all_vietnam.csv,2026-05-18T15:57:27.004962+00:00,Open-Meteo public API data; attribution required.
Ha Tinh,42,,2021-09,27.342222222222226,86.1159258138889,365.2,365.2,7.903672308277778,720,open_meteo,D:\MONEY VERSE\datasets\weather\weather_all_vietnam.csv,2026-05-18T15:57:27.004962+00:00,Open-Meteo public API data; attribution required.
Ha Tinh,42,,2021-10,24.38380376344086,83.82106864919355,1001.5,1001.5,14.633361068817203,744,open_meteo,D:\MONEY VERSE\datasets\weather\weather_all_vietnam.csv,2026-05-18T15:57:27.004962+00:00,Open-Meteo public API data; attribution required.
Ha Tinh,42,,2021-11,21.926180555555558,82.50303655833333,171.0,171.0,12.090389271527778,720,open_meteo,D:\MONEY VERSE\datasets\weather\weather_all_vietnam.csv,2026-05-18T15:57:27.004962+00:00,Open-Meteo public API data; attribution required.
Ha Tinh,42,,2021-12,19.10228494623656,80.87081954301075,242.3,242.3,13.206762287768816,744,open_meteo,D:\MONEY VERSE\datasets\weather\weather_all_vietnam.csv,2026-05-18T15:57:27.004962+00:00,Open-Meteo public API data; attribution required.
Ha Tinh,42,,2022-01,19.839717741935484,88.76626725806453,139.5,139.5,9.75171359952957,744,open_meteo,D:\MONEY VERSE\datasets\weather\weather_all_vietnam.csv,2026-05-18T15:57:27.004962+00:00,Open-Meteo public API data; attribution required.
Ha Tinh,42,,2022-02,17.34888392857143,85.59649788988095,113.3,113.3,11.638574670059525,672,open_meteo,D:\MONEY VERSE\datasets\weather\weather_all_vietnam.csv,2026-05-18T15:57:27.004962+00:00,Open-Meteo public API data; attribution required.
Ha Tinh,42,,2022-03,23.020430107526884,88.54738137634408,96.6,96.6,9.227457469462365,744,open_meteo,D:\MONEY VERSE\datasets\weather\weather_all_vietnam.csv,2026-05-18T15:57:27.004962+00:00,Open-Meteo public API data; attribution required.
Ha Tinh,42,,2022-04,23.783055555555556,85.54933042638889,184.6,184.6,10.64005213088889,720,open_meteo,D:\MONEY VERSE\datasets\weather\weather_all_vietnam.csv,2026-05-18T15:57:27.004962+00:00,Open-Meteo public API data; attribution required.
Ha Tinh,42,,2022-05,26.344556451612902,83.15953374193548,363.6,363.6,9.06136542126344,744,open_meteo,D:\MONEY VERSE\datasets\weather\weather_all_vietnam.csv,2026-05-18T15:57:27.004962+00:00,Open-Meteo public API data; attribution required.
Ha Tinh,42,,2022-06,30.711875,68.61219984305555,78.8,78.8,9.068062761527777,720,open_meteo,D:\MONEY VERSE\datasets\weather\weather_all_vietnam.csv,2026-05-18T15:57:27.004962+00:00,Open-Meteo public API data; attribution required.
Ha Tinh,42,,2022-07,29.287634408602152,77.81470474462365,111.3,111.3,8.072000193924731,744,open_meteo,D:\MONEY VERSE\datasets\weather\weather_all_vietnam.csv,2026-05-18T15:57:27.004962+00:00,Open-Meteo public API data; attribution required.
Ha Tinh,42,,2022-08,29.02782258064516,76.62019719623656,130.0,130.0,8.038221396263442,744,open_meteo,D:\MONEY VERSE\datasets\weather\weather_all_vietnam.csv,2026-05-18T15:57:27.004962+00:00,Open-Meteo public API data; attribution required.
Ha Tinh,42,,2022-09,27.29854166666667,82.94028063472221,504.0,504.0,8.64027637763889,720,open_meteo,D:\MONEY VERSE\datasets\weather\weather_all_vietnam.csv,2026-05-18T15:57:27.004962+00:00,Open-Meteo public API data; attribution required.
Ha Tinh,42,,2022-10,24.625336021505376,78.4707733655914,333.2,333.2,13.441994088951613,744,open_meteo,D:\MONEY VERSE\datasets\weather\weather_all_vietnam.csv,2026-05-18T15:57:27.004962+00:00,Open-Meteo public API data; attribution required.
Ha Tinh,42,,2022-11,24.40798611111111,84.925738725,117.10000000000001,117.10000000000001,9.216793149444445,720,open_meteo,D:\MONEY VERSE\datasets\weather\weather_all_vietnam.csv,2026-05-18T15:57:27.004962+00:00,Open-Meteo public API data; attribution required.
Ha Tinh,42,,2022-12,18.434274193548386,78.71721346774194,364.1,364.1,14.323420626478496,744,open_meteo,D:\MONEY VERSE\datasets\weather\weather_all_vietnam.csv,2026-05-18T15:57:27.004962+00:00,Open-Meteo public API data; attribution required.
Ha Tinh,42,,2023-01,17.483736559139786,81.41611154032259,113.60000000000001,113.60000000000001,12.563493710712367,744,open_meteo,D:\MONEY VERSE\datasets\weather\weather_all_vietnam.csv,2026-05-18T15:57:27.004962+00:00,Open-Meteo public API data; attribution required.
Ha Tinh,42,,2023-02,20.467559523809523,87.93253771875,84.9,84.9,10.636224467276785,672,open_meteo,D:\MONEY VERSE\datasets\weather\weather_all_vietnam.csv,2026-05-18T15:57:27.004962+00:00,Open-Meteo public API data; attribution required.
Ha Tinh,42,,2023-03,22.581586021505377,84.42915575403225,55.5,55.5,10.639264643413979,744,open_meteo,D:\MONEY VERSE\datasets\weather\weather_all_vietnam.csv,2026-05-18T15:57:27.004962+00:00,Open-Meteo public API data; attribution required.
Ha Tinh,42,,2023-04,26.836805555555557,82.99625733194445,74.9,74.9,11.161502285347222,720,open_meteo,D:\MONEY VERSE\datasets\weather\weather_all_vietnam.csv,2026-05-18T15:57:27.004962+00:00,Open-Meteo public API data; attribution required.
Ha Tinh,42,,2023-05,29.049932795698926,76.93401495430108,73.9,73.9,10.023177458978495,744,open_meteo,D:\MONEY VERSE\datasets\weather\weather_all_vietnam.csv,2026-05-18T15:57:27.004962+00:00,Open-Meteo public API data; attribution required.
Ha Tinh,42,,2023-06,30.74291666666667,70.31366983333334,63.9,63.9,8.200193500416667,720,open_meteo,D:\MONEY VERSE\datasets\weather\weather_all_vietnam.csv,2026-05-18T15:57:27.004962+00:00,Open-Meteo public API data; attribution required.
Ha Tinh,42,,2023-07,31.11989247311828,68.25196193413979,77.10000000000001,77.10000000000001,8.963998371465054,744,open_meteo,D:\MONEY VERSE\datasets\weather\weather_all_vietnam.csv,2026-05-18T15:57:27.004962+00:00,Open-Meteo public API data; attribution required.
Ha Tinh,42,,2023-08,29.456451612903223,76.6588596922043,187.3,187.3,6.865059258669355,744,open_meteo,D:\MONEY VERSE\datasets\weather\weather_all_vietnam.csv,2026-05-18T15:57:27.004962+00:00,Open-Meteo public API data; attribution required.
Ha Tinh,42,,2023-09,27.64263888888889,83.97512474583333,343.3,343.3,7.988022348875,720,open_meteo,D:\MONEY VERSE\datasets\weather\weather_all_vietnam.csv,2026-05-18T15:57:27.004962+00:00,Open-Meteo public API data; attribution required.
Ha Tinh,42,,2023-10,25.91404569892473,85.14051023655914,536.0,536.0,11.204765546236558,744,open_meteo,D:\MONEY VERSE\datasets\weather\weather_all_vietnam.csv,2026-05-18T15:57:27.004962+00:00,Open-Meteo public API data; attribution required.
Ha Tinh,42,,2023-11,23.455,83.94977296666667,263.5,263.5,11.184788262638888,720,open_meteo,D:\MONEY VERSE\datasets\weather\weather_all_vietnam.csv,2026-05-18T15:57:27.004962+00:00,Open-Meteo public API data; attribution required.
Ha Tinh,42,,2023-12,20.20067204301075,83.70164171505377,365.1,365.1,12.901294227016129,744,open_meteo,D:\MONEY VERSE\datasets\weather\weather_all_vietnam.csv,2026-05-18T15:57:27.004962+00:00,Open-Meteo public API data; attribution required.
Ha Tinh,42,,2024-01,19.445900537634408,87.57295337768817,114.3,114.3,10.828812682123656,744,open_meteo,D:\MONEY VERSE\datasets\weather\weather_all_vietnam.csv,2026-05-18T15:57:27.004962+00:00,Open-Meteo public API data; attribution required.
Ha Tinh,42,,2024-02,21.25941091954023,88.85550217816092,89.6,89.6,10.694134671695403,696,open_meteo,D:\MONEY VERSE\datasets\weather\weather_all_vietnam.csv,2026-05-18T15:57:27.004962+00:00,Open-Meteo public API data; attribution required.
Ha Tinh,42,,2024-03,22.768615591397847,87.21363727284945,59.8,59.8,10.346597007177419,744,open_meteo,D:\MONEY VERSE\datasets\weather\weather_all_vietnam.csv,2026-05-18T15:57:27.004962+00:00,Open-Meteo public API data; attribution required.
Ha Tinh,42,,2024-04,29.367152777777775,75.84068700555555,17.0,17.0,9.91581148925,720,open_meteo,D:\MONEY VERSE\datasets\weather\weather_all_vietnam.csv,2026-05-18T15:57:27.004962+00:00,Open-Meteo public API data; attribution required.
Ha Tinh,42,,2024-05,28.60645161290323,83.12390566129032,126.5,126.5,7.99341718920699,744,open_meteo,D:\MONEY VERSE\datasets\weather\weather_all_vietnam.csv,2026-05-18T15:57:27.004962+00:00,Open-Meteo public API data; attribution required.
Ha Tinh,42,,2024-06,30.671458333333334,72.79267225555556,132.8,132.8,8.018470456972222,720,open_meteo,D:\MONEY VERSE\datasets\weather\weather_all_vietnam.csv,2026-05-18T15:57:27.004962+00:00,Open-Meteo public API data; attribution required.
Ha Tinh,42,,2024-07,29.632930107526885,76.52467824731183,225.8,225.8,7.860794570443549,744,open_meteo,D:\MONEY VERSE\datasets\weather\weather_all_vietnam.csv,2026-05-18T15:57:27.004962+00:00,Open-Meteo public API data; attribution required.
Ha Tinh,42,,2024-08,30.730779569892473,69.96564358064516,38.2,38.2,8.251273327916667,744,open_meteo,D:\MONEY VERSE\datasets\weather\weather_all_vietnam.csv,2026-05-18T15:57:27.004962+00:00,Open-Meteo public API data; attribution required.
Ha Tinh,42,,2024-09,27.702708333333334,83.6405817875,510.1,510.1,10.116507974347222,720,open_meteo,D:\MONEY VERSE\datasets\weather\weather_all_vietnam.csv,2026-05-18T15:57:27.004962+00:00,Open-Meteo public API data; attribution required.
Ha Tinh,42,,2024-10,25.09213709677419,81.53989185618279,282.5,282.5,12.751155367137097,744,open_meteo,D:\MONEY VERSE\datasets\weather\weather_all_vietnam.csv,2026-05-18T15:57:27.004962+00:00,Open-Meteo public API data; attribution required.
Ha Tinh,42,,2024-11,23.54465277777778,82.76668545972221,458.5,458.5,12.433471009583334,720,open_meteo,D:\MONEY VERSE\datasets\weather\weather_all_vietnam.csv,2026-05-18T15:57:27.004962+00:00,Open-Meteo public API data; attribution required.
Ha Tinh,42,,2024-12,19.887298387096774,81.24687025403226,267.2,267.2,12.799869923172043,744,open_meteo,D:\MONEY VERSE\datasets\weather\weather_all_vietnam.csv,2026-05-18T15:57:27.004962+00:00,Open-Meteo public API data; attribution required.
Ha Tinh,42,,2025-01,18.08662634408602,79.06813144892473,55.1,55.1,11.716706299502688,744,open_meteo,D:\MONEY VERSE\datasets\weather\weather_all_vietnam.csv,2026-05-18T15:57:27.004962+00:00,Open-Meteo public API data; attribution required.
Ha Tinh,42,,2025-02,19.284747023809523,88.79620426488096,128.1,128.1,11.598737251235118,672,open_meteo,D:\MONEY VERSE\datasets\weather\weather_all_vietnam.csv,2026-05-18T15:57:27.004962+00:00,Open-Meteo public API data; attribution required.
Ha Tinh,42,,2025-03,21.129704301075268,85.55056204973118,129.9,129.9,11.083981724301074,744,open_meteo,D:\MONEY VERSE\datasets\weather\weather_all_vietnam.csv,2026-05-18T15:57:27.004962+00:00,Open-Meteo public API data; attribution required.
Ha Tinh,42,,2025-04,24.872638888888886,84.2120081861111,86.6,86.6,8.18980374223611,720,open_meteo,D:\MONEY VERSE\datasets\weather\weather_all_vietnam.csv,2026-05-18T15:57:27.004962+00:00,Open-Meteo public API data; attribution required.
Ha Tinh,42,,2025-05,27.719489247311827,83.60265157930108,341.7,341.7,8.431729186545699,744,open_meteo,D:\MONEY VERSE\datasets\weather\weather_all_vietnam.csv,2026-05-18T15:57:27.004962+00:00,Open-Meteo public API data; attribution required.
Ha Tinh,42,,2025-06,29.746875,77.10423019305556,188.9,188.9,8.4570390205,720,open_meteo,D:\MONEY VERSE\datasets\weather\weather_all_vietnam.csv,2026-05-18T15:57:27.004962+00:00,Open-Meteo public API data; attribution required.
Ha Tinh,42,,2025-07,29.18010752688172,79.81502213709678,192.5,192.5,6.063602077889785,744,open_meteo,D:\MONEY VERSE\datasets\weather\weather_all_vietnam.csv,2026-05-18T15:57:27.004962+00:00,Open-Meteo public API data; attribution required.
Ha Tinh,42,,2025-08,29.115456989247313,77.17390408870968,504.7,504.7,11.169325092110215,744,open_meteo,D:\MONEY VERSE\datasets\weather\weather_all_vietnam.csv,2026-05-18T15:57:27.004962+00:00,Open-Meteo public API data; attribution required.
Ha Tinh,42,,2025-09,28.00680555555556,81.99409680416667,460.3,460.3,9.869341512,720,open_meteo,D:\MONEY VERSE\datasets\weather\weather_all_vietnam.csv,2026-05-18T15:57:27.004962+00:00,Open-Meteo public API data; attribution required.
Ha Tinh,42,,2025-10,25.77896505376344,83.85454266532258,447.7,447.7,11.96247204341398,744,open_meteo,D:\MONEY VERSE\datasets\weather\weather_all_vietnam.csv,2026-05-18T15:57:27.004962+00:00,Open-Meteo public API data; attribution required.
Ha Tinh,42,,2025-11,21.978194444444444,78.95344763055556,665.4,665.4,15.197824585916667,720,open_meteo,D:\MONEY VERSE\datasets\weather\weather_all_vietnam.csv,2026-05-18T15:57:27.004962+00:00,Open-Meteo public API data; attribution required.
Ha Tinh,42,,2025-12,21.134610215053762,86.0772072123656,167.4,167.4,11.204695651451612,744,open_meteo,D:\MONEY VERSE\datasets\weather\weather_all_vietnam.csv,2026-05-18T15:57:27.004962+00:00,Open-Meteo public API data; attribution required.
Ha Tinh,42,,2026-01,19.366801075268818,83.99614205107527,121.6,121.6,10.665235464247312,744,open_meteo,D:\MONEY VERSE\datasets\weather\weather_all_vietnam.csv,2026-05-18T15:57:27.004962+00:00,Open-Meteo public API data; attribution required.
Ha Tinh,42,,2026-02,21.715252976190477,88.00664079166667,94.1,94.1,10.569572543467261,672,open_meteo,D:\MONEY VERSE\datasets\weather\weather_all_vietnam.csv,2026-05-18T15:57:27.004962+00:00,Open-Meteo public API data; attribution required.
Ha Tinh,42,,2026-03,23.643951612903223,84.45661216666666,69.8,69.8,11.269149585067204,744,open_meteo,D:\MONEY VERSE\datasets\weather\weather_all_vietnam.csv,2026-05-18T15:57:27.004962+00:00,Open-Meteo public API data; attribution required.
Ha Tinh,42,,2026-04,28.34208333333333,75.52199630277778,50.9,50.9,10.09236242611111,720,open_meteo,D:\MONEY VERSE\datasets\weather\weather_all_vietnam.csv,2026-05-18T15:57:27.004962+00:00,Open-Meteo public API data; attribution required.
Ha Tinh,42,,2026-05,27.70324074074074,82.40988167361111,67.7,64.29999995,8.279623614537037,432,open_meteo,D:\MONEY VERSE\datasets\weather\weather_all_vietnam.csv,2026-05-18T15:57:27.004962+00:00,Open-Meteo public API data; attribution required.
Hai Duong,30,,2021-05,28.869556451612905,81.36700208064516,102.9,102.9,11.863599526209677,744,open_meteo,D:\MONEY VERSE\datasets\weather\weather_all_vietnam.csv,2026-05-18T15:57:27.004962+00:00,Open-Meteo public API data; attribution required.
Hai Duong,30,,2021-06,30.252777777777776,74.13165639583333,181.3,181.3,10.016469291152777,720,open_meteo,D:\MONEY VERSE\datasets\weather\weather_all_vietnam.csv,2026-05-18T15:57:27.004962+00:00,Open-Meteo public API data; attribution required.
Hai Duong,30,,2021-07,29.44307795698925,81.23577767741936,333.6,333.6,8.497864326155915,744,open_meteo,D:\MONEY VERSE\datasets\weather\weather_all_vietnam.csv,2026-05-18T15:57:27.004962+00:00,Open-Meteo public API data; attribution required.
Hai Duong,30,,2021-08,29.15114247311828,84.47721522311828,258.6,258.6,7.912586481182796,744,open_meteo,D:\MONEY VERSE\datasets\weather\weather_all_vietnam.csv,2026-05-18T15:57:27.004962+00:00,Open-Meteo public API data; attribution required.
Hai Duong,30,,2021-09,27.427569444444444,87.9736289,296.0,296.0,6.371101496097221,720,open_meteo,D:\MONEY VERSE\datasets\weather\weather_all_vietnam.csv,2026-05-18T15:57:27.004962+00:00,Open-Meteo public API data; attribution required.
Hai Duong,30,,2021-10,23.46733870967742,79.70401352016128,394.7,394.7,12.17838909376344,744,open_meteo,D:\MONEY VERSE\datasets\weather\weather_all_vietnam.csv,2026-05-18T15:57:27.004962+00:00,Open-Meteo public API data; attribution required.
Hai Duong,30,,2021-11,21.011805555555554,73.38793279444444,38.7,38.7,9.349751900805556,720,open_meteo,D:\MONEY VERSE\datasets\weather\weather_all_vietnam.csv,2026-05-18T15:57:27.004962+00:00,Open-Meteo public API data; attribution required.
Hai Duong,30,,2021-12,17.874529569892474,68.48223977419354,11.3,11.3,8.377919813481183,744,open_meteo,D:\MONEY VERSE\datasets\weather\weather_all_vietnam.csv,2026-05-18T15:57:27.004962+00:00,Open-Meteo public API data; attribution required.
Hai Duong,30,,2022-01,18.025000000000002,80.87544275268817,69.0,69.0,9.226061537715054,744,open_meteo,D:\MONEY VERSE\datasets\weather\weather_all_vietnam.csv,2026-05-18T15:57:27.004962+00:00,Open-Meteo public API data; attribution required.
Hai Duong,30,,2022-02,14.740625000000001,79.55575550744048,104.4,104.4,8.891149913660715,672,open_meteo,D:\MONEY VERSE\datasets\weather\weather_all_vietnam.csv,2026-05-18T15:57:27.004962+00:00,Open-Meteo public API data; attribution required.
Hai Duong,30,,2022-03,21.859879032258064,85.12805221639785,66.3,66.3,9.573070381263442,744,open_meteo,D:\MONEY VERSE\datasets\weather\weather_all_vietnam.csv,2026-05-18T15:57:27.004962+00:00,Open-Meteo public API data; attribution required.
Hai Duong,30,,2022-04,23.101527777777775,79.45704877638889,138.0,138.0,10.766909187333333,720,open_meteo,D:\MONEY VERSE\datasets\weather\weather_all_vietnam.csv,2026-05-18T15:57:27.004962+00:00,Open-Meteo public API data; attribution required.
Hai Duong,30,,2022-05,25.373723118279568,82.83877599059139,316.1,316.1,9.23540282123656,744,open_meteo,D:\MONEY VERSE\datasets\weather\weather_all_vietnam.csv,2026-05-18T15:57:27.004962+00:00,Open-Meteo public API data; attribution required.
Hai Duong,30,,2022-06,29.47902777777778,78.53983068472222,203.7,203.7,9.614024951388888,720,open_meteo,D:\MONEY VERSE\datasets\weather\weather_all_vietnam.csv,2026-05-18T15:57:27.004962+00:00,Open-Meteo public API data; attribution required.
Hai Duong,30,,2022-07,28.652217741935484,84.42273651075269,342.2,342.2,7.809593989112903,744,open_meteo,D:\MONEY VERSE\datasets\weather\weather_all_vietnam.csv,2026-05-18T15:57:27.004962+00:00,Open-Meteo public API data; attribution required.
Hai Duong,30,,2022-08,27.951478494623657,86.65426450806451,478.7,478.7,7.739790354946237,744,open_meteo,D:\MONEY VERSE\datasets\weather\weather_all_vietnam.csv,2026-05-18T15:57:27.004962+00:00,Open-Meteo public API data; attribution required.
Hai Duong,30,,2022-09,27.1125,85.27291245277777,374.5,374.5,6.764309042458333,720,open_meteo,D:\MONEY VERSE\datasets\weather\weather_all_vietnam.csv,2026-05-18T15:57:27.004962+00:00,Open-Meteo public API data; attribution required.
Hai Duong,30,,2022-10,24.057997311827958,74.97033499999999,152.3,152.3,9.668656776612902,744,open_meteo,D:\MONEY VERSE\datasets\weather\weather_all_vietnam.csv,2026-05-18T15:57:27.004962+00:00,Open-Meteo public API data; attribution required.
Hai Duong,30,,2022-11,24.264444444444447,80.74273105694445,71.3,71.3,8.156657990972223,720,open_meteo,D:\MONEY VERSE\datasets\weather\weather_all_vietnam.csv,2026-05-18T15:57:27.004962+00:00,Open-Meteo public API data; attribution required.
Hai Duong,30,,2022-12,16.15470430107527,63.4871392889785,4.6,4.6,9.73885235829301,744,open_meteo,D:\MONEY VERSE\datasets\weather\weather_all_vietnam.csv,2026-05-18T15:57:27.004962+00:00,Open-Meteo public API data; attribution required.
Hai Duong,30,,2023-01,16.491129032258065,68.73944347580645,22.9,22.9,8.490760886021505,744,open_meteo,D:\MONEY VERSE\datasets\weather\weather_all_vietnam.csv,2026-05-18T15:57:27.004962+00:00,Open-Meteo public API data; attribution required.
Hai Duong,30,,2023-02,19.706845238095237,78.91518126339285,53.6,53.6,10.048976082931548,672,open_meteo,D:\MONEY VERSE\datasets\weather\weather_all_vietnam.csv,2026-05-18T15:57:27.004962+00:00,Open-Meteo public API data; attribution required.
Hai Duong,30,,2023-03,21.987567204301076,78.45461430376344,34.5,34.5,9.405554614193548,744,open_meteo,D:\MONEY VERSE\datasets\weather\weather_all_vietnam.csv,2026-05-18T15:57:27.004962+00:00,Open-Meteo public API data; attribution required.
Hai Duong,30,,2023-04,25.101458333333333,83.67768491805556,57.5,57.5,10.548574477361111,720,open_meteo,D:\MONEY VERSE\datasets\weather\weather_all_vietnam.csv,2026-05-18T15:57:27.004962+00:00,Open-Meteo public API data; attribution required.
Hai Duong,30,,2023-05,28.093884408602147,79.08356756854839,144.2,144.2,10.188696522244623,744,open_meteo,D:\MONEY VERSE\datasets\weather\weather_all_vietnam.csv,2026-05-18T15:57:27.004962+00:00,Open-Meteo public API data; attribution required.
Hai Duong,30,,2023-06,29.14951388888889,82.49909226666666,380.7,380.7,7.957339049402777,720,open_meteo,D:\MONEY VERSE\datasets\weather\weather_all_vietnam.csv,2026-05-18T15:57:27.004962+00:00,Open-Meteo public API data; attribution required.
Hai Duong,30,,2023-07,30.09375,77.84647915725806,168.4,168.4,9.67099406702957,744,open_meteo,D:\MONEY VERSE\datasets\weather\weather_all_vietnam.csv,2026-05-18T15:57:27.004962+00:00,Open-Meteo public API data; attribution required.
Hai Duong,30,,2023-08,28.085685483870968,86.20742154973118,457.2,457.2,6.642253258588709,744,open_meteo,D:\MONEY VERSE\datasets\weather\weather_all_vietnam.csv,2026-05-18T15:57:27.004962+00:00,Open-Meteo public API data; attribution required.
Hai Duong,30,,2023-09,27.169583333333332,86.05984947777777,343.8,343.8,7.754645264958333,720,open_meteo,D:\MONEY VERSE\datasets\weather\weather_all_vietnam.csv,2026-05-18T15:57:27.004962+00:00,Open-Meteo public API data; attribution required.
Hai Duong,30,,2023-10,25.96418010752688,75.1269162405914,79.3,79.3,8.59479869217742,744,open_meteo,D:\MONEY VERSE\datasets\weather\weather_all_vietnam.csv,2026-05-18T15:57:27.004962+00:00,Open-Meteo public API data; attribution required.
Hai Duong,30,,2023-11,22.789236111111112,77.55231490416666,37.800000000000004,37.800000000000004,8.250942221680557,720,open_meteo,D:\MONEY VERSE\datasets\weather\weather_all_vietnam.csv,2026-05-18T15:57:27.004962+00:00,Open-Meteo public API data; attribution required.
Hai Duong,30,,2023-12,18.697782258064514,70.52009077150538,25.3,25.3,9.844738163172043,744,open_meteo,D:\MONEY VERSE\datasets\weather\weather_all_vietnam.csv,2026-05-18T15:57:27.004962+00:00,Open-Meteo public API data; attribution required.
Hai Duong,30,,2024-01,17.80853494623656,80.99805102553763,119.6,119.6,9.917860951075268,744,open_meteo,D:\MONEY VERSE\datasets\weather\weather_all_vietnam.csv,2026-05-18T15:57:27.004962+00:00,Open-Meteo public API data; attribution required.
Hai Duong,30,,2024-02,19.457543103448277,79.98410787643678,28.2,28.2,10.842888269224137,696,open_meteo,D:\MONEY VERSE\datasets\weather\weather_all_vietnam.csv,2026-05-18T15:57:27.004962+00:00,Open-Meteo public API data; attribution required.
Hai Duong,30,,2024-03,21.513911290322582,83.17057307392473,79.8,79.8,9.403679265228496,744,open_meteo,D:\MONEY VERSE\datasets\weather\weather_all_vietnam.csv,2026-05-18T15:57:27.004962+00:00,Open-Meteo public API data; attribution required.
Hai Duong,30,,2024-04,27.70340277777778,80.51122276666668,52.5,52.5,11.383001659027778,720,open_meteo,D:\MONEY VERSE\datasets\weather\weather_all_vietnam.csv,2026-05-18T15:57:27.004962+00:00,Open-Meteo public API data; attribution required.
Hai Duong,30,,2024-05,27.418548387096777,84.54819898924731,290.0,290.0,9.511879694354839,744,open_meteo,D:\MONEY VERSE\datasets\weather\weather_all_vietnam.csv,2026-05-18T15:57:27.004962+00:00,Open-Meteo public API data; attribution required.
Hai Duong,30,,2024-06,29.263680555555553,82.54560371527778,338.7,338.7,8.722794792611111,720,open_meteo,D:\MONEY VERSE\datasets\weather\weather_all_vietnam.csv,2026-05-18T15:57:27.004962+00:00,Open-Meteo public API data; attribution required.
Hai Duong,30,,2024-07,28.976075268817205,83.07792343145162,468.6,468.6,10.125518284811829,744,open_meteo,D:\MONEY VERSE\datasets\weather\weather_all_vietnam.csv,2026-05-18T15:57:27.004962+00:00,Open-Meteo public API data; attribution required.
Hai Duong,30,,2024-08,28.826478494623657,85.01920036962366,311.8,311.8,6.892344876370968,744,open_meteo,D:\MONEY VERSE\datasets\weather\weather_all_vietnam.csv,2026-05-18T15:57:27.004962+00:00,Open-Meteo public API data; attribution required.
Hai Duong,30,,2024-09,27.361458333333335,86.35869621805556,671.1,671.1,9.537810844513888,720,open_meteo,D:\MONEY VERSE\datasets\weather\weather_all_vietnam.csv,2026-05-18T15:57:27.004962+00:00,Open-Meteo public API data; attribution required.
Hai Duong,30,,2024-10,25.264516129032256,71.90319412903226,86.1,86.1,9.902917175255375,744,open_meteo,D:\MONEY VERSE\datasets\weather\weather_all_vietnam.csv,2026-05-18T15:57:27.004962+00:00,Open-Meteo public API data; attribution required.
Hai Duong,30,,2024-11,23.080277777777777,70.61288770833333,14.1,14.1,7.183727807277777,720,open_meteo,D:\MONEY VERSE\datasets\weather\weather_all_vietnam.csv,2026-05-18T15:57:27.004962+00:00,Open-Meteo public API data; attribution required.
Hai Duong,30,,2024-12,17.984543010752688,68.87071649327956,8.700000000000001,8.700000000000001,8.313826067204301,744,open_meteo,D:\MONEY VERSE\datasets\weather\weather_all_vietnam.csv,2026-05-18T15:57:27.004962+00:00,Open-Meteo public API data; attribution required.
Hai Duong,30,,2025-01,17.062701612903226,68.33203414919355,16.0,16.0,8.69932828092742,744,open_meteo,D:\MONEY VERSE\datasets\weather\weather_all_vietnam.csv,2026-05-18T15:57:27.004962+00:00,Open-Meteo public API data; attribution required.
Hai Duong,30,,2025-02,17.534449404761904,80.24590127083333,47.9,47.9,8.841090884642856,672,open_meteo,D:\MONEY VERSE\datasets\weather\weather_all_vietnam.csv,2026-05-18T15:57:27.004962+00:00,Open-Meteo public API data; attribution required.
Hai Duong,30,,2025-03,20.05739247311828,79.461811077957,41.8,41.8,9.565702116989247,744,open_meteo,D:\MONEY VERSE\datasets\weather\weather_all_vietnam.csv,2026-05-18T15:57:27.004962+00:00,Open-Meteo public API data; attribution required.
Hai Duong,30,,2025-04,24.175,82.60343142222223,122.39999999999999,122.39999999999999,9.371859457888888,720,open_meteo,D:\MONEY VERSE\datasets\weather\weather_all_vietnam.csv,2026-05-18T15:57:27.004962+00:00,Open-Meteo public API data; attribution required.
Hai Duong,30,,2025-05,26.85443548387097,84.33073381048386,229.0,229.0,9.472309840739248,744,open_meteo,D:\MONEY VERSE\datasets\weather\weather_all_vietnam.csv,2026-05-18T15:57:27.004962+00:00,Open-Meteo public API data; attribution required.
Hai Duong,30,,2025-06,29.01902777777778,82.58160474444445,313.7,313.7,9.30625482586111,720,open_meteo,D:\MONEY VERSE\datasets\weather\weather_all_vietnam.csv,2026-05-18T15:57:27.004962+00:00,Open-Meteo public API data; attribution required.
Hai Duong,30,,2025-07,28.664314516129032,84.85366685080645,335.0,335.0,7.36613157469086,744,open_meteo,D:\MONEY VERSE\datasets\weather\weather_all_vietnam.csv,2026-05-18T15:57:27.004962+00:00,Open-Meteo public API data; attribution required.
Hai Duong,30,,2025-08,28.155040322580643,85.82806466666668,367.8,367.8,8.725044989327957,744,open_meteo,D:\MONEY VERSE\datasets\weather\weather_all_vietnam.csv,2026-05-18T15:57:27.004962+00:00,Open-Meteo public API data; attribution required.
Hai Duong,30,,2025-09,27.662291666666665,84.60995455,335.5,335.5,7.493401654944445,720,open_meteo,D:\MONEY VERSE\datasets\weather\weather_all_vietnam.csv,2026-05-18T15:57:27.004962+00:00,Open-Meteo public API data; attribution required.
Hai Duong,30,,2025-10,25.29314516129032,79.6109655766129,248.4,248.4,8.435196978965054,744,open_meteo,D:\MONEY VERSE\datasets\weather\weather_all_vietnam.csv,2026-05-18T15:57:27.004962+00:00,Open-Meteo public API data; attribution required.
Hai Duong,30,,2025-11,20.346805555555555,74.11576274027779,64.5,64.5,8.994216097819445,720,open_meteo,D:\MONEY VERSE\datasets\weather\weather_all_vietnam.csv,2026-05-18T15:57:27.004962+00:00,Open-Meteo public API data; attribution required.
Hai Duong,30,,2025-12,20.05127688172043,78.26459114784947,56.0,56.0,7.344782464771505,744,open_meteo,D:\MONEY VERSE\datasets\weather\weather_all_vietnam.csv,2026-05-18T15:57:27.004962+00:00,Open-Meteo public API data; attribution required.
Hai Duong,30,,2026-01,17.509744623655912,78.09379778629032,26.5,26.5,8.388023362862903,744,open_meteo,D:\MONEY VERSE\datasets\weather\weather_all_vietnam.csv,2026-05-18T15:57:27.004962+00:00,Open-Meteo public API data; attribution required.
Hai Duong,30,,2026-02,20.565029761904764,82.92139036011905,30.5,30.5,9.0394952078125,672,open_meteo,D:\MONEY VERSE\datasets\weather\weather_all_vietnam.csv,2026-05-18T15:57:27.004962+00:00,Open-Meteo public API data; attribution required.
Hai Duong,30,,2026-03,22.941801075268817,81.16722830241936,79.2,79.2,11.084734065860214,744,open_meteo,D:\MONEY VERSE\datasets\weather\weather_all_vietnam.csv,2026-05-18T15:57:27.004962+00:00,Open-Meteo public API data; attribution required.
Hai Duong,30,,2026-04,26.86826388888889,80.77754633194444,140.5,140.5,10.0162001625,720,open_meteo,D:\MONEY VERSE\datasets\weather\weather_all_vietnam.csv,2026-05-18T15:57:27.004962+00:00,Open-Meteo public API data; attribution required.
Hai Duong,30,,2026-05,26.60150462962963,84.2730375462963,158.4,129.89999958,8.853481311967593,432,open_meteo,D:\MONEY VERSE\datasets\weather\weather_all_vietnam.csv,2026-05-18T15:57:27.004962+00:00,Open-Meteo public API data; attribution required.
Hai Phong,31,,2021-05,28.5434811827957,83.8352437110215,123.8,123.8,12.831325082392473,744,open_meteo,D:\MONEY VERSE\datasets\weather\weather_all_vietnam.csv,2026-05-18T15:57:27.004962+00:00,Open-Meteo public API data; attribution required.
Hai Phong,31,,2021-06,30.216388888888886,75.28213673472222,177.0,177.0,10.930868817916666,720,open_meteo,D:\MONEY VERSE\datasets\weather\weather_all_vietnam.csv,2026-05-18T15:57:27.004962+00:00,Open-Meteo public API data; attribution required.
Hai Phong,31,,2021-07,29.46518817204301,81.44024350672042,306.8,306.8,9.093660220873655,744,open_meteo,D:\MONEY VERSE\datasets\weather\weather_all_vietnam.csv,2026-05-18T15:57:27.004962+00:00,Open-Meteo public API data; attribution required.
Hai Phong,31,,2021-08,29.207728494623655,84.23975392876345,321.9,321.9,8.918048948091398,744,open_meteo,D:\MONEY VERSE\datasets\weather\weather_all_vietnam.csv,2026-05-18T15:57:27.004962+00:00,Open-Meteo public API data; attribution required.
Hai Phong,31,,2021-09,27.491319444444443,88.28304257777778,277.5,277.5,7.035364000555555,720,open_meteo,D:\MONEY VERSE\datasets\weather\weather_all_vietnam.csv,2026-05-18T15:57:27.004962+00:00,Open-Meteo public API data; attribution required.
Hai Phong,31,,2021-10,23.638239247311827,80.11263246370967,387.3,387.3,10.409868184005376,744,open_meteo,D:\MONEY VERSE\datasets\weather\weather_all_vietnam.csv,2026-05-18T15:57:27.004962+00:00,Open-Meteo public API data; attribution required.
Hai Phong,31,,2021-11,20.99513888888889,74.90383797777778,77.6,77.6,8.498998727083332,720,open_meteo,D:\MONEY VERSE\datasets\weather\weather_all_vietnam.csv,2026-05-18T15:57:27.004962+00:00,Open-Meteo public API data; attribution required.
Hai Phong,31,,2021-12,17.86633064516129,70.97341829973118,15.3,15.3,7.732812259879032,744,open_meteo,D:\MONEY VERSE\datasets\weather\weather_all_vietnam.csv,2026-05-18T15:57:27.004962+00:00,Open-Meteo public API data; attribution required.
Hai Phong,31,,2022-01,17.956182795698926,82.6832163077957,70.4,70.4,9.32261064311828,744,open_meteo,D:\MONEY VERSE\datasets\weather\weather_all_vietnam.csv,2026-05-18T15:57:27.004962+00:00,Open-Meteo public API data; attribution required.
Hai Phong,31,,2022-02,14.964434523809524,80.49957877232143,113.8,113.8,8.110333546279762,672,open_meteo,D:\MONEY VERSE\datasets\weather\weather_all_vietnam.csv,2026-05-18T15:57:27.004962+00:00,Open-Meteo public API data; attribution required.
Hai Phong,31,,2022-03,21.54932795698925,86.65039487096774,39.6,39.6,9.193667713709678,744,open_meteo,D:\MONEY VERSE\datasets\weather\weather_all_vietnam.csv,2026-05-18T15:57:27.004962+00:00,Open-Meteo public API data; attribution required.
Hai Phong,31,,2022-04,22.869722222222222,81.4433009,184.7,184.7,10.134735791666666,720,open_meteo,D:\MONEY VERSE\datasets\weather\weather_all_vietnam.csv,2026-05-18T15:57:27.004962+00:00,Open-Meteo public API data; attribution required.
Hai Phong,31,,2022-05,25.31364247311828,83.30855996639785,257.5,257.5,9.618085588440861,744,open_meteo,D:\MONEY VERSE\datasets\weather\weather_all_vietnam.csv,2026-05-18T15:57:27.004962+00:00,Open-Meteo public API data; attribution required.
Hai Phong,31,,2022-06,29.453263888888888,79.73045162361112,188.3,188.3,10.442461019041666,720,open_meteo,D:\MONEY VERSE\datasets\weather\weather_all_vietnam.csv,2026-05-18T15:57:27.004962+00:00,Open-Meteo public API data; attribution required.
Hai Phong,31,,2022-07,28.65853494623656,84.47664172715054,294.8,294.8,8.700400533172042,744,open_meteo,D:\MONEY VERSE\datasets\weather\weather_all_vietnam.csv,2026-05-18T15:57:27.004962+00:00,Open-Meteo public API data; attribution required.
Hai Phong,31,,2022-08,28.032459677419357,86.15275113306451,715.3,715.3,8.359744489180107,744,open_meteo,D:\MONEY VERSE\datasets\weather\weather_all_vietnam.csv,2026-05-18T15:57:27.004962+00:00,Open-Meteo public API data; attribution required.
Hai Phong,31,,2022-09,27.238541666666666,85.04076325555555,372.6,372.6,7.505821177124999,720,open_meteo,D:\MONEY VERSE\datasets\weather\weather_all_vietnam.csv,2026-05-18T15:57:27.004962+00:00,Open-Meteo public API data; attribution required.
Hai Phong,31,,2022-10,23.9559811827957,76.03130085752687,137.9,137.9,9.184711103333333,744,open_meteo,D:\MONEY VERSE\datasets\weather\weather_all_vietnam.csv,2026-05-18T15:57:27.004962+00:00,Open-Meteo public API data; attribution required.
Hai Phong,31,,2022-11,24.14902777777778,81.94644161250001,71.5,71.5,8.915178254999999,720,open_meteo,D:\MONEY VERSE\datasets\weather\weather_all_vietnam.csv,2026-05-18T15:57:27.004962+00:00,Open-Meteo public API data; attribution required.
Hai Phong,31,,2022-12,16.38239247311828,65.86617367607526,3.2,3.2,8.42876406766129,744,open_meteo,D:\MONEY VERSE\datasets\weather\weather_all_vietnam.csv,2026-05-18T15:57:27.004962+00:00,Open-Meteo public API data; attribution required.
Hai Phong,31,,2023-01,16.314919354838707,72.84551569758064,24.3,24.3,7.839696754704301,744,open_meteo,D:\MONEY VERSE\datasets\weather\weather_all_vietnam.csv,2026-05-18T15:57:27.004962+00:00,Open-Meteo public API data; attribution required.
Hai Phong,31,,2023-02,19.40245535714286,80.31298801339285,40.7,40.7,10.401967211458334,672,open_meteo,D:\MONEY VERSE\datasets\weather\weather_all_vietnam.csv,2026-05-18T15:57:27.004962+00:00,Open-Meteo public API data; attribution required.
Hai Phong,31,,2023-03,21.56290322580645,81.26185959811828,21.6,21.6,9.48014533360215,744,open_meteo,D:\MONEY VERSE\datasets\weather\weather_all_vietnam.csv,2026-05-18T15:57:27.004962+00:00,Open-Meteo public API data; attribution required.
Hai Phong,31,,2023-04,24.77284722222222,85.11957842222222,54.6,54.6,10.822651697916667,720,open_meteo,D:\MONEY VERSE\datasets\weather\weather_all_vietnam.csv,2026-05-18T15:57:27.004962+00:00,Open-Meteo public API data; attribution required.
Hai Phong,31,,2023-05,27.8505376344086,80.68037844489248,91.5,91.5,11.027211793951613,744,open_meteo,D:\MONEY VERSE\datasets\weather\weather_all_vietnam.csv,2026-05-18T15:57:27.004962+00:00,Open-Meteo public API data; attribution required.
Hai Phong,31,,2023-06,29.051805555555553,83.69678398055555,354.4,354.4,8.755787570555555,720,open_meteo,D:\MONEY VERSE\datasets\weather\weather_all_vietnam.csv,2026-05-18T15:57:27.004962+00:00,Open-Meteo public API data; attribution required.
Hai Phong,31,,2023-07,29.90436827956989,80.30479837634408,175.9,175.9,10.95220483361559,744,open_meteo,D:\MONEY VERSE\datasets\weather\weather_all_vietnam.csv,2026-05-18T15:57:27.004962+00:00,Open-Meteo public API data; attribution required.
Hai Phong,31,,2023-08,28.192540322580644,85.59494622446238,464.4,464.4,6.9019821444892475,744,open_meteo,D:\MONEY VERSE\datasets\weather\weather_all_vietnam.csv,2026-05-18T15:57:27.004962+00:00,Open-Meteo public API data; attribution required.
Hai Phong,31,,2023-09,27.231041666666666,86.41652250694445,354.2,354.2,7.534958129166667,720,open_meteo,D:\MONEY VERSE\datasets\weather\weather_all_vietnam.csv,2026-05-18T15:57:27.004962+00:00,Open-Meteo public API data; attribution required.
Hai Phong,31,,2023-10,25.901747311827958,76.82072391935483,75.5,75.5,7.768308378857527,744,open_meteo,D:\MONEY VERSE\datasets\weather\weather_all_vietnam.csv,2026-05-18T15:57:27.004962+00:00,Open-Meteo public API data; attribution required.
Hai Phong,31,,2023-11,22.981597222222224,76.86623696944444,33.9,33.9,8.575184689999999,720,open_meteo,D:\MONEY VERSE\datasets\weather\weather_all_vietnam.csv,2026-05-18T15:57:27.004962+00:00,Open-Meteo public API data; attribution required.
Hai Phong,31,,2023-12,18.743279569892472,72.20126035215054,22.0,22.0,8.744129078575268,744,open_meteo,D:\MONEY VERSE\datasets\weather\weather_all_vietnam.csv,2026-05-18T15:57:27.004962+00:00,Open-Meteo public API data; attribution required.
Hai Phong,31,,2024-01,17.894153225806452,82.02656391666666,72.8,72.8,10.098495244327957,744,open_meteo,D:\MONEY VERSE\datasets\weather\weather_all_vietnam.csv,2026-05-18T15:57:27.004962+00:00,Open-Meteo public API data; attribution required.
Hai Phong,31,,2024-02,19.28390804597701,82.20787488793103,24.6,24.6,10.156160595258621,696,open_meteo,D:\MONEY VERSE\datasets\weather\weather_all_vietnam.csv,2026-05-18T15:57:27.004962+00:00,Open-Meteo public API data; attribution required.
Hai Phong,31,,2024-03,21.151612903225807,84.79604172446236,64.8,64.8,9.129838982325268,744,open_meteo,D:\MONEY VERSE\datasets\weather\weather_all_vietnam.csv,2026-05-18T15:57:27.004962+00:00,Open-Meteo public API data; attribution required.
Hai Phong,31,,2024-04,27.08895833333333,83.54985969305555,67.5,67.5,11.449442190972222,720,open_meteo,D:\MONEY VERSE\datasets\weather\weather_all_vietnam.csv,2026-05-18T15:57:27.004962+00:00,Open-Meteo public API data; attribution required.
Hai Phong,31,,2024-05,27.433333333333334,84.76689677284946,256.4,256.4,10.02060427392473,744,open_meteo,D:\MONEY VERSE\datasets\weather\weather_all_vietnam.csv,2026-05-18T15:57:27.004962+00:00,Open-Meteo public API data; attribution required.
Hai Phong,31,,2024-06,29.351875,83.04808506944444,328.1,328.1,10.002246278333333,720,open_meteo,D:\MONEY VERSE\datasets\weather\weather_all_vietnam.csv,2026-05-18T15:57:27.004962+00:00,Open-Meteo public API data; attribution required.
Hai Phong,31,,2024-07,28.965591397849465,83.33919663172043,442.3,442.3,11.261537051317204,744,open_meteo,D:\MONEY VERSE\datasets\weather\weather_all_vietnam.csv,2026-05-18T15:57:27.004962+00:00,Open-Meteo public API data; attribution required.
Hai Phong,31,,2024-08,29.026075268817205,84.17313084005376,273.1,273.1,7.550762802150537,744,open_meteo,D:\MONEY VERSE\datasets\weather\weather_all_vietnam.csv,2026-05-18T15:57:27.004962+00:00,Open-Meteo public API data; attribution required.
Hai Phong,31,,2024-09,27.40222222222222,86.84875638333332,710.4,710.4,9.377777308999999,720,open_meteo,D:\MONEY VERSE\datasets\weather\weather_all_vietnam.csv,2026-05-18T15:57:27.004962+00:00,Open-Meteo public API data; attribution required.
Hai Phong,31,,2024-10,25.10302419354839,74.92462547849462,101.6,101.6,8.61824785094086,744,open_meteo,D:\MONEY VERSE\datasets\weather\weather_all_vietnam.csv,2026-05-18T15:57:27.004962+00:00,Open-Meteo public API data; attribution required.
Hai Phong,31,,2024-11,23.317222222222224,70.56684535694444,16.0,16.0,7.316519298069444,720,open_meteo,D:\MONEY VERSE\datasets\weather\weather_all_vietnam.csv,2026-05-18T15:57:27.004962+00:00,Open-Meteo public API data; attribution required.
Hai Phong,31,,2024-12,18.430443548387096,68.76949570161291,10.2,10.2,7.876408304475806,744,open_meteo,D:\MONEY VERSE\datasets\weather\weather_all_vietnam.csv,2026-05-18T15:57:27.004962+00:00,Open-Meteo public API data; attribution required.
Hai Phong,31,,2025-01,17.414381720430107,67.91133367607527,6.1000000000000005,6.1000000000000005,8.440706396975807,744,open_meteo,D:\MONEY VERSE\datasets\weather\weather_all_vietnam.csv,2026-05-18T15:57:27.004962+00:00,Open-Meteo public API data; attribution required.
Hai Phong,31,,2025-02,17.658258928571428,80.93923813541667,45.9,45.9,8.689788915758928,672,open_meteo,D:\MONEY VERSE\datasets\weather\weather_all_vietnam.csv,2026-05-18T15:57:27.004962+00:00,Open-Meteo public API data; attribution required.
Hai Phong,31,,2025-03,19.86431451612903,80.47765823790323,21.0,21.0,8.462087681612903,744,open_meteo,D:\MONEY VERSE\datasets\weather\weather_all_vietnam.csv,2026-05-18T15:57:27.004962+00:00,Open-Meteo public API data; attribution required.
Hai Phong,31,,2025-04,24.06826388888889,82.23502253194445,61.0,61.0,9.154093442291668,720,open_meteo,D:\MONEY VERSE\datasets\weather\weather_all_vietnam.csv,2026-05-18T15:57:27.004962+00:00,Open-Meteo public API data; attribution required.
Hai Phong,31,,2025-05,26.9684811827957,84.42355052688173,165.0,165.0,9.523828303481181,744,open_meteo,D:\MONEY VERSE\datasets\weather\weather_all_vietnam.csv,2026-05-18T15:57:27.004962+00:00,Open-Meteo public API data; attribution required.
Hai Phong,31,,2025-06,29.168541666666666,82.64038765833334,313.5,313.5,9.517150011916668,720,open_meteo,D:\MONEY VERSE\datasets\weather\weather_all_vietnam.csv,2026-05-18T15:57:27.004962+00:00,Open-Meteo public API data; attribution required.
Hai Phong,31,,2025-07,28.862365591397847,84.03056116666666,364.4,364.4,7.563707062459677,744,open_meteo,D:\MONEY VERSE\datasets\weather\weather_all_vietnam.csv,2026-05-18T15:57:27.004962+00:00,Open-Meteo public API data; attribution required.
Hai Phong,31,,2025-08,28.41572580645161,84.77729227150537,305.9,305.9,9.044360168494624,744,open_meteo,D:\MONEY VERSE\datasets\weather\weather_all_vietnam.csv,2026-05-18T15:57:27.004962+00:00,Open-Meteo public API data; attribution required.
Hai Phong,31,,2025-09,27.857083333333332,83.6478410013889,327.5,327.5,7.972269454680555,720,open_meteo,D:\MONEY VERSE\datasets\weather\weather_all_vietnam.csv,2026-05-18T15:57:27.004962+00:00,Open-Meteo public API data; attribution required.
Hai Phong,31,,2025-10,25.521236559139783,79.65875849193549,200.1,200.1,7.606021198830645,744,open_meteo,D:\MONEY VERSE\datasets\weather\weather_all_vietnam.csv,2026-05-18T15:57:27.004962+00:00,Open-Meteo public API data; attribution required.
Hai Phong,31,,2025-11,20.720208333333332,74.63805241805555,52.5,52.5,7.168163995305555,720,open_meteo,D:\MONEY VERSE\datasets\weather\weather_all_vietnam.csv,2026-05-18T15:57:27.004962+00:00,Open-Meteo public API data; attribution required.
Hai Phong,31,,2025-12,20.20396505376344,78.80792090188172,34.4,34.4,7.338978286142473,744,open_meteo,D:\MONEY VERSE\datasets\weather\weather_all_vietnam.csv,2026-05-18T15:57:27.004962+00:00,Open-Meteo public API data; attribution required.
Hai Phong,31,,2026-01,17.708131720430107,78.7697961061828,26.1,26.1,8.317366487768817,744,open_meteo,D:\MONEY VERSE\datasets\weather\weather_all_vietnam.csv,2026-05-18T15:57:27.004962+00:00,Open-Meteo public API data; attribution required.
Hai Phong,31,,2026-02,20.535193452380952,83.06737520982144,17.5,17.5,8.961679194955357,672,open_meteo,D:\MONEY VERSE\datasets\weather\weather_all_vietnam.csv,2026-05-18T15:57:27.004962+00:00,Open-Meteo public API data; attribution required.
Hai Phong,31,,2026-03,22.67842741935484,82.4421434717742,88.3,88.3,10.749424327459677,744,open_meteo,D:\MONEY VERSE\datasets\weather\weather_all_vietnam.csv,2026-05-18T15:57:27.004962+00:00,Open-Meteo public API data; attribution required.
Hai Phong,31,,2026-04,26.64944444444444,81.46456928472223,61.6,61.6,9.877173604152777,720,open_meteo,D:\MONEY VERSE\datasets\weather\weather_all_vietnam.csv,2026-05-18T15:57:27.004962+00:00,Open-Meteo public API data; attribution required.
Hai Phong,31,,2026-05,26.82997685185185,83.7492178726852,138.9,125.299999958,8.351958552986112,432,open_meteo,D:\MONEY VERSE\datasets\weather\weather_all_vietnam.csv,2026-05-18T15:57:27.004962+00:00,Open-Meteo public API data; attribution required.
Hau Giang,93,,2021-05,27.63817204301075,85.00004025403226,225.0,225.0,8.367267415322582,744,open_meteo,D:\MONEY VERSE\datasets\weather\weather_all_vietnam.csv,2026-05-18T15:57:27.004962+00:00,Open-Meteo public API data; attribution required.
Hau Giang,93,,2021-06,27.28236111111111,86.18020093888889,177.3,177.3,10.292060063194445,720,open_meteo,D:\MONEY VERSE\datasets\weather\weather_all_vietnam.csv,2026-05-18T15:57:27.004962+00:00,Open-Meteo public API data; attribution required.
Hau Giang,93,,2021-07,26.95766129032258,86.7002339327957,290.2,290.2,10.723352916532258,744,open_meteo,D:\MONEY VERSE\datasets\weather\weather_all_vietnam.csv,2026-05-18T15:57:27.004962+00:00,Open-Meteo public API data; attribution required.
Hau Giang,93,,2021-08,26.838037634408604,86.64328666129032,295.5,295.5,9.560831721774193,744,open_meteo,D:\MONEY VERSE\datasets\weather\weather_all_vietnam.csv,2026-05-18T15:57:27.004962+00:00,Open-Meteo public API data; attribution required.
Hau Giang,93,,2021-09,26.407569444444444,87.62985133333333,277.8,277.8,9.565122650513889,720,open_meteo,D:\MONEY VERSE\datasets\weather\weather_all_vietnam.csv,2026-05-18T15:57:27.004962+00:00,Open-Meteo public API data; attribution required.
Hau Giang,93,,2021-10,26.471841397849463,86.94896427284947,298.1,298.1,8.612949855201613,744,open_meteo,D:\MONEY VERSE\datasets\weather\weather_all_vietnam.csv,2026-05-18T15:57:27.004962+00:00,Open-Meteo public API data; attribution required.
Hau Giang,93,,2021-11,25.980277777777776,87.48815041527777,413.7,413.7,9.901314772361111,720,open_meteo,D:\MONEY VERSE\datasets\weather\weather_all_vietnam.csv,2026-05-18T15:57:27.004962+00:00,Open-Meteo public API data; attribution required.
Hau Giang,93,,2021-12,25.81733870967742,78.17119933064517,22.900000000000002,22.900000000000002,9.278972262741934,744,open_meteo,D:\MONEY VERSE\datasets\weather\weather_all_vietnam.csv,2026-05-18T15:57:27.004962+00:00,Open-Meteo public API data; attribution required.
Hau Giang,93,,2022-01,26.79045698924731,70.75347988440859,16.5,16.5,10.707544104569893,744,open_meteo,D:\MONEY VERSE\datasets\weather\weather_all_vietnam.csv,2026-05-18T15:57:27.004962+00:00,Open-Meteo public API data; attribution required.
Hau Giang,93,,2022-02,27.915699404761902,68.73425088541667,18.8,18.8,14.872741650446429,672,open_meteo,D:\MONEY VERSE\datasets\weather\weather_all_vietnam.csv,2026-05-18T15:57:27.004962+00:00,Open-Meteo public API data; attribution required.
Hau Giang,93,,2022-03,28.00853494623656,74.30401611827956,119.9,119.9,10.184298644327956,744,open_meteo,D:\MONEY VERSE\datasets\weather\weather_all_vietnam.csv,2026-05-18T15:57:27.004962+00:00,Open-Meteo public API data; attribution required.
Hau Giang,93,,2022-04,26.861527777777777,84.090459725,204.3,204.3,7.3105361140000005,720,open_meteo,D:\MONEY VERSE\datasets\weather\weather_all_vietnam.csv,2026-05-18T15:57:27.004962+00:00,Open-Meteo public API data; attribution required.
Hau Giang,93,,2022-05,26.917002688172044,87.33330669758064,365.6,365.6,8.791412244489248,744,open_meteo,D:\MONEY VERSE\datasets\weather\weather_all_vietnam.csv,2026-05-18T15:57:27.004962+00:00,Open-Meteo public API data; attribution required.
Hau Giang,93,,2022-06,26.882638888888888,86.37058575972222,303.5,303.5,7.093662113333333,720,open_meteo,D:\MONEY VERSE\datasets\weather\weather_all_vietnam.csv,2026-05-18T15:57:27.004962+00:00,Open-Meteo public API data; attribution required.
Hau Giang,93,,2022-07,26.42923387096774,87.7794103857527,389.9,389.9,9.935825988306451,744,open_meteo,D:\MONEY VERSE\datasets\weather\weather_all_vietnam.csv,2026-05-18T15:57:27.004962+00:00,Open-Meteo public API data; attribution required.
Hau Giang,93,,2022-08,26.45880376344086,86.93533620698925,279.0,279.0,9.140097526612903,744,open_meteo,D:\MONEY VERSE\datasets\weather\weather_all_vietnam.csv,2026-05-18T15:57:27.004962+00:00,Open-Meteo public API data; attribution required.
Hau Giang,93,,2022-09,26.08840277777778,87.5992485361111,369.3,369.3,9.917351644666667,720,open_meteo,D:\MONEY VERSE\datasets\weather\weather_all_vietnam.csv,2026-05-18T15:57:27.004962+00:00,Open-Meteo public API data; attribution required.
Hau Giang,93,,2022-10,25.98561827956989,86.75471748252689,419.4,419.4,6.83644608719086,744,open_meteo,D:\MONEY VERSE\datasets\weather\weather_all_vietnam.csv,2026-05-18T15:57:27.004962+00:00,Open-Meteo public API data; attribution required.
Hau Giang,93,,2022-11,26.00680555555556,87.05903631805556,295.8,295.8,8.283865437083334,720,open_meteo,D:\MONEY VERSE\datasets\weather\weather_all_vietnam.csv,2026-05-18T15:57:27.004962+00:00,Open-Meteo public API data; attribution required.
Hau Giang,93,,2022-12,25.483266129032256,79.24239310349462,52.9,52.9,9.625007149959679,744,open_meteo,D:\MONEY VERSE\datasets\weather\weather_all_vietnam.csv,2026-05-18T15:57:27.004962+00:00,Open-Meteo public API data; attribution required.
Hau Giang,93,,2023-01,24.96048387096774,81.622135625,133.9,133.9,8.565136809650538,744,open_meteo,D:\MONEY VERSE\datasets\weather\weather_all_vietnam.csv,2026-05-18T15:57:27.004962+00:00,Open-Meteo public API data; attribution required.
Hau Giang,93,,2023-02,26.552380952380954,73.632502625,40.0,40.0,11.438654051741072,672,open_meteo,D:\MONEY VERSE\datasets\weather\weather_all_vietnam.csv,2026-05-18T15:57:27.004962+00:00,Open-Meteo public API data; attribution required.
Hau Giang,93,,2023-03,27.539448924731182,67.79633374327958,2.0,2.0,12.286646056854838,744,open_meteo,D:\MONEY VERSE\datasets\weather\weather_all_vietnam.csv,2026-05-18T15:57:27.004962+00:00,Open-Meteo public API data; attribution required.
Hau Giang,93,,2023-04,28.98861111111111,74.17954171805556,80.5,80.5,8.371090075944444,720,open_meteo,D:\MONEY VERSE\datasets\weather\weather_all_vietnam.csv,2026-05-18T15:57:27.004962+00:00,Open-Meteo public API data; attribution required.
Hau Giang,93,,2023-05,28.446841397849465,80.3421355967742,250.4,250.4,9.160884909905914,744,open_meteo,D:\MONEY VERSE\datasets\weather\weather_all_vietnam.csv,2026-05-18T15:57:27.004962+00:00,Open-Meteo public API data; attribution required.
Hau Giang,93,,2023-06,27.388333333333332,85.40136655416667,286.2,286.2,9.248657869027777,720,open_meteo,D:\MONEY VERSE\datasets\weather\weather_all_vietnam.csv,2026-05-18T15:57:27.004962+00:00,Open-Meteo public API data; attribution required.
Hau Giang,93,,2023-07,26.547110215053763,88.26870131317203,455.0,455.0,11.541605666532258,744,open_meteo,D:\MONEY VERSE\datasets\weather\weather_all_vietnam.csv,2026-05-18T15:57:27.004962+00:00,Open-Meteo public API data; attribution required.
Hau Giang,93,,2023-08,27.261559139784943,84.72462148521505,230.7,230.7,12.538708095430106,744,open_meteo,D:\MONEY VERSE\datasets\weather\weather_all_vietnam.csv,2026-05-18T15:57:27.004962+00:00,Open-Meteo public API data; attribution required.
Hau Giang,93,,2023-09,26.462152777777778,88.17999031111111,439.5,439.5,9.767331797319445,720,open_meteo,D:\MONEY VERSE\datasets\weather\weather_all_vietnam.csv,2026-05-18T15:57:27.004962+00:00,Open-Meteo public API data; attribution required.
Hau Giang,93,,2023-10,26.675403225806452,88.02958261021506,395.8,395.8,6.995788248387098,744,open_meteo,D:\MONEY VERSE\datasets\weather\weather_all_vietnam.csv,2026-05-18T15:57:27.004962+00:00,Open-Meteo public API data; attribution required.
Hau Giang,93,,2023-11,26.55395833333333,84.78523179305556,158.8,158.8,9.466032564680555,720,open_meteo,D:\MONEY VERSE\datasets\weather\weather_all_vietnam.csv,2026-05-18T15:57:27.004962+00:00,Open-Meteo public API data; attribution required.
Hau Giang,93,,2023-12,26.955174731182797,77.04077289112904,44.9,44.9,11.271587930510753,744,open_meteo,D:\MONEY VERSE\datasets\weather\weather_all_vietnam.csv,2026-05-18T15:57:27.004962+00:00,Open-Meteo public API data; attribution required.
Hau Giang,93,,2024-01,26.91922043010753,71.06343350403226,8.3,8.3,12.748155253225807,744,open_meteo,D:\MONEY VERSE\datasets\weather\weather_all_vietnam.csv,2026-05-18T15:57:27.004962+00:00,Open-Meteo public API data; attribution required.
Hau Giang,93,,2024-02,27.843893678160917,70.19688960344828,4.7,4.7,13.534190286494251,696,open_meteo,D:\MONEY VERSE\datasets\weather\weather_all_vietnam.csv,2026-05-18T15:57:27.004962+00:00,Open-Meteo public API data; attribution required.
Hau Giang,93,,2024-03,29.078629032258064,68.0384469516129,3.6,3.6,12.914883434919355,744,open_meteo,D:\MONEY VERSE\datasets\weather\weather_all_vietnam.csv,2026-05-18T15:57:27.004962+00:00,Open-Meteo public API data; attribution required.
Hau Giang,93,,2024-04,30.77548611111111,65.33778757777777,6.0,6.0,9.925256365375,720,open_meteo,D:\MONEY VERSE\datasets\weather\weather_all_vietnam.csv,2026-05-18T15:57:27.004962+00:00,Open-Meteo public API data; attribution required.
Hau Giang,93,,2024-05,28.966061827956988,81.49768952016129,249.8,249.8,7.195157174731182,744,open_meteo,D:\MONEY VERSE\datasets\weather\weather_all_vietnam.csv,2026-05-18T15:57:27.004962+00:00,Open-Meteo public API data; attribution required.
Hau Giang,93,,2024-06,27.68798611111111,84.64570549166667,272.9,272.9,9.110130950666667,720,open_meteo,D:\MONEY VERSE\datasets\weather\weather_all_vietnam.csv,2026-05-18T15:57:27.004962+00:00,Open-Meteo public API data; attribution required.
Hau Giang,93,,2024-07,26.582728494623655,88.31112300403225,427.4,427.4,10.424807840591399,744,open_meteo,D:\MONEY VERSE\datasets\weather\weather_all_vietnam.csv,2026-05-18T15:57:27.004962+00:00,Open-Meteo public API data; attribution required.
Hau Giang,93,,2024-08,27.037567204301077,86.5593957607527,332.2,332.2,8.337350991935484,744,open_meteo,D:\MONEY VERSE\datasets\weather\weather_all_vietnam.csv,2026-05-18T15:57:27.004962+00:00,Open-Meteo public API data; attribution required.
Hau Giang,93,,2024-09,26.656111111111112,87.47714513333334,376.8,376.8,12.222668683888887,720,open_meteo,D:\MONEY VERSE\datasets\weather\weather_all_vietnam.csv,2026-05-18T15:57:27.004962+00:00,Open-Meteo public API data; attribution required.
Hau Giang,93,,2024-10,26.393817204301076,88.26655553494624,431.5,431.5,7.079037684502688,744,open_meteo,D:\MONEY VERSE\datasets\weather\weather_all_vietnam.csv,2026-05-18T15:57:27.004962+00:00,Open-Meteo public API data; attribution required.
Hau Giang,93,,2024-11,26.862430555555555,82.49716462083333,172.4,172.4,9.144446023166667,720,open_meteo,D:\MONEY VERSE\datasets\weather\weather_all_vietnam.csv,2026-05-18T15:57:27.004962+00:00,Open-Meteo public API data; attribution required.
Hau Giang,93,,2024-12,25.824798387096777,83.48000898790323,157.2,157.2,9.230165448024193,744,open_meteo,D:\MONEY VERSE\datasets\weather\weather_all_vietnam.csv,2026-05-18T15:57:27.004962+00:00,Open-Meteo public API data; attribution required.
Hau Giang,93,,2025-01,25.245564516129033,78.30959002822581,25.7,25.7,7.862897814233871,744,open_meteo,D:\MONEY VERSE\datasets\weather\weather_all_vietnam.csv,2026-05-18T15:57:27.004962+00:00,Open-Meteo public API data; attribution required.
Hau Giang,93,,2025-02,26.641964285714288,74.15621981994047,17.7,17.7,10.851330945833334,672,open_meteo,D:\MONEY VERSE\datasets\weather\weather_all_vietnam.csv,2026-05-18T15:57:27.004962+00:00,Open-Meteo public API data; attribution required.
Hau Giang,93,,2025-03,28.654905913978496,68.47684093279571,15.700000000000001,15.700000000000001,11.497822642916667,744,open_meteo,D:\MONEY VERSE\datasets\weather\weather_all_vietnam.csv,2026-05-18T15:57:27.004962+00:00,Open-Meteo public API data; attribution required.
Hau Giang,93,,2025-04,28.408819444444443,76.44870267638889,94.5,94.5,8.5970960575,720,open_meteo,D:\MONEY VERSE\datasets\weather\weather_all_vietnam.csv,2026-05-18T15:57:27.004962+00:00,Open-Meteo public API data; attribution required.
Hau Giang,93,,2025-05,27.182258064516127,88.14735886559139,424.3,424.3,6.133494300698924,744,open_meteo,D:\MONEY VERSE\datasets\weather\weather_all_vietnam.csv,2026-05-18T15:57:27.004962+00:00,Open-Meteo public API data; attribution required.
Hau Giang,93,,2025-06,26.83875,88.34244795972222,293.8,293.8,9.937106679291666,720,open_meteo,D:\MONEY VERSE\datasets\weather\weather_all_vietnam.csv,2026-05-18T15:57:27.004962+00:00,Open-Meteo public API data; attribution required.
Hau Giang,93,,2025-07,27.30396505376344,85.31277276209677,310.0,310.0,12.209959144086023,744,open_meteo,D:\MONEY VERSE\datasets\weather\weather_all_vietnam.csv,2026-05-18T15:57:27.004962+00:00,Open-Meteo public API data; attribution required.
Hau Giang,93,,2025-08,26.617002688172043,86.74888501209676,322.4,322.4,10.538211458104838,744,open_meteo,D:\MONEY VERSE\datasets\weather\weather_all_vietnam.csv,2026-05-18T15:57:27.004962+00:00,Open-Meteo public API data; attribution required.
Hau Giang,93,,2025-09,26.51784722222222,87.00515837222223,321.4,321.4,9.928016388625,720,open_meteo,D:\MONEY VERSE\datasets\weather\weather_all_vietnam.csv,2026-05-18T15:57:27.004962+00:00,Open-Meteo public API data; attribution required.
Hau Giang,93,,2025-10,26.651008064516127,86.99762665053764,359.7,359.7,6.441109237069893,744,open_meteo,D:\MONEY VERSE\datasets\weather\weather_all_vietnam.csv,2026-05-18T15:57:27.004962+00:00,Open-Meteo public API data; attribution required.
Hau Giang,93,,2025-11,26.0625,83.33424653055556,256.8,256.8,8.775087150041667,720,open_meteo,D:\MONEY VERSE\datasets\weather\weather_all_vietnam.csv,2026-05-18T15:57:27.004962+00:00,Open-Meteo public API data; attribution required.
Hau Giang,93,,2025-12,26.039583333333333,82.54146630645161,87.3,87.3,7.917957278629031,744,open_meteo,D:\MONEY VERSE\datasets\weather\weather_all_vietnam.csv,2026-05-18T15:57:27.004962+00:00,Open-Meteo public API data; attribution required.
Hau Giang,93,,2026-01,24.835013440860216,77.66559281182795,14.700000000000001,14.700000000000001,8.475990695067203,744,open_meteo,D:\MONEY VERSE\datasets\weather\weather_all_vietnam.csv,2026-05-18T15:57:27.004962+00:00,Open-Meteo public API data; attribution required.
Hau Giang,93,,2026-02,26.613318452380955,73.52074967559524,77.3,77.3,10.873467175193452,672,open_meteo,D:\MONEY VERSE\datasets\weather\weather_all_vietnam.csv,2026-05-18T15:57:27.004962+00:00,Open-Meteo public API data; attribution required.
Hau Giang,93,,2026-03,27.24959677419355,74.8195620282258,21.400000000000002,21.400000000000002,10.30507918108871,744,open_meteo,D:\MONEY VERSE\datasets\weather\weather_all_vietnam.csv,2026-05-18T15:57:27.004962+00:00,Open-Meteo public API data; attribution required.
Hau Giang,93,,2026-04,29.119791666666668,68.2589485,3.8000000000000003,3.8000000000000003,7.950293876388889,720,open_meteo,D:\MONEY VERSE\datasets\weather\weather_all_vietnam.csv,2026-05-18T15:57:27.004962+00:00,Open-Meteo public API data; attribution required.
Hau Giang,93,,2026-05,28.896527777777777,78.11392918981481,83.7,79.600000158,8.915670412731481,432,open_meteo,D:\MONEY VERSE\datasets\weather\weather_all_vietnam.csv,2026-05-18T15:57:27.004962+00:00,Open-Meteo public API data; attribution required.
Hoa Binh,17,,2021-05,27.970094086021504,81.21025319758064,143.5,143.5,7.263018550403226,744,open_meteo,D:\MONEY VERSE\datasets\weather\weather_all_vietnam.csv,2026-05-18T15:57:27.004962+00:00,Open-Meteo public API data; attribution required.
Hoa Binh,17,,2021-06,28.377152777777777,78.21439440833333,224.9,224.9,6.044350625569445,720,open_meteo,D:\MONEY VERSE\datasets\weather\weather_all_vietnam.csv,2026-05-18T15:57:27.004962+00:00,Open-Meteo public API data; attribution required.
Hoa Binh,17,,2021-07,27.854905913978495,83.30148803225806,269.7,269.7,5.587305914556452,744,open_meteo,D:\MONEY VERSE\datasets\weather\weather_all_vietnam.csv,2026-05-18T15:57:27.004962+00:00,Open-Meteo public API data; attribution required.
Hoa Binh,17,,2021-08,28.18891129032258,80.54983628360215,124.9,124.9,5.274847585403226,744,open_meteo,D:\MONEY VERSE\datasets\weather\weather_all_vietnam.csv,2026-05-18T15:57:27.004962+00:00,Open-Meteo public API data; attribution required.
Hoa Binh,17,,2021-09,25.776597222222225,87.59979582916667,261.6,261.6,4.628262441138888,720,open_meteo,D:\MONEY VERSE\datasets\weather\weather_all_vietnam.csv,2026-05-18T15:57:27.004962+00:00,Open-Meteo public API data; attribution required.
Hoa Binh,17,,2021-10,22.041599462365593,84.94800765591398,434.3,434.3,6.9745043003897855,744,open_meteo,D:\MONEY VERSE\datasets\weather\weather_all_vietnam.csv,2026-05-18T15:57:27.004962+00:00,Open-Meteo public API data; attribution required.
Hoa Binh,17,,2021-11,19.56652777777778,80.0068437486111,59.8,59.8,5.950086307638888,720,open_meteo,D:\MONEY VERSE\datasets\weather\weather_all_vietnam.csv,2026-05-18T15:57:27.004962+00:00,Open-Meteo public API data; attribution required.
Hoa Binh,17,,2021-12,16.324663978494623,73.21359739650538,15.5,15.5,5.505540776975807,744,open_meteo,D:\MONEY VERSE\datasets\weather\weather_all_vietnam.csv,2026-05-18T15:57:27.004962+00:00,Open-Meteo public API data; attribution required.
Hoa Binh,17,,2022-01,16.940188172043012,84.73277358198925,65.1,65.1,6.032744015134409,744,open_meteo,D:\MONEY VERSE\datasets\weather\weather_all_vietnam.csv,2026-05-18T15:57:27.004962+00:00,Open-Meteo public API data; attribution required.
Hoa Binh,17,,2022-02,13.851339285714285,82.98263993154762,76.8,76.8,6.015079717752976,672,open_meteo,D:\MONEY VERSE\datasets\weather\weather_all_vietnam.csv,2026-05-18T15:57:27.004962+00:00,Open-Meteo public API data; attribution required.
Hoa Binh,17,,2022-03,21.741733870967742,84.5931286438172,96.7,96.7,7.023293574193548,744,open_meteo,D:\MONEY VERSE\datasets\weather\weather_all_vietnam.csv,2026-05-18T15:57:27.004962+00:00,Open-Meteo public API data; attribution required.
Hoa Binh,17,,2022-04,22.689583333333335,79.02473414861112,55.5,55.5,7.319167983986111,720,open_meteo,D:\MONEY VERSE\datasets\weather\weather_all_vietnam.csv,2026-05-18T15:57:27.004962+00:00,Open-Meteo public API data; attribution required.
Hoa Binh,17,,2022-05,24.402486559139785,82.83438829973117,382.6,382.6,6.116466782701614,744,open_meteo,D:\MONEY VERSE\datasets\weather\weather_all_vietnam.csv,2026-05-18T15:57:27.004962+00:00,Open-Meteo public API data; attribution required.
Hoa Binh,17,,2022-06,27.75888888888889,81.49677542916668,168.1,168.1,5.572930515069444,720,open_meteo,D:\MONEY VERSE\datasets\weather\weather_all_vietnam.csv,2026-05-18T15:57:27.004962+00:00,Open-Meteo public API data; attribution required.
Hoa Binh,17,,2022-07,27.227150537634408,85.6735690672043,159.3,159.3,4.887103757997312,744,open_meteo,D:\MONEY VERSE\datasets\weather\weather_all_vietnam.csv,2026-05-18T15:57:27.004962+00:00,Open-Meteo public API data; attribution required.
Hoa Binh,17,,2022-08,26.33918010752688,88.50907352284946,575.2,575.2,4.592682308225807,744,open_meteo,D:\MONEY VERSE\datasets\weather\weather_all_vietnam.csv,2026-05-18T15:57:27.004962+00:00,Open-Meteo public API data; attribution required.
Hoa Binh,17,,2022-09,25.12611111111111,88.13613894583334,432.7,432.7,5.077539358138889,720,open_meteo,D:\MONEY VERSE\datasets\weather\weather_all_vietnam.csv,2026-05-18T15:57:27.004962+00:00,Open-Meteo public API data; attribution required.
Hoa Binh,17,,2022-10,22.605309139784943,79.37444700268817,117.6,117.6,5.7138004525,744,open_meteo,D:\MONEY VERSE\datasets\weather\weather_all_vietnam.csv,2026-05-18T15:57:27.004962+00:00,Open-Meteo public API data; attribution required.
Hoa Binh,17,,2022-11,22.804375,81.74957305416667,61.300000000000004,61.300000000000004,5.347437955763889,720,open_meteo,D:\MONEY VERSE\datasets\weather\weather_all_vietnam.csv,2026-05-18T15:57:27.004962+00:00,Open-Meteo public API data; attribution required.
Hoa Binh,17,,2022-12,14.926209677419354,73.15959252956989,38.4,38.4,6.088511080551076,744,open_meteo,D:\MONEY VERSE\datasets\weather\weather_all_vietnam.csv,2026-05-18T15:57:27.004962+00:00,Open-Meteo public API data; attribution required.
Hoa Binh,17,,2023-01,15.393010752688172,69.81912776478495,18.3,18.3,6.096698444408601,744,open_meteo,D:\MONEY VERSE\datasets\weather\weather_all_vietnam.csv,2026-05-18T15:57:27.004962+00:00,Open-Meteo public API data; attribution required.
Hoa Binh,17,,2023-02,19.129166666666666,80.54897292113095,37.9,37.9,7.083823200193453,672,open_meteo,D:\MONEY VERSE\datasets\weather\weather_all_vietnam.csv,2026-05-18T15:57:27.004962+00:00,Open-Meteo public API data; attribution required.
Hoa Binh,17,,2023-03,21.436693548387098,76.57507455510753,24.0,24.0,7.043838908709677,744,open_meteo,D:\MONEY VERSE\datasets\weather\weather_all_vietnam.csv,2026-05-18T15:57:27.004962+00:00,Open-Meteo public API data; attribution required.
Hoa Binh,17,,2023-04,24.578888888888887,84.29583437777778,56.4,56.4,6.6729968989027775,720,open_meteo,D:\MONEY VERSE\datasets\weather\weather_all_vietnam.csv,2026-05-18T15:57:27.004962+00:00,Open-Meteo public API data; attribution required.
Hoa Binh,17,,2023-05,27.10201612903226,79.11722779838709,120.2,120.2,7.0521123666397845,744,open_meteo,D:\MONEY VERSE\datasets\weather\weather_all_vietnam.csv,2026-05-18T15:57:27.004962+00:00,Open-Meteo public API data; attribution required.
Hoa Binh,17,,2023-06,27.472291666666667,85.28693314027778,234.2,234.2,4.941382047763889,720,open_meteo,D:\MONEY VERSE\datasets\weather\weather_all_vietnam.csv,2026-05-18T15:57:27.004962+00:00,Open-Meteo public API data; attribution required.
Hoa Binh,17,,2023-07,28.866532258064517,77.4373797123656,115.3,115.3,5.770054519650538,744,open_meteo,D:\MONEY VERSE\datasets\weather\weather_all_vietnam.csv,2026-05-18T15:57:27.004962+00:00,Open-Meteo public API data; attribution required.
Hoa Binh,17,,2023-08,27.039180107526885,86.56998044354839,295.8,295.8,3.9822573077553765,744,open_meteo,D:\MONEY VERSE\datasets\weather\weather_all_vietnam.csv,2026-05-18T15:57:27.004962+00:00,Open-Meteo public API data; attribution required.
Hoa Binh,17,,2023-09,25.839305555555555,86.67098784027777,380.8,380.8,4.800595659694444,720,open_meteo,D:\MONEY VERSE\datasets\weather\weather_all_vietnam.csv,2026-05-18T15:57:27.004962+00:00,Open-Meteo public API data; attribution required.
Hoa Binh,17,,2023-10,24.403360215053763,78.69472027553763,68.1,68.1,5.256861063010753,744,open_meteo,D:\MONEY VERSE\datasets\weather\weather_all_vietnam.csv,2026-05-18T15:57:27.004962+00:00,Open-Meteo public API data; attribution required.
Hoa Binh,17,,2023-11,21.194791666666667,80.54993293611112,55.800000000000004,55.800000000000004,5.104250870847222,720,open_meteo,D:\MONEY VERSE\datasets\weather\weather_all_vietnam.csv,2026-05-18T15:57:27.004962+00:00,Open-Meteo public API data; attribution required.
Hoa Binh,17,,2023-12,17.644690860215054,77.03524178360215,22.900000000000002,22.900000000000002,5.765513803158602,744,open_meteo,D:\MONEY VERSE\datasets\weather\weather_all_vietnam.csv,2026-05-18T15:57:27.004962+00:00,Open-Meteo public API data; attribution required.
Hoa Binh,17,,2024-01,17.06081989247312,83.46569181586023,83.1,83.1,6.307196079784947,744,open_meteo,D:\MONEY VERSE\datasets\weather\weather_all_vietnam.csv,2026-05-18T15:57:27.004962+00:00,Open-Meteo public API data; attribution required.
Hoa Binh,17,,2024-02,19.228663793103447,82.72093227155172,24.0,24.0,7.350005279094828,696,open_meteo,D:\MONEY VERSE\datasets\weather\weather_all_vietnam.csv,2026-05-18T15:57:27.004962+00:00,Open-Meteo public API data; attribution required.
Hoa Binh,17,,2024-03,21.211559139784946,82.00175896102151,55.2,55.2,6.618361615389785,744,open_meteo,D:\MONEY VERSE\datasets\weather\weather_all_vietnam.csv,2026-05-18T15:57:27.004962+00:00,Open-Meteo public API data; attribution required.
Hoa Binh,17,,2024-04,27.585902777777775,76.98649269166667,30.8,30.8,7.289268775777779,720,open_meteo,D:\MONEY VERSE\datasets\weather\weather_all_vietnam.csv,2026-05-18T15:57:27.004962+00:00,Open-Meteo public API data; attribution required.
Hoa Binh,17,,2024-05,26.39677419354839,85.12411475134408,262.9,262.9,5.529750051814516,744,open_meteo,D:\MONEY VERSE\datasets\weather\weather_all_vietnam.csv,2026-05-18T15:57:27.004962+00:00,Open-Meteo public API data; attribution required.
Hoa Binh,17,,2024-06,28.052986111111114,83.39206344305556,239.4,239.4,5.174999640388889,720,open_meteo,D:\MONEY VERSE\datasets\weather\weather_all_vietnam.csv,2026-05-18T15:57:27.004962+00:00,Open-Meteo public API data; attribution required.
Hoa Binh,17,,2024-07,27.40604838709677,85.83076002284946,414.3,414.3,5.092880334032258,744,open_meteo,D:\MONEY VERSE\datasets\weather\weather_all_vietnam.csv,2026-05-18T15:57:27.004962+00:00,Open-Meteo public API data; attribution required.
Hoa Binh,17,,2024-08,27.186693548387098,87.76300423252688,290.6,290.6,4.02309195842742,744,open_meteo,D:\MONEY VERSE\datasets\weather\weather_all_vietnam.csv,2026-05-18T15:57:27.004962+00:00,Open-Meteo public API data; attribution required.
Hoa Binh,17,,2024-09,25.830763888888892,88.2576887,558.8,558.8,5.450047911652778,720,open_meteo,D:\MONEY VERSE\datasets\weather\weather_all_vietnam.csv,2026-05-18T15:57:27.004962+00:00,Open-Meteo public API data; attribution required.
Hoa Binh,17,,2024-10,23.71008064516129,78.3047609126344,112.6,112.6,4.971963845819892,744,open_meteo,D:\MONEY VERSE\datasets\weather\weather_all_vietnam.csv,2026-05-18T15:57:27.004962+00:00,Open-Meteo public API data; attribution required.
Hoa Binh,17,,2024-11,21.578055555555558,74.47883131527777,11.4,11.4,4.699794790305555,720,open_meteo,D:\MONEY VERSE\datasets\weather\weather_all_vietnam.csv,2026-05-18T15:57:27.004962+00:00,Open-Meteo public API data; attribution required.
Hoa Binh,17,,2024-12,16.453024193548387,75.9046285483871,17.6,17.6,4.6548034149596775,744,open_meteo,D:\MONEY VERSE\datasets\weather\weather_all_vietnam.csv,2026-05-18T15:57:27.004962+00:00,Open-Meteo public API data; attribution required.
Hoa Binh,17,,2025-01,15.779704301075268,72.00544306989246,18.2,18.2,5.389634031733872,744,open_meteo,D:\MONEY VERSE\datasets\weather\weather_all_vietnam.csv,2026-05-18T15:57:27.004962+00:00,Open-Meteo public API data; attribution required.
Hoa Binh,17,,2025-02,16.67276785714286,83.73557966964286,57.9,57.9,5.847691579955357,672,open_meteo,D:\MONEY VERSE\datasets\weather\weather_all_vietnam.csv,2026-05-18T15:57:27.004962+00:00,Open-Meteo public API data; attribution required.
Hoa Binh,17,,2025-03,20.425672043010753,75.36672806048387,37.2,37.2,6.483837781182796,744,open_meteo,D:\MONEY VERSE\datasets\weather\weather_all_vietnam.csv,2026-05-18T15:57:27.004962+00:00,Open-Meteo public API data; attribution required.
Hoa Binh,17,,2025-04,24.210555555555555,78.14381347777777,194.5,194.5,5.972656303027778,720,open_meteo,D:\MONEY VERSE\datasets\weather\weather_all_vietnam.csv,2026-05-18T15:57:27.004962+00:00,Open-Meteo public API data; attribution required.
Hoa Binh,17,,2025-05,26.107258064516127,82.88929181451613,326.5,326.5,5.731481658198924,744,open_meteo,D:\MONEY VERSE\datasets\weather\weather_all_vietnam.csv,2026-05-18T15:57:27.004962+00:00,Open-Meteo public API data; attribution required.
Hoa Binh,17,,2025-06,27.418055555555554,85.06428052916667,295.2,295.2,4.872095383236111,720,open_meteo,D:\MONEY VERSE\datasets\weather\weather_all_vietnam.csv,2026-05-18T15:57:27.004962+00:00,Open-Meteo public API data; attribution required.
Hoa Binh,17,,2025-07,27.176478494623655,86.6030689045699,352.1,352.1,4.252999431801075,744,open_meteo,D:\MONEY VERSE\datasets\weather\weather_all_vietnam.csv,2026-05-18T15:57:27.004962+00:00,Open-Meteo public API data; attribution required.
Hoa Binh,17,,2025-08,26.770833333333332,86.19830907930108,337.9,337.9,5.238222991518817,744,open_meteo,D:\MONEY VERSE\datasets\weather\weather_all_vietnam.csv,2026-05-18T15:57:27.004962+00:00,Open-Meteo public API data; attribution required.
Hoa Binh,17,,2025-09,26.054791666666667,85.8299333486111,358.9,358.9,5.028739120680555,720,open_meteo,D:\MONEY VERSE\datasets\weather\weather_all_vietnam.csv,2026-05-18T15:57:27.004962+00:00,Open-Meteo public API data; attribution required.
Hoa Binh,17,,2025-10,23.74590053763441,84.1866117688172,127.6,127.6,4.462483962473119,744,open_meteo,D:\MONEY VERSE\datasets\weather\weather_all_vietnam.csv,2026-05-18T15:57:27.004962+00:00,Open-Meteo public API data; attribution required.
Hoa Binh,17,,2025-11,18.858402777777776,80.055617675,88.5,88.5,4.163799227041666,720,open_meteo,D:\MONEY VERSE\datasets\weather\weather_all_vietnam.csv,2026-05-18T15:57:27.004962+00:00,Open-Meteo public API data; attribution required.
Hoa Binh,17,,2025-12,18.501008064516128,82.27220675268818,43.5,43.5,4.618665401061827,744,open_meteo,D:\MONEY VERSE\datasets\weather\weather_all_vietnam.csv,2026-05-18T15:57:27.004962+00:00,Open-Meteo public API data; attribution required.
Hoa Binh,17,,2026-01,16.798185483870967,79.34027493413979,27.5,27.5,5.378206405658602,744,open_meteo,D:\MONEY VERSE\datasets\weather\weather_all_vietnam.csv,2026-05-18T15:57:27.004962+00:00,Open-Meteo public API data; attribution required.
Hoa Binh,17,,2026-02,19.8484375,84.47934474255952,43.2,43.2,6.102833423824405,672,open_meteo,D:\MONEY VERSE\datasets\weather\weather_all_vietnam.csv,2026-05-18T15:57:27.004962+00:00,Open-Meteo public API data; attribution required.
Hoa Binh,17,,2026-03,22.725604838709675,77.83731596774194,29.2,29.2,7.763913817728494,744,open_meteo,D:\MONEY VERSE\datasets\weather\weather_all_vietnam.csv,2026-05-18T15:57:27.004962+00:00,Open-Meteo public API data; attribution required.
Hoa Binh,17,,2026-04,27.133958333333336,72.42523148333333,68.6,68.6,6.901672691472222,720,open_meteo,D:\MONEY VERSE\datasets\weather\weather_all_vietnam.csv,2026-05-18T15:57:27.004962+00:00,Open-Meteo public API data; attribution required.
Hoa Binh,17,,2026-05,25.793518518518518,81.5899945,123.7,121.19999999000001,5.612012267916667,432,open_meteo,D:\MONEY VERSE\datasets\weather\weather_all_vietnam.csv,2026-05-18T15:57:27.004962+00:00,Open-Meteo public API data; attribution required.
Hung Yen,33,,2021-05,28.94327956989247,82.26933868413978,79.4,79.4,12.519828235080645,744,open_meteo,D:\MONEY VERSE\datasets\weather\weather_all_vietnam.csv,2026-05-18T15:57:27.004962+00:00,Open-Meteo public API data; attribution required.
Hung Yen,33,,2021-06,30.17763888888889,75.38903214027778,175.7,175.7,10.402454942166667,720,open_meteo,D:\MONEY VERSE\datasets\weather\weather_all_vietnam.csv,2026-05-18T15:57:27.004962+00:00,Open-Meteo public API data; attribution required.
Hung Yen,33,,2021-07,29.417002688172044,81.79453263037634,247.6,247.6,8.938677161142474,744,open_meteo,D:\MONEY VERSE\datasets\weather\weather_all_vietnam.csv,2026-05-18T15:57:27.004962+00:00,Open-Meteo public API data; attribution required.
Hung Yen,33,,2021-08,29.362903225806452,83.74384831989248,221.7,221.7,7.579733401814516,744,open_meteo,D:\MONEY VERSE\datasets\weather\weather_all_vietnam.csv,2026-05-18T15:57:27.004962+00:00,Open-Meteo public API data; attribution required.
Hung Yen,33,,2021-09,27.404305555555553,88.1236378625,292.1,292.1,6.455778790305556,720,open_meteo,D:\MONEY VERSE\datasets\weather\weather_all_vietnam.csv,2026-05-18T15:57:27.004962+00:00,Open-Meteo public API data; attribution required.
Hung Yen,33,,2021-10,23.49274193548387,80.87982800672043,424.5,424.5,13.308337032392474,744,open_meteo,D:\MONEY VERSE\datasets\weather\weather_all_vietnam.csv,2026-05-18T15:57:27.004962+00:00,Open-Meteo public API data; attribution required.
Hung Yen,33,,2021-11,21.0325,75.59472715972223,37.5,37.5,9.92377634048611,720,open_meteo,D:\MONEY VERSE\datasets\weather\weather_all_vietnam.csv,2026-05-18T15:57:27.004962+00:00,Open-Meteo public API data; attribution required.
Hung Yen,33,,2021-12,18.038440860215054,69.87788256317205,12.3,12.3,8.956063312365591,744,open_meteo,D:\MONEY VERSE\datasets\weather\weather_all_vietnam.csv,2026-05-18T15:57:27.004962+00:00,Open-Meteo public API data; attribution required.
Hung Yen,33,,2022-01,18.295833333333334,81.84146880510752,71.7,71.7,9.202393554314517,744,open_meteo,D:\MONEY VERSE\datasets\weather\weather_all_vietnam.csv,2026-05-18T15:57:27.004962+00:00,Open-Meteo public API data; attribution required.
Hung Yen,33,,2022-02,15.03452380952381,79.29977865625,88.2,88.2,9.336569985684523,672,open_meteo,D:\MONEY VERSE\datasets\weather\weather_all_vietnam.csv,2026-05-18T15:57:27.004962+00:00,Open-Meteo public API data; attribution required.
Hung Yen,33,,2022-03,22.176075268817204,85.60556289919354,83.2,83.2,9.77908018060484,744,open_meteo,D:\MONEY VERSE\datasets\weather\weather_all_vietnam.csv,2026-05-18T15:57:27.004962+00:00,Open-Meteo public API data; attribution required.
Hung Yen,33,,2022-04,23.27284722222222,81.20360658333334,91.6,91.6,10.790752192333333,720,open_meteo,D:\MONEY VERSE\datasets\weather\weather_all_vietnam.csv,2026-05-18T15:57:27.004962+00:00,Open-Meteo public API data; attribution required.
Hung Yen,33,,2022-05,25.494287634408604,83.67681374865592,302.1,302.1,8.776388463534946,744,open_meteo,D:\MONEY VERSE\datasets\weather\weather_all_vietnam.csv,2026-05-18T15:57:27.004962+00:00,Open-Meteo public API data; attribution required.
Hung Yen,33,,2022-06,29.668125,78.11188376666666,185.2,185.2,10.351569980694444,720,open_meteo,D:\MONEY VERSE\datasets\weather\weather_all_vietnam.csv,2026-05-18T15:57:27.004962+00:00,Open-Meteo public API data; attribution required.
Hung Yen,33,,2022-07,28.77614247311828,84.69887247849462,316.3,316.3,7.7445101134946235,744,open_meteo,D:\MONEY VERSE\datasets\weather\weather_all_vietnam.csv,2026-05-18T15:57:27.004962+00:00,Open-Meteo public API data; attribution required.
Hung Yen,33,,2022-08,28.099798387096776,86.97521989919355,472.2,472.2,7.376854453333333,744,open_meteo,D:\MONEY VERSE\datasets\weather\weather_all_vietnam.csv,2026-05-18T15:57:27.004962+00:00,Open-Meteo public API data; attribution required.
Hung Yen,33,,2022-09,26.99138888888889,86.18919124583333,479.3,479.3,7.478947059763889,720,open_meteo,D:\MONEY VERSE\datasets\weather\weather_all_vietnam.csv,2026-05-18T15:57:27.004962+00:00,Open-Meteo public API data; attribution required.
Hung Yen,33,,2022-10,24.131048387096776,75.88387534946237,168.3,168.3,10.204839155080645,744,open_meteo,D:\MONEY VERSE\datasets\weather\weather_all_vietnam.csv,2026-05-18T15:57:27.004962+00:00,Open-Meteo public API data; attribution required.
Hung Yen,33,,2022-11,24.387916666666666,81.89824138888889,117.3,117.3,8.242409218583333,720,open_meteo,D:\MONEY VERSE\datasets\weather\weather_all_vietnam.csv,2026-05-18T15:57:27.004962+00:00,Open-Meteo public API data; attribution required.
Hung Yen,33,,2022-12,16.319422043010753,66.9602182016129,14.2,14.2,10.227180291182796,744,open_meteo,D:\MONEY VERSE\datasets\weather\weather_all_vietnam.csv,2026-05-18T15:57:27.004962+00:00,Open-Meteo public API data; attribution required.
Hung Yen,33,,2023-01,16.659139784946237,69.57896309946237,25.7,25.7,8.962632849771506,744,open_meteo,D:\MONEY VERSE\datasets\weather\weather_all_vietnam.csv,2026-05-18T15:57:27.004962+00:00,Open-Meteo public API data; attribution required.
Hung Yen,33,,2023-02,19.87686011904762,80.27542212946429,37.6,37.6,10.368702862723215,672,open_meteo,D:\MONEY VERSE\datasets\weather\weather_all_vietnam.csv,2026-05-18T15:57:27.004962+00:00,Open-Meteo public API data; attribution required.
Hung Yen,33,,2023-03,22.28165322580645,78.71665004301076,24.8,24.8,9.642166006317204,744,open_meteo,D:\MONEY VERSE\datasets\weather\weather_all_vietnam.csv,2026-05-18T15:57:27.004962+00:00,Open-Meteo public API data; attribution required.
Hung Yen,33,,2023-04,25.241666666666667,84.53642585833333,60.1,60.1,10.030534268416666,720,open_meteo,D:\MONEY VERSE\datasets\weather\weather_all_vietnam.csv,2026-05-18T15:57:27.004962+00:00,Open-Meteo public API data; attribution required.
Hung Yen,33,,2023-05,28.140860215053763,80.09572297983871,126.6,126.6,10.654960332661291,744,open_meteo,D:\MONEY VERSE\datasets\weather\weather_all_vietnam.csv,2026-05-18T15:57:27.004962+00:00,Open-Meteo public API data; attribution required.
Hung Yen,33,,2023-06,29.219722222222224,82.99080837916667,338.6,338.6,7.494555537694445,720,open_meteo,D:\MONEY VERSE\datasets\weather\weather_all_vietnam.csv,2026-05-18T15:57:27.004962+00:00,Open-Meteo public API data; attribution required.
Hung Yen,33,,2023-07,30.31364247311828,76.86353663844086,138.8,138.8,9.76646887657258,744,open_meteo,D:\MONEY VERSE\datasets\weather\weather_all_vietnam.csv,2026-05-18T15:57:27.004962+00:00,Open-Meteo public API data; attribution required.
Hung Yen,33,,2023-08,28.30114247311828,85.96468867876344,340.1,340.1,7.09250844375,744,open_meteo,D:\MONEY VERSE\datasets\weather\weather_all_vietnam.csv,2026-05-18T15:57:27.004962+00:00,Open-Meteo public API data; attribution required.
Hung Yen,33,,2023-09,27.164027777777775,86.53840973194444,465.6,465.6,8.267826112805556,720,open_meteo,D:\MONEY VERSE\datasets\weather\weather_all_vietnam.csv,2026-05-18T15:57:27.004962+00:00,Open-Meteo public API data; attribution required.
Hung Yen,33,,2023-10,26.057526881720428,75.91108505107528,64.4,64.4,9.212691011021505,744,open_meteo,D:\MONEY VERSE\datasets\weather\weather_all_vietnam.csv,2026-05-18T15:57:27.004962+00:00,Open-Meteo public API data; attribution required.
Hung Yen,33,,2023-11,22.80222222222222,79.29058975694444,40.2,40.2,8.486165010347221,720,open_meteo,D:\MONEY VERSE\datasets\weather\weather_all_vietnam.csv,2026-05-18T15:57:27.004962+00:00,Open-Meteo public API data; attribution required.
Hung Yen,33,,2023-12,18.82869623655914,72.740995952957,30.3,30.3,10.081810730510753,744,open_meteo,D:\MONEY VERSE\datasets\weather\weather_all_vietnam.csv,2026-05-18T15:57:27.004962+00:00,Open-Meteo public API data; attribution required.
Hung Yen,33,,2024-01,18.043346774193548,81.78632193548387,110.9,110.9,9.816425871774193,744,open_meteo,D:\MONEY VERSE\datasets\weather\weather_all_vietnam.csv,2026-05-18T15:57:27.004962+00:00,Open-Meteo public API data; attribution required.
Hung Yen,33,,2024-02,19.739942528735632,81.01115075143679,23.1,23.1,11.280203357385057,696,open_meteo,D:\MONEY VERSE\datasets\weather\weather_all_vietnam.csv,2026-05-18T15:57:27.004962+00:00,Open-Meteo public API data; attribution required.
Hung Yen,33,,2024-03,21.674059139784948,83.43324092473118,96.7,96.7,9.794027092674732,744,open_meteo,D:\MONEY VERSE\datasets\weather\weather_all_vietnam.csv,2026-05-18T15:57:27.004962+00:00,Open-Meteo public API data; attribution required.
Hung Yen,33,,2024-04,27.8575,80.73408392916667,25.0,25.0,12.361184697916666,720,open_meteo,D:\MONEY VERSE\datasets\weather\weather_all_vietnam.csv,2026-05-18T15:57:27.004962+00:00,Open-Meteo public API data; attribution required.
Hung Yen,33,,2024-05,27.48440860215054,85.70875747311828,321.4,321.4,9.498729716129032,744,open_meteo,D:\MONEY VERSE\datasets\weather\weather_all_vietnam.csv,2026-05-18T15:57:27.004962+00:00,Open-Meteo public API data; attribution required.
Hung Yen,33,,2024-06,29.438125,81.79574294722222,338.6,338.6,9.113075929972222,720,open_meteo,D:\MONEY VERSE\datasets\weather\weather_all_vietnam.csv,2026-05-18T15:57:27.004962+00:00,Open-Meteo public API data; attribution required.
Hung Yen,33,,2024-07,28.99173387096774,83.57762366666667,396.4,396.4,9.65696547670699,744,open_meteo,D:\MONEY VERSE\datasets\weather\weather_all_vietnam.csv,2026-05-18T15:57:27.004962+00:00,Open-Meteo public API data; attribution required.
Hung Yen,33,,2024-08,28.997311827956988,84.63038055645161,237.4,237.4,7.076123854704301,744,open_meteo,D:\MONEY VERSE\datasets\weather\weather_all_vietnam.csv,2026-05-18T15:57:27.004962+00:00,Open-Meteo public API data; attribution required.
Hung Yen,33,,2024-09,27.331180555555555,86.45373044305556,612.0,612.0,10.114684112972222,720,open_meteo,D:\MONEY VERSE\datasets\weather\weather_all_vietnam.csv,2026-05-18T15:57:27.004962+00:00,Open-Meteo public API data; attribution required.
Hung Yen,33,,2024-10,25.24032258064516,73.95687537768818,65.8,65.8,9.874418590161289,744,open_meteo,D:\MONEY VERSE\datasets\weather\weather_all_vietnam.csv,2026-05-18T15:57:27.004962+00:00,Open-Meteo public API data; attribution required.
Hung Yen,33,,2024-11,23.105277777777776,73.32339117083333,14.3,14.3,7.931103991194444,720,open_meteo,D:\MONEY VERSE\datasets\weather\weather_all_vietnam.csv,2026-05-18T15:57:27.004962+00:00,Open-Meteo public API data; attribution required.
Hung Yen,33,,2024-12,18.168548387096774,71.43998327553764,14.6,14.6,8.777784959650539,744,open_meteo,D:\MONEY VERSE\datasets\weather\weather_all_vietnam.csv,2026-05-18T15:57:27.004962+00:00,Open-Meteo public API data; attribution required.
Hung Yen,33,,2025-01,17.187836021505376,71.765853125,13.6,13.6,8.861738446290323,744,open_meteo,D:\MONEY VERSE\datasets\weather\weather_all_vietnam.csv,2026-05-18T15:57:27.004962+00:00,Open-Meteo public API data; attribution required.
Hung Yen,33,,2025-02,17.598214285714285,82.04063998511904,50.8,50.8,9.180697896056548,672,open_meteo,D:\MONEY VERSE\datasets\weather\weather_all_vietnam.csv,2026-05-18T15:57:27.004962+00:00,Open-Meteo public API data; attribution required.
Hung Yen,33,,2025-03,20.269489247311828,80.29872353629032,37.5,37.5,10.271901682325268,744,open_meteo,D:\MONEY VERSE\datasets\weather\weather_all_vietnam.csv,2026-05-18T15:57:27.004962+00:00,Open-Meteo public API data; attribution required.
Hung Yen,33,,2025-04,24.26597222222222,84.00969699583334,113.8,113.8,9.598320708583334,720,open_meteo,D:\MONEY VERSE\datasets\weather\weather_all_vietnam.csv,2026-05-18T15:57:27.004962+00:00,Open-Meteo public API data; attribution required.
Hung Yen,33,,2025-05,26.99858870967742,84.83763969489247,251.6,251.6,10.412281798185484,744,open_meteo,D:\MONEY VERSE\datasets\weather\weather_all_vietnam.csv,2026-05-18T15:57:27.004962+00:00,Open-Meteo public API data; attribution required.
Hung Yen,33,,2025-06,29.020000000000003,82.93400693194444,316.9,316.9,9.668026421361112,720,open_meteo,D:\MONEY VERSE\datasets\weather\weather_all_vietnam.csv,2026-05-18T15:57:27.004962+00:00,Open-Meteo public API data; attribution required.
Hung Yen,33,,2025-07,28.83353494623656,84.35229871505376,335.0,335.0,7.368441715362903,744,open_meteo,D:\MONEY VERSE\datasets\weather\weather_all_vietnam.csv,2026-05-18T15:57:27.004962+00:00,Open-Meteo public API data; attribution required.
Hung Yen,33,,2025-08,28.308266129032255,85.24959683736559,389.7,389.7,9.729671191505377,744,open_meteo,D:\MONEY VERSE\datasets\weather\weather_all_vietnam.csv,2026-05-18T15:57:27.004962+00:00,Open-Meteo public API data; attribution required.
Hung Yen,33,,2025-09,27.6775,85.21377130833334,413.0,413.0,8.130950333986112,720,open_meteo,D:\MONEY VERSE\datasets\weather\weather_all_vietnam.csv,2026-05-18T15:57:27.004962+00:00,Open-Meteo public API data; attribution required.
Hung Yen,33,,2025-10,25.368279569892472,80.35342769758064,295.7,295.7,8.939533265940861,744,open_meteo,D:\MONEY VERSE\datasets\weather\weather_all_vietnam.csv,2026-05-18T15:57:27.004962+00:00,Open-Meteo public API data; attribution required.
Hung Yen,33,,2025-11,20.494930555555555,74.87961928333333,106.4,106.4,10.035232099722222,720,open_meteo,D:\MONEY VERSE\datasets\weather\weather_all_vietnam.csv,2026-05-18T15:57:27.004962+00:00,Open-Meteo public API data; attribution required.
Hung Yen,33,,2025-12,20.26270161290323,79.07225541129033,40.8,40.8,7.70042450608871,744,open_meteo,D:\MONEY VERSE\datasets\weather\weather_all_vietnam.csv,2026-05-18T15:57:27.004962+00:00,Open-Meteo public API data; attribution required.
Hung Yen,33,,2026-01,17.968010752688173,78.47900425134408,23.8,23.8,8.654309768104838,744,open_meteo,D:\MONEY VERSE\datasets\weather\weather_all_vietnam.csv,2026-05-18T15:57:27.004962+00:00,Open-Meteo public API data; attribution required.
Hung Yen,33,,2026-02,20.798065476190477,83.20515129910714,32.3,32.3,9.952905481443453,672,open_meteo,D:\MONEY VERSE\datasets\weather\weather_all_vietnam.csv,2026-05-18T15:57:27.004962+00:00,Open-Meteo public API data; attribution required.
Hung Yen,33,,2026-03,23.205712365591395,81.35238692876344,73.1,73.1,11.601450502688172,744,open_meteo,D:\MONEY VERSE\datasets\weather\weather_all_vietnam.csv,2026-05-18T15:57:27.004962+00:00,Open-Meteo public API data; attribution required.
Hung Yen,33,,2026-04,27.262638888888887,79.69795621805555,155.5,155.5,11.275784838041666,720,open_meteo,D:\MONEY VERSE\datasets\weather\weather_all_vietnam.csv,2026-05-18T15:57:27.004962+00:00,Open-Meteo public API data; attribution required.
Hung Yen,33,,2026-05,26.70844907407407,84.87422922916667,175.1,149.100000362,9.173434210324073,432,open_meteo,D:\MONEY VERSE\datasets\weather\weather_all_vietnam.csv,2026-05-18T15:57:27.004962+00:00,Open-Meteo public API data; attribution required.
Khanh Hoa,56,,2021-05,28.080647426075267,81.88309403091398,137.4,137.4,6.5254776025134404,744,open_meteo,D:\MONEY VERSE\datasets\weather\weather_all_vietnam.csv,2026-05-18T15:57:27.004962+00:00,Open-Meteo public API data; attribution required.
Khanh Hoa,56,,2021-06,29.971749581944444,70.50091650972223,20.5,20.5,6.007931863125,720,open_meteo,D:\MONEY VERSE\datasets\weather\weather_all_vietnam.csv,2026-05-18T15:57:27.004962+00:00,Open-Meteo public API data; attribution required.
Khanh Hoa,56,,2021-07,29.408201182795697,70.57687399865591,39.4,39.4,5.782236784798387,744,open_meteo,D:\MONEY VERSE\datasets\weather\weather_all_vietnam.csv,2026-05-18T15:57:27.004962+00:00,Open-Meteo public API data; attribution required.
Khanh Hoa,56,,2021-08,29.313039897849464,73.27757884408602,61.7,61.7,6.496956000268817,744,open_meteo,D:\MONEY VERSE\datasets\weather\weather_all_vietnam.csv,2026-05-18T15:57:27.004962+00:00,Open-Meteo public API data; attribution required.
Khanh Hoa,56,,2021-09,26.998207919444443,85.3303171625,148.9,148.9,5.56852823725,720,open_meteo,D:\MONEY VERSE\datasets\weather\weather_all_vietnam.csv,2026-05-18T15:57:27.004962+00:00,Open-Meteo public API data; attribution required.
Khanh Hoa,56,,2021-10,26.34220659677419,86.66224018951613,382.1,382.1,6.709032139126345,744,open_meteo,D:\MONEY VERSE\datasets\weather\weather_all_vietnam.csv,2026-05-18T15:57:27.004962+00:00,Open-Meteo public API data; attribution required.
Khanh Hoa,56,,2021-11,24.770082954166668,90.60726181527778,773.6,773.6,10.640842799305556,720,open_meteo,D:\MONEY VERSE\datasets\weather\weather_all_vietnam.csv,2026-05-18T15:57:27.004962+00:00,Open-Meteo public API data; attribution required.
Khanh Hoa,56,,2021-12,24.188846366935483,78.58252874327957,65.7,65.7,15.010518707258065,744,open_meteo,D:\MONEY VERSE\datasets\weather\weather_all_vietnam.csv,2026-05-18T15:57:27.004962+00:00,Open-Meteo public API data; attribution required.
Khanh Hoa,56,,2022-01,24.02372542876344,79.00120322446236,38.3,38.3,12.062903315456989,744,open_meteo,D:\MONEY VERSE\datasets\weather\weather_all_vietnam.csv,2026-05-18T15:57:27.004962+00:00,Open-Meteo public API data; attribution required.
Khanh Hoa,56,,2022-02,24.48686866964286,80.4773415297619,71.60000000000001,71.60000000000001,12.784605268303572,672,open_meteo,D:\MONEY VERSE\datasets\weather\weather_all_vietnam.csv,2026-05-18T15:57:27.004962+00:00,Open-Meteo public API data; attribution required.
Khanh Hoa,56,,2022-03,25.882663569892472,79.21095156854838,158.3,158.3,9.433617376317205,744,open_meteo,D:\MONEY VERSE\datasets\weather\weather_all_vietnam.csv,2026-05-18T15:57:27.004962+00:00,Open-Meteo public API data; attribution required.
Khanh Hoa,56,,2022-04,26.05084679583333,82.24181864027778,116.9,116.9,9.17754522863889,720,open_meteo,D:\MONEY VERSE\datasets\weather\weather_all_vietnam.csv,2026-05-18T15:57:27.004962+00:00,Open-Meteo public API data; attribution required.
Khanh Hoa,56,,2022-05,27.59355068010753,82.60793988172043,69.9,69.9,6.363277063615591,744,open_meteo,D:\MONEY VERSE\datasets\weather\weather_all_vietnam.csv,2026-05-18T15:57:27.004962+00:00,Open-Meteo public API data; attribution required.
Khanh Hoa,56,,2022-06,29.369388494444447,72.24755676527778,11.6,11.6,6.943813360875,720,open_meteo,D:\MONEY VERSE\datasets\weather\weather_all_vietnam.csv,2026-05-18T15:57:27.004962+00:00,Open-Meteo public API data; attribution required.
Khanh Hoa,56,,2022-07,28.317475380376344,79.11954781048388,99.4,99.4,5.711090975833333,744,open_meteo,D:\MONEY VERSE\datasets\weather\weather_all_vietnam.csv,2026-05-18T15:57:27.004962+00:00,Open-Meteo public API data; attribution required.
Khanh Hoa,56,,2022-08,28.121037221774195,79.05909334811828,79.5,79.5,5.325748391639785,744,open_meteo,D:\MONEY VERSE\datasets\weather\weather_all_vietnam.csv,2026-05-18T15:57:27.004962+00:00,Open-Meteo public API data; attribution required.
Khanh Hoa,56,,2022-09,27.155569019444446,83.81764000277778,173.2,173.2,5.093638130138888,720,open_meteo,D:\MONEY VERSE\datasets\weather\weather_all_vietnam.csv,2026-05-18T15:57:27.004962+00:00,Open-Meteo public API data; attribution required.
Khanh Hoa,56,,2022-10,25.781319510752684,84.86742813172043,327.1,327.1,8.74369994577957,744,open_meteo,D:\MONEY VERSE\datasets\weather\weather_all_vietnam.csv,2026-05-18T15:57:27.004962+00:00,Open-Meteo public API data; attribution required.
Khanh Hoa,56,,2022-11,25.437374569444444,85.61227753194444,402.8,402.8,9.350341410972222,720,open_meteo,D:\MONEY VERSE\datasets\weather\weather_all_vietnam.csv,2026-05-18T15:57:27.004962+00:00,Open-Meteo public API data; attribution required.
Khanh Hoa,56,,2022-12,23.79442435887097,78.44528536962365,185.5,185.5,15.409414665860217,744,open_meteo,D:\MONEY VERSE\datasets\weather\weather_all_vietnam.csv,2026-05-18T15:57:27.004962+00:00,Open-Meteo public API data; attribution required.
Khanh Hoa,56,,2023-01,23.334679701612902,80.99077928629032,192.6,192.6,14.40618131610215,744,open_meteo,D:\MONEY VERSE\datasets\weather\weather_all_vietnam.csv,2026-05-18T15:57:27.004962+00:00,Open-Meteo public API data; attribution required.
Khanh Hoa,56,,2023-02,24.05167521279762,80.78836939434524,41.2,41.2,12.823117898809523,672,open_meteo,D:\MONEY VERSE\datasets\weather\weather_all_vietnam.csv,2026-05-18T15:57:27.004962+00:00,Open-Meteo public API data; attribution required.
Khanh Hoa,56,,2023-03,24.88622539516129,75.34358734274194,17.7,17.7,12.128865578991936,744,open_meteo,D:\MONEY VERSE\datasets\weather\weather_all_vietnam.csv,2026-05-18T15:57:27.004962+00:00,Open-Meteo public API data; attribution required.
Khanh Hoa,56,,2023-04,27.852930115277776,77.45965116666666,21.3,21.3,9.027573509833333,720,open_meteo,D:\MONEY VERSE\datasets\weather\weather_all_vietnam.csv,2026-05-18T15:57:27.004962+00:00,Open-Meteo public API data; attribution required.
Khanh Hoa,56,,2023-05,29.163846325268818,75.72607982392474,64.6,64.6,6.426130756048387,744,open_meteo,D:\MONEY VERSE\datasets\weather\weather_all_vietnam.csv,2026-05-18T15:57:27.004962+00:00,Open-Meteo public API data; attribution required.
Khanh Hoa,56,,2023-06,29.659527368055553,72.93766758055555,79.3,79.3,5.905083725333333,720,open_meteo,D:\MONEY VERSE\datasets\weather\weather_all_vietnam.csv,2026-05-18T15:57:27.004962+00:00,Open-Meteo public API data; attribution required.
Khanh Hoa,56,,2023-07,28.70947809408602,78.9762447392473,81.9,81.9,5.4699883198790324,744,open_meteo,D:\MONEY VERSE\datasets\weather\weather_all_vietnam.csv,2026-05-18T15:57:27.004962+00:00,Open-Meteo public API data; attribution required.
Khanh Hoa,56,,2023-08,29.38212588844086,76.5302634422043,114.9,114.9,5.730572277392473,744,open_meteo,D:\MONEY VERSE\datasets\weather\weather_all_vietnam.csv,2026-05-18T15:57:27.004962+00:00,Open-Meteo public API data; attribution required.
Khanh Hoa,56,,2023-09,28.300152391666668,80.94842176666667,113.0,113.0,5.338579591013889,720,open_meteo,D:\MONEY VERSE\datasets\weather\weather_all_vietnam.csv,2026-05-18T15:57:27.004962+00:00,Open-Meteo public API data; attribution required.
Khanh Hoa,56,,2023-10,26.896306049731184,86.37061316532258,151.6,151.6,6.235205889032257,744,open_meteo,D:\MONEY VERSE\datasets\weather\weather_all_vietnam.csv,2026-05-18T15:57:27.004962+00:00,Open-Meteo public API data; attribution required.
Khanh Hoa,56,,2023-11,25.623069063888888,84.4114812013889,203.0,203.0,11.478437440138888,720,open_meteo,D:\MONEY VERSE\datasets\weather\weather_all_vietnam.csv,2026-05-18T15:57:27.004962+00:00,Open-Meteo public API data; attribution required.
Khanh Hoa,56,,2023-12,25.03427648924731,82.82165524999999,113.7,113.7,13.976507368010754,744,open_meteo,D:\MONEY VERSE\datasets\weather\weather_all_vietnam.csv,2026-05-18T15:57:27.004962+00:00,Open-Meteo public API data; attribution required.
Khanh Hoa,56,,2024-01,24.27412860349462,76.47404558467743,29.2,29.2,14.731183018548387,744,open_meteo,D:\MONEY VERSE\datasets\weather\weather_all_vietnam.csv,2026-05-18T15:57:27.004962+00:00,Open-Meteo public API data; attribution required.
Khanh Hoa,56,,2024-02,25.102180629310347,79.82935257614943,25.2,25.2,10.676029678405172,696,open_meteo,D:\MONEY VERSE\datasets\weather\weather_all_vietnam.csv,2026-05-18T15:57:27.004962+00:00,Open-Meteo public API data; attribution required.
Khanh Hoa,56,,2024-03,26.164383995967743,79.92653014650539,18.5,18.5,9.129449259811828,744,open_meteo,D:\MONEY VERSE\datasets\weather\weather_all_vietnam.csv,2026-05-18T15:57:27.004962+00:00,Open-Meteo public API data; attribution required.
Khanh Hoa,56,,2024-04,28.864735687499998,74.65254242222221,3.7,3.7,9.374833200166666,720,open_meteo,D:\MONEY VERSE\datasets\weather\weather_all_vietnam.csv,2026-05-18T15:57:27.004962+00:00,Open-Meteo public API data; attribution required.
Khanh Hoa,56,,2024-05,29.884209298387095,75.28033117741936,30.5,30.5,6.902120499905914,744,open_meteo,D:\MONEY VERSE\datasets\weather\weather_all_vietnam.csv,2026-05-18T15:57:27.004962+00:00,Open-Meteo public API data; attribution required.
Khanh Hoa,56,,2024-06,29.578277406944444,76.5099476125,60.2,60.2,6.002477497625,720,open_meteo,D:\MONEY VERSE\datasets\weather\weather_all_vietnam.csv,2026-05-18T15:57:27.004962+00:00,Open-Meteo public API data; attribution required.
Khanh Hoa,56,,2024-07,28.52459906586021,79.76252526075268,121.0,121.0,5.289478748064516,744,open_meteo,D:\MONEY VERSE\datasets\weather\weather_all_vietnam.csv,2026-05-18T15:57:27.004962+00:00,Open-Meteo public API data; attribution required.
Khanh Hoa,56,,2024-08,29.603295307795698,73.56377171505376,35.4,35.4,6.655305812083334,744,open_meteo,D:\MONEY VERSE\datasets\weather\weather_all_vietnam.csv,2026-05-18T15:57:27.004962+00:00,Open-Meteo public API data; attribution required.
Khanh Hoa,56,,2024-09,28.446332930555556,80.18754424305556,117.1,117.1,5.451036436152777,720,open_meteo,D:\MONEY VERSE\datasets\weather\weather_all_vietnam.csv,2026-05-18T15:57:27.004962+00:00,Open-Meteo public API data; attribution required.
Khanh Hoa,56,,2024-10,26.57755604435484,84.61331722311829,187.7,187.7,7.428505537728494,744,open_meteo,D:\MONEY VERSE\datasets\weather\weather_all_vietnam.csv,2026-05-18T15:57:27.004962+00:00,Open-Meteo public API data; attribution required.
Khanh Hoa,56,,2024-11,25.98043015,82.07885220694445,166.1,166.1,11.903770362527778,720,open_meteo,D:\MONEY VERSE\datasets\weather\weather_all_vietnam.csv,2026-05-18T15:57:27.004962+00:00,Open-Meteo public API data; attribution required.
Khanh Hoa,56,,2024-12,24.69066089112903,81.75147817876343,456.0,456.0,15.683793310887097,744,open_meteo,D:\MONEY VERSE\datasets\weather\weather_all_vietnam.csv,2026-05-18T15:57:27.004962+00:00,Open-Meteo public API data; attribution required.
Khanh Hoa,56,,2025-01,22.928160852150537,74.37724412903225,31.4,31.4,15.123160644489248,744,open_meteo,D:\MONEY VERSE\datasets\weather\weather_all_vietnam.csv,2026-05-18T15:57:27.004962+00:00,Open-Meteo public API data; attribution required.
Khanh Hoa,56,,2025-02,24.21112459672619,77.62310230803571,73.9,73.9,13.737454630386905,672,open_meteo,D:\MONEY VERSE\datasets\weather\weather_all_vietnam.csv,2026-05-18T15:57:27.004962+00:00,Open-Meteo public API data; attribution required.
Khanh Hoa,56,,2025-03,25.57439744892473,78.6156369516129,34.1,34.1,10.981965634758065,744,open_meteo,D:\MONEY VERSE\datasets\weather\weather_all_vietnam.csv,2026-05-18T15:57:27.004962+00:00,Open-Meteo public API data; attribution required.
Khanh Hoa,56,,2025-04,27.221819037499998,77.93986678055555,19.6,19.6,8.620187490833333,720,open_meteo,D:\MONEY VERSE\datasets\weather\weather_all_vietnam.csv,2026-05-18T15:57:27.004962+00:00,Open-Meteo public API data; attribution required.
Khanh Hoa,56,,2025-05,28.530916267473117,79.42097431182796,103.7,103.7,5.958837913387097,744,open_meteo,D:\MONEY VERSE\datasets\weather\weather_all_vietnam.csv,2026-05-18T15:57:27.004962+00:00,Open-Meteo public API data; attribution required.
Khanh Hoa,56,,2025-06,29.414527347222222,73.43874522916667,49.1,49.1,6.576654662472222,720,open_meteo,D:\MONEY VERSE\datasets\weather\weather_all_vietnam.csv,2026-05-18T15:57:27.004962+00:00,Open-Meteo public API data; attribution required.
Khanh Hoa,56,,2025-07,30.619625966397848,66.45408818951613,59.5,59.5,6.327714752889785,744,open_meteo,D:\MONEY VERSE\datasets\weather\weather_all_vietnam.csv,2026-05-18T15:57:27.004962+00:00,Open-Meteo public API data; attribution required.
Khanh Hoa,56,,2025-08,28.926884048387095,75.91191252688172,114.8,114.8,6.318340222056452,744,open_meteo,D:\MONEY VERSE\datasets\weather\weather_all_vietnam.csv,2026-05-18T15:57:27.004962+00:00,Open-Meteo public API data; attribution required.
Khanh Hoa,56,,2025-09,27.622999594444444,82.17794700277778,222.8,222.8,5.542727032,720,open_meteo,D:\MONEY VERSE\datasets\weather\weather_all_vietnam.csv,2026-05-18T15:57:27.004962+00:00,Open-Meteo public API data; attribution required.
Khanh Hoa,56,,2025-10,26.906789935483868,82.99357598252688,251.6,251.6,6.942247557096775,744,open_meteo,D:\MONEY VERSE\datasets\weather\weather_all_vietnam.csv,2026-05-18T15:57:27.004962+00:00,Open-Meteo public API data; attribution required.
Khanh Hoa,56,,2025-11,25.39661068194444,84.10361496805555,608.6,608.6,11.129523324819445,720,open_meteo,D:\MONEY VERSE\datasets\weather\weather_all_vietnam.csv,2026-05-18T15:57:27.004962+00:00,Open-Meteo public API data; attribution required.
Khanh Hoa,56,,2025-12,24.83662863844086,80.02693916397848,127.0,127.0,13.583679766465053,744,open_meteo,D:\MONEY VERSE\datasets\weather\weather_all_vietnam.csv,2026-05-18T15:57:27.004962+00:00,Open-Meteo public API data; attribution required.
Khanh Hoa,56,,2026-01,23.2882415672043,70.70229360215053,8.6,8.6,14.610681489516129,744,open_meteo,D:\MONEY VERSE\datasets\weather\weather_all_vietnam.csv,2026-05-18T15:57:27.004962+00:00,Open-Meteo public API data; attribution required.
Khanh Hoa,56,,2026-02,24.42808889434524,78.83968648958333,34.8,34.8,11.926467322321429,672,open_meteo,D:\MONEY VERSE\datasets\weather\weather_all_vietnam.csv,2026-05-18T15:57:27.004962+00:00,Open-Meteo public API data; attribution required.
Khanh Hoa,56,,2026-03,25.754437788978493,74.92589256586022,26.6,26.6,10.755913913817205,744,open_meteo,D:\MONEY VERSE\datasets\weather\weather_all_vietnam.csv,2026-05-18T15:57:27.004962+00:00,Open-Meteo public API data; attribution required.
Khanh Hoa,56,,2026-04,28.131680155555554,72.14431689027778,5.300000000000001,5.300000000000001,8.388328861458334,720,open_meteo,D:\MONEY VERSE\datasets\weather\weather_all_vietnam.csv,2026-05-18T15:57:27.004962+00:00,Open-Meteo public API data; attribution required.
Khanh Hoa,56,,2026-05,29.214944097222222,74.10617553472223,24.1,23.400000000000002,8.925001693125,432,open_meteo,D:\MONEY VERSE\datasets\weather\weather_all_vietnam.csv,2026-05-18T15:57:27.004962+00:00,Open-Meteo public API data; attribution required.
Kien Giang,91,,2021-05,28.076707318548387,82.74735819758065,207.5,207.5,9.924741864784947,744,open_meteo,D:\MONEY VERSE\datasets\weather\weather_all_vietnam.csv,2026-05-18T15:57:27.004962+00:00,Open-Meteo public API data; attribution required.
Kien Giang,91,,2021-06,27.82340317638889,83.65405492916666,153.0,153.0,14.545487909583333,720,open_meteo,D:\MONEY VERSE\datasets\weather\weather_all_vietnam.csv,2026-05-18T15:57:27.004962+00:00,Open-Meteo public API data; attribution required.
Kien Giang,91,,2021-07,27.346331045698925,84.79566541532257,367.0,367.0,15.279994503736559,744,open_meteo,D:\MONEY VERSE\datasets\weather\weather_all_vietnam.csv,2026-05-18T15:57:27.004962+00:00,Open-Meteo public API data; attribution required.
Kien Giang,91,,2021-08,27.14827998655914,85.38893792473118,293.9,293.9,12.91775636111559,744,open_meteo,D:\MONEY VERSE\datasets\weather\weather_all_vietnam.csv,2026-05-18T15:57:27.004962+00:00,Open-Meteo public API data; attribution required.
Kien Giang,91,,2021-09,26.816597609722223,85.59129472361111,361.90000000000003,361.90000000000003,13.083781527916667,720,open_meteo,D:\MONEY VERSE\datasets\weather\weather_all_vietnam.csv,2026-05-18T15:57:27.004962+00:00,Open-Meteo public API data; attribution required.
Kien Giang,91,,2021-10,26.83887137768817,84.74165253091398,541.7,541.7,11.051185936962366,744,open_meteo,D:\MONEY VERSE\datasets\weather\weather_all_vietnam.csv,2026-05-18T15:57:27.004962+00:00,Open-Meteo public API data; attribution required.
Kien Giang,91,,2021-11,26.125139269444446,85.69990010138889,376.3,376.3,9.936772405972222,720,open_meteo,D:\MONEY VERSE\datasets\weather\weather_all_vietnam.csv,2026-05-18T15:57:27.004962+00:00,Open-Meteo public API data; attribution required.
Kien Giang,91,,2021-12,25.80305145967742,75.02179176209677,46.5,46.5,9.52964093844086,744,open_meteo,D:\MONEY VERSE\datasets\weather\weather_all_vietnam.csv,2026-05-18T15:57:27.004962+00:00,Open-Meteo public API data; attribution required.
Kien Giang,91,,2022-01,26.748347072580643,71.58325209274193,23.6,23.6,8.93598361985215,744,open_meteo,D:\MONEY VERSE\datasets\weather\weather_all_vietnam.csv,2026-05-18T15:57:27.004962+00:00,Open-Meteo public API data; attribution required.
Kien Giang,91,,2022-02,27.771294784226193,68.98482324702381,47.1,47.1,12.41850698407738,672,open_meteo,D:\MONEY VERSE\datasets\weather\weather_all_vietnam.csv,2026-05-18T15:57:27.004962+00:00,Open-Meteo public API data; attribution required.
Kien Giang,91,,2022-03,27.949086162634412,74.50586660752688,102.2,102.2,8.882406005833333,744,open_meteo,D:\MONEY VERSE\datasets\weather\weather_all_vietnam.csv,2026-05-18T15:57:27.004962+00:00,Open-Meteo public API data; attribution required.
Kien Giang,91,,2022-04,27.239166983333334,81.87655577916667,215.4,215.4,8.240666849416666,720,open_meteo,D:\MONEY VERSE\datasets\weather\weather_all_vietnam.csv,2026-05-18T15:57:27.004962+00:00,Open-Meteo public API data; attribution required.
Kien Giang,91,,2022-05,27.51004070295699,83.83157875672043,325.3,325.3,12.14431094623656,744,open_meteo,D:\MONEY VERSE\datasets\weather\weather_all_vietnam.csv,2026-05-18T15:57:27.004962+00:00,Open-Meteo public API data; attribution required.
Kien Giang,91,,2022-06,27.71013925416667,82.78780432361111,139.5,139.5,10.601055961666667,720,open_meteo,D:\MONEY VERSE\datasets\weather\weather_all_vietnam.csv,2026-05-18T15:57:27.004962+00:00,Open-Meteo public API data; attribution required.
Kien Giang,91,,2022-07,26.87153264516129,85.52035263172043,371.9,371.9,13.516652809274195,744,open_meteo,D:\MONEY VERSE\datasets\weather\weather_all_vietnam.csv,2026-05-18T15:57:27.004962+00:00,Open-Meteo public API data; attribution required.
Kien Giang,91,,2022-08,27.008159017473115,83.8865915188172,273.9,273.9,12.785797962903226,744,open_meteo,D:\MONEY VERSE\datasets\weather\weather_all_vietnam.csv,2026-05-18T15:57:27.004962+00:00,Open-Meteo public API data; attribution required.
Kien Giang,91,,2022-09,26.688750383333335,84.25130502083334,373.3,373.3,13.896699839444445,720,open_meteo,D:\MONEY VERSE\datasets\weather\weather_all_vietnam.csv,2026-05-18T15:57:27.004962+00:00,Open-Meteo public API data; attribution required.
Kien Giang,91,,2022-10,26.16871006451613,85.14781668548387,378.9,378.9,7.566446752876344,744,open_meteo,D:\MONEY VERSE\datasets\weather\weather_all_vietnam.csv,2026-05-18T15:57:27.004962+00:00,Open-Meteo public API data; attribution required.
Kien Giang,91,,2022-11,26.115208722222224,85.92132115416666,246.6,246.6,8.033609874847222,720,open_meteo,D:\MONEY VERSE\datasets\weather\weather_all_vietnam.csv,2026-05-18T15:57:27.004962+00:00,Open-Meteo public API data; attribution required.
Kien Giang,91,,2022-12,25.762392876344087,73.88431278897849,34.7,34.7,10.184792342741936,744,open_meteo,D:\MONEY VERSE\datasets\weather\weather_all_vietnam.csv,2026-05-18T15:57:27.004962+00:00,Open-Meteo public API data; attribution required.
Kien Giang,91,,2023-01,25.233091822580644,76.23230724462366,97.0,97.0,10.082256882768817,744,open_meteo,D:\MONEY VERSE\datasets\weather\weather_all_vietnam.csv,2026-05-18T15:57:27.004962+00:00,Open-Meteo public API data; attribution required.
Kien Giang,91,,2023-02,26.853437830357144,70.57416256696429,20.4,20.4,10.34643972529762,672,open_meteo,D:\MONEY VERSE\datasets\weather\weather_all_vietnam.csv,2026-05-18T15:57:27.004962+00:00,Open-Meteo public API data; attribution required.
Kien Giang,91,,2023-03,27.7066129905914,66.73775788306452,10.2,10.2,10.63939862701613,744,open_meteo,D:\MONEY VERSE\datasets\weather\weather_all_vietnam.csv,2026-05-18T15:57:27.004962+00:00,Open-Meteo public API data; attribution required.
Kien Giang,91,,2023-04,28.873611180555553,74.7874981486111,116.5,116.5,8.620720531249999,720,open_meteo,D:\MONEY VERSE\datasets\weather\weather_all_vietnam.csv,2026-05-18T15:57:27.004962+00:00,Open-Meteo public API data; attribution required.
Kien Giang,91,,2023-05,28.933696498655912,78.09744346639785,201.1,201.1,12.007089561357528,744,open_meteo,D:\MONEY VERSE\datasets\weather\weather_all_vietnam.csv,2026-05-18T15:57:27.004962+00:00,Open-Meteo public API data; attribution required.
Kien Giang,91,,2023-06,28.075972619444443,82.1895177,217.7,217.7,13.812750086388888,720,open_meteo,D:\MONEY VERSE\datasets\weather\weather_all_vietnam.csv,2026-05-18T15:57:27.004962+00:00,Open-Meteo public API data; attribution required.
Kien Giang,91,,2023-07,26.992097192204298,85.91584633064515,523.2,523.2,16.027565355645162,744,open_meteo,D:\MONEY VERSE\datasets\weather\weather_all_vietnam.csv,2026-05-18T15:57:27.004962+00:00,Open-Meteo public API data; attribution required.
Kien Giang,91,,2023-08,27.748615998655918,81.85755716935485,253.5,253.5,17.23165594516129,744,open_meteo,D:\MONEY VERSE\datasets\weather\weather_all_vietnam.csv,2026-05-18T15:57:27.004962+00:00,Open-Meteo public API data; attribution required.
Kien Giang,91,,2023-09,26.89104206527778,85.6508467875,469.1,469.1,13.193527922083334,720,open_meteo,D:\MONEY VERSE\datasets\weather\weather_all_vietnam.csv,2026-05-18T15:57:27.004962+00:00,Open-Meteo public API data; attribution required.
Kien Giang,91,,2023-10,26.985914352150537,86.25323309946236,333.2,333.2,8.084142953024195,744,open_meteo,D:\MONEY VERSE\datasets\weather\weather_all_vietnam.csv,2026-05-18T15:57:27.004962+00:00,Open-Meteo public API data; attribution required.
Kien Giang,91,,2023-11,26.657292018055553,82.62633729166666,187.8,187.8,9.425910114583333,720,open_meteo,D:\MONEY VERSE\datasets\weather\weather_all_vietnam.csv,2026-05-18T15:57:27.004962+00:00,Open-Meteo public API data; attribution required.
Kien Giang,91,,2023-12,27.086720823924733,75.08120608064516,39.4,39.4,10.274005961034947,744,open_meteo,D:\MONEY VERSE\datasets\weather\weather_all_vietnam.csv,2026-05-18T15:57:27.004962+00:00,Open-Meteo public API data; attribution required.
Kien Giang,91,,2024-01,27.091693872311826,70.91990471908602,8.6,8.6,10.344924890860215,744,open_meteo,D:\MONEY VERSE\datasets\weather\weather_all_vietnam.csv,2026-05-18T15:57:27.004962+00:00,Open-Meteo public API data; attribution required.
Kien Giang,91,,2024-02,28.262183992816095,66.96574661925287,8.9,8.9,11.65999123591954,696,open_meteo,D:\MONEY VERSE\datasets\weather\weather_all_vietnam.csv,2026-05-18T15:57:27.004962+00:00,Open-Meteo public API data; attribution required.
Kien Giang,91,,2024-03,29.381747284946236,65.54549229435484,13.6,13.6,11.4165158277957,744,open_meteo,D:\MONEY VERSE\datasets\weather\weather_all_vietnam.csv,2026-05-18T15:57:27.004962+00:00,Open-Meteo public API data; attribution required.
Kien Giang,91,,2024-04,30.394791590277777,67.71889036527779,12.200000000000001,12.200000000000001,9.89405653538889,720,open_meteo,D:\MONEY VERSE\datasets\weather\weather_all_vietnam.csv,2026-05-18T15:57:27.004962+00:00,Open-Meteo public API data; attribution required.
Kien Giang,91,,2024-05,29.069247524193546,80.87210065591398,224.7,224.7,8.32075840483871,744,open_meteo,D:\MONEY VERSE\datasets\weather\weather_all_vietnam.csv,2026-05-18T15:57:27.004962+00:00,Open-Meteo public API data; attribution required.
Kien Giang,91,,2024-06,28.200486506944443,82.2398722625,296.6,296.6,13.086861471083333,720,open_meteo,D:\MONEY VERSE\datasets\weather\weather_all_vietnam.csv,2026-05-18T15:57:27.004962+00:00,Open-Meteo public API data; attribution required.
Kien Giang,91,,2024-07,27.01568589247312,86.07538385349463,439.7,439.7,14.29449673346774,744,open_meteo,D:\MONEY VERSE\datasets\weather\weather_all_vietnam.csv,2026-05-18T15:57:27.004962+00:00,Open-Meteo public API data; attribution required.
Kien Giang,91,,2024-08,27.604865990591396,83.57800875537635,245.6,245.6,11.549861585618281,744,open_meteo,D:\MONEY VERSE\datasets\weather\weather_all_vietnam.csv,2026-05-18T15:57:27.004962+00:00,Open-Meteo public API data; attribution required.
Kien Giang,91,,2024-09,27.155833709722224,84.74910732083333,430.6,430.6,16.67531588486111,720,open_meteo,D:\MONEY VERSE\datasets\weather\weather_all_vietnam.csv,2026-05-18T15:57:27.004962+00:00,Open-Meteo public API data; attribution required.
Kien Giang,91,,2024-10,26.693642860215054,87.04705899462365,515.1,515.1,8.493806041008064,744,open_meteo,D:\MONEY VERSE\datasets\weather\weather_all_vietnam.csv,2026-05-18T15:57:27.004962+00:00,Open-Meteo public API data; attribution required.
Kien Giang,91,,2024-11,27.1372919875,79.74107615694444,198.3,198.3,8.904728010222223,720,open_meteo,D:\MONEY VERSE\datasets\weather\weather_all_vietnam.csv,2026-05-18T15:57:27.004962+00:00,Open-Meteo public API data; attribution required.
Kien Giang,91,,2024-12,25.725766525537633,81.75624420430107,150.9,150.9,10.256694936303763,744,open_meteo,D:\MONEY VERSE\datasets\weather\weather_all_vietnam.csv,2026-05-18T15:57:27.004962+00:00,Open-Meteo public API data; attribution required.
Kien Giang,91,,2025-01,24.857486935483873,78.34082819892473,9.8,9.8,8.730556724892473,744,open_meteo,D:\MONEY VERSE\datasets\weather\weather_all_vietnam.csv,2026-05-18T15:57:27.004962+00:00,Open-Meteo public API data; attribution required.
Kien Giang,91,,2025-02,26.23848254166667,77.51993107440477,56.7,56.7,9.365913229434524,672,open_meteo,D:\MONEY VERSE\datasets\weather\weather_all_vietnam.csv,2026-05-18T15:57:27.004962+00:00,Open-Meteo public API data; attribution required.
Kien Giang,91,,2025-03,28.162056586021507,71.87840397983871,29.5,29.5,9.526941145228495,744,open_meteo,D:\MONEY VERSE\datasets\weather\weather_all_vietnam.csv,2026-05-18T15:57:27.004962+00:00,Open-Meteo public API data; attribution required.
Kien Giang,91,,2025-04,28.0068058,78.66307567222222,110.7,110.7,7.861484651611112,720,open_meteo,D:\MONEY VERSE\datasets\weather\weather_all_vietnam.csv,2026-05-18T15:57:27.004962+00:00,Open-Meteo public API data; attribution required.
Kien Giang,91,,2025-05,27.495255782258067,86.20031095430107,327.3,327.3,8.112101552459677,744,open_meteo,D:\MONEY VERSE\datasets\weather\weather_all_vietnam.csv,2026-05-18T15:57:27.004962+00:00,Open-Meteo public API data; attribution required.
Kien Giang,91,,2025-06,27.537361469444445,84.55316786388889,319.2,319.2,15.073015439444445,720,open_meteo,D:\MONEY VERSE\datasets\weather\weather_all_vietnam.csv,2026-05-18T15:57:27.004962+00:00,Open-Meteo public API data; attribution required.
Kien Giang,91,,2025-07,27.79586063575269,83.27637444086021,255.2,255.2,17.435474965725806,744,open_meteo,D:\MONEY VERSE\datasets\weather\weather_all_vietnam.csv,2026-05-18T15:57:27.004962+00:00,Open-Meteo public API data; attribution required.
Kien Giang,91,,2025-08,27.291962743279573,83.45571084408601,356.8,356.8,15.504655555779571,744,open_meteo,D:\MONEY VERSE\datasets\weather\weather_all_vietnam.csv,2026-05-18T15:57:27.004962+00:00,Open-Meteo public API data; attribution required.
Kien Giang,91,,2025-09,27.227083719444444,83.04027045000001,313.2,313.2,14.468838964597222,720,open_meteo,D:\MONEY VERSE\datasets\weather\weather_all_vietnam.csv,2026-05-18T15:57:27.004962+00:00,Open-Meteo public API data; attribution required.
Kien Giang,91,,2025-10,27.24653263306452,82.64762020833334,410.0,410.0,7.910889387768817,744,open_meteo,D:\MONEY VERSE\datasets\weather\weather_all_vietnam.csv,2026-05-18T15:57:27.004962+00:00,Open-Meteo public API data; attribution required.
Kien Giang,91,,2025-11,26.374653143055557,79.25304888611112,248.5,248.5,10.930490246722222,720,open_meteo,D:\MONEY VERSE\datasets\weather\weather_all_vietnam.csv,2026-05-18T15:57:27.004962+00:00,Open-Meteo public API data; attribution required.
Kien Giang,91,,2025-12,26.009704717741936,81.54776894623656,71.0,71.0,8.112593452459677,744,open_meteo,D:\MONEY VERSE\datasets\weather\weather_all_vietnam.csv,2026-05-18T15:57:27.004962+00:00,Open-Meteo public API data; attribution required.
Kien Giang,91,,2026-01,25.05251379435484,74.44985675806451,11.9,11.9,8.5846917997043,744,open_meteo,D:\MONEY VERSE\datasets\weather\weather_all_vietnam.csv,2026-05-18T15:57:27.004962+00:00,Open-Meteo public API data; attribution required.
Kien Giang,91,,2026-02,26.65165211011905,74.31687569494048,56.9,56.9,9.081795309747024,672,open_meteo,D:\MONEY VERSE\datasets\weather\weather_all_vietnam.csv,2026-05-18T15:57:27.004962+00:00,Open-Meteo public API data; attribution required.
Kien Giang,91,,2026-03,27.477379280913976,73.45432932526882,40.2,40.2,9.526315322876345,744,open_meteo,D:\MONEY VERSE\datasets\weather\weather_all_vietnam.csv,2026-05-18T15:57:27.004962+00:00,Open-Meteo public API data; attribution required.
Kien Giang,91,,2026-04,29.311111154166667,67.81652280416667,8.2,8.2,9.286901329444445,720,open_meteo,D:\MONEY VERSE\datasets\weather\weather_all_vietnam.csv,2026-05-18T15:57:27.004962+00:00,Open-Meteo public API data; attribution required.
Kien Giang,91,,2026-05,29.451643675925926,74.51502735648148,67.5,61.49999982,10.945752078171298,432,open_meteo,D:\MONEY VERSE\datasets\weather\weather_all_vietnam.csv,2026-05-18T15:57:27.004962+00:00,Open-Meteo public API data; attribution required.
Kon Tum,62,,2021-05,26.24610215053763,76.83164464112903,188.9,188.9,5.412541042217742,744,open_meteo,D:\MONEY VERSE\datasets\weather\weather_all_vietnam.csv,2026-05-18T15:57:27.004962+00:00,Open-Meteo public API data; attribution required.
Kon Tum,62,,2021-06,24.53326388888889,88.96397456666666,219.1,219.1,5.7284894470416665,720,open_meteo,D:\MONEY VERSE\datasets\weather\weather_all_vietnam.csv,2026-05-18T15:57:27.004962+00:00,Open-Meteo public API data; attribution required.
Kon Tum,62,,2021-07,24.053629032258065,88.93165564650538,369.7,369.7,6.705705884946236,744,open_meteo,D:\MONEY VERSE\datasets\weather\weather_all_vietnam.csv,2026-05-18T15:57:27.004962+00:00,Open-Meteo public API data; attribution required.
Kon Tum,62,,2021-08,24.307997311827958,87.92938199731184,201.0,201.0,5.733210080685484,744,open_meteo,D:\MONEY VERSE\datasets\weather\weather_all_vietnam.csv,2026-05-18T15:57:27.004962+00:00,Open-Meteo public API data; attribution required.
Kon Tum,62,,2021-09,23.613541666666666,89.38622019861111,520.8,520.8,4.800376107111111,720,open_meteo,D:\MONEY VERSE\datasets\weather\weather_all_vietnam.csv,2026-05-18T15:57:27.004962+00:00,Open-Meteo public API data; attribution required.
Kon Tum,62,,2021-10,23.336223118279573,87.7270463077957,425.0,425.0,5.974384248051075,744,open_meteo,D:\MONEY VERSE\datasets\weather\weather_all_vietnam.csv,2026-05-18T15:57:27.004962+00:00,Open-Meteo public API data; attribution required.
Kon Tum,62,,2021-11,23.05888888888889,79.03301720277777,88.9,88.9,8.632966101458333,720,open_meteo,D:\MONEY VERSE\datasets\weather\weather_all_vietnam.csv,2026-05-18T15:57:27.004962+00:00,Open-Meteo public API data; attribution required.
Kon Tum,62,,2021-12,20.824932795698924,75.71674398924732,25.5,25.5,9.402045270389785,744,open_meteo,D:\MONEY VERSE\datasets\weather\weather_all_vietnam.csv,2026-05-18T15:57:27.004962+00:00,Open-Meteo public API data; attribution required.
Kon Tum,62,,2022-01,21.81478494623656,70.84488037768817,3.4000000000000004,3.4000000000000004,9.399128693844085,744,open_meteo,D:\MONEY VERSE\datasets\weather\weather_all_vietnam.csv,2026-05-18T15:57:27.004962+00:00,Open-Meteo public API data; attribution required.
Kon Tum,62,,2022-02,22.81949404761905,70.37144973809524,22.1,22.1,10.120992144196428,672,open_meteo,D:\MONEY VERSE\datasets\weather\weather_all_vietnam.csv,2026-05-18T15:57:27.004962+00:00,Open-Meteo public API data; attribution required.
Kon Tum,62,,2022-03,24.719287634408605,71.35935546505377,105.9,105.9,7.286589670967741,744,open_meteo,D:\MONEY VERSE\datasets\weather\weather_all_vietnam.csv,2026-05-18T15:57:27.004962+00:00,Open-Meteo public API data; attribution required.
Kon Tum,62,,2022-04,24.377708333333334,74.59734103472222,71.3,71.3,7.0367968175,720,open_meteo,D:\MONEY VERSE\datasets\weather\weather_all_vietnam.csv,2026-05-18T15:57:27.004962+00:00,Open-Meteo public API data; attribution required.
Kon Tum,62,,2022-05,24.249395161290323,85.32493045295699,211.2,211.2,5.657088127231182,744,open_meteo,D:\MONEY VERSE\datasets\weather\weather_all_vietnam.csv,2026-05-18T15:57:27.004962+00:00,Open-Meteo public API data; attribution required.
Kon Tum,62,,2022-06,24.56958333333333,86.3598770236111,146.3,146.3,4.83937483225,720,open_meteo,D:\MONEY VERSE\datasets\weather\weather_all_vietnam.csv,2026-05-18T15:57:27.004962+00:00,Open-Meteo public API data; attribution required.
Kon Tum,62,,2022-07,24.071438172043013,88.32879717204301,276.0,276.0,4.900107754180107,744,open_meteo,D:\MONEY VERSE\datasets\weather\weather_all_vietnam.csv,2026-05-18T15:57:27.004962+00:00,Open-Meteo public API data; attribution required.
Kon Tum,62,,2022-08,23.69092741935484,88.82065913978494,300.3,300.3,5.390805587943548,744,open_meteo,D:\MONEY VERSE\datasets\weather\weather_all_vietnam.csv,2026-05-18T15:57:27.004962+00:00,Open-Meteo public API data; attribution required.
Kon Tum,62,,2022-09,23.254375000000003,89.8774339888889,401.6,401.6,4.794783252194445,720,open_meteo,D:\MONEY VERSE\datasets\weather\weather_all_vietnam.csv,2026-05-18T15:57:27.004962+00:00,Open-Meteo public API data; attribution required.
Kon Tum,62,,2022-10,22.76505376344086,83.89884271236559,150.6,150.6,5.810720025,744,open_meteo,D:\MONEY VERSE\datasets\weather\weather_all_vietnam.csv,2026-05-18T15:57:27.004962+00:00,Open-Meteo public API data; attribution required.
Kon Tum,62,,2022-11,22.970208333333332,80.0202963125,67.6,67.6,6.93015980825,720,open_meteo,D:\MONEY VERSE\datasets\weather\weather_all_vietnam.csv,2026-05-18T15:57:27.004962+00:00,Open-Meteo public API data; attribution required.
Kon Tum,62,,2022-12,21.14912634408602,70.70185834408602,1.9000000000000001,1.9000000000000001,10.804520621774195,744,open_meteo,D:\MONEY VERSE\datasets\weather\weather_all_vietnam.csv,2026-05-18T15:57:27.004962+00:00,Open-Meteo public API data; attribution required.
Kon Tum,62,,2023-01,20.95369623655914,70.97452563306452,24.5,24.5,9.903066203857527,744,open_meteo,D:\MONEY VERSE\datasets\weather\weather_all_vietnam.csv,2026-05-18T15:57:27.004962+00:00,Open-Meteo public API data; attribution required.
Kon Tum,62,,2023-02,23.06235119047619,65.52306955803571,2.2,2.2,10.306403834598214,672,open_meteo,D:\MONEY VERSE\datasets\weather\weather_all_vietnam.csv,2026-05-18T15:57:27.004962+00:00,Open-Meteo public API data; attribution required.
Kon Tum,62,,2023-03,24.05201612903226,64.37967220295698,14.299999999999999,14.299999999999999,9.388560621303764,744,open_meteo,D:\MONEY VERSE\datasets\weather\weather_all_vietnam.csv,2026-05-18T15:57:27.004962+00:00,Open-Meteo public API data; attribution required.
Kon Tum,62,,2023-04,26.305555555555557,72.4383242013889,50.5,50.5,6.147345042763888,720,open_meteo,D:\MONEY VERSE\datasets\weather\weather_all_vietnam.csv,2026-05-18T15:57:27.004962+00:00,Open-Meteo public API data; attribution required.
Kon Tum,62,,2023-05,25.68561827956989,80.82623936290322,168.7,168.7,5.056507605698925,744,open_meteo,D:\MONEY VERSE\datasets\weather\weather_all_vietnam.csv,2026-05-18T15:57:27.004962+00:00,Open-Meteo public API data; attribution required.
Kon Tum,62,,2023-06,24.540208333333336,87.15486488611111,235.4,235.4,5.695832222680556,720,open_meteo,D:\MONEY VERSE\datasets\weather\weather_all_vietnam.csv,2026-05-18T15:57:27.004962+00:00,Open-Meteo public API data; attribution required.
Kon Tum,62,,2023-07,24.538776881720427,86.88145966801075,278.6,278.6,5.305672445268818,744,open_meteo,D:\MONEY VERSE\datasets\weather\weather_all_vietnam.csv,2026-05-18T15:57:27.004962+00:00,Open-Meteo public API data; attribution required.
Kon Tum,62,,2023-08,24.66364247311828,86.23121987903225,163.6,163.6,6.95277402672043,744,open_meteo,D:\MONEY VERSE\datasets\weather\weather_all_vietnam.csv,2026-05-18T15:57:27.004962+00:00,Open-Meteo public API data; attribution required.
Kon Tum,62,,2023-09,23.957013888888888,88.86071222777778,261.0,261.0,4.874013416361111,720,open_meteo,D:\MONEY VERSE\datasets\weather\weather_all_vietnam.csv,2026-05-18T15:57:27.004962+00:00,Open-Meteo public API data; attribution required.
Kon Tum,62,,2023-10,23.429771505376344,89.61136602016128,276.7,276.7,4.1130878354301075,744,open_meteo,D:\MONEY VERSE\datasets\weather\weather_all_vietnam.csv,2026-05-18T15:57:27.004962+00:00,Open-Meteo public API data; attribution required.
Kon Tum,62,,2023-11,23.241041666666664,76.7480471125,37.4,37.4,8.776185997444445,720,open_meteo,D:\MONEY VERSE\datasets\weather\weather_all_vietnam.csv,2026-05-18T15:57:27.004962+00:00,Open-Meteo public API data; attribution required.
Kon Tum,62,,2023-12,23.174932795698926,70.60459938172043,2.4000000000000004,2.4000000000000004,9.74240060436828,744,open_meteo,D:\MONEY VERSE\datasets\weather\weather_all_vietnam.csv,2026-05-18T15:57:27.004962+00:00,Open-Meteo public API data; attribution required.
Kon Tum,62,,2024-01,22.154771505376345,67.24454571639785,0.0,0.0,11.066407379099461,744,open_meteo,D:\MONEY VERSE\datasets\weather\weather_all_vietnam.csv,2026-05-18T15:57:27.004962+00:00,Open-Meteo public API data; attribution required.
Kon Tum,62,,2024-02,24.336350574712643,65.18695066522989,1.2,1.2,8.464483873606323,696,open_meteo,D:\MONEY VERSE\datasets\weather\weather_all_vietnam.csv,2026-05-18T15:57:27.004962+00:00,Open-Meteo public API data; attribution required.
Kon Tum,62,,2024-03,26.003024193548388,63.72331094892473,22.0,22.0,8.259928043723118,744,open_meteo,D:\MONEY VERSE\datasets\weather\weather_all_vietnam.csv,2026-05-18T15:57:27.004962+00:00,Open-Meteo public API data; attribution required.
Kon Tum,62,,2024-04,28.423958333333335,63.29334943055555,11.299999999999999,11.299999999999999,6.311453489138889,720,open_meteo,D:\MONEY VERSE\datasets\weather\weather_all_vietnam.csv,2026-05-18T15:57:27.004962+00:00,Open-Meteo public API data; attribution required.
Kon Tum,62,,2024-05,26.832056451612903,75.84826220967743,131.0,131.0,5.54201348672043,744,open_meteo,D:\MONEY VERSE\datasets\weather\weather_all_vietnam.csv,2026-05-18T15:57:27.004962+00:00,Open-Meteo public API data; attribution required.
Kon Tum,62,,2024-06,25.336041666666667,84.96298629583333,173.5,173.5,5.319465181416667,720,open_meteo,D:\MONEY VERSE\datasets\weather\weather_all_vietnam.csv,2026-05-18T15:57:27.004962+00:00,Open-Meteo public API data; attribution required.
Kon Tum,62,,2024-07,24.152016129032255,88.65896269489247,359.2,359.2,6.306253113844086,744,open_meteo,D:\MONEY VERSE\datasets\weather\weather_all_vietnam.csv,2026-05-18T15:57:27.004962+00:00,Open-Meteo public API data; attribution required.
Kon Tum,62,,2024-08,24.713104838709675,87.08343805107526,184.2,184.2,4.500157002715054,744,open_meteo,D:\MONEY VERSE\datasets\weather\weather_all_vietnam.csv,2026-05-18T15:57:27.004962+00:00,Open-Meteo public API data; attribution required.
Kon Tum,62,,2024-09,24.049652777777776,89.43432523333333,360.0,360.0,4.951462213611111,720,open_meteo,D:\MONEY VERSE\datasets\weather\weather_all_vietnam.csv,2026-05-18T15:57:27.004962+00:00,Open-Meteo public API data; attribution required.
Kon Tum,62,,2024-10,23.041666666666668,85.84285732392473,184.8,184.8,5.342638544153226,744,open_meteo,D:\MONEY VERSE\datasets\weather\weather_all_vietnam.csv,2026-05-18T15:57:27.004962+00:00,Open-Meteo public API data; attribution required.
Kon Tum,62,,2024-11,22.99111111111111,78.03844578055555,81.7,81.7,8.663094585833333,720,open_meteo,D:\MONEY VERSE\datasets\weather\weather_all_vietnam.csv,2026-05-18T15:57:27.004962+00:00,Open-Meteo public API data; attribution required.
Kon Tum,62,,2024-12,21.959139784946238,72.17722783870968,14.7,14.7,10.824945131666666,744,open_meteo,D:\MONEY VERSE\datasets\weather\weather_all_vietnam.csv,2026-05-18T15:57:27.004962+00:00,Open-Meteo public API data; attribution required.
Kon Tum,62,,2025-01,19.949798387096774,68.01653806989246,0.0,0.0,10.324929070994623,744,open_meteo,D:\MONEY VERSE\datasets\weather\weather_all_vietnam.csv,2026-05-18T15:57:27.004962+00:00,Open-Meteo public API data; attribution required.
Kon Tum,62,,2025-02,22.840699404761907,64.97280201488095,4.3,4.3,12.531154982544644,672,open_meteo,D:\MONEY VERSE\datasets\weather\weather_all_vietnam.csv,2026-05-18T15:57:27.004962+00:00,Open-Meteo public API data; attribution required.
Kon Tum,62,,2025-03,25.31364247311828,62.423401831989246,8.8,8.8,9.731981315282258,744,open_meteo,D:\MONEY VERSE\datasets\weather\weather_all_vietnam.csv,2026-05-18T15:57:27.004962+00:00,Open-Meteo public API data; attribution required.
Kon Tum,62,,2025-04,26.629722222222224,65.61957351527778,44.8,44.8,7.525437386875,720,open_meteo,D:\MONEY VERSE\datasets\weather\weather_all_vietnam.csv,2026-05-18T15:57:27.004962+00:00,Open-Meteo public API data; attribution required.
Kon Tum,62,,2025-05,25.79193548387097,79.2907177782258,190.4,190.4,4.998511330645161,744,open_meteo,D:\MONEY VERSE\datasets\weather\weather_all_vietnam.csv,2026-05-18T15:57:27.004962+00:00,Open-Meteo public API data; attribution required.
Kon Tum,62,,2025-06,24.523194444444446,86.20502105694445,364.6,364.6,6.305450596430555,720,open_meteo,D:\MONEY VERSE\datasets\weather\weather_all_vietnam.csv,2026-05-18T15:57:27.004962+00:00,Open-Meteo public API data; attribution required.
Kon Tum,62,,2025-07,24.287903225806453,87.53130882526882,351.0,351.0,9.322310380564515,744,open_meteo,D:\MONEY VERSE\datasets\weather\weather_all_vietnam.csv,2026-05-18T15:57:27.004962+00:00,Open-Meteo public API data; attribution required.
Kon Tum,62,,2025-08,24.315188172043012,86.02517898790322,264.8,264.8,5.716034389247312,744,open_meteo,D:\MONEY VERSE\datasets\weather\weather_all_vietnam.csv,2026-05-18T15:57:27.004962+00:00,Open-Meteo public API data; attribution required.
Kon Tum,62,,2025-09,23.881111111111114,88.17920234305555,348.2,348.2,4.969356737916667,720,open_meteo,D:\MONEY VERSE\datasets\weather\weather_all_vietnam.csv,2026-05-18T15:57:27.004962+00:00,Open-Meteo public API data; attribution required.
Kon Tum,62,,2025-10,23.752620967741937,84.34994656048387,215.9,215.9,5.430134674704301,744,open_meteo,D:\MONEY VERSE\datasets\weather\weather_all_vietnam.csv,2026-05-18T15:57:27.004962+00:00,Open-Meteo public API data; attribution required.
Kon Tum,62,,2025-11,22.533125000000002,79.00077603333334,152.8,152.8,7.686831614083333,720,open_meteo,D:\MONEY VERSE\datasets\weather\weather_all_vietnam.csv,2026-05-18T15:57:27.004962+00:00,Open-Meteo public API data; attribution required.
Kon Tum,62,,2025-12,22.44717741935484,71.40912177150537,6.4,6.4,10.370815065134408,744,open_meteo,D:\MONEY VERSE\datasets\weather\weather_all_vietnam.csv,2026-05-18T15:57:27.004962+00:00,Open-Meteo public API data; attribution required.
Kon Tum,62,,2026-01,20.3622311827957,65.43367375,0.0,0.0,10.390958359758065,744,open_meteo,D:\MONEY VERSE\datasets\weather\weather_all_vietnam.csv,2026-05-18T15:57:27.004962+00:00,Open-Meteo public API data; attribution required.
Kon Tum,62,,2026-02,23.519270833333334,63.51566612202381,17.7,17.7,10.720858210372024,672,open_meteo,D:\MONEY VERSE\datasets\weather\weather_all_vietnam.csv,2026-05-18T15:57:27.004962+00:00,Open-Meteo public API data; attribution required.
Kon Tum,62,,2026-03,24.406720430107526,64.33591571908602,26.8,26.8,8.94038935610215,744,open_meteo,D:\MONEY VERSE\datasets\weather\weather_all_vietnam.csv,2026-05-18T15:57:27.004962+00:00,Open-Meteo public API data; attribution required.
Kon Tum,62,,2026-04,27.200694444444444,61.94053246666667,34.0,34.0,5.990808070958334,720,open_meteo,D:\MONEY VERSE\datasets\weather\weather_all_vietnam.csv,2026-05-18T15:57:27.004962+00:00,Open-Meteo public API data; attribution required.
Kon Tum,62,,2026-05,27.17199074074074,68.57293901851851,37.0,30.799999984,7.679115568055556,432,open_meteo,D:\MONEY VERSE\datasets\weather\weather_all_vietnam.csv,2026-05-18T15:57:27.004962+00:00,Open-Meteo public API data; attribution required.
Lai Chau,12,,2021-05,23.630384595430108,82.3744594408602,330.4,330.4,3.737180759959678,744,open_meteo,D:\MONEY VERSE\datasets\weather\weather_all_vietnam.csv,2026-05-18T15:57:27.004962+00:00,Open-Meteo public API data; attribution required.
Lai Chau,12,,2021-06,23.638722454166665,86.66916488333332,460.1,460.1,3.9455794837916667,720,open_meteo,D:\MONEY VERSE\datasets\weather\weather_all_vietnam.csv,2026-05-18T15:57:27.004962+00:00,Open-Meteo public API data; attribution required.
Lai Chau,12,,2021-07,23.41264268548387,88.14164754569892,477.8,477.8,3.3362493678629037,744,open_meteo,D:\MONEY VERSE\datasets\weather\weather_all_vietnam.csv,2026-05-18T15:57:27.004962+00:00,Open-Meteo public API data; attribution required.
Lai Chau,12,,2021-08,23.363516336021505,87.99824097849462,337.4,337.4,3.513208511344086,744,open_meteo,D:\MONEY VERSE\datasets\weather\weather_all_vietnam.csv,2026-05-18T15:57:27.004962+00:00,Open-Meteo public API data; attribution required.
Lai Chau,12,,2021-09,23.31865298472222,81.58739100277778,168.9,168.9,3.0016562571527783,720,open_meteo,D:\MONEY VERSE\datasets\weather\weather_all_vietnam.csv,2026-05-18T15:57:27.004962+00:00,Open-Meteo public API data; attribution required.
Lai Chau,12,,2021-10,20.691002813172044,81.88804384811827,129.6,129.6,3.9061129584139787,744,open_meteo,D:\MONEY VERSE\datasets\weather\weather_all_vietnam.csv,2026-05-18T15:57:27.004962+00:00,Open-Meteo public API data; attribution required.
Lai Chau,12,,2021-11,17.351152775,84.93033933888888,143.7,143.7,3.375390419055556,720,open_meteo,D:\MONEY VERSE\datasets\weather\weather_all_vietnam.csv,2026-05-18T15:57:27.004962+00:00,Open-Meteo public API data; attribution required.
Lai Chau,12,,2021-12,13.95692989717742,77.22560266397849,77.9,77.9,3.702953814327957,744,open_meteo,D:\MONEY VERSE\datasets\weather\weather_all_vietnam.csv,2026-05-18T15:57:27.004962+00:00,Open-Meteo public API data; attribution required.
Lai Chau,12,,2022-01,14.429241698655915,82.73388548655913,127.3,127.3,3.8933952533602154,744,open_meteo,D:\MONEY VERSE\datasets\weather\weather_all_vietnam.csv,2026-05-18T15:57:27.004962+00:00,Open-Meteo public API data; attribution required.
Lai Chau,12,,2022-02,13.30949086309524,85.05734929017856,116.8,116.8,4.171026399985119,672,open_meteo,D:\MONEY VERSE\datasets\weather\weather_all_vietnam.csv,2026-05-18T15:57:27.004962+00:00,Open-Meteo public API data; attribution required.
Lai Chau,12,,2022-03,19.861970579301076,81.53239886693548,227.20000000000002,227.20000000000002,3.9424938886021503,744,open_meteo,D:\MONEY VERSE\datasets\weather\weather_all_vietnam.csv,2026-05-18T15:57:27.004962+00:00,Open-Meteo public API data; attribution required.
Lai Chau,12,,2022-04,20.577055666666666,74.77279580416666,118.2,118.2,4.173557148027777,720,open_meteo,D:\MONEY VERSE\datasets\weather\weather_all_vietnam.csv,2026-05-18T15:57:27.004962+00:00,Open-Meteo public API data; attribution required.
Lai Chau,12,,2022-05,21.58818027956989,83.96402113575269,499.8,499.8,3.5775368958602147,744,open_meteo,D:\MONEY VERSE\datasets\weather\weather_all_vietnam.csv,2026-05-18T15:57:27.004962+00:00,Open-Meteo public API data; attribution required.
Lai Chau,12,,2022-06,22.3895557625,89.85932578194445,652.8,652.8,3.6854546954166665,720,open_meteo,D:\MONEY VERSE\datasets\weather\weather_all_vietnam.csv,2026-05-18T15:57:27.004962+00:00,Open-Meteo public API data; attribution required.
Lai Chau,12,,2022-07,24.635357725806454,81.53314699596774,230.8,230.8,3.5722713057392474,744,open_meteo,D:\MONEY VERSE\datasets\weather\weather_all_vietnam.csv,2026-05-18T15:57:27.004962+00:00,Open-Meteo public API data; attribution required.
Lai Chau,12,,2022-08,23.638381950268816,85.72175429435484,572.3,572.3,3.2962396020698925,744,open_meteo,D:\MONEY VERSE\datasets\weather\weather_all_vietnam.csv,2026-05-18T15:57:27.004962+00:00,Open-Meteo public API data; attribution required.
Lai Chau,12,,2022-09,22.992125225,81.51800812777778,268.0,268.0,3.0035173451805557,720,open_meteo,D:\MONEY VERSE\datasets\weather\weather_all_vietnam.csv,2026-05-18T15:57:27.004962+00:00,Open-Meteo public API data; attribution required.
Lai Chau,12,,2022-10,21.21647328629032,73.52642436827956,85.9,85.9,3.730320584892473,744,open_meteo,D:\MONEY VERSE\datasets\weather\weather_all_vietnam.csv,2026-05-18T15:57:27.004962+00:00,Open-Meteo public API data; attribution required.
Lai Chau,12,,2022-11,19.7221945625,73.70219405555555,104.7,104.7,3.3952468689166664,720,open_meteo,D:\MONEY VERSE\datasets\weather\weather_all_vietnam.csv,2026-05-18T15:57:27.004962+00:00,Open-Meteo public API data; attribution required.
Lai Chau,12,,2022-12,13.872655647849461,83.72859655376345,77.8,77.8,3.8809557931720433,744,open_meteo,D:\MONEY VERSE\datasets\weather\weather_all_vietnam.csv,2026-05-18T15:57:27.004962+00:00,Open-Meteo public API data; attribution required.
Lai Chau,12,,2023-01,13.150411089784946,73.17862145295699,2.7,2.7,3.857543713172043,744,open_meteo,D:\MONEY VERSE\datasets\weather\weather_all_vietnam.csv,2026-05-18T15:57:27.004962+00:00,Open-Meteo public API data; attribution required.
Lai Chau,12,,2023-02,17.45785412202381,68.30636755505952,38.4,38.4,4.298710405669643,672,open_meteo,D:\MONEY VERSE\datasets\weather\weather_all_vietnam.csv,2026-05-18T15:57:27.004962+00:00,Open-Meteo public API data; attribution required.
Lai Chau,12,,2023-03,20.214591474462367,66.72364980241935,38.5,38.5,4.259721825336022,744,open_meteo,D:\MONEY VERSE\datasets\weather\weather_all_vietnam.csv,2026-05-18T15:57:27.004962+00:00,Open-Meteo public API data; attribution required.
Lai Chau,12,,2023-04,24.83719467777778,55.580474331944444,41.2,41.2,4.852829964027777,720,open_meteo,D:\MONEY VERSE\datasets\weather\weather_all_vietnam.csv,2026-05-18T15:57:27.004962+00:00,Open-Meteo public API data; attribution required.
Lai Chau,12,,2023-05,24.812373860215054,69.88088992338709,173.7,173.7,4.320968688400537,744,open_meteo,D:\MONEY VERSE\datasets\weather\weather_all_vietnam.csv,2026-05-18T15:57:27.004962+00:00,Open-Meteo public API data; attribution required.
Lai Chau,12,,2023-06,24.06511128472222,83.52976927777777,494.9,494.9,3.7272258546805555,720,open_meteo,D:\MONEY VERSE\datasets\weather\weather_all_vietnam.csv,2026-05-18T15:57:27.004962+00:00,Open-Meteo public API data; attribution required.
Lai Chau,12,,2023-07,24.301621182795696,82.55611918951612,402.6,402.6,3.646086908642473,744,open_meteo,D:\MONEY VERSE\datasets\weather\weather_all_vietnam.csv,2026-05-18T15:57:27.004962+00:00,Open-Meteo public API data; attribution required.
Lai Chau,12,,2023-08,23.082333524193547,89.88497696102151,612.9,612.9,3.1258183222043012,744,open_meteo,D:\MONEY VERSE\datasets\weather\weather_all_vietnam.csv,2026-05-18T15:57:27.004962+00:00,Open-Meteo public API data; attribution required.
Lai Chau,12,,2023-09,23.500736316666664,82.4152376388889,182.5,182.5,3.419556951388889,720,open_meteo,D:\MONEY VERSE\datasets\weather\weather_all_vietnam.csv,2026-05-18T15:57:27.004962+00:00,Open-Meteo public API data; attribution required.
Lai Chau,12,,2023-10,21.586567385752687,80.89193623655913,110.5,110.5,3.3655033128225806,744,open_meteo,D:\MONEY VERSE\datasets\weather\weather_all_vietnam.csv,2026-05-18T15:57:27.004962+00:00,Open-Meteo public API data; attribution required.
Lai Chau,12,,2023-11,18.300041712499997,78.63595478194445,79.1,79.1,3.4715728210833334,720,open_meteo,D:\MONEY VERSE\datasets\weather\weather_all_vietnam.csv,2026-05-18T15:57:27.004962+00:00,Open-Meteo public API data; attribution required.
Lai Chau,12,,2023-12,16.103973050537633,79.62449781182795,67.6,67.6,3.713769696115591,744,open_meteo,D:\MONEY VERSE\datasets\weather\weather_all_vietnam.csv,2026-05-18T15:57:27.004962+00:00,Open-Meteo public API data; attribution required.
Lai Chau,12,,2024-01,14.645706819086021,84.50746924596774,141.6,141.6,4.052149698870967,744,open_meteo,D:\MONEY VERSE\datasets\weather\weather_all_vietnam.csv,2026-05-18T15:57:27.004962+00:00,Open-Meteo public API data; attribution required.
Lai Chau,12,,2024-02,17.9114999420977,67.99523420833333,16.8,16.8,4.459548848850575,696,open_meteo,D:\MONEY VERSE\datasets\weather\weather_all_vietnam.csv,2026-05-18T15:57:27.004962+00:00,Open-Meteo public API data; attribution required.
Lai Chau,12,,2024-03,20.221244719086023,67.8022686438172,58.300000000000004,58.300000000000004,4.435082083252688,744,open_meteo,D:\MONEY VERSE\datasets\weather\weather_all_vietnam.csv,2026-05-18T15:57:27.004962+00:00,Open-Meteo public API data; attribution required.
Lai Chau,12,,2024-04,26.139416868055555,53.731191724999995,20.7,20.7,4.5000747095,720,open_meteo,D:\MONEY VERSE\datasets\weather\weather_all_vietnam.csv,2026-05-18T15:57:27.004962+00:00,Open-Meteo public API data; attribution required.
Lai Chau,12,,2024-05,23.474201825268818,80.52868590053764,440.7,440.7,3.65643478875,744,open_meteo,D:\MONEY VERSE\datasets\weather\weather_all_vietnam.csv,2026-05-18T15:57:27.004962+00:00,Open-Meteo public API data; attribution required.
Lai Chau,12,,2024-06,23.508097408333334,88.97781435138889,629.2,629.2,3.598758934194444,720,open_meteo,D:\MONEY VERSE\datasets\weather\weather_all_vietnam.csv,2026-05-18T15:57:27.004962+00:00,Open-Meteo public API data; attribution required.
Lai Chau,12,,2024-07,23.923059319892474,87.1914660094086,462.7,462.7,3.7438006565860213,744,open_meteo,D:\MONEY VERSE\datasets\weather\weather_all_vietnam.csv,2026-05-18T15:57:27.004962+00:00,Open-Meteo public API data; attribution required.
Lai Chau,12,,2024-08,23.280451802419353,88.12969014112905,527.3,527.3,3.3200098167741934,744,open_meteo,D:\MONEY VERSE\datasets\weather\weather_all_vietnam.csv,2026-05-18T15:57:27.004962+00:00,Open-Meteo public API data; attribution required.
Lai Chau,12,,2024-09,23.668722425,83.04202319722222,380.6,380.6,3.444197935125,720,open_meteo,D:\MONEY VERSE\datasets\weather\weather_all_vietnam.csv,2026-05-18T15:57:27.004962+00:00,Open-Meteo public API data; attribution required.
Lai Chau,12,,2024-10,21.467212532258063,77.87907273521506,97.6,97.6,3.6902680074193546,744,open_meteo,D:\MONEY VERSE\datasets\weather\weather_all_vietnam.csv,2026-05-18T15:57:27.004962+00:00,Open-Meteo public API data; attribution required.
Lai Chau,12,,2024-11,18.56761116388889,75.41721316388889,8.700000000000001,8.700000000000001,3.210601079638889,720,open_meteo,D:\MONEY VERSE\datasets\weather\weather_all_vietnam.csv,2026-05-18T15:57:27.004962+00:00,Open-Meteo public API data; attribution required.
Lai Chau,12,,2024-12,14.597790153091397,81.69558698521506,25.6,25.6,3.7661138429569894,744,open_meteo,D:\MONEY VERSE\datasets\weather\weather_all_vietnam.csv,2026-05-18T15:57:27.004962+00:00,Open-Meteo public API data; attribution required.
Lai Chau,12,,2025-01,13.03374440483871,74.5786192123656,18.0,18.0,3.6843557619892473,744,open_meteo,D:\MONEY VERSE\datasets\weather\weather_all_vietnam.csv,2026-05-18T15:57:27.004962+00:00,Open-Meteo public API data; attribution required.
Lai Chau,12,,2025-02,15.639178430059525,78.60436724702382,104.7,104.7,4.145740860357143,672,open_meteo,D:\MONEY VERSE\datasets\weather\weather_all_vietnam.csv,2026-05-18T15:57:27.004962+00:00,Open-Meteo public API data; attribution required.
Lai Chau,12,,2025-03,18.934282302419355,66.19341635349463,71.0,71.0,4.046942379301075,744,open_meteo,D:\MONEY VERSE\datasets\weather\weather_all_vietnam.csv,2026-05-18T15:57:27.004962+00:00,Open-Meteo public API data; attribution required.
Lai Chau,12,,2025-04,21.17663900138889,76.06164440277779,195.2,195.2,3.367395824111111,720,open_meteo,D:\MONEY VERSE\datasets\weather\weather_all_vietnam.csv,2026-05-18T15:57:27.004962+00:00,Open-Meteo public API data; attribution required.
Lai Chau,12,,2025-05,22.927830814516128,79.6832738938172,327.8,327.8,3.152531838534946,744,open_meteo,D:\MONEY VERSE\datasets\weather\weather_all_vietnam.csv,2026-05-18T15:57:27.004962+00:00,Open-Meteo public API data; attribution required.
Lai Chau,12,,2025-06,23.185458541666666,87.35949836666667,588.0,588.0,3.1218042540138886,720,open_meteo,D:\MONEY VERSE\datasets\weather\weather_all_vietnam.csv,2026-05-18T15:57:27.004962+00:00,Open-Meteo public API data; attribution required.
Lai Chau,12,,2025-07,23.52675558602151,87.51358549193549,516.2,516.2,2.7272912604704302,744,open_meteo,D:\MONEY VERSE\datasets\weather\weather_all_vietnam.csv,2026-05-18T15:57:27.004962+00:00,Open-Meteo public API data; attribution required.
Lai Chau,12,,2025-08,22.935424920698924,86.82880093951613,421.0,421.0,2.8565032856451613,744,open_meteo,D:\MONEY VERSE\datasets\weather\weather_all_vietnam.csv,2026-05-18T15:57:27.004962+00:00,Open-Meteo public API data; attribution required.
Lai Chau,12,,2025-09,22.894694644444442,84.47058547777777,299.7,299.7,2.701570508652778,720,open_meteo,D:\MONEY VERSE\datasets\weather\weather_all_vietnam.csv,2026-05-18T15:57:27.004962+00:00,Open-Meteo public API data; attribution required.
Lai Chau,12,,2025-10,20.97850285483871,83.20749863575269,135.4,135.4,2.976737899784946,744,open_meteo,D:\MONEY VERSE\datasets\weather\weather_all_vietnam.csv,2026-05-18T15:57:27.004962+00:00,Open-Meteo public API data; attribution required.
Lai Chau,12,,2025-11,16.629555531666668,80.16971457361112,99.0,99.0,3.1113483665416664,720,open_meteo,D:\MONEY VERSE\datasets\weather\weather_all_vietnam.csv,2026-05-18T15:57:27.004962+00:00,Open-Meteo public API data; attribution required.
Lai Chau,12,,2025-12,14.7237309875,79.30658558198924,22.6,22.6,2.994329217002688,744,open_meteo,D:\MONEY VERSE\datasets\weather\weather_all_vietnam.csv,2026-05-18T15:57:27.004962+00:00,Open-Meteo public API data; attribution required.
Lai Chau,12,,2026-01,13.948193316129032,77.76300582392473,44.2,44.2,3.7877057539919354,744,open_meteo,D:\MONEY VERSE\datasets\weather\weather_all_vietnam.csv,2026-05-18T15:57:27.004962+00:00,Open-Meteo public API data; attribution required.
Lai Chau,12,,2026-02,17.28538388095238,75.6167840580357,36.4,36.4,3.5147578488095244,672,open_meteo,D:\MONEY VERSE\datasets\weather\weather_all_vietnam.csv,2026-05-18T15:57:27.004962+00:00,Open-Meteo public API data; attribution required.
Lai Chau,12,,2026-03,19.515465114247313,67.69242254435484,44.9,44.9,3.5832759181317204,744,open_meteo,D:\MONEY VERSE\datasets\weather\weather_all_vietnam.csv,2026-05-18T15:57:27.004962+00:00,Open-Meteo public API data; attribution required.
Lai Chau,12,,2026-04,23.18240297222222,65.28520675277778,69.5,69.5,3.6390532744861113,720,open_meteo,D:\MONEY VERSE\datasets\weather\weather_all_vietnam.csv,2026-05-18T15:57:27.004962+00:00,Open-Meteo public API data; attribution required.
Lai Chau,12,,2026-05,22.029902969907408,82.33589838425925,193.4,184.199999988,2.715962974560185,432,open_meteo,D:\MONEY VERSE\datasets\weather\weather_all_vietnam.csv,2026-05-18T15:57:27.004962+00:00,Open-Meteo public API data; attribution required.
Lam Dong,68,,2021-05,19.848051075268817,86.79458696102151,229.1,229.1,7.8317345446236555,744,open_meteo,D:\MONEY VERSE\datasets\weather\weather_all_vietnam.csv,2026-05-18T15:57:27.004962+00:00,Open-Meteo public API data; attribution required.
Lam Dong,68,,2021-06,19.43548611111111,88.551789075,138.7,138.7,11.70551711,720,open_meteo,D:\MONEY VERSE\datasets\weather\weather_all_vietnam.csv,2026-05-18T15:57:27.004962+00:00,Open-Meteo public API data; attribution required.
Lam Dong,68,,2021-07,19.099462365591396,90.07061583602152,168.5,168.5,15.739267737204303,744,open_meteo,D:\MONEY VERSE\datasets\weather\weather_all_vietnam.csv,2026-05-18T15:57:27.004962+00:00,Open-Meteo public API data; attribution required.
Lam Dong,68,,2021-08,19.221706989247313,89.41800019758064,227.7,227.7,10.93807467920699,744,open_meteo,D:\MONEY VERSE\datasets\weather\weather_all_vietnam.csv,2026-05-18T15:57:27.004962+00:00,Open-Meteo public API data; attribution required.
Lam Dong,68,,2021-09,18.654791666666668,92.02365650972222,422.2,422.2,9.042083673097222,720,open_meteo,D:\MONEY VERSE\datasets\weather\weather_all_vietnam.csv,2026-05-18T15:57:27.004962+00:00,Open-Meteo public API data; attribution required.
Lam Dong,68,,2021-10,18.765725806451613,90.93605474193548,355.9,355.9,12.007467974731183,744,open_meteo,D:\MONEY VERSE\datasets\weather\weather_all_vietnam.csv,2026-05-18T15:57:27.004962+00:00,Open-Meteo public API data; attribution required.
Lam Dong,68,,2021-11,18.493333333333336,89.06939765694445,230.8,230.8,17.380793294444445,720,open_meteo,D:\MONEY VERSE\datasets\weather\weather_all_vietnam.csv,2026-05-18T15:57:27.004962+00:00,Open-Meteo public API data; attribution required.
Lam Dong,68,,2021-12,16.98192204301075,82.53775281854838,17.7,17.7,17.325700478494625,744,open_meteo,D:\MONEY VERSE\datasets\weather\weather_all_vietnam.csv,2026-05-18T15:57:27.004962+00:00,Open-Meteo public API data; attribution required.
Lam Dong,68,,2022-01,17.122311827956988,76.37212033467742,17.9,17.9,11.666307135672044,744,open_meteo,D:\MONEY VERSE\datasets\weather\weather_all_vietnam.csv,2026-05-18T15:57:27.004962+00:00,Open-Meteo public API data; attribution required.
Lam Dong,68,,2022-02,18.178199404761905,80.25602379017857,39.0,39.0,15.211086904464285,672,open_meteo,D:\MONEY VERSE\datasets\weather\weather_all_vietnam.csv,2026-05-18T15:57:27.004962+00:00,Open-Meteo public API data; attribution required.
Lam Dong,68,,2022-03,19.255510752688174,76.34016282392473,89.2,89.2,9.045473745295698,744,open_meteo,D:\MONEY VERSE\datasets\weather\weather_all_vietnam.csv,2026-05-18T15:57:27.004962+00:00,Open-Meteo public API data; attribution required.
Lam Dong,68,,2022-04,18.774583333333336,84.93766223611111,154.9,154.9,9.566762675097221,720,open_meteo,D:\MONEY VERSE\datasets\weather\weather_all_vietnam.csv,2026-05-18T15:57:27.004962+00:00,Open-Meteo public API data; attribution required.
Lam Dong,68,,2022-05,19.313978494623658,89.9933792795699,204.4,204.4,9.399895297096775,744,open_meteo,D:\MONEY VERSE\datasets\weather\weather_all_vietnam.csv,2026-05-18T15:57:27.004962+00:00,Open-Meteo public API data; attribution required.
Lam Dong,68,,2022-06,19.332291666666666,86.95151345138889,185.5,185.5,6.520556762388888,720,open_meteo,D:\MONEY VERSE\datasets\weather\weather_all_vietnam.csv,2026-05-18T15:57:27.004962+00:00,Open-Meteo public API data; attribution required.
Lam Dong,68,,2022-07,19.174462365591395,90.2064339919355,228.9,228.9,10.620860360752689,744,open_meteo,D:\MONEY VERSE\datasets\weather\weather_all_vietnam.csv,2026-05-18T15:57:27.004962+00:00,Open-Meteo public API data; attribution required.
Lam Dong,68,,2022-08,18.905510752688173,89.74380170564515,270.1,270.1,11.03143794108871,744,open_meteo,D:\MONEY VERSE\datasets\weather\weather_all_vietnam.csv,2026-05-18T15:57:27.004962+00:00,Open-Meteo public API data; attribution required.
Lam Dong,68,,2022-09,18.693819444444443,90.83206187361111,196.1,196.1,9.625956471319444,720,open_meteo,D:\MONEY VERSE\datasets\weather\weather_all_vietnam.csv,2026-05-18T15:57:27.004962+00:00,Open-Meteo public API data; attribution required.
Lam Dong,68,,2022-10,18.452755376344086,87.73199425537635,157.0,157.0,10.301623980376345,744,open_meteo,D:\MONEY VERSE\datasets\weather\weather_all_vietnam.csv,2026-05-18T15:57:27.004962+00:00,Open-Meteo public API data; attribution required.
Lam Dong,68,,2022-11,18.30090277777778,86.65381493333334,169.0,169.0,12.275380375555557,720,open_meteo,D:\MONEY VERSE\datasets\weather\weather_all_vietnam.csv,2026-05-18T15:57:27.004962+00:00,Open-Meteo public API data; attribution required.
Lam Dong,68,,2022-12,16.75510752688172,82.23872097849463,16.5,16.5,17.137053641935484,744,open_meteo,D:\MONEY VERSE\datasets\weather\weather_all_vietnam.csv,2026-05-18T15:57:27.004962+00:00,Open-Meteo public API data; attribution required.
Lam Dong,68,,2023-01,16.8682123655914,84.82846413306451,65.0,65.0,17.75895522594086,744,open_meteo,D:\MONEY VERSE\datasets\weather\weather_all_vietnam.csv,2026-05-18T15:57:27.004962+00:00,Open-Meteo public API data; attribution required.
Lam Dong,68,,2023-02,17.426041666666666,76.91516570833333,13.4,13.4,15.151211990029761,672,open_meteo,D:\MONEY VERSE\datasets\weather\weather_all_vietnam.csv,2026-05-18T15:57:27.004962+00:00,Open-Meteo public API data; attribution required.
Lam Dong,68,,2023-03,18.742405913978494,68.98561647311828,9.6,9.6,10.002695553198924,744,open_meteo,D:\MONEY VERSE\datasets\weather\weather_all_vietnam.csv,2026-05-18T15:57:27.004962+00:00,Open-Meteo public API data; attribution required.
Lam Dong,68,,2023-04,20.616111111111113,75.5259088375,55.8,55.8,7.746903286666667,720,open_meteo,D:\MONEY VERSE\datasets\weather\weather_all_vietnam.csv,2026-05-18T15:57:27.004962+00:00,Open-Meteo public API data; attribution required.
Lam Dong,68,,2023-05,20.091868279569894,85.71507503629033,280.9,280.9,7.107419673413979,744,open_meteo,D:\MONEY VERSE\datasets\weather\weather_all_vietnam.csv,2026-05-18T15:57:27.004962+00:00,Open-Meteo public API data; attribution required.
Lam Dong,68,,2023-06,19.74965277777778,87.90806090277778,181.0,181.0,10.998568402472221,720,open_meteo,D:\MONEY VERSE\datasets\weather\weather_all_vietnam.csv,2026-05-18T15:57:27.004962+00:00,Open-Meteo public API data; attribution required.
Lam Dong,68,,2023-07,19.24791666666667,90.54956712903227,217.4,217.4,11.946777572526882,744,open_meteo,D:\MONEY VERSE\datasets\weather\weather_all_vietnam.csv,2026-05-18T15:57:27.004962+00:00,Open-Meteo public API data; attribution required.
Lam Dong,68,,2023-08,19.727620967741935,88.4808225295699,144.3,144.3,12.749686453225806,744,open_meteo,D:\MONEY VERSE\datasets\weather\weather_all_vietnam.csv,2026-05-18T15:57:27.004962+00:00,Open-Meteo public API data; attribution required.
Lam Dong,68,,2023-09,19.047569444444445,90.63041629722223,202.4,202.4,9.656455075791666,720,open_meteo,D:\MONEY VERSE\datasets\weather\weather_all_vietnam.csv,2026-05-18T15:57:27.004962+00:00,Open-Meteo public API data; attribution required.
Lam Dong,68,,2023-10,18.803897849462366,90.735389702957,251.70000000000002,251.70000000000002,6.940554595793011,744,open_meteo,D:\MONEY VERSE\datasets\weather\weather_all_vietnam.csv,2026-05-18T15:57:27.004962+00:00,Open-Meteo public API data; attribution required.
Lam Dong,68,,2023-11,18.52034722222222,85.87983874166666,58.7,58.7,15.770197666666668,720,open_meteo,D:\MONEY VERSE\datasets\weather\weather_all_vietnam.csv,2026-05-18T15:57:27.004962+00:00,Open-Meteo public API data; attribution required.
Lam Dong,68,,2023-12,18.127688172043012,80.34662318010753,11.0,11.0,17.33338528938172,744,open_meteo,D:\MONEY VERSE\datasets\weather\weather_all_vietnam.csv,2026-05-18T15:57:27.004962+00:00,Open-Meteo public API data; attribution required.
Lam Dong,68,,2024-01,17.883870967741935,71.63494200403225,2.8,2.8,11.445957760752687,744,open_meteo,D:\MONEY VERSE\datasets\weather\weather_all_vietnam.csv,2026-05-18T15:57:27.004962+00:00,Open-Meteo public API data; attribution required.
Lam Dong,68,,2024-02,18.907758620689656,71.07254454597701,6.9,6.9,11.246015539899425,696,open_meteo,D:\MONEY VERSE\datasets\weather\weather_all_vietnam.csv,2026-05-18T15:57:27.004962+00:00,Open-Meteo public API data; attribution required.
Lam Dong,68,,2024-03,20.061895161290323,68.48312183333334,21.7,21.7,10.792121505107527,744,open_meteo,D:\MONEY VERSE\datasets\weather\weather_all_vietnam.csv,2026-05-18T15:57:27.004962+00:00,Open-Meteo public API data; attribution required.
Lam Dong,68,,2024-04,21.810972222222222,70.81956289583333,27.900000000000002,27.900000000000002,7.183803878458333,720,open_meteo,D:\MONEY VERSE\datasets\weather\weather_all_vietnam.csv,2026-05-18T15:57:27.004962+00:00,Open-Meteo public API data; attribution required.
Lam Dong,68,,2024-05,20.631384408602152,84.92684482123656,162.1,162.1,7.202566623077957,744,open_meteo,D:\MONEY VERSE\datasets\weather\weather_all_vietnam.csv,2026-05-18T15:57:27.004962+00:00,Open-Meteo public API data; attribution required.
Lam Dong,68,,2024-06,19.874097222222222,87.97742033333333,206.8,206.8,8.047784005444443,720,open_meteo,D:\MONEY VERSE\datasets\weather\weather_all_vietnam.csv,2026-05-18T15:57:27.004962+00:00,Open-Meteo public API data; attribution required.
Lam Dong,68,,2024-07,19.174932795698926,91.11723731451613,275.5,275.5,14.189402341129034,744,open_meteo,D:\MONEY VERSE\datasets\weather\weather_all_vietnam.csv,2026-05-18T15:57:27.004962+00:00,Open-Meteo public API data; attribution required.
Lam Dong,68,,2024-08,19.679032258064517,87.8719969516129,216.9,216.9,6.992001430201613,744,open_meteo,D:\MONEY VERSE\datasets\weather\weather_all_vietnam.csv,2026-05-18T15:57:27.004962+00:00,Open-Meteo public API data; attribution required.
Lam Dong,68,,2024-09,19.163402777777776,91.86412797499999,352.7,352.7,11.231585483430555,720,open_meteo,D:\MONEY VERSE\datasets\weather\weather_all_vietnam.csv,2026-05-18T15:57:27.004962+00:00,Open-Meteo public API data; attribution required.
Lam Dong,68,,2024-10,18.67244623655914,88.94795115591398,263.3,263.3,9.503092094932795,744,open_meteo,D:\MONEY VERSE\datasets\weather\weather_all_vietnam.csv,2026-05-18T15:57:27.004962+00:00,Open-Meteo public API data; attribution required.
Lam Dong,68,,2024-11,18.731666666666666,82.49202201111112,118.8,118.8,13.913561082083334,720,open_meteo,D:\MONEY VERSE\datasets\weather\weather_all_vietnam.csv,2026-05-18T15:57:27.004962+00:00,Open-Meteo public API data; attribution required.
Lam Dong,68,,2024-12,18.044690860215052,84.20206629973119,110.5,110.5,19.12752376451613,744,open_meteo,D:\MONEY VERSE\datasets\weather\weather_all_vietnam.csv,2026-05-18T15:57:27.004962+00:00,Open-Meteo public API data; attribution required.
Lam Dong,68,,2025-01,16.896034946236558,77.22080226075269,4.9,4.9,13.031526503064516,744,open_meteo,D:\MONEY VERSE\datasets\weather\weather_all_vietnam.csv,2026-05-18T15:57:27.004962+00:00,Open-Meteo public API data; attribution required.
Lam Dong,68,,2025-02,17.874627976190474,77.15909518303572,55.7,55.7,12.988831950595237,672,open_meteo,D:\MONEY VERSE\datasets\weather\weather_all_vietnam.csv,2026-05-18T15:57:27.004962+00:00,Open-Meteo public API data; attribution required.
Lam Dong,68,,2025-03,19.334341397849464,73.80045113172044,36.0,36.0,12.02297641998656,744,open_meteo,D:\MONEY VERSE\datasets\weather\weather_all_vietnam.csv,2026-05-18T15:57:27.004962+00:00,Open-Meteo public API data; attribution required.
Lam Dong,68,,2025-04,19.961944444444445,76.19262277222222,80.8,80.8,8.33197873575,720,open_meteo,D:\MONEY VERSE\datasets\weather\weather_all_vietnam.csv,2026-05-18T15:57:27.004962+00:00,Open-Meteo public API data; attribution required.
Lam Dong,68,,2025-05,19.65100806451613,87.13660050537634,250.2,250.2,6.877807282674731,744,open_meteo,D:\MONEY VERSE\datasets\weather\weather_all_vietnam.csv,2026-05-18T15:57:27.004962+00:00,Open-Meteo public API data; attribution required.
Lam Dong,68,,2025-06,19.55125,87.32098423055555,244.8,244.8,11.664137664263889,720,open_meteo,D:\MONEY VERSE\datasets\weather\weather_all_vietnam.csv,2026-05-18T15:57:27.004962+00:00,Open-Meteo public API data; attribution required.
Lam Dong,68,,2025-07,19.540658602150536,88.36962448924731,186.6,186.6,18.099988425268815,744,open_meteo,D:\MONEY VERSE\datasets\weather\weather_all_vietnam.csv,2026-05-18T15:57:27.004962+00:00,Open-Meteo public API data; attribution required.
Lam Dong,68,,2025-08,19.3119623655914,87.68916082392474,249.3,249.3,10.261984602325269,744,open_meteo,D:\MONEY VERSE\datasets\weather\weather_all_vietnam.csv,2026-05-18T15:57:27.004962+00:00,Open-Meteo public API data; attribution required.
Lam Dong,68,,2025-09,18.90159722222222,90.52516593472222,377.3,377.3,9.112687221375,720,open_meteo,D:\MONEY VERSE\datasets\weather\weather_all_vietnam.csv,2026-05-18T15:57:27.004962+00:00,Open-Meteo public API data; attribution required.
Lam Dong,68,,2025-10,18.727217741935483,87.9933356155914,257.1,257.1,8.321799630094086,744,open_meteo,D:\MONEY VERSE\datasets\weather\weather_all_vietnam.csv,2026-05-18T15:57:27.004962+00:00,Open-Meteo public API data; attribution required.
Lam Dong,68,,2025-11,18.10326388888889,86.59275083888889,310.4,310.4,13.73662731976389,720,open_meteo,D:\MONEY VERSE\datasets\weather\weather_all_vietnam.csv,2026-05-18T15:57:27.004962+00:00,Open-Meteo public API data; attribution required.
Lam Dong,68,,2025-12,17.770967741935486,80.08492001478494,56.4,56.4,15.167143994744624,744,open_meteo,D:\MONEY VERSE\datasets\weather\weather_all_vietnam.csv,2026-05-18T15:57:27.004962+00:00,Open-Meteo public API data; attribution required.
Lam Dong,68,,2026-01,15.941935483870967,73.85564134005377,13.200000000000001,13.200000000000001,10.58182515560484,744,open_meteo,D:\MONEY VERSE\datasets\weather\weather_all_vietnam.csv,2026-05-18T15:57:27.004962+00:00,Open-Meteo public API data; attribution required.
Lam Dong,68,,2026-02,18.197916666666668,73.44481296279761,26.1,26.1,11.613786200446429,672,open_meteo,D:\MONEY VERSE\datasets\weather\weather_all_vietnam.csv,2026-05-18T15:57:27.004962+00:00,Open-Meteo public API data; attribution required.
Lam Dong,68,,2026-03,18.573387096774194,70.01873634811828,32.5,32.5,10.442347089112904,744,open_meteo,D:\MONEY VERSE\datasets\weather\weather_all_vietnam.csv,2026-05-18T15:57:27.004962+00:00,Open-Meteo public API data; attribution required.
Lam Dong,68,,2026-04,20.209097222222223,73.483153375,83.9,83.9,6.056254963819445,720,open_meteo,D:\MONEY VERSE\datasets\weather\weather_all_vietnam.csv,2026-05-18T15:57:27.004962+00:00,Open-Meteo public API data; attribution required.
Lam Dong,68,,2026-05,20.164930555555557,82.16231096527778,92.7,91.90000004,8.114863679166668,432,open_meteo,D:\MONEY VERSE\datasets\weather\weather_all_vietnam.csv,2026-05-18T15:57:27.004962+00:00,Open-Meteo public API data; attribution required.
Lang Son,20,,2021-05,26.249395161290323,85.1729720201613,106.6,106.6,13.76837742889785,744,open_meteo,D:\MONEY VERSE\datasets\weather\weather_all_vietnam.csv,2026-05-18T15:57:27.004962+00:00,Open-Meteo public API data; attribution required.
Lang Son,20,,2021-06,27.429791666666667,81.24036237222222,216.8,216.8,10.807922287194444,720,open_meteo,D:\MONEY VERSE\datasets\weather\weather_all_vietnam.csv,2026-05-18T15:57:27.004962+00:00,Open-Meteo public API data; attribution required.
Lang Son,20,,2021-07,27.4934811827957,82.3932047123656,180.9,180.9,9.417932696720431,744,open_meteo,D:\MONEY VERSE\datasets\weather\weather_all_vietnam.csv,2026-05-18T15:57:27.004962+00:00,Open-Meteo public API data; attribution required.
Lang Son,20,,2021-08,26.95685483870968,87.29204585349463,198.2,198.2,8.9686010140457,744,open_meteo,D:\MONEY VERSE\datasets\weather\weather_all_vietnam.csv,2026-05-18T15:57:27.004962+00:00,Open-Meteo public API data; attribution required.
Lang Son,20,,2021-09,25.72576388888889,87.93256245694444,142.6,142.6,6.535817855916667,720,open_meteo,D:\MONEY VERSE\datasets\weather\weather_all_vietnam.csv,2026-05-18T15:57:27.004962+00:00,Open-Meteo public API data; attribution required.
Lang Son,20,,2021-10,20.940322580645162,81.71014169892473,262.8,262.8,15.877216516129032,744,open_meteo,D:\MONEY VERSE\datasets\weather\weather_all_vietnam.csv,2026-05-18T15:57:27.004962+00:00,Open-Meteo public API data; attribution required.
Lang Son,20,,2021-11,17.898194444444446,76.85234064305556,36.7,36.7,13.058105174305554,720,open_meteo,D:\MONEY VERSE\datasets\weather\weather_all_vietnam.csv,2026-05-18T15:57:27.004962+00:00,Open-Meteo public API data; attribution required.
Lang Son,20,,2021-12,14.663508064516128,69.99343625403226,3.8000000000000003,3.8000000000000003,11.402782468521504,744,open_meteo,D:\MONEY VERSE\datasets\weather\weather_all_vietnam.csv,2026-05-18T15:57:27.004962+00:00,Open-Meteo public API data; attribution required.
Lang Son,20,,2022-01,14.602150537634408,86.1684509422043,103.60000000000001,103.60000000000001,11.05818862842742,744,open_meteo,D:\MONEY VERSE\datasets\weather\weather_all_vietnam.csv,2026-05-18T15:57:27.004962+00:00,Open-Meteo public API data; attribution required.
Lang Son,20,,2022-02,10.841964285714287,85.48882002380952,169.8,169.8,13.196315941130953,672,open_meteo,D:\MONEY VERSE\datasets\weather\weather_all_vietnam.csv,2026-05-18T15:57:27.004962+00:00,Open-Meteo public API data; attribution required.
Lang Son,20,,2022-03,19.932526881720428,85.80543104973118,112.2,112.2,11.620130383870967,744,open_meteo,D:\MONEY VERSE\datasets\weather\weather_all_vietnam.csv,2026-05-18T15:57:27.004962+00:00,Open-Meteo public API data; attribution required.
Lang Son,20,,2022-04,21.044375000000002,77.77123052777777,66.0,66.0,12.773032740527778,720,open_meteo,D:\MONEY VERSE\datasets\weather\weather_all_vietnam.csv,2026-05-18T15:57:27.004962+00:00,Open-Meteo public API data; attribution required.
Lang Son,20,,2022-05,22.956182795698926,83.83196208333332,274.4,274.4,10.599912445268817,744,open_meteo,D:\MONEY VERSE\datasets\weather\weather_all_vietnam.csv,2026-05-18T15:57:27.004962+00:00,Open-Meteo public API data; attribution required.
Lang Son,20,,2022-06,26.711875,84.55783649166666,233.8,233.8,11.368426458569445,720,open_meteo,D:\MONEY VERSE\datasets\weather\weather_all_vietnam.csv,2026-05-18T15:57:27.004962+00:00,Open-Meteo public API data; attribution required.
Lang Son,20,,2022-07,26.662634408602152,86.33228310887097,195.9,195.9,8.833223589650537,744,open_meteo,D:\MONEY VERSE\datasets\weather\weather_all_vietnam.csv,2026-05-18T15:57:27.004962+00:00,Open-Meteo public API data; attribution required.
Lang Son,20,,2022-08,26.134811827956987,87.2827490967742,239.9,239.9,8.332228319758064,744,open_meteo,D:\MONEY VERSE\datasets\weather\weather_all_vietnam.csv,2026-05-18T15:57:27.004962+00:00,Open-Meteo public API data; attribution required.
Lang Son,20,,2022-09,25.085625,85.27056938472222,121.0,121.0,8.013187432902777,720,open_meteo,D:\MONEY VERSE\datasets\weather\weather_all_vietnam.csv,2026-05-18T15:57:27.004962+00:00,Open-Meteo public API data; attribution required.
Lang Son,20,,2022-10,21.81364247311828,74.10206268145161,101.7,101.7,11.570486239354839,744,open_meteo,D:\MONEY VERSE\datasets\weather\weather_all_vietnam.csv,2026-05-18T15:57:27.004962+00:00,Open-Meteo public API data; attribution required.
Lang Son,20,,2022-11,21.609861111111112,80.33479699166666,53.5,53.5,9.785503544972222,720,open_meteo,D:\MONEY VERSE\datasets\weather\weather_all_vietnam.csv,2026-05-18T15:57:27.004962+00:00,Open-Meteo public API data; attribution required.
Lang Son,20,,2022-12,12.731586021505375,64.73854257123656,7.6000000000000005,7.6000000000000005,13.365718280510752,744,open_meteo,D:\MONEY VERSE\datasets\weather\weather_all_vietnam.csv,2026-05-18T15:57:27.004962+00:00,Open-Meteo public API data; attribution required.
Lang Son,20,,2023-01,13.734543010752688,66.6093885376344,9.200000000000001,9.200000000000001,12.206597608104838,744,open_meteo,D:\MONEY VERSE\datasets\weather\weather_all_vietnam.csv,2026-05-18T15:57:27.004962+00:00,Open-Meteo public API data; attribution required.
Lang Son,20,,2023-02,17.43936011904762,79.3116610029762,64.7,64.7,11.599458519642857,672,open_meteo,D:\MONEY VERSE\datasets\weather\weather_all_vietnam.csv,2026-05-18T15:57:27.004962+00:00,Open-Meteo public API data; attribution required.
Lang Son,20,,2023-03,20.200067204301074,75.2363420967742,93.5,93.5,11.482408969811827,744,open_meteo,D:\MONEY VERSE\datasets\weather\weather_all_vietnam.csv,2026-05-18T15:57:27.004962+00:00,Open-Meteo public API data; attribution required.
Lang Son,20,,2023-04,23.163194444444443,82.34384269444445,62.7,62.7,13.050011253569444,720,open_meteo,D:\MONEY VERSE\datasets\weather\weather_all_vietnam.csv,2026-05-18T15:57:27.004962+00:00,Open-Meteo public API data; attribution required.
Lang Son,20,,2023-05,25.811491935483872,79.15073900403226,42.9,42.9,12.883743399865592,744,open_meteo,D:\MONEY VERSE\datasets\weather\weather_all_vietnam.csv,2026-05-18T15:57:27.004962+00:00,Open-Meteo public API data; attribution required.
Lang Son,20,,2023-06,27.259444444444444,81.81973309166666,259.6,259.6,9.751055344111112,720,open_meteo,D:\MONEY VERSE\datasets\weather\weather_all_vietnam.csv,2026-05-18T15:57:27.004962+00:00,Open-Meteo public API data; attribution required.
Lang Son,20,,2023-07,28.00880376344086,79.85984207392472,167.2,167.2,11.715225235174731,744,open_meteo,D:\MONEY VERSE\datasets\weather\weather_all_vietnam.csv,2026-05-18T15:57:27.004962+00:00,Open-Meteo public API data; attribution required.
Lang Son,20,,2023-08,26.126008064516128,88.10229605107526,323.4,323.4,7.283809186827956,744,open_meteo,D:\MONEY VERSE\datasets\weather\weather_all_vietnam.csv,2026-05-18T15:57:27.004962+00:00,Open-Meteo public API data; attribution required.
Lang Son,20,,2023-09,25.209583333333335,87.28332912916667,304.2,304.2,9.23145442325,720,open_meteo,D:\MONEY VERSE\datasets\weather\weather_all_vietnam.csv,2026-05-18T15:57:27.004962+00:00,Open-Meteo public API data; attribution required.
Lang Son,20,,2023-10,23.134139784946235,78.08222284005376,43.1,43.1,10.851473907083333,744,open_meteo,D:\MONEY VERSE\datasets\weather\weather_all_vietnam.csv,2026-05-18T15:57:27.004962+00:00,Open-Meteo public API data; attribution required.
Lang Son,20,,2023-11,20.16229166666667,76.00317284305555,12.8,12.8,10.003690807180556,720,open_meteo,D:\MONEY VERSE\datasets\weather\weather_all_vietnam.csv,2026-05-18T15:57:27.004962+00:00,Open-Meteo public API data; attribution required.
Lang Son,20,,2023-12,15.866935483870968,70.22015072580645,20.6,20.6,12.484188573857526,744,open_meteo,D:\MONEY VERSE\datasets\weather\weather_all_vietnam.csv,2026-05-18T15:57:27.004962+00:00,Open-Meteo public API data; attribution required.
Lang Son,20,,2024-01,14.876209677419354,82.30493147177418,118.8,118.8,12.407568565954302,744,open_meteo,D:\MONEY VERSE\datasets\weather\weather_all_vietnam.csv,2026-05-18T15:57:27.004962+00:00,Open-Meteo public API data; attribution required.
Lang Son,20,,2024-02,15.68441091954023,82.70764266810345,54.2,54.2,14.394604940229884,696,open_meteo,D:\MONEY VERSE\datasets\weather\weather_all_vietnam.csv,2026-05-18T15:57:27.004962+00:00,Open-Meteo public API data; attribution required.
Lang Son,20,,2024-03,19.36075268817204,82.49153291263441,38.800000000000004,38.800000000000004,13.283351828991936,744,open_meteo,D:\MONEY VERSE\datasets\weather\weather_all_vietnam.csv,2026-05-18T15:57:27.004962+00:00,Open-Meteo public API data; attribution required.
Lang Son,20,,2024-04,25.424930555555555,80.73062599305555,110.89999999999999,110.89999999999999,13.271337955694445,720,open_meteo,D:\MONEY VERSE\datasets\weather\weather_all_vietnam.csv,2026-05-18T15:57:27.004962+00:00,Open-Meteo public API data; attribution required.
Lang Son,20,,2024-05,24.936760752688173,85.78605466935484,249.8,249.8,10.09729495516129,744,open_meteo,D:\MONEY VERSE\datasets\weather\weather_all_vietnam.csv,2026-05-18T15:57:27.004962+00:00,Open-Meteo public API data; attribution required.
Lang Son,20,,2024-06,26.779166666666665,87.148428125,272.7,272.7,10.036604980347223,720,open_meteo,D:\MONEY VERSE\datasets\weather\weather_all_vietnam.csv,2026-05-18T15:57:27.004962+00:00,Open-Meteo public API data; attribution required.
Lang Son,20,,2024-07,26.985483870967744,85.73273541263441,172.5,172.5,10.443249178091397,744,open_meteo,D:\MONEY VERSE\datasets\weather\weather_all_vietnam.csv,2026-05-18T15:57:27.004962+00:00,Open-Meteo public API data; attribution required.
Lang Son,20,,2024-08,26.76364247311828,86.80248435887097,232.8,232.8,7.561293765080645,744,open_meteo,D:\MONEY VERSE\datasets\weather\weather_all_vietnam.csv,2026-05-18T15:57:27.004962+00:00,Open-Meteo public API data; attribution required.
Lang Son,20,,2024-09,25.59888888888889,86.9883648138889,292.9,292.9,10.785343495444446,720,open_meteo,D:\MONEY VERSE\datasets\weather\weather_all_vietnam.csv,2026-05-18T15:57:27.004962+00:00,Open-Meteo public API data; attribution required.
Lang Son,20,,2024-10,22.904905913978496,71.32068257795699,30.1,30.1,11.806991555201614,744,open_meteo,D:\MONEY VERSE\datasets\weather\weather_all_vietnam.csv,2026-05-18T15:57:27.004962+00:00,Open-Meteo public API data; attribution required.
Lang Son,20,,2024-11,21.280277777777776,62.585864973611116,1.8,1.8,10.579061278930556,720,open_meteo,D:\MONEY VERSE\datasets\weather\weather_all_vietnam.csv,2026-05-18T15:57:27.004962+00:00,Open-Meteo public API data; attribution required.
Lang Son,20,,2024-12,15.111962365591397,64.70099540725806,7.7,7.7,10.924587174852151,744,open_meteo,D:\MONEY VERSE\datasets\weather\weather_all_vietnam.csv,2026-05-18T15:57:27.004962+00:00,Open-Meteo public API data; attribution required.
Lang Son,20,,2025-01,14.559206989247311,64.1415000954301,11.5,11.5,9.456591239166666,744,open_meteo,D:\MONEY VERSE\datasets\weather\weather_all_vietnam.csv,2026-05-18T15:57:27.004962+00:00,Open-Meteo public API data; attribution required.
Lang Son,20,,2025-02,14.383556547619047,80.77792182886904,42.2,42.2,11.05968322061012,672,open_meteo,D:\MONEY VERSE\datasets\weather\weather_all_vietnam.csv,2026-05-18T15:57:27.004962+00:00,Open-Meteo public API data; attribution required.
Lang Son,20,,2025-03,18.15584677419355,74.02498682123655,56.800000000000004,56.800000000000004,12.795207913212366,744,open_meteo,D:\MONEY VERSE\datasets\weather\weather_all_vietnam.csv,2026-05-18T15:57:27.004962+00:00,Open-Meteo public API data; attribution required.
Lang Son,20,,2025-04,23.2,75.05244972083334,105.7,105.7,10.266192530152779,720,open_meteo,D:\MONEY VERSE\datasets\weather\weather_all_vietnam.csv,2026-05-18T15:57:27.004962+00:00,Open-Meteo public API data; attribution required.
Lang Son,20,,2025-05,24.84375,82.34485908064516,190.4,190.4,11.098039912459678,744,open_meteo,D:\MONEY VERSE\datasets\weather\weather_all_vietnam.csv,2026-05-18T15:57:27.004962+00:00,Open-Meteo public API data; attribution required.
Lang Son,20,,2025-06,27.020000000000003,83.02845367222221,190.7,190.7,10.605099695402778,720,open_meteo,D:\MONEY VERSE\datasets\weather\weather_all_vietnam.csv,2026-05-18T15:57:27.004962+00:00,Open-Meteo public API data; attribution required.
Lang Son,20,,2025-07,27.033198924731185,84.89396789784946,242.6,242.6,6.871605493360215,744,open_meteo,D:\MONEY VERSE\datasets\weather\weather_all_vietnam.csv,2026-05-18T15:57:27.004962+00:00,Open-Meteo public API data; attribution required.
Lang Son,20,,2025-08,26.322782258064517,86.50989332795699,220.7,220.7,9.287288154583333,744,open_meteo,D:\MONEY VERSE\datasets\weather\weather_all_vietnam.csv,2026-05-18T15:57:27.004962+00:00,Open-Meteo public API data; attribution required.
Lang Son,20,,2025-09,25.965208333333333,83.9675269875,201.2,201.2,7.727709351527778,720,open_meteo,D:\MONEY VERSE\datasets\weather\weather_all_vietnam.csv,2026-05-18T15:57:27.004962+00:00,Open-Meteo public API data; attribution required.
Lang Son,20,,2025-10,22.974663978494625,80.9647453655914,191.20000000000002,191.20000000000002,9.918159722930108,744,open_meteo,D:\MONEY VERSE\datasets\weather\weather_all_vietnam.csv,2026-05-18T15:57:27.004962+00:00,Open-Meteo public API data; attribution required.
Lang Son,20,,2025-11,17.566944444444445,74.6060130263889,53.0,53.0,11.706858523541667,720,open_meteo,D:\MONEY VERSE\datasets\weather\weather_all_vietnam.csv,2026-05-18T15:57:27.004962+00:00,Open-Meteo public API data; attribution required.
Lang Son,20,,2025-12,17.10430107526882,78.8152759905914,57.0,57.0,8.647910269959677,744,open_meteo,D:\MONEY VERSE\datasets\weather\weather_all_vietnam.csv,2026-05-18T15:57:27.004962+00:00,Open-Meteo public API data; attribution required.
Lang Son,20,,2026-01,14.29018817204301,78.16860204166666,42.1,42.1,9.625142700336022,744,open_meteo,D:\MONEY VERSE\datasets\weather\weather_all_vietnam.csv,2026-05-18T15:57:27.004962+00:00,Open-Meteo public API data; attribution required.
Lang Son,20,,2026-02,17.742410714285715,83.67991131696428,40.8,40.8,10.619579478735119,672,open_meteo,D:\MONEY VERSE\datasets\weather\weather_all_vietnam.csv,2026-05-18T15:57:27.004962+00:00,Open-Meteo public API data; attribution required.
Lang Son,20,,2026-03,20.82856182795699,78.29234346774193,46.2,46.2,11.417034817271505,744,open_meteo,D:\MONEY VERSE\datasets\weather\weather_all_vietnam.csv,2026-05-18T15:57:27.004962+00:00,Open-Meteo public API data; attribution required.
Lang Son,20,,2026-04,25.240277777777777,76.43532562916667,124.2,124.2,11.713008457472224,720,open_meteo,D:\MONEY VERSE\datasets\weather\weather_all_vietnam.csv,2026-05-18T15:57:27.004962+00:00,Open-Meteo public API data; attribution required.
Lang Son,20,,2026-05,24.703935185185188,80.9888107824074,112.1,109.300000094,10.527754762453704,432,open_meteo,D:\MONEY VERSE\datasets\weather\weather_all_vietnam.csv,2026-05-18T15:57:27.004962+00:00,Open-Meteo public API data; attribution required.
Lao Cai,10,,2021-05,27.36774193548387,82.53995135215054,298.2,298.2,5.014740415,744,open_meteo,D:\MONEY VERSE\datasets\weather\weather_all_vietnam.csv,2026-05-18T15:57:27.004962+00:00,Open-Meteo public API data; attribution required.
Lao Cai,10,,2021-06,28.340833333333336,79.709233575,299.3,299.3,3.6900245780833334,720,open_meteo,D:\MONEY VERSE\datasets\weather\weather_all_vietnam.csv,2026-05-18T15:57:27.004962+00:00,Open-Meteo public API data; attribution required.
Lao Cai,10,,2021-07,27.18770161290323,87.1868244327957,446.9,446.9,3.49658728625,744,open_meteo,D:\MONEY VERSE\datasets\weather\weather_all_vietnam.csv,2026-05-18T15:57:27.004962+00:00,Open-Meteo public API data; attribution required.
Lao Cai,10,,2021-08,27.627620967741937,83.3976294623656,467.6,467.6,3.5573793205107527,744,open_meteo,D:\MONEY VERSE\datasets\weather\weather_all_vietnam.csv,2026-05-18T15:57:27.004962+00:00,Open-Meteo public API data; attribution required.
Lao Cai,10,,2021-09,26.33652777777778,82.29142405972222,244.2,244.2,3.1723246184861114,720,open_meteo,D:\MONEY VERSE\datasets\weather\weather_all_vietnam.csv,2026-05-18T15:57:27.004962+00:00,Open-Meteo public API data; attribution required.
Lao Cai,10,,2021-10,23.014247311827955,82.47101811424731,253.3,253.3,3.729602858077957,744,open_meteo,D:\MONEY VERSE\datasets\weather\weather_all_vietnam.csv,2026-05-18T15:57:27.004962+00:00,Open-Meteo public API data; attribution required.
Lao Cai,10,,2021-11,18.699930555555557,86.09230931944444,77.2,77.2,3.46473849075,720,open_meteo,D:\MONEY VERSE\datasets\weather\weather_all_vietnam.csv,2026-05-18T15:57:27.004962+00:00,Open-Meteo public API data; attribution required.
Lao Cai,10,,2021-12,15.747177419354838,79.26989023252688,88.6,88.6,3.777501959180108,744,open_meteo,D:\MONEY VERSE\datasets\weather\weather_all_vietnam.csv,2026-05-18T15:57:27.004962+00:00,Open-Meteo public API data; attribution required.
Lao Cai,10,,2022-01,15.33111559139785,90.47292265188173,141.6,141.6,4.070723209005377,744,open_meteo,D:\MONEY VERSE\datasets\weather\weather_all_vietnam.csv,2026-05-18T15:57:27.004962+00:00,Open-Meteo public API data; attribution required.
Lao Cai,10,,2022-02,12.721205357142857,91.76758397023809,137.4,137.4,3.950192267098214,672,open_meteo,D:\MONEY VERSE\datasets\weather\weather_all_vietnam.csv,2026-05-18T15:57:27.004962+00:00,Open-Meteo public API data; attribution required.
Lao Cai,10,,2022-03,20.574462365591398,88.41803714381722,153.9,153.9,4.49761844577957,744,open_meteo,D:\MONEY VERSE\datasets\weather\weather_all_vietnam.csv,2026-05-18T15:57:27.004962+00:00,Open-Meteo public API data; attribution required.
Lao Cai,10,,2022-04,22.672291666666666,77.68120763888889,102.1,102.1,4.705658438041667,720,open_meteo,D:\MONEY VERSE\datasets\weather\weather_all_vietnam.csv,2026-05-18T15:57:27.004962+00:00,Open-Meteo public API data; attribution required.
Lao Cai,10,,2022-05,24.133198924731182,84.43513017607528,335.9,335.9,4.1871453389650535,744,open_meteo,D:\MONEY VERSE\datasets\weather\weather_all_vietnam.csv,2026-05-18T15:57:27.004962+00:00,Open-Meteo public API data; attribution required.
Lao Cai,10,,2022-06,27.663819444444446,81.72285578333334,331.5,331.5,3.798317713875,720,open_meteo,D:\MONEY VERSE\datasets\weather\weather_all_vietnam.csv,2026-05-18T15:57:27.004962+00:00,Open-Meteo public API data; attribution required.
Lao Cai,10,,2022-07,28.28353494623656,80.78416442876345,197.3,197.3,4.178192669758064,744,open_meteo,D:\MONEY VERSE\datasets\weather\weather_all_vietnam.csv,2026-05-18T15:57:27.004962+00:00,Open-Meteo public API data; attribution required.
Lao Cai,10,,2022-08,27.160618279569892,84.37211088709678,303.2,303.2,3.733473493064516,744,open_meteo,D:\MONEY VERSE\datasets\weather\weather_all_vietnam.csv,2026-05-18T15:57:27.004962+00:00,Open-Meteo public API data; attribution required.
Lao Cai,10,,2022-09,25.96902777777778,81.4574711625,254.9,254.9,3.3976637582222224,720,open_meteo,D:\MONEY VERSE\datasets\weather\weather_all_vietnam.csv,2026-05-18T15:57:27.004962+00:00,Open-Meteo public API data; attribution required.
Lao Cai,10,,2022-10,24.081115591397847,73.76364330510752,90.2,90.2,3.801686605967742,744,open_meteo,D:\MONEY VERSE\datasets\weather\weather_all_vietnam.csv,2026-05-18T15:57:27.004962+00:00,Open-Meteo public API data; attribution required.
Lao Cai,10,,2022-11,22.44909722222222,80.21782829166666,128.0,128.0,3.697078446916667,720,open_meteo,D:\MONEY VERSE\datasets\weather\weather_all_vietnam.csv,2026-05-18T15:57:27.004962+00:00,Open-Meteo public API data; attribution required.
Lao Cai,10,,2022-12,14.205309139784946,82.28699967204301,66.6,66.6,3.3368105556317205,744,open_meteo,D:\MONEY VERSE\datasets\weather\weather_all_vietnam.csv,2026-05-18T15:57:27.004962+00:00,Open-Meteo public API data; attribution required.
Lao Cai,10,,2023-01,13.902284946236557,78.46506167876345,31.8,31.8,4.132141105067205,744,open_meteo,D:\MONEY VERSE\datasets\weather\weather_all_vietnam.csv,2026-05-18T15:57:27.004962+00:00,Open-Meteo public API data; attribution required.
Lao Cai,10,,2023-02,18.023511904761904,82.28117874404762,75.7,75.7,4.676093576636905,672,open_meteo,D:\MONEY VERSE\datasets\weather\weather_all_vietnam.csv,2026-05-18T15:57:27.004962+00:00,Open-Meteo public API data; attribution required.
Lao Cai,10,,2023-03,20.199059139784946,82.01703501612903,44.2,44.2,4.351913257325268,744,open_meteo,D:\MONEY VERSE\datasets\weather\weather_all_vietnam.csv,2026-05-18T15:57:27.004962+00:00,Open-Meteo public API data; attribution required.
Lao Cai,10,,2023-04,23.87534722222222,81.41424931527779,69.3,69.3,5.008455410972222,720,open_meteo,D:\MONEY VERSE\datasets\weather\weather_all_vietnam.csv,2026-05-18T15:57:27.004962+00:00,Open-Meteo public API data; attribution required.
Lao Cai,10,,2023-05,27.287298387096776,75.59518645026883,122.2,122.2,5.301322496599462,744,open_meteo,D:\MONEY VERSE\datasets\weather\weather_all_vietnam.csv,2026-05-18T15:57:27.004962+00:00,Open-Meteo public API data; attribution required.
Lao Cai,10,,2023-06,27.794583333333332,81.72245563055556,365.6,365.6,4.479158776555556,720,open_meteo,D:\MONEY VERSE\datasets\weather\weather_all_vietnam.csv,2026-05-18T15:57:27.004962+00:00,Open-Meteo public API data; attribution required.
Lao Cai,10,,2023-07,28.895833333333332,76.39922411693549,173.3,173.3,4.542411722715054,744,open_meteo,D:\MONEY VERSE\datasets\weather\weather_all_vietnam.csv,2026-05-18T15:57:27.004962+00:00,Open-Meteo public API data; attribution required.
Lao Cai,10,,2023-08,27.650806451612905,83.794641375,287.3,287.3,3.394157034018817,744,open_meteo,D:\MONEY VERSE\datasets\weather\weather_all_vietnam.csv,2026-05-18T15:57:27.004962+00:00,Open-Meteo public API data; attribution required.
Lao Cai,10,,2023-09,27.29888888888889,78.60617965,131.9,131.9,3.6607269931527777,720,open_meteo,D:\MONEY VERSE\datasets\weather\weather_all_vietnam.csv,2026-05-18T15:57:27.004962+00:00,Open-Meteo public API data; attribution required.
Lao Cai,10,,2023-10,25.019489247311828,78.4350503373656,107.4,107.4,3.229524070524193,744,open_meteo,D:\MONEY VERSE\datasets\weather\weather_all_vietnam.csv,2026-05-18T15:57:27.004962+00:00,Open-Meteo public API data; attribution required.
Lao Cai,10,,2023-11,21.221041666666665,78.40364368055556,65.1,65.1,3.7077101414444447,720,open_meteo,D:\MONEY VERSE\datasets\weather\weather_all_vietnam.csv,2026-05-18T15:57:27.004962+00:00,Open-Meteo public API data; attribution required.
Lao Cai,10,,2023-12,16.923857526881722,83.00335011290323,39.7,39.7,3.7729034191801074,744,open_meteo,D:\MONEY VERSE\datasets\weather\weather_all_vietnam.csv,2026-05-18T15:57:27.004962+00:00,Open-Meteo public API data; attribution required.
Lao Cai,10,,2024-01,15.861290322580643,90.14989362365591,174.0,174.0,3.6754769972849464,744,open_meteo,D:\MONEY VERSE\datasets\weather\weather_all_vietnam.csv,2026-05-18T15:57:27.004962+00:00,Open-Meteo public API data; attribution required.
Lao Cai,10,,2024-02,17.635704022988506,84.4419634612069,31.900000000000002,31.900000000000002,4.6831814876293105,696,open_meteo,D:\MONEY VERSE\datasets\weather\weather_all_vietnam.csv,2026-05-18T15:57:27.004962+00:00,Open-Meteo public API data; attribution required.
Lao Cai,10,,2024-03,20.524327956989247,82.05708041532259,68.3,68.3,4.412212538965053,744,open_meteo,D:\MONEY VERSE\datasets\weather\weather_all_vietnam.csv,2026-05-18T15:57:27.004962+00:00,Open-Meteo public API data; attribution required.
Lao Cai,10,,2024-04,26.594305555555557,74.33060799444443,46.7,46.7,4.900673459652778,720,open_meteo,D:\MONEY VERSE\datasets\weather\weather_all_vietnam.csv,2026-05-18T15:57:27.004962+00:00,Open-Meteo public API data; attribution required.
Lao Cai,10,,2024-05,26.488709677419354,81.69743024731183,280.6,280.6,4.432724689099462,744,open_meteo,D:\MONEY VERSE\datasets\weather\weather_all_vietnam.csv,2026-05-18T15:57:27.004962+00:00,Open-Meteo public API data; attribution required.
Lao Cai,10,,2024-06,27.771875,84.38893153055557,311.0,311.0,3.964364414638889,720,open_meteo,D:\MONEY VERSE\datasets\weather\weather_all_vietnam.csv,2026-05-18T15:57:27.004962+00:00,Open-Meteo public API data; attribution required.
Lao Cai,10,,2024-07,27.672983870967744,85.45268061021505,332.5,332.5,4.025138350793011,744,open_meteo,D:\MONEY VERSE\datasets\weather\weather_all_vietnam.csv,2026-05-18T15:57:27.004962+00:00,Open-Meteo public API data; attribution required.
Lao Cai,10,,2024-08,27.38595430107527,84.7001224327957,296.2,296.2,3.4021616048924734,744,open_meteo,D:\MONEY VERSE\datasets\weather\weather_all_vietnam.csv,2026-05-18T15:57:27.004962+00:00,Open-Meteo public API data; attribution required.
Lao Cai,10,,2024-09,27.266180555555557,80.61204027916666,594.9,594.9,3.7465010704166666,720,open_meteo,D:\MONEY VERSE\datasets\weather\weather_all_vietnam.csv,2026-05-18T15:57:27.004962+00:00,Open-Meteo public API data; attribution required.
Lao Cai,10,,2024-10,24.984005376344083,74.65677016666666,177.9,177.9,3.69350018297043,744,open_meteo,D:\MONEY VERSE\datasets\weather\weather_all_vietnam.csv,2026-05-18T15:57:27.004962+00:00,Open-Meteo public API data; attribution required.
Lao Cai,10,,2024-11,22.061180555555556,71.84947753611111,8.3,8.3,3.5672167159305554,720,open_meteo,D:\MONEY VERSE\datasets\weather\weather_all_vietnam.csv,2026-05-18T15:57:27.004962+00:00,Open-Meteo public API data; attribution required.
Lao Cai,10,,2024-12,15.778763440860214,82.81252325134409,70.3,70.3,3.2637389188844086,744,open_meteo,D:\MONEY VERSE\datasets\weather\weather_all_vietnam.csv,2026-05-18T15:57:27.004962+00:00,Open-Meteo public API data; attribution required.
Lao Cai,10,,2025-01,14.645631720430108,76.93992457661291,65.4,65.4,3.596617590510753,744,open_meteo,D:\MONEY VERSE\datasets\weather\weather_all_vietnam.csv,2026-05-18T15:57:27.004962+00:00,Open-Meteo public API data; attribution required.
Lao Cai,10,,2025-02,15.259747023809522,88.24116850446428,81.8,81.8,4.065269250014881,672,open_meteo,D:\MONEY VERSE\datasets\weather\weather_all_vietnam.csv,2026-05-18T15:57:27.004962+00:00,Open-Meteo public API data; attribution required.
Lao Cai,10,,2025-03,19.795026881720432,75.94048220430108,31.8,31.8,4.724114991626344,744,open_meteo,D:\MONEY VERSE\datasets\weather\weather_all_vietnam.csv,2026-05-18T15:57:27.004962+00:00,Open-Meteo public API data; attribution required.
Lao Cai,10,,2025-04,23.759513888888886,75.60273704166667,131.5,131.5,3.958194943986111,720,open_meteo,D:\MONEY VERSE\datasets\weather\weather_all_vietnam.csv,2026-05-18T15:57:27.004962+00:00,Open-Meteo public API data; attribution required.
Lao Cai,10,,2025-05,26.1809811827957,77.9709340766129,304.1,304.1,4.010336787916667,744,open_meteo,D:\MONEY VERSE\datasets\weather\weather_all_vietnam.csv,2026-05-18T15:57:27.004962+00:00,Open-Meteo public API data; attribution required.
Lao Cai,10,,2025-06,27.153958333333332,84.37185325416667,383.7,383.7,3.311650467541667,720,open_meteo,D:\MONEY VERSE\datasets\weather\weather_all_vietnam.csv,2026-05-18T15:57:27.004962+00:00,Open-Meteo public API data; attribution required.
Lao Cai,10,,2025-07,28.1184811827957,80.34628073790323,290.6,290.6,3.2676088549596773,744,open_meteo,D:\MONEY VERSE\datasets\weather\weather_all_vietnam.csv,2026-05-18T15:57:27.004962+00:00,Open-Meteo public API data; attribution required.
Lao Cai,10,,2025-08,27.129502688172042,83.5252819045699,296.3,296.3,3.252326447876344,744,open_meteo,D:\MONEY VERSE\datasets\weather\weather_all_vietnam.csv,2026-05-18T15:57:27.004962+00:00,Open-Meteo public API data; attribution required.
Lao Cai,10,,2025-09,26.408749999999998,84.09843264444444,290.3,290.3,3.0605217979583332,720,open_meteo,D:\MONEY VERSE\datasets\weather\weather_all_vietnam.csv,2026-05-18T15:57:27.004962+00:00,Open-Meteo public API data; attribution required.
Lao Cai,10,,2025-10,24.427889784946235,82.74841823790322,140.7,140.7,3.0127383263037633,744,open_meteo,D:\MONEY VERSE\datasets\weather\weather_all_vietnam.csv,2026-05-18T15:57:27.004962+00:00,Open-Meteo public API data; attribution required.
Lao Cai,10,,2025-11,19.524166666666666,76.62717892222223,114.6,114.6,3.0782417901527777,720,open_meteo,D:\MONEY VERSE\datasets\weather\weather_all_vietnam.csv,2026-05-18T15:57:27.004962+00:00,Open-Meteo public API data; attribution required.
Lao Cai,10,,2025-12,17.282190860215056,83.4523846344086,52.1,52.1,3.2241885602284945,744,open_meteo,D:\MONEY VERSE\datasets\weather\weather_all_vietnam.csv,2026-05-18T15:57:27.004962+00:00,Open-Meteo public API data; attribution required.
Lao Cai,10,,2026-01,15.342674731182797,84.13583852150538,33.7,33.7,3.9444640829704305,744,open_meteo,D:\MONEY VERSE\datasets\weather\weather_all_vietnam.csv,2026-05-18T15:57:27.004962+00:00,Open-Meteo public API data; attribution required.
Lao Cai,10,,2026-02,18.455133928571428,86.04312314285714,44.2,44.2,4.1191689581696425,672,open_meteo,D:\MONEY VERSE\datasets\weather\weather_all_vietnam.csv,2026-05-18T15:57:27.004962+00:00,Open-Meteo public API data; attribution required.
Lao Cai,10,,2026-03,21.599999999999998,79.94146289247311,74.8,74.8,4.225517643346774,744,open_meteo,D:\MONEY VERSE\datasets\weather\weather_all_vietnam.csv,2026-05-18T15:57:27.004962+00:00,Open-Meteo public API data; attribution required.
Lao Cai,10,,2026-04,25.959166666666665,71.57814216805556,60.1,60.1,4.639848821680555,720,open_meteo,D:\MONEY VERSE\datasets\weather\weather_all_vietnam.csv,2026-05-18T15:57:27.004962+00:00,Open-Meteo public API data; attribution required.
Lao Cai,10,,2026-05,24.944444444444443,80.86579278935186,127.3,122.59999986,3.3791814691203705,432,open_meteo,D:\MONEY VERSE\datasets\weather\weather_all_vietnam.csv,2026-05-18T15:57:27.004962+00:00,Open-Meteo public API data; attribution required.
Long An,80,,2021-05,28.530040322580643,80.30938864650537,190.6,190.6,8.835519885349463,744,open_meteo,D:\MONEY VERSE\datasets\weather\weather_all_vietnam.csv,2026-05-18T15:57:27.004962+00:00,Open-Meteo public API data; attribution required.
Long An,80,,2021-06,28.124166666666667,81.54437933055556,153.6,153.6,11.77135251513889,720,open_meteo,D:\MONEY VERSE\datasets\weather\weather_all_vietnam.csv,2026-05-18T15:57:27.004962+00:00,Open-Meteo public API data; attribution required.
Long An,80,,2021-07,27.36787634408602,84.48408142069893,310.0,310.0,12.122214978991936,744,open_meteo,D:\MONEY VERSE\datasets\weather\weather_all_vietnam.csv,2026-05-18T15:57:27.004962+00:00,Open-Meteo public API data; attribution required.
Long An,80,,2021-08,27.17970430107527,85.28562948924731,297.8,297.8,10.165085758844086,744,open_meteo,D:\MONEY VERSE\datasets\weather\weather_all_vietnam.csv,2026-05-18T15:57:27.004962+00:00,Open-Meteo public API data; attribution required.
Long An,80,,2021-09,26.61111111111111,87.14752502222223,409.4,409.4,9.012616862472221,720,open_meteo,D:\MONEY VERSE\datasets\weather\weather_all_vietnam.csv,2026-05-18T15:57:27.004962+00:00,Open-Meteo public API data; attribution required.
Long An,80,,2021-10,26.557459677419356,86.81115125134409,348.3,348.3,8.535243711787635,744,open_meteo,D:\MONEY VERSE\datasets\weather\weather_all_vietnam.csv,2026-05-18T15:57:27.004962+00:00,Open-Meteo public API data; attribution required.
Long An,80,,2021-11,26.238958333333333,86.06542397777777,296.6,296.6,7.62730609561111,720,open_meteo,D:\MONEY VERSE\datasets\weather\weather_all_vietnam.csv,2026-05-18T15:57:27.004962+00:00,Open-Meteo public API data; attribution required.
Long An,80,,2021-12,26.02594086021505,73.88491027150538,54.800000000000004,54.800000000000004,8.201566608467742,744,open_meteo,D:\MONEY VERSE\datasets\weather\weather_all_vietnam.csv,2026-05-18T15:57:27.004962+00:00,Open-Meteo public API data; attribution required.
Long An,80,,2022-01,26.97963709677419,70.71075745698924,11.3,11.3,7.534865437553764,744,open_meteo,D:\MONEY VERSE\datasets\weather\weather_all_vietnam.csv,2026-05-18T15:57:27.004962+00:00,Open-Meteo public API data; attribution required.
Long An,80,,2022-02,28.06845238095238,67.0261253139881,26.8,26.8,11.130822583928571,672,open_meteo,D:\MONEY VERSE\datasets\weather\weather_all_vietnam.csv,2026-05-18T15:57:27.004962+00:00,Open-Meteo public API data; attribution required.
Long An,80,,2022-03,28.50625,70.94570909811829,69.1,69.1,10.18229015922043,744,open_meteo,D:\MONEY VERSE\datasets\weather\weather_all_vietnam.csv,2026-05-18T15:57:27.004962+00:00,Open-Meteo public API data; attribution required.
Long An,80,,2022-04,27.653333333333336,79.77156653194444,168.3,168.3,8.324292249166668,720,open_meteo,D:\MONEY VERSE\datasets\weather\weather_all_vietnam.csv,2026-05-18T15:57:27.004962+00:00,Open-Meteo public API data; attribution required.
Long An,80,,2022-05,27.287163978494625,85.63688467473118,340.7,340.7,9.15069960873656,744,open_meteo,D:\MONEY VERSE\datasets\weather\weather_all_vietnam.csv,2026-05-18T15:57:27.004962+00:00,Open-Meteo public API data; attribution required.
Long An,80,,2022-06,27.209166666666665,86.02870028472222,285.6,285.6,6.721483415763888,720,open_meteo,D:\MONEY VERSE\datasets\weather\weather_all_vietnam.csv,2026-05-18T15:57:27.004962+00:00,Open-Meteo public API data; attribution required.
Long An,80,,2022-07,26.751209677419357,87.06073061962366,366.5,366.5,9.86207640498656,744,open_meteo,D:\MONEY VERSE\datasets\weather\weather_all_vietnam.csv,2026-05-18T15:57:27.004962+00:00,Open-Meteo public API data; attribution required.
Long An,80,,2022-08,26.656989247311827,86.5968684341398,353.9,353.9,9.066899787204301,744,open_meteo,D:\MONEY VERSE\datasets\weather\weather_all_vietnam.csv,2026-05-18T15:57:27.004962+00:00,Open-Meteo public API data; attribution required.
Long An,80,,2022-09,26.44284722222222,86.8649173486111,338.5,338.5,9.222175974861111,720,open_meteo,D:\MONEY VERSE\datasets\weather\weather_all_vietnam.csv,2026-05-18T15:57:27.004962+00:00,Open-Meteo public API data; attribution required.
Long An,80,,2022-10,26.25282258064516,84.90139368682796,356.5,356.5,7.626352177930108,744,open_meteo,D:\MONEY VERSE\datasets\weather\weather_all_vietnam.csv,2026-05-18T15:57:27.004962+00:00,Open-Meteo public API data; attribution required.
Long An,80,,2022-11,26.320277777777775,85.66753057777778,204.0,204.0,7.728706410777777,720,open_meteo,D:\MONEY VERSE\datasets\weather\weather_all_vietnam.csv,2026-05-18T15:57:27.004962+00:00,Open-Meteo public API data; attribution required.
Long An,80,,2022-12,25.872849462365593,73.75092853360215,45.7,45.7,8.339712354946236,744,open_meteo,D:\MONEY VERSE\datasets\weather\weather_all_vietnam.csv,2026-05-18T15:57:27.004962+00:00,Open-Meteo public API data; attribution required.
Long An,80,,2023-01,25.550806451612903,75.64079033870968,146.2,146.2,8.937859101034947,744,open_meteo,D:\MONEY VERSE\datasets\weather\weather_all_vietnam.csv,2026-05-18T15:57:27.004962+00:00,Open-Meteo public API data; attribution required.
Long An,80,,2023-02,26.96629464285714,69.87097721130952,8.9,8.9,9.617769344642857,672,open_meteo,D:\MONEY VERSE\datasets\weather\weather_all_vietnam.csv,2026-05-18T15:57:27.004962+00:00,Open-Meteo public API data; attribution required.
Long An,80,,2023-03,27.79173387096774,66.69757155107527,5.0,5.0,10.66899749905914,744,open_meteo,D:\MONEY VERSE\datasets\weather\weather_all_vietnam.csv,2026-05-18T15:57:27.004962+00:00,Open-Meteo public API data; attribution required.
Long An,80,,2023-04,29.721458333333334,70.95447002222222,76.4,76.4,10.02276244548611,720,open_meteo,D:\MONEY VERSE\datasets\weather\weather_all_vietnam.csv,2026-05-18T15:57:27.004962+00:00,Open-Meteo public API data; attribution required.
Long An,80,,2023-05,28.649395161290325,80.0749654327957,239.4,239.4,9.0915338125,744,open_meteo,D:\MONEY VERSE\datasets\weather\weather_all_vietnam.csv,2026-05-18T15:57:27.004962+00:00,Open-Meteo public API data; attribution required.
Long An,80,,2023-06,27.450694444444444,86.25345234027778,271.5,271.5,9.001283761055555,720,open_meteo,D:\MONEY VERSE\datasets\weather\weather_all_vietnam.csv,2026-05-18T15:57:27.004962+00:00,Open-Meteo public API data; attribution required.
Long An,80,,2023-07,26.930913978494623,87.10270550806452,472.40000000000003,472.40000000000003,11.465568661384408,744,open_meteo,D:\MONEY VERSE\datasets\weather\weather_all_vietnam.csv,2026-05-18T15:57:27.004962+00:00,Open-Meteo public API data; attribution required.
Long An,80,,2023-08,27.513440860215052,84.36300721370968,308.8,308.8,11.91088168908602,744,open_meteo,D:\MONEY VERSE\datasets\weather\weather_all_vietnam.csv,2026-05-18T15:57:27.004962+00:00,Open-Meteo public API data; attribution required.
Long An,80,,2023-09,26.710902777777775,87.08764708333334,417.1,417.1,10.098358085555555,720,open_meteo,D:\MONEY VERSE\datasets\weather\weather_all_vietnam.csv,2026-05-18T15:57:27.004962+00:00,Open-Meteo public API data; attribution required.
Long An,80,,2023-10,26.762634408602153,87.86249686155914,494.7,494.7,5.900753796048386,744,open_meteo,D:\MONEY VERSE\datasets\weather\weather_all_vietnam.csv,2026-05-18T15:57:27.004962+00:00,Open-Meteo public API data; attribution required.
Long An,80,,2023-11,26.82986111111111,82.65633769583333,179.1,179.1,6.951155819027777,720,open_meteo,D:\MONEY VERSE\datasets\weather\weather_all_vietnam.csv,2026-05-18T15:57:27.004962+00:00,Open-Meteo public API data; attribution required.
Long An,80,,2023-12,27.664247311827957,72.61469907258063,24.5,24.5,8.872168096774192,744,open_meteo,D:\MONEY VERSE\datasets\weather\weather_all_vietnam.csv,2026-05-18T15:57:27.004962+00:00,Open-Meteo public API data; attribution required.
Long An,80,,2024-01,27.138037634408605,71.34255922446236,3.9000000000000004,3.9000000000000004,7.285260337647849,744,open_meteo,D:\MONEY VERSE\datasets\weather\weather_all_vietnam.csv,2026-05-18T15:57:27.004962+00:00,Open-Meteo public API data; attribution required.
Long An,80,,2024-02,28.0055316091954,68.17826665373563,5.7,5.7,11.638756053448276,696,open_meteo,D:\MONEY VERSE\datasets\weather\weather_all_vietnam.csv,2026-05-18T15:57:27.004962+00:00,Open-Meteo public API data; attribution required.
Long An,80,,2024-03,29.24912634408602,66.56970335349463,4.4,4.4,12.783877581451613,744,open_meteo,D:\MONEY VERSE\datasets\weather\weather_all_vietnam.csv,2026-05-18T15:57:27.004962+00:00,Open-Meteo public API data; attribution required.
Long An,80,,2024-04,31.158819444444443,63.93963017916667,4.9,4.9,11.738689397749999,720,open_meteo,D:\MONEY VERSE\datasets\weather\weather_all_vietnam.csv,2026-05-18T15:57:27.004962+00:00,Open-Meteo public API data; attribution required.
Long An,80,,2024-05,29.735147849462365,76.88801108198925,262.7,262.7,8.57026899344086,744,open_meteo,D:\MONEY VERSE\datasets\weather\weather_all_vietnam.csv,2026-05-18T15:57:27.004962+00:00,Open-Meteo public API data; attribution required.
Long An,80,,2024-06,28.38548611111111,80.94917550833334,248.5,248.5,9.253204330166666,720,open_meteo,D:\MONEY VERSE\datasets\weather\weather_all_vietnam.csv,2026-05-18T15:57:27.004962+00:00,Open-Meteo public API data; attribution required.
Long An,80,,2024-07,26.873051075268815,87.22059117473118,400.9,400.9,11.079911134247311,744,open_meteo,D:\MONEY VERSE\datasets\weather\weather_all_vietnam.csv,2026-05-18T15:57:27.004962+00:00,Open-Meteo public API data; attribution required.
Long An,80,,2024-08,27.521706989247313,84.81244897177419,273.2,273.2,8.090073608669355,744,open_meteo,D:\MONEY VERSE\datasets\weather\weather_all_vietnam.csv,2026-05-18T15:57:27.004962+00:00,Open-Meteo public API data; attribution required.
Long An,80,,2024-09,27.024652777777778,86.41519280416667,362.2,362.2,11.295122713236111,720,open_meteo,D:\MONEY VERSE\datasets\weather\weather_all_vietnam.csv,2026-05-18T15:57:27.004962+00:00,Open-Meteo public API data; attribution required.
Long An,80,,2024-10,26.676344086021505,86.78997576747312,359.6,359.6,6.642228943884408,744,open_meteo,D:\MONEY VERSE\datasets\weather\weather_all_vietnam.csv,2026-05-18T15:57:27.004962+00:00,Open-Meteo public API data; attribution required.
Long An,80,,2024-11,27.38888888888889,79.18206730694445,136.6,136.6,6.766702375583334,720,open_meteo,D:\MONEY VERSE\datasets\weather\weather_all_vietnam.csv,2026-05-18T15:57:27.004962+00:00,Open-Meteo public API data; attribution required.
Long An,80,,2024-12,26.18588709677419,78.19126265860216,106.2,106.2,7.489670447688172,744,open_meteo,D:\MONEY VERSE\datasets\weather\weather_all_vietnam.csv,2026-05-18T15:57:27.004962+00:00,Open-Meteo public API data; attribution required.
Long An,80,,2025-01,25.537903225806453,73.0347207392473,13.0,13.0,6.798762648010753,744,open_meteo,D:\MONEY VERSE\datasets\weather\weather_all_vietnam.csv,2026-05-18T15:57:27.004962+00:00,Open-Meteo public API data; attribution required.
Long An,80,,2025-02,26.326339285714283,77.00441215178571,47.800000000000004,47.800000000000004,6.202222103184524,672,open_meteo,D:\MONEY VERSE\datasets\weather\weather_all_vietnam.csv,2026-05-18T15:57:27.004962+00:00,Open-Meteo public API data; attribution required.
Long An,80,,2025-03,28.14092741935484,71.08414529166667,24.1,24.1,8.514791695873656,744,open_meteo,D:\MONEY VERSE\datasets\weather\weather_all_vietnam.csv,2026-05-18T15:57:27.004962+00:00,Open-Meteo public API data; attribution required.
Long An,80,,2025-04,28.727708333333336,74.56101341527778,107.5,107.5,7.661791794305556,720,open_meteo,D:\MONEY VERSE\datasets\weather\weather_all_vietnam.csv,2026-05-18T15:57:27.004962+00:00,Open-Meteo public API data; attribution required.
Long An,80,,2025-05,27.98561827956989,82.89518344086021,327.4,327.4,6.842543899798387,744,open_meteo,D:\MONEY VERSE\datasets\weather\weather_all_vietnam.csv,2026-05-18T15:57:27.004962+00:00,Open-Meteo public API data; attribution required.
Long An,80,,2025-06,27.198819444444446,86.19250039861112,254.6,254.6,8.964449249722222,720,open_meteo,D:\MONEY VERSE\datasets\weather\weather_all_vietnam.csv,2026-05-18T15:57:27.004962+00:00,Open-Meteo public API data; attribution required.
Long An,80,,2025-07,27.570833333333333,83.43269162096774,239.6,239.6,11.090446209126343,744,open_meteo,D:\MONEY VERSE\datasets\weather\weather_all_vietnam.csv,2026-05-18T15:57:27.004962+00:00,Open-Meteo public API data; attribution required.
Long An,80,,2025-08,26.992271505376344,84.9210002217742,388.8,388.8,8.88197943155914,744,open_meteo,D:\MONEY VERSE\datasets\weather\weather_all_vietnam.csv,2026-05-18T15:57:27.004962+00:00,Open-Meteo public API data; attribution required.
Long An,80,,2025-09,26.708402777777778,86.19982629166667,374.8,374.8,8.023316948777778,720,open_meteo,D:\MONEY VERSE\datasets\weather\weather_all_vietnam.csv,2026-05-18T15:57:27.004962+00:00,Open-Meteo public API data; attribution required.
Long An,80,,2025-10,27.155174731182797,83.73935526612904,346.6,346.6,5.825309898857527,744,open_meteo,D:\MONEY VERSE\datasets\weather\weather_all_vietnam.csv,2026-05-18T15:57:27.004962+00:00,Open-Meteo public API data; attribution required.
Long An,80,,2025-11,26.35611111111111,79.32641968194444,215.2,215.2,7.521041203958334,720,open_meteo,D:\MONEY VERSE\datasets\weather\weather_all_vietnam.csv,2026-05-18T15:57:27.004962+00:00,Open-Meteo public API data; attribution required.
Long An,80,,2025-12,26.54932795698925,76.55719878494624,82.0,82.0,6.203551076895161,744,open_meteo,D:\MONEY VERSE\datasets\weather\weather_all_vietnam.csv,2026-05-18T15:57:27.004962+00:00,Open-Meteo public API data; attribution required.
Long An,80,,2026-01,25.096236559139783,73.60116917607527,36.599999999999994,36.599999999999994,6.499478782688172,744,open_meteo,D:\MONEY VERSE\datasets\weather\weather_all_vietnam.csv,2026-05-18T15:57:27.004962+00:00,Open-Meteo public API data; attribution required.
Long An,80,,2026-02,26.522247023809523,75.10198299404762,72.1,72.1,7.1776405704613095,672,open_meteo,D:\MONEY VERSE\datasets\weather\weather_all_vietnam.csv,2026-05-18T15:57:27.004962+00:00,Open-Meteo public API data; attribution required.
Long An,80,,2026-03,27.309139784946236,74.39518464919354,33.5,33.5,8.027926303427419,744,open_meteo,D:\MONEY VERSE\datasets\weather\weather_all_vietnam.csv,2026-05-18T15:57:27.004962+00:00,Open-Meteo public API data; attribution required.
Long An,80,,2026-04,29.34875,67.64690438055555,10.7,10.7,8.136457419861111,720,open_meteo,D:\MONEY VERSE\datasets\weather\weather_all_vietnam.csv,2026-05-18T15:57:27.004962+00:00,Open-Meteo public API data; attribution required.
Long An,80,,2026-05,29.821064814814818,72.89083821296296,73.2,65.200000118,8.133051750092593,432,open_meteo,D:\MONEY VERSE\datasets\weather\weather_all_vietnam.csv,2026-05-18T15:57:27.004962+00:00,Open-Meteo public API data; attribution required.
Nam Dinh,36,,2021-05,28.867137096774197,82.53748999193549,93.3,93.3,13.341520211693549,744,open_meteo,D:\MONEY VERSE\datasets\weather\weather_all_vietnam.csv,2026-05-18T15:57:27.004962+00:00,Open-Meteo public API data; attribution required.
Nam Dinh,36,,2021-06,30.28125,74.29633744444445,201.1,201.1,11.536882835805555,720,open_meteo,D:\MONEY VERSE\datasets\weather\weather_all_vietnam.csv,2026-05-18T15:57:27.004962+00:00,Open-Meteo public API data; attribution required.
Nam Dinh,36,,2021-07,29.543010752688172,80.93326204032259,331.5,331.5,9.508306140994623,744,open_meteo,D:\MONEY VERSE\datasets\weather\weather_all_vietnam.csv,2026-05-18T15:57:27.004962+00:00,Open-Meteo public API data; attribution required.
Nam Dinh,36,,2021-08,29.587903225806453,82.37033243951613,173.7,173.7,8.574094522983872,744,open_meteo,D:\MONEY VERSE\datasets\weather\weather_all_vietnam.csv,2026-05-18T15:57:27.004962+00:00,Open-Meteo public API data; attribution required.
Nam Dinh,36,,2021-09,27.386458333333334,88.21586307222222,307.9,307.9,6.881163594888889,720,open_meteo,D:\MONEY VERSE\datasets\weather\weather_all_vietnam.csv,2026-05-18T15:57:27.004962+00:00,Open-Meteo public API data; attribution required.
Nam Dinh,36,,2021-10,23.577956989247312,81.06168178225806,387.9,387.9,13.838875558333333,744,open_meteo,D:\MONEY VERSE\datasets\weather\weather_all_vietnam.csv,2026-05-18T15:57:27.004962+00:00,Open-Meteo public API data; attribution required.
Nam Dinh,36,,2021-11,21.215416666666666,75.22594675972222,43.7,43.7,10.414656576527777,720,open_meteo,D:\MONEY VERSE\datasets\weather\weather_all_vietnam.csv,2026-05-18T15:57:27.004962+00:00,Open-Meteo public API data; attribution required.
Nam Dinh,36,,2021-12,18.300336021505377,70.35439496774194,9.8,9.8,9.411572662876344,744,open_meteo,D:\MONEY VERSE\datasets\weather\weather_all_vietnam.csv,2026-05-18T15:57:27.004962+00:00,Open-Meteo public API data; attribution required.
Nam Dinh,36,,2022-01,18.54959677419355,82.40614542069892,52.7,52.7,9.853920085551076,744,open_meteo,D:\MONEY VERSE\datasets\weather\weather_all_vietnam.csv,2026-05-18T15:57:27.004962+00:00,Open-Meteo public API data; attribution required.
Nam Dinh,36,,2022-02,15.228794642857142,80.05688116815476,77.0,77.0,10.203652566324404,672,open_meteo,D:\MONEY VERSE\datasets\weather\weather_all_vietnam.csv,2026-05-18T15:57:27.004962+00:00,Open-Meteo public API data; attribution required.
Nam Dinh,36,,2022-03,22.100806451612904,86.27122045295698,73.7,73.7,10.052133739784948,744,open_meteo,D:\MONEY VERSE\datasets\weather\weather_all_vietnam.csv,2026-05-18T15:57:27.004962+00:00,Open-Meteo public API data; attribution required.
Nam Dinh,36,,2022-04,23.388680555555553,80.73779998611111,51.2,51.2,11.46450231775,720,open_meteo,D:\MONEY VERSE\datasets\weather\weather_all_vietnam.csv,2026-05-18T15:57:27.004962+00:00,Open-Meteo public API data; attribution required.
Nam Dinh,36,,2022-05,25.652889784946236,83.09357298790323,263.9,263.9,9.416268343682797,744,open_meteo,D:\MONEY VERSE\datasets\weather\weather_all_vietnam.csv,2026-05-18T15:57:27.004962+00:00,Open-Meteo public API data; attribution required.
Nam Dinh,36,,2022-06,29.928194444444443,76.17050612083334,164.3,164.3,11.278875691208334,720,open_meteo,D:\MONEY VERSE\datasets\weather\weather_all_vietnam.csv,2026-05-18T15:57:27.004962+00:00,Open-Meteo public API data; attribution required.
Nam Dinh,36,,2022-07,28.932795698924732,83.21468715860216,271.0,271.0,8.336377943965054,744,open_meteo,D:\MONEY VERSE\datasets\weather\weather_all_vietnam.csv,2026-05-18T15:57:27.004962+00:00,Open-Meteo public API data; attribution required.
Nam Dinh,36,,2022-08,28.17923387096774,85.82639735215054,423.7,423.7,7.957301640551075,744,open_meteo,D:\MONEY VERSE\datasets\weather\weather_all_vietnam.csv,2026-05-18T15:57:27.004962+00:00,Open-Meteo public API data; attribution required.
Nam Dinh,36,,2022-09,27.036944444444444,86.02312045833334,469.4,469.4,7.950862611138889,720,open_meteo,D:\MONEY VERSE\datasets\weather\weather_all_vietnam.csv,2026-05-18T15:57:27.004962+00:00,Open-Meteo public API data; attribution required.
Nam Dinh,36,,2022-10,24.17244623655914,75.68241897311827,171.0,171.0,11.045942066989248,744,open_meteo,D:\MONEY VERSE\datasets\weather\weather_all_vietnam.csv,2026-05-18T15:57:27.004962+00:00,Open-Meteo public API data; attribution required.
Nam Dinh,36,,2022-11,24.439930555555556,81.96293533888888,129.2,129.2,9.264981968472222,720,open_meteo,D:\MONEY VERSE\datasets\weather\weather_all_vietnam.csv,2026-05-18T15:57:27.004962+00:00,Open-Meteo public API data; attribution required.
Nam Dinh,36,,2022-12,16.659341397849463,67.33371572849462,10.3,10.3,10.830560022446237,744,open_meteo,D:\MONEY VERSE\datasets\weather\weather_all_vietnam.csv,2026-05-18T15:57:27.004962+00:00,Open-Meteo public API data; attribution required.
Nam Dinh,36,,2023-01,16.88024193548387,70.20953349731182,20.6,20.6,9.442741175107527,744,open_meteo,D:\MONEY VERSE\datasets\weather\weather_all_vietnam.csv,2026-05-18T15:57:27.004962+00:00,Open-Meteo public API data; attribution required.
Nam Dinh,36,,2023-02,19.875297619047622,81.27578820089286,46.6,46.6,10.696093005476191,672,open_meteo,D:\MONEY VERSE\datasets\weather\weather_all_vietnam.csv,2026-05-18T15:57:27.004962+00:00,Open-Meteo public API data; attribution required.
Nam Dinh,36,,2023-03,22.19119623655914,79.63197108333333,19.6,19.6,10.582917474731182,744,open_meteo,D:\MONEY VERSE\datasets\weather\weather_all_vietnam.csv,2026-05-18T15:57:27.004962+00:00,Open-Meteo public API data; attribution required.
Nam Dinh,36,,2023-04,25.256111111111114,84.58017460416667,72.6,72.6,11.158469587055556,720,open_meteo,D:\MONEY VERSE\datasets\weather\weather_all_vietnam.csv,2026-05-18T15:57:27.004962+00:00,Open-Meteo public API data; attribution required.
Nam Dinh,36,,2023-05,28.330510752688173,79.04522598924731,107.5,107.5,11.67939314919355,744,open_meteo,D:\MONEY VERSE\datasets\weather\weather_all_vietnam.csv,2026-05-18T15:57:27.004962+00:00,Open-Meteo public API data; attribution required.
Nam Dinh,36,,2023-06,29.497222222222224,81.12717420833334,311.0,311.0,8.399937739319444,720,open_meteo,D:\MONEY VERSE\datasets\weather\weather_all_vietnam.csv,2026-05-18T15:57:27.004962+00:00,Open-Meteo public API data; attribution required.
Nam Dinh,36,,2023-07,30.298454301075267,76.96460205510753,162.4,162.4,10.400378241263441,744,open_meteo,D:\MONEY VERSE\datasets\weather\weather_all_vietnam.csv,2026-05-18T15:57:27.004962+00:00,Open-Meteo public API data; attribution required.
Nam Dinh,36,,2023-08,28.34563172043011,85.18416421236559,354.1,354.1,7.96954380077957,744,open_meteo,D:\MONEY VERSE\datasets\weather\weather_all_vietnam.csv,2026-05-18T15:57:27.004962+00:00,Open-Meteo public API data; attribution required.
Nam Dinh,36,,2023-09,27.067430555555553,87.0749588638889,427.9,427.9,8.297779172333334,720,open_meteo,D:\MONEY VERSE\datasets\weather\weather_all_vietnam.csv,2026-05-18T15:57:27.004962+00:00,Open-Meteo public API data; attribution required.
Nam Dinh,36,,2023-10,26.16155913978495,75.73874380645161,115.4,115.4,9.953966485215055,744,open_meteo,D:\MONEY VERSE\datasets\weather\weather_all_vietnam.csv,2026-05-18T15:57:27.004962+00:00,Open-Meteo public API data; attribution required.
Nam Dinh,36,,2023-11,22.99965277777778,78.70578309444444,42.2,42.2,9.248403350666667,720,open_meteo,D:\MONEY VERSE\datasets\weather\weather_all_vietnam.csv,2026-05-18T15:57:27.004962+00:00,Open-Meteo public API data; attribution required.
Nam Dinh,36,,2023-12,18.984341397849462,73.50261044892474,27.900000000000002,27.900000000000002,10.218363530873656,744,open_meteo,D:\MONEY VERSE\datasets\weather\weather_all_vietnam.csv,2026-05-18T15:57:27.004962+00:00,Open-Meteo public API data; attribution required.
Nam Dinh,36,,2024-01,18.161155913978494,83.19363610887096,95.3,95.3,10.217864712365591,744,open_meteo,D:\MONEY VERSE\datasets\weather\weather_all_vietnam.csv,2026-05-18T15:57:27.004962+00:00,Open-Meteo public API data; attribution required.
Nam Dinh,36,,2024-02,19.750862068965517,82.81822269396551,23.6,23.6,11.798513258764366,696,open_meteo,D:\MONEY VERSE\datasets\weather\weather_all_vietnam.csv,2026-05-18T15:57:27.004962+00:00,Open-Meteo public API data; attribution required.
Nam Dinh,36,,2024-03,21.648387096774194,84.45518845967743,64.0,64.0,10.397588464301077,744,open_meteo,D:\MONEY VERSE\datasets\weather\weather_all_vietnam.csv,2026-05-18T15:57:27.004962+00:00,Open-Meteo public API data; attribution required.
Nam Dinh,36,,2024-04,27.835625,80.72475943611111,30.3,30.3,13.556906628611111,720,open_meteo,D:\MONEY VERSE\datasets\weather\weather_all_vietnam.csv,2026-05-18T15:57:27.004962+00:00,Open-Meteo public API data; attribution required.
Nam Dinh,36,,2024-05,27.608467741935485,85.48814669623656,291.1,291.1,10.327764481586023,744,open_meteo,D:\MONEY VERSE\datasets\weather\weather_all_vietnam.csv,2026-05-18T15:57:27.004962+00:00,Open-Meteo public API data; attribution required.
Nam Dinh,36,,2024-06,29.654305555555553,80.33050823194444,272.4,272.4,10.035336680930556,720,open_meteo,D:\MONEY VERSE\datasets\weather\weather_all_vietnam.csv,2026-05-18T15:57:27.004962+00:00,Open-Meteo public API data; attribution required.
Nam Dinh,36,,2024-07,29.135282258064517,82.46147893682796,395.5,395.5,10.542245825900537,744,open_meteo,D:\MONEY VERSE\datasets\weather\weather_all_vietnam.csv,2026-05-18T15:57:27.004962+00:00,Open-Meteo public API data; attribution required.
Nam Dinh,36,,2024-08,29.190591397849463,83.34307207258065,238.4,238.4,7.810174617110215,744,open_meteo,D:\MONEY VERSE\datasets\weather\weather_all_vietnam.csv,2026-05-18T15:57:27.004962+00:00,Open-Meteo public API data; attribution required.
Nam Dinh,36,,2024-09,27.28236111111111,87.07197719027778,640.3,640.3,10.077432070277778,720,open_meteo,D:\MONEY VERSE\datasets\weather\weather_all_vietnam.csv,2026-05-18T15:57:27.004962+00:00,Open-Meteo public API data; attribution required.
Nam Dinh,36,,2024-10,25.21962365591398,74.47944678091397,91.3,91.3,10.448206725,744,open_meteo,D:\MONEY VERSE\datasets\weather\weather_all_vietnam.csv,2026-05-18T15:57:27.004962+00:00,Open-Meteo public API data; attribution required.
Nam Dinh,36,,2024-11,23.143333333333334,73.91472612777777,36.2,36.2,8.771578658013889,720,open_meteo,D:\MONEY VERSE\datasets\weather\weather_all_vietnam.csv,2026-05-18T15:57:27.004962+00:00,Open-Meteo public API data; attribution required.
Nam Dinh,36,,2024-12,18.359610215053763,71.96256046370968,16.3,16.3,9.640132600806451,744,open_meteo,D:\MONEY VERSE\datasets\weather\weather_all_vietnam.csv,2026-05-18T15:57:27.004962+00:00,Open-Meteo public API data; attribution required.
Nam Dinh,36,,2025-01,17.27345430107527,72.57698907526881,15.8,15.8,9.326239574166667,744,open_meteo,D:\MONEY VERSE\datasets\weather\weather_all_vietnam.csv,2026-05-18T15:57:27.004962+00:00,Open-Meteo public API data; attribution required.
Nam Dinh,36,,2025-02,17.67924107142857,83.08306739434524,47.0,47.0,9.914345483928571,672,open_meteo,D:\MONEY VERSE\datasets\weather\weather_all_vietnam.csv,2026-05-18T15:57:27.004962+00:00,Open-Meteo public API data; attribution required.
Nam Dinh,36,,2025-03,20.07883064516129,81.67845444623656,32.6,32.6,10.304679604610214,744,open_meteo,D:\MONEY VERSE\datasets\weather\weather_all_vietnam.csv,2026-05-18T15:57:27.004962+00:00,Open-Meteo public API data; attribution required.
Nam Dinh,36,,2025-04,24.17701388888889,84.03204015416667,104.9,104.9,9.755378381222222,720,open_meteo,D:\MONEY VERSE\datasets\weather\weather_all_vietnam.csv,2026-05-18T15:57:27.004962+00:00,Open-Meteo public API data; attribution required.
Nam Dinh,36,,2025-05,27.03655913978495,84.93048354301075,187.3,187.3,10.824945869301075,744,open_meteo,D:\MONEY VERSE\datasets\weather\weather_all_vietnam.csv,2026-05-18T15:57:27.004962+00:00,Open-Meteo public API data; attribution required.
Nam Dinh,36,,2025-06,29.16652777777778,82.3584359625,319.3,319.3,10.42624925675,720,open_meteo,D:\MONEY VERSE\datasets\weather\weather_all_vietnam.csv,2026-05-18T15:57:27.004962+00:00,Open-Meteo public API data; attribution required.
Nam Dinh,36,,2025-07,28.888508064516127,83.68119678629031,314.2,314.2,8.008474863239247,744,open_meteo,D:\MONEY VERSE\datasets\weather\weather_all_vietnam.csv,2026-05-18T15:57:27.004962+00:00,Open-Meteo public API data; attribution required.
Nam Dinh,36,,2025-08,28.358602150537635,84.92029448924731,396.5,396.5,10.446356743185484,744,open_meteo,D:\MONEY VERSE\datasets\weather\weather_all_vietnam.csv,2026-05-18T15:57:27.004962+00:00,Open-Meteo public API data; attribution required.
Nam Dinh,36,,2025-09,27.69576388888889,84.97086833194444,404.4,404.4,8.602953743791666,720,open_meteo,D:\MONEY VERSE\datasets\weather\weather_all_vietnam.csv,2026-05-18T15:57:27.004962+00:00,Open-Meteo public API data; attribution required.
Nam Dinh,36,,2025-10,25.361021505376343,80.81587504704302,275.6,275.6,9.339635314005378,744,open_meteo,D:\MONEY VERSE\datasets\weather\weather_all_vietnam.csv,2026-05-18T15:57:27.004962+00:00,Open-Meteo public API data; attribution required.
Nam Dinh,36,,2025-11,20.644444444444446,74.68785094444443,87.2,87.2,10.684989314861111,720,open_meteo,D:\MONEY VERSE\datasets\weather\weather_all_vietnam.csv,2026-05-18T15:57:27.004962+00:00,Open-Meteo public API data; attribution required.
Nam Dinh,36,,2025-12,20.309677419354838,80.003974577957,54.0,54.0,8.332269265833334,744,open_meteo,D:\MONEY VERSE\datasets\weather\weather_all_vietnam.csv,2026-05-18T15:57:27.004962+00:00,Open-Meteo public API data; attribution required.
Nam Dinh,36,,2026-01,18.075336021505375,79.75746898790322,23.9,23.9,9.137658045403226,744,open_meteo,D:\MONEY VERSE\datasets\weather\weather_all_vietnam.csv,2026-05-18T15:57:27.004962+00:00,Open-Meteo public API data; attribution required.
Nam Dinh,36,,2026-02,20.731622023809525,83.55244560714286,16.0,16.0,10.560366880654762,672,open_meteo,D:\MONEY VERSE\datasets\weather\weather_all_vietnam.csv,2026-05-18T15:57:27.004962+00:00,Open-Meteo public API data; attribution required.
Nam Dinh,36,,2026-03,23.16451612903226,81.54702381048388,48.6,48.6,11.997660807526882,744,open_meteo,D:\MONEY VERSE\datasets\weather\weather_all_vietnam.csv,2026-05-18T15:57:27.004962+00:00,Open-Meteo public API data; attribution required.
Nam Dinh,36,,2026-04,27.28159722222222,79.13164475972222,88.3,88.3,12.273010842819446,720,open_meteo,D:\MONEY VERSE\datasets\weather\weather_all_vietnam.csv,2026-05-18T15:57:27.004962+00:00,Open-Meteo public API data; attribution required.
Nam Dinh,36,,2026-05,26.867361111111112,84.47258880787038,168.3,154.399999694,9.49815401849537,432,open_meteo,D:\MONEY VERSE\datasets\weather\weather_all_vietnam.csv,2026-05-18T15:57:27.004962+00:00,Open-Meteo public API data; attribution required.
Nghe An,40,,2021-05,29.348655913978497,79.76441918548386,33.800000000000004,33.800000000000004,7.7799618137096775,744,open_meteo,D:\MONEY VERSE\datasets\weather\weather_all_vietnam.csv,2026-05-18T15:57:27.004962+00:00,Open-Meteo public API data; attribution required.
Nghe An,40,,2021-06,30.569166666666664,69.86439597638888,244.8,244.8,10.130961985,720,open_meteo,D:\MONEY VERSE\datasets\weather\weather_all_vietnam.csv,2026-05-18T15:57:27.004962+00:00,Open-Meteo public API data; attribution required.
Nghe An,40,,2021-07,29.808333333333334,75.02681185618279,329.9,329.9,10.594792881854838,744,open_meteo,D:\MONEY VERSE\datasets\weather\weather_all_vietnam.csv,2026-05-18T15:57:27.004962+00:00,Open-Meteo public API data; attribution required.
Nghe An,40,,2021-08,31.134408602150536,66.55630054166667,57.3,57.3,11.081688991989248,744,open_meteo,D:\MONEY VERSE\datasets\weather\weather_all_vietnam.csv,2026-05-18T15:57:27.004962+00:00,Open-Meteo public API data; attribution required.
Nghe An,40,,2021-09,27.183055555555555,87.21793461527778,357.7,357.7,7.355399036291667,720,open_meteo,D:\MONEY VERSE\datasets\weather\weather_all_vietnam.csv,2026-05-18T15:57:27.004962+00:00,Open-Meteo public API data; attribution required.
Nghe An,40,,2021-10,23.995967741935484,84.0163478844086,626.3,626.3,12.224186414489248,744,open_meteo,D:\MONEY VERSE\datasets\weather\weather_all_vietnam.csv,2026-05-18T15:57:27.004962+00:00,Open-Meteo public API data; attribution required.
Nghe An,40,,2021-11,21.523541666666667,82.21340471944444,89.3,89.3,10.147431991625,720,open_meteo,D:\MONEY VERSE\datasets\weather\weather_all_vietnam.csv,2026-05-18T15:57:27.004962+00:00,Open-Meteo public API data; attribution required.
Nghe An,40,,2021-12,18.566935483870967,81.64106919086022,84.6,84.6,10.974426029569893,744,open_meteo,D:\MONEY VERSE\datasets\weather\weather_all_vietnam.csv,2026-05-18T15:57:27.004962+00:00,Open-Meteo public API data; attribution required.
Nghe An,40,,2022-01,19.438104838709677,89.2402277311828,109.9,109.9,8.847178588682796,744,open_meteo,D:\MONEY VERSE\datasets\weather\weather_all_vietnam.csv,2026-05-18T15:57:27.004962+00:00,Open-Meteo public API data; attribution required.
Nghe An,40,,2022-02,16.675372023809523,85.64577856845237,96.1,96.1,9.565779548511905,672,open_meteo,D:\MONEY VERSE\datasets\weather\weather_all_vietnam.csv,2026-05-18T15:57:27.004962+00:00,Open-Meteo public API data; attribution required.
Nghe An,40,,2022-03,22.88010752688172,88.93559499193549,104.7,104.7,8.302574567083333,744,open_meteo,D:\MONEY VERSE\datasets\weather\weather_all_vietnam.csv,2026-05-18T15:57:27.004962+00:00,Open-Meteo public API data; attribution required.
Nghe An,40,,2022-04,23.58,86.100321175,222.6,222.6,9.259388128736111,720,open_meteo,D:\MONEY VERSE\datasets\weather\weather_all_vietnam.csv,2026-05-18T15:57:27.004962+00:00,Open-Meteo public API data; attribution required.
Nghe An,40,,2022-05,26.27399193548387,83.3639219704301,378.3,378.3,7.7897912454301075,744,open_meteo,D:\MONEY VERSE\datasets\weather\weather_all_vietnam.csv,2026-05-18T15:57:27.004962+00:00,Open-Meteo public API data; attribution required.
Nghe An,40,,2022-06,30.669444444444444,68.72167545138889,43.0,43.0,9.607812842847222,720,open_meteo,D:\MONEY VERSE\datasets\weather\weather_all_vietnam.csv,2026-05-18T15:57:27.004962+00:00,Open-Meteo public API data; attribution required.
Nghe An,40,,2022-07,29.32728494623656,77.7739560389785,128.3,128.3,8.044391148924731,744,open_meteo,D:\MONEY VERSE\datasets\weather\weather_all_vietnam.csv,2026-05-18T15:57:27.004962+00:00,Open-Meteo public API data; attribution required.
Nghe An,40,,2022-08,28.750806451612902,79.81595133064516,200.9,200.9,6.612653171532258,744,open_meteo,D:\MONEY VERSE\datasets\weather\weather_all_vietnam.csv,2026-05-18T15:57:27.004962+00:00,Open-Meteo public API data; attribution required.
Nghe An,40,,2022-09,27.062916666666666,85.05995405138889,486.1,486.1,8.229941908861111,720,open_meteo,D:\MONEY VERSE\datasets\weather\weather_all_vietnam.csv,2026-05-18T15:57:27.004962+00:00,Open-Meteo public API data; attribution required.
Nghe An,40,,2022-10,24.218413978494624,78.86948505107527,212.7,212.7,11.64521662016129,744,open_meteo,D:\MONEY VERSE\datasets\weather\weather_all_vietnam.csv,2026-05-18T15:57:27.004962+00:00,Open-Meteo public API data; attribution required.
Nghe An,40,,2022-11,24.260625,85.826483875,79.5,79.5,8.478974000361111,720,open_meteo,D:\MONEY VERSE\datasets\weather\weather_all_vietnam.csv,2026-05-18T15:57:27.004962+00:00,Open-Meteo public API data; attribution required.
Nghe An,40,,2022-12,17.740658602150535,78.56886672311828,139.0,139.0,11.694947478225805,744,open_meteo,D:\MONEY VERSE\datasets\weather\weather_all_vietnam.csv,2026-05-18T15:57:27.004962+00:00,Open-Meteo public API data; attribution required.
Nghe An,40,,2023-01,17.07956989247312,81.55324243548388,75.7,75.7,10.490578427782259,744,open_meteo,D:\MONEY VERSE\datasets\weather\weather_all_vietnam.csv,2026-05-18T15:57:27.004962+00:00,Open-Meteo public API data; attribution required.
Nghe An,40,,2023-02,20.183184523809523,88.16061747916667,66.8,66.8,9.577650718675596,672,open_meteo,D:\MONEY VERSE\datasets\weather\weather_all_vietnam.csv,2026-05-18T15:57:27.004962+00:00,Open-Meteo public API data; attribution required.
Nghe An,40,,2023-03,22.44462365591398,84.67204265456989,49.6,49.6,9.605844269489248,744,open_meteo,D:\MONEY VERSE\datasets\weather\weather_all_vietnam.csv,2026-05-18T15:57:27.004962+00:00,Open-Meteo public API data; attribution required.
Nghe An,40,,2023-04,26.426597222222224,84.36709441666666,72.2,72.2,9.269443901833332,720,open_meteo,D:\MONEY VERSE\datasets\weather\weather_all_vietnam.csv,2026-05-18T15:57:27.004962+00:00,Open-Meteo public API data; attribution required.
Nghe An,40,,2023-05,28.90073924731183,78.0563604327957,103.2,103.2,8.394430482634409,744,open_meteo,D:\MONEY VERSE\datasets\weather\weather_all_vietnam.csv,2026-05-18T15:57:27.004962+00:00,Open-Meteo public API data; attribution required.
Nghe An,40,,2023-06,30.65659722222222,72.24339316666666,92.3,92.3,7.7512674055,720,open_meteo,D:\MONEY VERSE\datasets\weather\weather_all_vietnam.csv,2026-05-18T15:57:27.004962+00:00,Open-Meteo public API data; attribution required.
Nghe An,40,,2023-07,31.19939516129032,68.50112218817203,85.8,85.8,8.473322401922044,744,open_meteo,D:\MONEY VERSE\datasets\weather\weather_all_vietnam.csv,2026-05-18T15:57:27.004962+00:00,Open-Meteo public API data; attribution required.
Nghe An,40,,2023-08,29.596706989247313,74.39179130376344,129.3,129.3,9.348880588534946,744,open_meteo,D:\MONEY VERSE\datasets\weather\weather_all_vietnam.csv,2026-05-18T15:57:27.004962+00:00,Open-Meteo public API data; attribution required.
Nghe An,40,,2023-09,27.705624999999998,82.63355821388889,367.4,367.4,8.22680350326389,720,open_meteo,D:\MONEY VERSE\datasets\weather\weather_all_vietnam.csv,2026-05-18T15:57:27.004962+00:00,Open-Meteo public API data; attribution required.
Nghe An,40,,2023-10,25.667473118279567,84.31967629301074,327.5,327.5,10.368773919139786,744,open_meteo,D:\MONEY VERSE\datasets\weather\weather_all_vietnam.csv,2026-05-18T15:57:27.004962+00:00,Open-Meteo public API data; attribution required.
Nghe An,40,,2023-11,22.975625,84.9183962625,236.8,236.8,10.08579112551389,720,open_meteo,D:\MONEY VERSE\datasets\weather\weather_all_vietnam.csv,2026-05-18T15:57:27.004962+00:00,Open-Meteo public API data; attribution required.
Nghe An,40,,2023-12,19.62244623655914,82.65484903360215,160.6,160.6,10.789963666263441,744,open_meteo,D:\MONEY VERSE\datasets\weather\weather_all_vietnam.csv,2026-05-18T15:57:27.004962+00:00,Open-Meteo public API data; attribution required.
Nghe An,40,,2024-01,19.09045698924731,87.0892800282258,63.4,63.4,9.600216617043012,744,open_meteo,D:\MONEY VERSE\datasets\weather\weather_all_vietnam.csv,2026-05-18T15:57:27.004962+00:00,Open-Meteo public API data; attribution required.
Nghe An,40,,2024-02,20.872629310344827,88.14063924425288,61.800000000000004,61.800000000000004,9.600352088778735,696,open_meteo,D:\MONEY VERSE\datasets\weather\weather_all_vietnam.csv,2026-05-18T15:57:27.004962+00:00,Open-Meteo public API data; attribution required.
Nghe An,40,,2024-03,22.361223118279568,88.03326066666666,65.0,65.0,8.663884629731184,744,open_meteo,D:\MONEY VERSE\datasets\weather\weather_all_vietnam.csv,2026-05-18T15:57:27.004962+00:00,Open-Meteo public API data; attribution required.
Nghe An,40,,2024-04,28.90263888888889,77.80003149444444,14.7,14.7,7.959567719513889,720,open_meteo,D:\MONEY VERSE\datasets\weather\weather_all_vietnam.csv,2026-05-18T15:57:27.004962+00:00,Open-Meteo public API data; attribution required.
Nghe An,40,,2024-05,28.553629032258065,82.48299621908602,151.9,151.9,8.5261356502957,744,open_meteo,D:\MONEY VERSE\datasets\weather\weather_all_vietnam.csv,2026-05-18T15:57:27.004962+00:00,Open-Meteo public API data; attribution required.
Nghe An,40,,2024-06,30.35361111111111,75.02701426944445,97.2,97.2,7.841639991277778,720,open_meteo,D:\MONEY VERSE\datasets\weather\weather_all_vietnam.csv,2026-05-18T15:57:27.004962+00:00,Open-Meteo public API data; attribution required.
Nghe An,40,,2024-07,29.234879032258064,78.71209775268818,280.5,280.5,8.497512029301076,744,open_meteo,D:\MONEY VERSE\datasets\weather\weather_all_vietnam.csv,2026-05-18T15:57:27.004962+00:00,Open-Meteo public API data; attribution required.
Nghe An,40,,2024-08,30.44032258064516,73.17359072715054,84.5,84.5,6.700424515241935,744,open_meteo,D:\MONEY VERSE\datasets\weather\weather_all_vietnam.csv,2026-05-18T15:57:27.004962+00:00,Open-Meteo public API data; attribution required.
Nghe An,40,,2024-09,27.406944444444445,85.22188219444445,446.7,446.7,8.781287142722222,720,open_meteo,D:\MONEY VERSE\datasets\weather\weather_all_vietnam.csv,2026-05-18T15:57:27.004962+00:00,Open-Meteo public API data; attribution required.
Nghe An,40,,2024-10,24.75866935483871,81.90255319489248,245.3,245.3,10.739570306317203,744,open_meteo,D:\MONEY VERSE\datasets\weather\weather_all_vietnam.csv,2026-05-18T15:57:27.004962+00:00,Open-Meteo public API data; attribution required.
Nghe An,40,,2024-11,22.987708333333334,83.46486054305555,261.2,261.2,10.725524898069445,720,open_meteo,D:\MONEY VERSE\datasets\weather\weather_all_vietnam.csv,2026-05-18T15:57:27.004962+00:00,Open-Meteo public API data; attribution required.
Nghe An,40,,2024-12,19.22842741935484,80.52025509274193,103.3,103.3,9.923914486061827,744,open_meteo,D:\MONEY VERSE\datasets\weather\weather_all_vietnam.csv,2026-05-18T15:57:27.004962+00:00,Open-Meteo public API data; attribution required.
Nghe An,40,,2025-01,17.54032258064516,80.28468061827957,49.5,49.5,9.042588923024194,744,open_meteo,D:\MONEY VERSE\datasets\weather\weather_all_vietnam.csv,2026-05-18T15:57:27.004962+00:00,Open-Meteo public API data; attribution required.
Nghe An,40,,2025-02,18.761011904761904,89.03758571130952,91.5,91.5,9.901572569449405,672,open_meteo,D:\MONEY VERSE\datasets\weather\weather_all_vietnam.csv,2026-05-18T15:57:27.004962+00:00,Open-Meteo public API data; attribution required.
Nghe An,40,,2025-03,20.643951612903226,86.38276931586022,144.2,144.2,8.244500025362903,744,open_meteo,D:\MONEY VERSE\datasets\weather\weather_all_vietnam.csv,2026-05-18T15:57:27.004962+00:00,Open-Meteo public API data; attribution required.
Nghe An,40,,2025-04,24.921944444444442,84.20748945138888,45.6,45.6,6.277409988583333,720,open_meteo,D:\MONEY VERSE\datasets\weather\weather_all_vietnam.csv,2026-05-18T15:57:27.004962+00:00,Open-Meteo public API data; attribution required.
Nghe An,40,,2025-05,27.742137096774197,83.80783968951613,325.9,325.9,6.712325091948925,744,open_meteo,D:\MONEY VERSE\datasets\weather\weather_all_vietnam.csv,2026-05-18T15:57:27.004962+00:00,Open-Meteo public API data; attribution required.
Nghe An,40,,2025-06,29.66506944444444,77.95709249722222,192.3,192.3,7.577792513541667,720,open_meteo,D:\MONEY VERSE\datasets\weather\weather_all_vietnam.csv,2026-05-18T15:57:27.004962+00:00,Open-Meteo public API data; attribution required.
Nghe An,40,,2025-07,29.333736559139783,76.04395481586022,248.0,248.0,9.910368615013441,744,open_meteo,D:\MONEY VERSE\datasets\weather\weather_all_vietnam.csv,2026-05-18T15:57:27.004962+00:00,Open-Meteo public API data; attribution required.
Nghe An,40,,2025-08,29.02345430107527,77.59439332930107,610.5,610.5,10.906664192217741,744,open_meteo,D:\MONEY VERSE\datasets\weather\weather_all_vietnam.csv,2026-05-18T15:57:27.004962+00:00,Open-Meteo public API data; attribution required.
Nghe An,40,,2025-09,27.85125,83.04833103611112,390.3,390.3,8.326891217138888,720,open_meteo,D:\MONEY VERSE\datasets\weather\weather_all_vietnam.csv,2026-05-18T15:57:27.004962+00:00,Open-Meteo public API data; attribution required.
Nghe An,40,,2025-10,25.53864247311828,82.8285115766129,299.4,299.4,10.082507842365592,744,open_meteo,D:\MONEY VERSE\datasets\weather\weather_all_vietnam.csv,2026-05-18T15:57:27.004962+00:00,Open-Meteo public API data; attribution required.
Nghe An,40,,2025-11,21.310138888888886,78.52019074305555,381.2,381.2,12.162009189527778,720,open_meteo,D:\MONEY VERSE\datasets\weather\weather_all_vietnam.csv,2026-05-18T15:57:27.004962+00:00,Open-Meteo public API data; attribution required.
Nghe An,40,,2025-12,20.68219086021505,86.04425940994624,109.9,109.9,9.135798505994623,744,open_meteo,D:\MONEY VERSE\datasets\weather\weather_all_vietnam.csv,2026-05-18T15:57:27.004962+00:00,Open-Meteo public API data; attribution required.
Nghe An,40,,2026-01,18.95188172043011,84.66369314650538,111.5,111.5,8.945227537540323,744,open_meteo,D:\MONEY VERSE\datasets\weather\weather_all_vietnam.csv,2026-05-18T15:57:27.004962+00:00,Open-Meteo public API data; attribution required.
Nghe An,40,,2026-02,21.433779761904763,88.16541898809524,82.8,82.8,9.3748722046875,672,open_meteo,D:\MONEY VERSE\datasets\weather\weather_all_vietnam.csv,2026-05-18T15:57:27.004962+00:00,Open-Meteo public API data; attribution required.
Nghe An,40,,2026-03,23.4247311827957,84.7433439905914,50.0,50.0,9.166700032150537,744,open_meteo,D:\MONEY VERSE\datasets\weather\weather_all_vietnam.csv,2026-05-18T15:57:27.004962+00:00,Open-Meteo public API data; attribution required.
Nghe An,40,,2026-04,27.928263888888885,77.56101330972221,36.3,36.3,8.16252490813889,720,open_meteo,D:\MONEY VERSE\datasets\weather\weather_all_vietnam.csv,2026-05-18T15:57:27.004962+00:00,Open-Meteo public API data; attribution required.
Nghe An,40,,2026-05,27.478125,82.90609899768518,84.10000000000001,83.49999998,7.098892243009259,432,open_meteo,D:\MONEY VERSE\datasets\weather\weather_all_vietnam.csv,2026-05-18T15:57:27.004962+00:00,Open-Meteo public API data; attribution required.
Ninh Binh,37,,2021-05,28.90813172043011,82.33155568548388,116.5,116.5,12.87535951142473,744,open_meteo,D:\MONEY VERSE\datasets\weather\weather_all_vietnam.csv,2026-05-18T15:57:27.004962+00:00,Open-Meteo public API data; attribution required.
Ninh Binh,37,,2021-06,30.113125,74.90334805694445,197.4,197.4,11.214898264694444,720,open_meteo,D:\MONEY VERSE\datasets\weather\weather_all_vietnam.csv,2026-05-18T15:57:27.004962+00:00,Open-Meteo public API data; attribution required.
Ninh Binh,37,,2021-07,29.38958333333333,81.46983628091398,317.0,317.0,9.002968880887098,744,open_meteo,D:\MONEY VERSE\datasets\weather\weather_all_vietnam.csv,2026-05-18T15:57:27.004962+00:00,Open-Meteo public API data; attribution required.
Ninh Binh,37,,2021-08,29.646236559139783,81.32068046639785,164.7,164.7,8.055848669274193,744,open_meteo,D:\MONEY VERSE\datasets\weather\weather_all_vietnam.csv,2026-05-18T15:57:27.004962+00:00,Open-Meteo public API data; attribution required.
Ninh Binh,37,,2021-09,27.170972222222222,88.5330048736111,345.4,345.4,6.773025290666666,720,open_meteo,D:\MONEY VERSE\datasets\weather\weather_all_vietnam.csv,2026-05-18T15:57:27.004962+00:00,Open-Meteo public API data; attribution required.
Ninh Binh,37,,2021-10,23.463104838709675,81.22476130241935,462.9,462.9,14.106748001075267,744,open_meteo,D:\MONEY VERSE\datasets\weather\weather_all_vietnam.csv,2026-05-18T15:57:27.004962+00:00,Open-Meteo public API data; attribution required.
Ninh Binh,37,,2021-11,21.043194444444445,76.44105651527778,52.8,52.8,10.439050975694444,720,open_meteo,D:\MONEY VERSE\datasets\weather\weather_all_vietnam.csv,2026-05-18T15:57:27.004962+00:00,Open-Meteo public API data; attribution required.
Ninh Binh,37,,2021-12,18.039717741935483,71.44257591801076,16.9,16.9,9.317744828655913,744,open_meteo,D:\MONEY VERSE\datasets\weather\weather_all_vietnam.csv,2026-05-18T15:57:27.004962+00:00,Open-Meteo public API data; attribution required.
Ninh Binh,37,,2022-01,18.547782258064515,83.00189119758065,72.9,72.9,9.229025430040323,744,open_meteo,D:\MONEY VERSE\datasets\weather\weather_all_vietnam.csv,2026-05-18T15:57:27.004962+00:00,Open-Meteo public API data; attribution required.
Ninh Binh,37,,2022-02,15.325520833333334,79.45457669047619,66.0,66.0,10.07904829921131,672,open_meteo,D:\MONEY VERSE\datasets\weather\weather_all_vietnam.csv,2026-05-18T15:57:27.004962+00:00,Open-Meteo public API data; attribution required.
Ninh Binh,37,,2022-03,22.20947580645161,85.95179279569892,66.7,66.7,9.69440154016129,744,open_meteo,D:\MONEY VERSE\datasets\weather\weather_all_vietnam.csv,2026-05-18T15:57:27.004962+00:00,Open-Meteo public API data; attribution required.
Ninh Binh,37,,2022-04,23.33138888888889,81.21671612777777,60.0,60.0,11.230140105944445,720,open_meteo,D:\MONEY VERSE\datasets\weather\weather_all_vietnam.csv,2026-05-18T15:57:27.004962+00:00,Open-Meteo public API data; attribution required.
Ninh Binh,37,,2022-05,25.6997311827957,82.98043141935483,301.0,301.0,9.011576003185484,744,open_meteo,D:\MONEY VERSE\datasets\weather\weather_all_vietnam.csv,2026-05-18T15:57:27.004962+00:00,Open-Meteo public API data; attribution required.
Ninh Binh,37,,2022-06,29.94659722222222,75.99406078333334,102.0,102.0,10.949264706805556,720,open_meteo,D:\MONEY VERSE\datasets\weather\weather_all_vietnam.csv,2026-05-18T15:57:27.004962+00:00,Open-Meteo public API data; attribution required.
Ninh Binh,37,,2022-07,28.83239247311828,83.42518308064517,266.8,266.8,7.940186679435484,744,open_meteo,D:\MONEY VERSE\datasets\weather\weather_all_vietnam.csv,2026-05-18T15:57:27.004962+00:00,Open-Meteo public API data; attribution required.
Ninh Binh,37,,2022-08,28.150201612903224,85.99757247446236,406.8,406.8,7.269601109529569,744,open_meteo,D:\MONEY VERSE\datasets\weather\weather_all_vietnam.csv,2026-05-18T15:57:27.004962+00:00,Open-Meteo public API data; attribution required.
Ninh Binh,37,,2022-09,26.80708333333333,86.47195727638889,472.0,472.0,7.899810478152777,720,open_meteo,D:\MONEY VERSE\datasets\weather\weather_all_vietnam.csv,2026-05-18T15:57:27.004962+00:00,Open-Meteo public API data; attribution required.
Ninh Binh,37,,2022-10,24.081989247311828,76.19550010349462,195.3,195.3,10.80514568172043,744,open_meteo,D:\MONEY VERSE\datasets\weather\weather_all_vietnam.csv,2026-05-18T15:57:27.004962+00:00,Open-Meteo public API data; attribution required.
Ninh Binh,37,,2022-11,24.35763888888889,82.16356533888889,255.6,255.6,8.667045961736111,720,open_meteo,D:\MONEY VERSE\datasets\weather\weather_all_vietnam.csv,2026-05-18T15:57:27.004962+00:00,Open-Meteo public API data; attribution required.
Ninh Binh,37,,2022-12,16.60840053763441,67.87253196908601,19.1,19.1,11.047382413938172,744,open_meteo,D:\MONEY VERSE\datasets\weather\weather_all_vietnam.csv,2026-05-18T15:57:27.004962+00:00,Open-Meteo public API data; attribution required.
Ninh Binh,37,,2023-01,16.888978494623654,69.2540028172043,22.2,22.2,9.521409541491934,744,open_meteo,D:\MONEY VERSE\datasets\weather\weather_all_vietnam.csv,2026-05-18T15:57:27.004962+00:00,Open-Meteo public API data; attribution required.
Ninh Binh,37,,2023-02,20.047098214285715,80.94397236160714,46.7,46.7,10.339874048779762,672,open_meteo,D:\MONEY VERSE\datasets\weather\weather_all_vietnam.csv,2026-05-18T15:57:27.004962+00:00,Open-Meteo public API data; attribution required.
Ninh Binh,37,,2023-03,22.338709677419356,79.00272708333333,27.6,27.6,9.989551862634409,744,open_meteo,D:\MONEY VERSE\datasets\weather\weather_all_vietnam.csv,2026-05-18T15:57:27.004962+00:00,Open-Meteo public API data; attribution required.
Ninh Binh,37,,2023-04,25.413541666666667,83.92915416666666,66.5,66.5,10.672989054680555,720,open_meteo,D:\MONEY VERSE\datasets\weather\weather_all_vietnam.csv,2026-05-18T15:57:27.004962+00:00,Open-Meteo public API data; attribution required.
Ninh Binh,37,,2023-05,28.385416666666668,78.46828004973118,113.3,113.3,11.312358352150538,744,open_meteo,D:\MONEY VERSE\datasets\weather\weather_all_vietnam.csv,2026-05-18T15:57:27.004962+00:00,Open-Meteo public API data; attribution required.
Ninh Binh,37,,2023-06,29.358611111111113,81.78868303333333,337.1,337.1,7.388715509444445,720,open_meteo,D:\MONEY VERSE\datasets\weather\weather_all_vietnam.csv,2026-05-18T15:57:27.004962+00:00,Open-Meteo public API data; attribution required.
Ninh Binh,37,,2023-07,30.302889784946235,76.64673984946236,137.0,137.0,9.737051140188173,744,open_meteo,D:\MONEY VERSE\datasets\weather\weather_all_vietnam.csv,2026-05-18T15:57:27.004962+00:00,Open-Meteo public API data; attribution required.
Ninh Binh,37,,2023-08,28.418413978494623,84.82604697983871,287.7,287.7,7.624422073225807,744,open_meteo,D:\MONEY VERSE\datasets\weather\weather_all_vietnam.csv,2026-05-18T15:57:27.004962+00:00,Open-Meteo public API data; attribution required.
Ninh Binh,37,,2023-09,27.092430555555556,86.2356559736111,479.7,479.7,8.145156756458332,720,open_meteo,D:\MONEY VERSE\datasets\weather\weather_all_vietnam.csv,2026-05-18T15:57:27.004962+00:00,Open-Meteo public API data; attribution required.
Ninh Binh,37,,2023-10,26.010416666666668,76.25452969489247,72.5,72.5,9.86606482295699,744,open_meteo,D:\MONEY VERSE\datasets\weather\weather_all_vietnam.csv,2026-05-18T15:57:27.004962+00:00,Open-Meteo public API data; attribution required.
Ninh Binh,37,,2023-11,22.83840277777778,79.53595148333333,64.8,64.8,8.999517792083333,720,open_meteo,D:\MONEY VERSE\datasets\weather\weather_all_vietnam.csv,2026-05-18T15:57:27.004962+00:00,Open-Meteo public API data; attribution required.
Ninh Binh,37,,2023-12,19.006182795698926,73.71487835752689,26.400000000000002,26.400000000000002,10.265430450107527,744,open_meteo,D:\MONEY VERSE\datasets\weather\weather_all_vietnam.csv,2026-05-18T15:57:27.004962+00:00,Open-Meteo public API data; attribution required.
Ninh Binh,37,,2024-01,18.291465053763442,82.8708795658602,98.2,98.2,9.776367147580645,744,open_meteo,D:\MONEY VERSE\datasets\weather\weather_all_vietnam.csv,2026-05-18T15:57:27.004962+00:00,Open-Meteo public API data; attribution required.
Ninh Binh,37,,2024-02,19.846336206896552,82.82432816091953,31.0,31.0,11.410580657471264,696,open_meteo,D:\MONEY VERSE\datasets\weather\weather_all_vietnam.csv,2026-05-18T15:57:27.004962+00:00,Open-Meteo public API data; attribution required.
Ninh Binh,37,,2024-03,21.8192876344086,83.467767,65.5,65.5,10.286621168548386,744,open_meteo,D:\MONEY VERSE\datasets\weather\weather_all_vietnam.csv,2026-05-18T15:57:27.004962+00:00,Open-Meteo public API data; attribution required.
Ninh Binh,37,,2024-04,28.062291666666663,79.75201848888888,17.7,17.7,13.039832203888889,720,open_meteo,D:\MONEY VERSE\datasets\weather\weather_all_vietnam.csv,2026-05-18T15:57:27.004962+00:00,Open-Meteo public API data; attribution required.
Ninh Binh,37,,2024-05,27.687970430107526,85.18511583602151,269.5,269.5,9.526890034005376,744,open_meteo,D:\MONEY VERSE\datasets\weather\weather_all_vietnam.csv,2026-05-18T15:57:27.004962+00:00,Open-Meteo public API data; attribution required.
Ninh Binh,37,,2024-06,29.602083333333333,80.42424319722222,235.0,235.0,9.415838450666667,720,open_meteo,D:\MONEY VERSE\datasets\weather\weather_all_vietnam.csv,2026-05-18T15:57:27.004962+00:00,Open-Meteo public API data; attribution required.
Ninh Binh,37,,2024-07,29.066935483870967,82.93785376478495,376.0,376.0,9.492546183333333,744,open_meteo,D:\MONEY VERSE\datasets\weather\weather_all_vietnam.csv,2026-05-18T15:57:27.004962+00:00,Open-Meteo public API data; attribution required.
Ninh Binh,37,,2024-08,29.104905913978495,83.42385149865592,230.8,230.8,7.224484737204301,744,open_meteo,D:\MONEY VERSE\datasets\weather\weather_all_vietnam.csv,2026-05-18T15:57:27.004962+00:00,Open-Meteo public API data; attribution required.
Ninh Binh,37,,2024-09,27.240625,86.67160930833333,492.9,492.9,9.952080921430555,720,open_meteo,D:\MONEY VERSE\datasets\weather\weather_all_vietnam.csv,2026-05-18T15:57:27.004962+00:00,Open-Meteo public API data; attribution required.
Ninh Binh,37,,2024-10,25.037903225806453,75.61770636021505,107.8,107.8,10.115890207930109,744,open_meteo,D:\MONEY VERSE\datasets\weather\weather_all_vietnam.csv,2026-05-18T15:57:27.004962+00:00,Open-Meteo public API data; attribution required.
Ninh Binh,37,,2024-11,23.052847222222223,74.26100113472222,36.7,36.7,8.8365383345,720,open_meteo,D:\MONEY VERSE\datasets\weather\weather_all_vietnam.csv,2026-05-18T15:57:27.004962+00:00,Open-Meteo public API data; attribution required.
Ninh Binh,37,,2024-12,18.41760752688172,71.53966804032258,18.6,18.6,9.693734674341398,744,open_meteo,D:\MONEY VERSE\datasets\weather\weather_all_vietnam.csv,2026-05-18T15:57:27.004962+00:00,Open-Meteo public API data; attribution required.
Ninh Binh,37,,2025-01,17.37459677419355,71.75704352419355,17.2,17.2,9.205728673319893,744,open_meteo,D:\MONEY VERSE\datasets\weather\weather_all_vietnam.csv,2026-05-18T15:57:27.004962+00:00,Open-Meteo public API data; attribution required.
Ninh Binh,37,,2025-02,17.932068452380953,81.88072032142857,49.300000000000004,49.300000000000004,9.698650352485119,672,open_meteo,D:\MONEY VERSE\datasets\weather\weather_all_vietnam.csv,2026-05-18T15:57:27.004962+00:00,Open-Meteo public API data; attribution required.
Ninh Binh,37,,2025-03,20.162432795698926,81.49824722849462,38.800000000000004,38.800000000000004,10.426763575376343,744,open_meteo,D:\MONEY VERSE\datasets\weather\weather_all_vietnam.csv,2026-05-18T15:57:27.004962+00:00,Open-Meteo public API data; attribution required.
Ninh Binh,37,,2025-04,24.15458333333333,84.80862951944445,104.4,104.4,9.303418081111111,720,open_meteo,D:\MONEY VERSE\datasets\weather\weather_all_vietnam.csv,2026-05-18T15:57:27.004962+00:00,Open-Meteo public API data; attribution required.
Ninh Binh,37,,2025-05,27.03145161290323,85.20078348790322,257.8,257.8,10.532914969005377,744,open_meteo,D:\MONEY VERSE\datasets\weather\weather_all_vietnam.csv,2026-05-18T15:57:27.004962+00:00,Open-Meteo public API data; attribution required.
Ninh Binh,37,,2025-06,29.232430555555553,81.23655576527777,262.2,262.2,10.063384857541667,720,open_meteo,D:\MONEY VERSE\datasets\weather\weather_all_vietnam.csv,2026-05-18T15:57:27.004962+00:00,Open-Meteo public API data; attribution required.
Ninh Binh,37,,2025-07,28.84784946236559,83.53045702419355,390.9,390.9,7.647467450336022,744,open_meteo,D:\MONEY VERSE\datasets\weather\weather_all_vietnam.csv,2026-05-18T15:57:27.004962+00:00,Open-Meteo public API data; attribution required.
Ninh Binh,37,,2025-08,28.266129032258064,84.99740162768816,468.7,468.7,10.334719196344086,744,open_meteo,D:\MONEY VERSE\datasets\weather\weather_all_vietnam.csv,2026-05-18T15:57:27.004962+00:00,Open-Meteo public API data; attribution required.
Ninh Binh,37,,2025-09,27.479791666666667,85.92700236944444,436.4,436.4,8.431481808861111,720,open_meteo,D:\MONEY VERSE\datasets\weather\weather_all_vietnam.csv,2026-05-18T15:57:27.004962+00:00,Open-Meteo public API data; attribution required.
Ninh Binh,37,,2025-10,25.29543010752688,80.92418511827957,270.7,270.7,9.782507785577957,744,open_meteo,D:\MONEY VERSE\datasets\weather\weather_all_vietnam.csv,2026-05-18T15:57:27.004962+00:00,Open-Meteo public API data; attribution required.
Ninh Binh,37,,2025-11,20.727222222222224,73.29407820138888,141.6,141.6,11.592072128666668,720,open_meteo,D:\MONEY VERSE\datasets\weather\weather_all_vietnam.csv,2026-05-18T15:57:27.004962+00:00,Open-Meteo public API data; attribution required.
Ninh Binh,37,,2025-12,20.487163978494625,79.09131806048387,64.6,64.6,8.261067329274194,744,open_meteo,D:\MONEY VERSE\datasets\weather\weather_all_vietnam.csv,2026-05-18T15:57:27.004962+00:00,Open-Meteo public API data; attribution required.
Ninh Binh,37,,2026-01,18.25356182795699,78.46063381048387,21.7,21.7,8.959944205577957,744,open_meteo,D:\MONEY VERSE\datasets\weather\weather_all_vietnam.csv,2026-05-18T15:57:27.004962+00:00,Open-Meteo public API data; attribution required.
Ninh Binh,37,,2026-02,20.903348214285714,83.10711412648809,20.9,20.9,10.402169425595238,672,open_meteo,D:\MONEY VERSE\datasets\weather\weather_all_vietnam.csv,2026-05-18T15:57:27.004962+00:00,Open-Meteo public API data; attribution required.
Ninh Binh,37,,2026-03,23.16505376344086,82.18638540994624,29.0,29.0,11.629893090900538,744,open_meteo,D:\MONEY VERSE\datasets\weather\weather_all_vietnam.csv,2026-05-18T15:57:27.004962+00:00,Open-Meteo public API data; attribution required.
Ninh Binh,37,,2026-04,27.32486111111111,79.1016544138889,56.2,56.2,11.924150394583332,720,open_meteo,D:\MONEY VERSE\datasets\weather\weather_all_vietnam.csv,2026-05-18T15:57:27.004962+00:00,Open-Meteo public API data; attribution required.
Ninh Binh,37,,2026-05,26.824768518518518,84.46229318287038,135.1,118.199999676,9.241662980162037,432,open_meteo,D:\MONEY VERSE\datasets\weather\weather_all_vietnam.csv,2026-05-18T15:57:27.004962+00:00,Open-Meteo public API data; attribution required.
Ninh Thuan,58,,2021-05,28.276075268817205,76.94111859408602,125.3,125.3,5.292050279704301,744,open_meteo,D:\MONEY VERSE\datasets\weather\weather_all_vietnam.csv,2026-05-18T15:57:27.004962+00:00,Open-Meteo public API data; attribution required.
Ninh Thuan,58,,2021-06,30.33875,64.30163420277778,47.4,47.4,5.458634798125,720,open_meteo,D:\MONEY VERSE\datasets\weather\weather_all_vietnam.csv,2026-05-18T15:57:27.004962+00:00,Open-Meteo public API data; attribution required.
Ninh Thuan,58,,2021-07,29.537365591397847,65.91107895967743,68.3,68.3,6.835460879045699,744,open_meteo,D:\MONEY VERSE\datasets\weather\weather_all_vietnam.csv,2026-05-18T15:57:27.004962+00:00,Open-Meteo public API data; attribution required.
Ninh Thuan,58,,2021-08,29.48494623655914,69.0936471451613,192.2,192.2,5.978317977836021,744,open_meteo,D:\MONEY VERSE\datasets\weather\weather_all_vietnam.csv,2026-05-18T15:57:27.004962+00:00,Open-Meteo public API data; attribution required.
Ninh Thuan,58,,2021-09,26.258680555555557,85.69371819722222,235.20000000000002,235.20000000000002,4.3127801100416665,720,open_meteo,D:\MONEY VERSE\datasets\weather\weather_all_vietnam.csv,2026-05-18T15:57:27.004962+00:00,Open-Meteo public API data; attribution required.
Ninh Thuan,58,,2021-10,25.887163978494623,86.87059110080645,317.7,317.7,4.056284582123656,744,open_meteo,D:\MONEY VERSE\datasets\weather\weather_all_vietnam.csv,2026-05-18T15:57:27.004962+00:00,Open-Meteo public API data; attribution required.
Ninh Thuan,58,,2021-11,25.29465277777778,85.11134777361112,262.3,262.3,4.994956155500001,720,open_meteo,D:\MONEY VERSE\datasets\weather\weather_all_vietnam.csv,2026-05-18T15:57:27.004962+00:00,Open-Meteo public API data; attribution required.
Ninh Thuan,58,,2021-12,24.037701612903223,76.31518401075269,14.200000000000001,14.200000000000001,7.769564978010752,744,open_meteo,D:\MONEY VERSE\datasets\weather\weather_all_vietnam.csv,2026-05-18T15:57:27.004962+00:00,Open-Meteo public API data; attribution required.
Ninh Thuan,58,,2022-01,24.279301075268815,72.65649229569892,4.1000000000000005,4.1000000000000005,7.48622501827957,744,open_meteo,D:\MONEY VERSE\datasets\weather\weather_all_vietnam.csv,2026-05-18T15:57:27.004962+00:00,Open-Meteo public API data; attribution required.
Ninh Thuan,58,,2022-02,25.88683035714286,70.39665354464286,35.9,35.9,8.098278836875,672,open_meteo,D:\MONEY VERSE\datasets\weather\weather_all_vietnam.csv,2026-05-18T15:57:27.004962+00:00,Open-Meteo public API data; attribution required.
Ninh Thuan,58,,2022-03,26.997311827956988,70.44588383467742,94.10000000000001,94.10000000000001,6.596519841922042,744,open_meteo,D:\MONEY VERSE\datasets\weather\weather_all_vietnam.csv,2026-05-18T15:57:27.004962+00:00,Open-Meteo public API data; attribution required.
Ninh Thuan,58,,2022-04,26.591041666666666,76.84342789166666,156.1,156.1,5.751935680125,720,open_meteo,D:\MONEY VERSE\datasets\weather\weather_all_vietnam.csv,2026-05-18T15:57:27.004962+00:00,Open-Meteo public API data; attribution required.
Ninh Thuan,58,,2022-05,27.06505376344086,82.00919495967743,191.2,191.2,4.370777494166666,744,open_meteo,D:\MONEY VERSE\datasets\weather\weather_all_vietnam.csv,2026-05-18T15:57:27.004962+00:00,Open-Meteo public API data; attribution required.
Ninh Thuan,58,,2022-06,27.901597222222225,76.37345066944445,112.60000000000001,112.60000000000001,4.37037726048611,720,open_meteo,D:\MONEY VERSE\datasets\weather\weather_all_vietnam.csv,2026-05-18T15:57:27.004962+00:00,Open-Meteo public API data; attribution required.
Ninh Thuan,58,,2022-07,27.2502688172043,80.24461865591398,205.8,205.8,4.64912669047043,744,open_meteo,D:\MONEY VERSE\datasets\weather\weather_all_vietnam.csv,2026-05-18T15:57:27.004962+00:00,Open-Meteo public API data; attribution required.
Ninh Thuan,58,,2022-08,26.83279569892473,82.11915643548387,204.7,204.7,4.462068992405914,744,open_meteo,D:\MONEY VERSE\datasets\weather\weather_all_vietnam.csv,2026-05-18T15:57:27.004962+00:00,Open-Meteo public API data; attribution required.
Ninh Thuan,58,,2022-09,25.865208333333335,85.9876691875,263.2,263.2,4.280581480555555,720,open_meteo,D:\MONEY VERSE\datasets\weather\weather_all_vietnam.csv,2026-05-18T15:57:27.004962+00:00,Open-Meteo public API data; attribution required.
Ninh Thuan,58,,2022-10,25.427889784946235,84.61903390860215,164.7,164.7,4.382386026975807,744,open_meteo,D:\MONEY VERSE\datasets\weather\weather_all_vietnam.csv,2026-05-18T15:57:27.004962+00:00,Open-Meteo public API data; attribution required.
Ninh Thuan,58,,2022-11,25.622638888888886,80.47573265416666,186.3,186.3,5.034205152486111,720,open_meteo,D:\MONEY VERSE\datasets\weather\weather_all_vietnam.csv,2026-05-18T15:57:27.004962+00:00,Open-Meteo public API data; attribution required.
Ninh Thuan,58,,2022-12,23.839919354838713,75.28314406720429,22.0,22.0,7.94948181922043,744,open_meteo,D:\MONEY VERSE\datasets\weather\weather_all_vietnam.csv,2026-05-18T15:57:27.004962+00:00,Open-Meteo public API data; attribution required.
Ninh Thuan,58,,2023-01,23.882056451612904,76.79270864650537,127.0,127.0,7.7309998575000005,744,open_meteo,D:\MONEY VERSE\datasets\weather\weather_all_vietnam.csv,2026-05-18T15:57:27.004962+00:00,Open-Meteo public API data; attribution required.
Ninh Thuan,58,,2023-02,24.834151785714283,70.94526495684525,11.5,11.5,7.973508501488096,672,open_meteo,D:\MONEY VERSE\datasets\weather\weather_all_vietnam.csv,2026-05-18T15:57:27.004962+00:00,Open-Meteo public API data; attribution required.
Ninh Thuan,58,,2023-03,25.44576612903226,68.1759796827957,2.6,2.6,7.904003852903227,744,open_meteo,D:\MONEY VERSE\datasets\weather\weather_all_vietnam.csv,2026-05-18T15:57:27.004962+00:00,Open-Meteo public API data; attribution required.
Ninh Thuan,58,,2023-04,28.452986111111112,70.995083075,14.0,14.0,6.815790643722222,720,open_meteo,D:\MONEY VERSE\datasets\weather\weather_all_vietnam.csv,2026-05-18T15:57:27.004962+00:00,Open-Meteo public API data; attribution required.
Ninh Thuan,58,,2023-05,28.670698924731184,75.08580445026882,110.1,110.1,4.622176671841398,744,open_meteo,D:\MONEY VERSE\datasets\weather\weather_all_vietnam.csv,2026-05-18T15:57:27.004962+00:00,Open-Meteo public API data; attribution required.
Ninh Thuan,58,,2023-06,28.74,74.15848705416667,140.7,140.7,4.508647568708333,720,open_meteo,D:\MONEY VERSE\datasets\weather\weather_all_vietnam.csv,2026-05-18T15:57:27.004962+00:00,Open-Meteo public API data; attribution required.
Ninh Thuan,58,,2023-07,27.94576612903226,78.08559069220429,175.8,175.8,4.830171496276882,744,open_meteo,D:\MONEY VERSE\datasets\weather\weather_all_vietnam.csv,2026-05-18T15:57:27.004962+00:00,Open-Meteo public API data; attribution required.
Ninh Thuan,58,,2023-08,29.637096774193548,69.73439081989247,101.2,101.2,4.984919568010753,744,open_meteo,D:\MONEY VERSE\datasets\weather\weather_all_vietnam.csv,2026-05-18T15:57:27.004962+00:00,Open-Meteo public API data; attribution required.
Ninh Thuan,58,,2023-09,27.564027777777774,80.42207474861111,208.1,208.1,4.153555893791667,720,open_meteo,D:\MONEY VERSE\datasets\weather\weather_all_vietnam.csv,2026-05-18T15:57:27.004962+00:00,Open-Meteo public API data; attribution required.
Ninh Thuan,58,,2023-10,26.09771505376344,86.64513018817205,205.0,205.0,4.071800447903226,744,open_meteo,D:\MONEY VERSE\datasets\weather\weather_all_vietnam.csv,2026-05-18T15:57:27.004962+00:00,Open-Meteo public API data; attribution required.
Ninh Thuan,58,,2023-11,26.366319444444443,76.03141551805555,28.4,28.4,6.252759339083333,720,open_meteo,D:\MONEY VERSE\datasets\weather\weather_all_vietnam.csv,2026-05-18T15:57:27.004962+00:00,Open-Meteo public API data; attribution required.
Ninh Thuan,58,,2023-12,25.92896505376344,71.82689621908602,43.199999999999996,43.199999999999996,8.043452202284946,744,open_meteo,D:\MONEY VERSE\datasets\weather\weather_all_vietnam.csv,2026-05-18T15:57:27.004962+00:00,Open-Meteo public API data; attribution required.
Ninh Thuan,58,,2024-01,24.85672043010753,68.60252754973118,0.0,0.0,8.459865479301076,744,open_meteo,D:\MONEY VERSE\datasets\weather\weather_all_vietnam.csv,2026-05-18T15:57:27.004962+00:00,Open-Meteo public API data; attribution required.
Ninh Thuan,58,,2024-02,26.423419540229887,68.701796625,2.0,2.0,7.2141093039798845,696,open_meteo,D:\MONEY VERSE\datasets\weather\weather_all_vietnam.csv,2026-05-18T15:57:27.004962+00:00,Open-Meteo public API data; attribution required.
Ninh Thuan,58,,2024-03,27.4494623655914,67.47771668817205,10.3,10.3,7.085797973306451,744,open_meteo,D:\MONEY VERSE\datasets\weather\weather_all_vietnam.csv,2026-05-18T15:57:27.004962+00:00,Open-Meteo public API data; attribution required.
Ninh Thuan,58,,2024-04,29.331458333333334,68.65624820972222,5.4,5.4,7.581846424722222,720,open_meteo,D:\MONEY VERSE\datasets\weather\weather_all_vietnam.csv,2026-05-18T15:57:27.004962+00:00,Open-Meteo public API data; attribution required.
Ninh Thuan,58,,2024-05,29.59858870967742,73.01823976881721,93.0,93.0,5.119003409905914,744,open_meteo,D:\MONEY VERSE\datasets\weather\weather_all_vietnam.csv,2026-05-18T15:57:27.004962+00:00,Open-Meteo public API data; attribution required.
Ninh Thuan,58,,2024-06,29.05673611111111,74.13941735555555,129.1,129.1,4.609320578777778,720,open_meteo,D:\MONEY VERSE\datasets\weather\weather_all_vietnam.csv,2026-05-18T15:57:27.004962+00:00,Open-Meteo public API data; attribution required.
Ninh Thuan,58,,2024-07,27.502688172043012,80.95755106048388,161.4,161.4,4.803321819946237,744,open_meteo,D:\MONEY VERSE\datasets\weather\weather_all_vietnam.csv,2026-05-18T15:57:27.004962+00:00,Open-Meteo public API data; attribution required.
Ninh Thuan,58,,2024-08,28.77405913978495,74.74443130107527,133.8,133.8,4.580497667056452,744,open_meteo,D:\MONEY VERSE\datasets\weather\weather_all_vietnam.csv,2026-05-18T15:57:27.004962+00:00,Open-Meteo public API data; attribution required.
Ninh Thuan,58,,2024-09,27.32638888888889,82.03922384583333,232.1,232.1,4.571130123,720,open_meteo,D:\MONEY VERSE\datasets\weather\weather_all_vietnam.csv,2026-05-18T15:57:27.004962+00:00,Open-Meteo public API data; attribution required.
Ninh Thuan,58,,2024-10,26.055040322580645,84.68630813844085,230.9,230.9,4.326496017486559,744,open_meteo,D:\MONEY VERSE\datasets\weather\weather_all_vietnam.csv,2026-05-18T15:57:27.004962+00:00,Open-Meteo public API data; attribution required.
Ninh Thuan,58,,2024-11,26.557986111111113,74.50762982083333,69.0,69.0,6.974506888569445,720,open_meteo,D:\MONEY VERSE\datasets\weather\weather_all_vietnam.csv,2026-05-18T15:57:27.004962+00:00,Open-Meteo public API data; attribution required.
Ninh Thuan,58,,2024-12,25.265389784946237,76.55271945430108,235.6,235.6,7.266918438024193,744,open_meteo,D:\MONEY VERSE\datasets\weather\weather_all_vietnam.csv,2026-05-18T15:57:27.004962+00:00,Open-Meteo public API data; attribution required.
Ninh Thuan,58,,2025-01,23.481854838709676,70.14849633870968,25.3,25.3,8.6354878965457,744,open_meteo,D:\MONEY VERSE\datasets\weather\weather_all_vietnam.csv,2026-05-18T15:57:27.004962+00:00,Open-Meteo public API data; attribution required.
Ninh Thuan,58,,2025-02,25.200372023809525,70.18687370386904,17.0,17.0,7.878714542380952,672,open_meteo,D:\MONEY VERSE\datasets\weather\weather_all_vietnam.csv,2026-05-18T15:57:27.004962+00:00,Open-Meteo public API data; attribution required.
Ninh Thuan,58,,2025-03,26.99798387096774,67.9591476344086,6.8,6.8,7.738162395645161,744,open_meteo,D:\MONEY VERSE\datasets\weather\weather_all_vietnam.csv,2026-05-18T15:57:27.004962+00:00,Open-Meteo public API data; attribution required.
Ninh Thuan,58,,2025-04,28.628055555555555,67.02348996805556,18.1,18.1,6.994856192902779,720,open_meteo,D:\MONEY VERSE\datasets\weather\weather_all_vietnam.csv,2026-05-18T15:57:27.004962+00:00,Open-Meteo public API data; attribution required.
Ninh Thuan,58,,2025-05,28.181451612903224,76.97743280241936,236.0,236.0,4.11176952422043,744,open_meteo,D:\MONEY VERSE\datasets\weather\weather_all_vietnam.csv,2026-05-18T15:57:27.004962+00:00,Open-Meteo public API data; attribution required.
Ninh Thuan,58,,2025-06,28.612569444444443,73.1105604625,100.9,100.9,4.766951044638889,720,open_meteo,D:\MONEY VERSE\datasets\weather\weather_all_vietnam.csv,2026-05-18T15:57:27.004962+00:00,Open-Meteo public API data; attribution required.
Ninh Thuan,58,,2025-07,29.91176075268817,65.38924584811828,99.6,99.6,6.7899917484139785,744,open_meteo,D:\MONEY VERSE\datasets\weather\weather_all_vietnam.csv,2026-05-18T15:57:27.004962+00:00,Open-Meteo public API data; attribution required.
Ninh Thuan,58,,2025-08,28.54395161290323,73.05736497446236,191.0,191.0,4.682964419153225,744,open_meteo,D:\MONEY VERSE\datasets\weather\weather_all_vietnam.csv,2026-05-18T15:57:27.004962+00:00,Open-Meteo public API data; attribution required.
Ninh Thuan,58,,2025-09,26.433194444444446,84.14371645138888,321.3,321.3,3.865673146472222,720,open_meteo,D:\MONEY VERSE\datasets\weather\weather_all_vietnam.csv,2026-05-18T15:57:27.004962+00:00,Open-Meteo public API data; attribution required.
Ninh Thuan,58,,2025-10,26.28655913978495,83.09122719892473,257.7,257.7,3.697457338494624,744,open_meteo,D:\MONEY VERSE\datasets\weather\weather_all_vietnam.csv,2026-05-18T15:57:27.004962+00:00,Open-Meteo public API data; attribution required.
Ninh Thuan,58,,2025-11,25.38076388888889,82.30040294166666,308.5,308.5,5.338417728652778,720,open_meteo,D:\MONEY VERSE\datasets\weather\weather_all_vietnam.csv,2026-05-18T15:57:27.004962+00:00,Open-Meteo public API data; attribution required.
Ninh Thuan,58,,2025-12,24.89388440860215,75.09127517069892,77.2,77.2,7.463671778279569,744,open_meteo,D:\MONEY VERSE\datasets\weather\weather_all_vietnam.csv,2026-05-18T15:57:27.004962+00:00,Open-Meteo public API data; attribution required.
Ninh Thuan,58,,2026-01,23.653024193548386,64.95699353494624,2.5,2.5,9.113228024018818,744,open_meteo,D:\MONEY VERSE\datasets\weather\weather_all_vietnam.csv,2026-05-18T15:57:27.004962+00:00,Open-Meteo public API data; attribution required.
Ninh Thuan,58,,2026-02,25.77782738095238,67.74844382738095,25.1,25.1,7.870704794136905,672,open_meteo,D:\MONEY VERSE\datasets\weather\weather_all_vietnam.csv,2026-05-18T15:57:27.004962+00:00,Open-Meteo public API data; attribution required.
Ninh Thuan,58,,2026-03,26.79684139784946,65.80441190591398,6.3,6.3,7.583752238763441,744,open_meteo,D:\MONEY VERSE\datasets\weather\weather_all_vietnam.csv,2026-05-18T15:57:27.004962+00:00,Open-Meteo public API data; attribution required.
Ninh Thuan,58,,2026-04,28.966180555555557,65.02964199027778,11.6,11.6,7.368856451097222,720,open_meteo,D:\MONEY VERSE\datasets\weather\weather_all_vietnam.csv,2026-05-18T15:57:27.004962+00:00,Open-Meteo public API data; attribution required.
Ninh Thuan,58,,2026-05,30.100810185185182,64.8358294074074,36.0,33.10000001,6.173280653402777,432,open_meteo,D:\MONEY VERSE\datasets\weather\weather_all_vietnam.csv,2026-05-18T15:57:27.004962+00:00,Open-Meteo public API data; attribution required.
Phu Tho,25,,2021-05,29.041263440860217,79.35509560215054,108.0,108.0,8.025708471102151,744,open_meteo,D:\MONEY VERSE\datasets\weather\weather_all_vietnam.csv,2026-05-18T15:57:27.004962+00:00,Open-Meteo public API data; attribution required.
Phu Tho,25,,2021-06,29.665972222222223,75.88366942222223,302.7,302.7,7.3970306855,720,open_meteo,D:\MONEY VERSE\datasets\weather\weather_all_vietnam.csv,2026-05-18T15:57:27.004962+00:00,Open-Meteo public API data; attribution required.
Phu Tho,25,,2021-07,29.198790322580646,81.13655432258065,258.4,258.4,6.707201162056451,744,open_meteo,D:\MONEY VERSE\datasets\weather\weather_all_vietnam.csv,2026-05-18T15:57:27.004962+00:00,Open-Meteo public API data; attribution required.
Phu Tho,25,,2021-08,29.154099462365593,81.40733363575269,138.7,138.7,6.029540160913978,744,open_meteo,D:\MONEY VERSE\datasets\weather\weather_all_vietnam.csv,2026-05-18T15:57:27.004962+00:00,Open-Meteo public API data; attribution required.
Phu Tho,25,,2021-09,27.12333333333333,87.24898768055556,282.5,282.5,5.068712301027778,720,open_meteo,D:\MONEY VERSE\datasets\weather\weather_all_vietnam.csv,2026-05-18T15:57:27.004962+00:00,Open-Meteo public API data; attribution required.
Phu Tho,25,,2021-10,23.378360215053764,83.63388788844085,397.4,397.4,7.283163275752688,744,open_meteo,D:\MONEY VERSE\datasets\weather\weather_all_vietnam.csv,2026-05-18T15:57:27.004962+00:00,Open-Meteo public API data; attribution required.
Phu Tho,25,,2021-11,20.53590277777778,79.19439763194444,45.6,45.6,5.907085812597222,720,open_meteo,D:\MONEY VERSE\datasets\weather\weather_all_vietnam.csv,2026-05-18T15:57:27.004962+00:00,Open-Meteo public API data; attribution required.
Phu Tho,25,,2021-12,17.216532258064518,74.25862957930107,18.5,18.5,5.447114314247312,744,open_meteo,D:\MONEY VERSE\datasets\weather\weather_all_vietnam.csv,2026-05-18T15:57:27.004962+00:00,Open-Meteo public API data; attribution required.
Phu Tho,25,,2022-01,17.667540322580646,83.10051652688172,91.0,91.0,6.844505224932796,744,open_meteo,D:\MONEY VERSE\datasets\weather\weather_all_vietnam.csv,2026-05-18T15:57:27.004962+00:00,Open-Meteo public API data; attribution required.
Phu Tho,25,,2022-02,14.710119047619049,80.2983280297619,117.9,117.9,5.710532289791667,672,open_meteo,D:\MONEY VERSE\datasets\weather\weather_all_vietnam.csv,2026-05-18T15:57:27.004962+00:00,Open-Meteo public API data; attribution required.
Phu Tho,25,,2022-03,22.38467741935484,83.9677461061828,160.0,160.0,7.904204629623655,744,open_meteo,D:\MONEY VERSE\datasets\weather\weather_all_vietnam.csv,2026-05-18T15:57:27.004962+00:00,Open-Meteo public API data; attribution required.
Phu Tho,25,,2022-04,23.679166666666667,78.45288983611111,52.6,52.6,7.792460699569444,720,open_meteo,D:\MONEY VERSE\datasets\weather\weather_all_vietnam.csv,2026-05-18T15:57:27.004962+00:00,Open-Meteo public API data; attribution required.
Phu Tho,25,,2022-05,25.291061827956987,81.68971058736558,431.1,431.1,7.431173118965054,744,open_meteo,D:\MONEY VERSE\datasets\weather\weather_all_vietnam.csv,2026-05-18T15:57:27.004962+00:00,Open-Meteo public API data; attribution required.
Phu Tho,25,,2022-06,28.91465277777778,79.15691017083333,187.4,187.4,7.463173405555555,720,open_meteo,D:\MONEY VERSE\datasets\weather\weather_all_vietnam.csv,2026-05-18T15:57:27.004962+00:00,Open-Meteo public API data; attribution required.
Phu Tho,25,,2022-07,28.567943548387095,84.04926239516129,206.1,206.1,5.9332823672311825,744,open_meteo,D:\MONEY VERSE\datasets\weather\weather_all_vietnam.csv,2026-05-18T15:57:27.004962+00:00,Open-Meteo public API data; attribution required.
Phu Tho,25,,2022-08,27.625537634408605,87.84448590053763,411.9,411.9,5.722463627822581,744,open_meteo,D:\MONEY VERSE\datasets\weather\weather_all_vietnam.csv,2026-05-18T15:57:27.004962+00:00,Open-Meteo public API data; attribution required.
Phu Tho,25,,2022-09,26.41673611111111,87.06364463194444,454.9,454.9,5.799988455208333,720,open_meteo,D:\MONEY VERSE\datasets\weather\weather_all_vietnam.csv,2026-05-18T15:57:27.004962+00:00,Open-Meteo public API data; attribution required.
Phu Tho,25,,2022-10,23.94462365591398,79.52655035752689,104.5,104.5,6.266519068709678,744,open_meteo,D:\MONEY VERSE\datasets\weather\weather_all_vietnam.csv,2026-05-18T15:57:27.004962+00:00,Open-Meteo public API data; attribution required.
Phu Tho,25,,2022-11,23.858611111111113,81.89404132222222,101.8,101.8,6.234785979958334,720,open_meteo,D:\MONEY VERSE\datasets\weather\weather_all_vietnam.csv,2026-05-18T15:57:27.004962+00:00,Open-Meteo public API data; attribution required.
Phu Tho,25,,2022-12,15.856720430107526,72.79223919892473,29.700000000000003,29.700000000000003,5.782207946720431,744,open_meteo,D:\MONEY VERSE\datasets\weather\weather_all_vietnam.csv,2026-05-18T15:57:27.004962+00:00,Open-Meteo public API data; attribution required.
Phu Tho,25,,2023-01,16.103024193548386,71.21392099462366,12.0,12.0,5.846494942432796,744,open_meteo,D:\MONEY VERSE\datasets\weather\weather_all_vietnam.csv,2026-05-18T15:57:27.004962+00:00,Open-Meteo public API data; attribution required.
Phu Tho,25,,2023-02,20.152678571428574,77.76149409375,43.9,43.9,8.295437045982144,672,open_meteo,D:\MONEY VERSE\datasets\weather\weather_all_vietnam.csv,2026-05-18T15:57:27.004962+00:00,Open-Meteo public API data; attribution required.
Phu Tho,25,,2023-03,22.328763440860214,76.5231545954301,51.6,51.6,7.409839292567205,744,open_meteo,D:\MONEY VERSE\datasets\weather\weather_all_vietnam.csv,2026-05-18T15:57:27.004962+00:00,Open-Meteo public API data; attribution required.
Phu Tho,25,,2023-04,25.426458333333333,81.71797090833334,83.2,83.2,7.953025687777777,720,open_meteo,D:\MONEY VERSE\datasets\weather\weather_all_vietnam.csv,2026-05-18T15:57:27.004962+00:00,Open-Meteo public API data; attribution required.
Phu Tho,25,,2023-05,28.088709677419356,78.91268081048388,148.2,148.2,7.749682110618279,744,open_meteo,D:\MONEY VERSE\datasets\weather\weather_all_vietnam.csv,2026-05-18T15:57:27.004962+00:00,Open-Meteo public API data; attribution required.
Phu Tho,25,,2023-06,28.56930555555556,84.05952682638889,287.0,287.0,6.3541356575,720,open_meteo,D:\MONEY VERSE\datasets\weather\weather_all_vietnam.csv,2026-05-18T15:57:27.004962+00:00,Open-Meteo public API data; attribution required.
Phu Tho,25,,2023-07,29.589314516129033,78.62031497580645,134.1,134.1,6.733202094206989,744,open_meteo,D:\MONEY VERSE\datasets\weather\weather_all_vietnam.csv,2026-05-18T15:57:27.004962+00:00,Open-Meteo public API data; attribution required.
Phu Tho,25,,2023-08,27.624193548387098,88.8234350201613,402.4,402.4,4.73949215014785,744,open_meteo,D:\MONEY VERSE\datasets\weather\weather_all_vietnam.csv,2026-05-18T15:57:27.004962+00:00,Open-Meteo public API data; attribution required.
Phu Tho,25,,2023-09,26.87722222222222,87.25642332083333,353.9,353.9,5.855563799680556,720,open_meteo,D:\MONEY VERSE\datasets\weather\weather_all_vietnam.csv,2026-05-18T15:57:27.004962+00:00,Open-Meteo public API data; attribution required.
Phu Tho,25,,2023-10,25.49005376344086,78.53193993010753,56.1,56.1,5.320326309381721,744,open_meteo,D:\MONEY VERSE\datasets\weather\weather_all_vietnam.csv,2026-05-18T15:57:27.004962+00:00,Open-Meteo public API data; attribution required.
Phu Tho,25,,2023-11,22.034444444444443,81.00780876111111,85.8,85.8,5.592529366152778,720,open_meteo,D:\MONEY VERSE\datasets\weather\weather_all_vietnam.csv,2026-05-18T15:57:27.004962+00:00,Open-Meteo public API data; attribution required.
Phu Tho,25,,2023-12,18.54717741935484,76.51516354435483,29.0,29.0,5.498890911599463,744,open_meteo,D:\MONEY VERSE\datasets\weather\weather_all_vietnam.csv,2026-05-18T15:57:27.004962+00:00,Open-Meteo public API data; attribution required.
Phu Tho,25,,2024-01,17.773051075268818,82.71269662768817,109.9,109.9,6.379228029368279,744,open_meteo,D:\MONEY VERSE\datasets\weather\weather_all_vietnam.csv,2026-05-18T15:57:27.004962+00:00,Open-Meteo public API data; attribution required.
Phu Tho,25,,2024-02,19.753663793103446,79.95832052155173,24.400000000000002,24.400000000000002,7.941042232772988,696,open_meteo,D:\MONEY VERSE\datasets\weather\weather_all_vietnam.csv,2026-05-18T15:57:27.004962+00:00,Open-Meteo public API data; attribution required.
Phu Tho,25,,2024-03,21.853696236559138,80.34521067741936,58.8,58.8,7.340136682405913,744,open_meteo,D:\MONEY VERSE\datasets\weather\weather_all_vietnam.csv,2026-05-18T15:57:27.004962+00:00,Open-Meteo public API data; attribution required.
Phu Tho,25,,2024-04,27.883680555555557,79.80886736666668,79.8,79.8,7.9563766409027785,720,open_meteo,D:\MONEY VERSE\datasets\weather\weather_all_vietnam.csv,2026-05-18T15:57:27.004962+00:00,Open-Meteo public API data; attribution required.
Phu Tho,25,,2024-05,27.066935483870967,85.41585341129031,327.40000000000003,327.40000000000003,6.904171655994624,744,open_meteo,D:\MONEY VERSE\datasets\weather\weather_all_vietnam.csv,2026-05-18T15:57:27.004962+00:00,Open-Meteo public API data; attribution required.
Phu Tho,25,,2024-06,28.72722222222222,84.07636598611111,244.9,244.9,6.6465545287916665,720,open_meteo,D:\MONEY VERSE\datasets\weather\weather_all_vietnam.csv,2026-05-18T15:57:27.004962+00:00,Open-Meteo public API data; attribution required.
Phu Tho,25,,2024-07,28.20927419354839,86.65845894892473,412.7,412.7,6.316651669784947,744,open_meteo,D:\MONEY VERSE\datasets\weather\weather_all_vietnam.csv,2026-05-18T15:57:27.004962+00:00,Open-Meteo public API data; attribution required.
Phu Tho,25,,2024-08,28.07150537634409,87.83085259677419,327.0,327.0,4.9830947450940855,744,open_meteo,D:\MONEY VERSE\datasets\weather\weather_all_vietnam.csv,2026-05-18T15:57:27.004962+00:00,Open-Meteo public API data; attribution required.
Phu Tho,25,,2024-09,26.84263888888889,88.05791397916666,602.2,602.2,7.434726237263889,720,open_meteo,D:\MONEY VERSE\datasets\weather\weather_all_vietnam.csv,2026-05-18T15:57:27.004962+00:00,Open-Meteo public API data; attribution required.
Phu Tho,25,,2024-10,24.698655913978495,79.15099990322581,122.9,122.9,5.827415004166667,744,open_meteo,D:\MONEY VERSE\datasets\weather\weather_all_vietnam.csv,2026-05-18T15:57:27.004962+00:00,Open-Meteo public API data; attribution required.
Phu Tho,25,,2024-11,22.607291666666665,75.72641531111111,16.5,16.5,4.944596764986112,720,open_meteo,D:\MONEY VERSE\datasets\weather\weather_all_vietnam.csv,2026-05-18T15:57:27.004962+00:00,Open-Meteo public API data; attribution required.
Phu Tho,25,,2024-12,17.2627688172043,76.58324365860214,24.0,24.0,5.220859496397849,744,open_meteo,D:\MONEY VERSE\datasets\weather\weather_all_vietnam.csv,2026-05-18T15:57:27.004962+00:00,Open-Meteo public API data; attribution required.
Phu Tho,25,,2025-01,16.672379032258064,71.52675404301075,12.0,12.0,5.87029409407258,744,open_meteo,D:\MONEY VERSE\datasets\weather\weather_all_vietnam.csv,2026-05-18T15:57:27.004962+00:00,Open-Meteo public API data; attribution required.
Phu Tho,25,,2025-02,17.262276785714285,82.10931239434524,52.5,52.5,6.600003228705357,672,open_meteo,D:\MONEY VERSE\datasets\weather\weather_all_vietnam.csv,2026-05-18T15:57:27.004962+00:00,Open-Meteo public API data; attribution required.
Phu Tho,25,,2025-03,20.937298387096774,75.77451700134408,44.6,44.6,8.00760478858871,744,open_meteo,D:\MONEY VERSE\datasets\weather\weather_all_vietnam.csv,2026-05-18T15:57:27.004962+00:00,Open-Meteo public API data; attribution required.
Phu Tho,25,,2025-04,24.66479166666667,79.48953693194444,118.3,118.3,7.580603535430555,720,open_meteo,D:\MONEY VERSE\datasets\weather\weather_all_vietnam.csv,2026-05-18T15:57:27.004962+00:00,Open-Meteo public API data; attribution required.
Phu Tho,25,,2025-05,26.7625,83.03692943548387,292.8,292.8,7.190285720268817,744,open_meteo,D:\MONEY VERSE\datasets\weather\weather_all_vietnam.csv,2026-05-18T15:57:27.004962+00:00,Open-Meteo public API data; attribution required.
Phu Tho,25,,2025-06,28.225416666666664,84.75189759305555,379.4,379.4,6.781388107000001,720,open_meteo,D:\MONEY VERSE\datasets\weather\weather_all_vietnam.csv,2026-05-18T15:57:27.004962+00:00,Open-Meteo public API data; attribution required.
Phu Tho,25,,2025-07,28.39005376344086,85.09662306317205,403.6,403.6,5.437009392862903,744,open_meteo,D:\MONEY VERSE\datasets\weather\weather_all_vietnam.csv,2026-05-18T15:57:27.004962+00:00,Open-Meteo public API data; attribution required.
Phu Tho,25,,2025-08,27.663104838709675,86.79840571370968,367.6,367.6,6.431772202043011,744,open_meteo,D:\MONEY VERSE\datasets\weather\weather_all_vietnam.csv,2026-05-18T15:57:27.004962+00:00,Open-Meteo public API data; attribution required.
Phu Tho,25,,2025-09,27.34486111111111,84.79518127777777,338.0,338.0,6.875531233583334,720,open_meteo,D:\MONEY VERSE\datasets\weather\weather_all_vietnam.csv,2026-05-18T15:57:27.004962+00:00,Open-Meteo public API data; attribution required.
Phu Tho,25,,2025-10,24.996774193548386,83.98500947043011,216.2,216.2,5.240847127392473,744,open_meteo,D:\MONEY VERSE\datasets\weather\weather_all_vietnam.csv,2026-05-18T15:57:27.004962+00:00,Open-Meteo public API data; attribution required.
Phu Tho,25,,2025-11,19.7925,79.93618857083334,73.0,73.0,5.5260719513888885,720,open_meteo,D:\MONEY VERSE\datasets\weather\weather_all_vietnam.csv,2026-05-18T15:57:27.004962+00:00,Open-Meteo public API data; attribution required.
Phu Tho,25,,2025-12,19.394086021505377,80.80937102150537,49.2,49.2,5.539149738293011,744,open_meteo,D:\MONEY VERSE\datasets\weather\weather_all_vietnam.csv,2026-05-18T15:57:27.004962+00:00,Open-Meteo public API data; attribution required.
Phu Tho,25,,2026-01,17.261693548387097,79.31518431854839,28.8,28.8,6.272646915994623,744,open_meteo,D:\MONEY VERSE\datasets\weather\weather_all_vietnam.csv,2026-05-18T15:57:27.004962+00:00,Open-Meteo public API data; attribution required.
Phu Tho,25,,2026-02,20.362276785714286,82.2909852202381,71.2,71.2,6.815731469077382,672,open_meteo,D:\MONEY VERSE\datasets\weather\weather_all_vietnam.csv,2026-05-18T15:57:27.004962+00:00,Open-Meteo public API data; attribution required.
Phu Tho,25,,2026-03,23.60880376344086,77.34815828091398,29.900000000000002,29.900000000000002,9.496316431841398,744,open_meteo,D:\MONEY VERSE\datasets\weather\weather_all_vietnam.csv,2026-05-18T15:57:27.004962+00:00,Open-Meteo public API data; attribution required.
Phu Tho,25,,2026-04,27.424722222222222,76.63760537638889,48.0,48.0,8.269802689555556,720,open_meteo,D:\MONEY VERSE\datasets\weather\weather_all_vietnam.csv,2026-05-18T15:57:27.004962+00:00,Open-Meteo public API data; attribution required.
Phu Tho,25,,2026-05,26.46701388888889,81.64477659953702,90.4,87.60000002,6.95370383849537,432,open_meteo,D:\MONEY VERSE\datasets\weather\weather_all_vietnam.csv,2026-05-18T15:57:27.004962+00:00,Open-Meteo public API data; attribution required.
Phu Yen,54,,2021-05,27.615658602150535,79.38082129973118,87.8,87.8,8.710559162903225,744,open_meteo,D:\MONEY VERSE\datasets\weather\weather_all_vietnam.csv,2026-05-18T15:57:27.004962+00:00,Open-Meteo public API data; attribution required.
Phu Yen,54,,2021-06,29.44777777777778,65.27122333194444,44.800000000000004,44.800000000000004,13.291627622777778,720,open_meteo,D:\MONEY VERSE\datasets\weather\weather_all_vietnam.csv,2026-05-18T15:57:27.004962+00:00,Open-Meteo public API data; attribution required.
Phu Yen,54,,2021-07,28.04643817204301,71.79900055510753,85.10000000000001,85.10000000000001,14.681988006384408,744,open_meteo,D:\MONEY VERSE\datasets\weather\weather_all_vietnam.csv,2026-05-18T15:57:27.004962+00:00,Open-Meteo public API data; attribution required.
Phu Yen,54,,2021-08,28.354905913978495,71.53775805107527,125.9,125.9,12.200633788817205,744,open_meteo,D:\MONEY VERSE\datasets\weather\weather_all_vietnam.csv,2026-05-18T15:57:27.004962+00:00,Open-Meteo public API data; attribution required.
Phu Yen,54,,2021-09,25.752638888888892,86.35124190277777,335.0,335.0,8.237658572513888,720,open_meteo,D:\MONEY VERSE\datasets\weather\weather_all_vietnam.csv,2026-05-18T15:57:27.004962+00:00,Open-Meteo public API data; attribution required.
Phu Yen,54,,2021-10,24.963104838709675,88.3202460376344,534.4,534.4,9.70183864717742,744,open_meteo,D:\MONEY VERSE\datasets\weather\weather_all_vietnam.csv,2026-05-18T15:57:27.004962+00:00,Open-Meteo public API data; attribution required.
Phu Yen,54,,2021-11,23.427083333333332,92.24496339583334,602.7,602.7,11.337313772777778,720,open_meteo,D:\MONEY VERSE\datasets\weather\weather_all_vietnam.csv,2026-05-18T15:57:27.004962+00:00,Open-Meteo public API data; attribution required.
Phu Yen,54,,2021-12,22.145833333333332,83.47310581854839,140.3,140.3,12.948493727150538,744,open_meteo,D:\MONEY VERSE\datasets\weather\weather_all_vietnam.csv,2026-05-18T15:57:27.004962+00:00,Open-Meteo public API data; attribution required.
Phu Yen,54,,2022-01,22.346102150537636,84.067373297043,50.4,50.4,9.934263773346775,744,open_meteo,D:\MONEY VERSE\datasets\weather\weather_all_vietnam.csv,2026-05-18T15:57:27.004962+00:00,Open-Meteo public API data; attribution required.
Phu Yen,54,,2022-02,22.818005952380954,83.42114134375,42.1,42.1,12.269650693005953,672,open_meteo,D:\MONEY VERSE\datasets\weather\weather_all_vietnam.csv,2026-05-18T15:57:27.004962+00:00,Open-Meteo public API data; attribution required.
Phu Yen,54,,2022-03,24.819825268817205,80.96718030376344,179.7,179.7,9.361362548481184,744,open_meteo,D:\MONEY VERSE\datasets\weather\weather_all_vietnam.csv,2026-05-18T15:57:27.004962+00:00,Open-Meteo public API data; attribution required.
Phu Yen,54,,2022-04,24.96673611111111,83.0164530625,106.9,106.9,9.741548723402778,720,open_meteo,D:\MONEY VERSE\datasets\weather\weather_all_vietnam.csv,2026-05-18T15:57:27.004962+00:00,Open-Meteo public API data; attribution required.
Phu Yen,54,,2022-05,26.618145161290325,80.84540773521505,161.3,161.3,9.022554783938173,744,open_meteo,D:\MONEY VERSE\datasets\weather\weather_all_vietnam.csv,2026-05-18T15:57:27.004962+00:00,Open-Meteo public API data; attribution required.
Phu Yen,54,,2022-06,28.284583333333334,71.7298125388889,60.7,60.7,9.897169477777778,720,open_meteo,D:\MONEY VERSE\datasets\weather\weather_all_vietnam.csv,2026-05-18T15:57:27.004962+00:00,Open-Meteo public API data; attribution required.
Phu Yen,54,,2022-07,27.069422043010753,79.58625885887098,267.3,267.3,10.19745256438172,744,open_meteo,D:\MONEY VERSE\datasets\weather\weather_all_vietnam.csv,2026-05-18T15:57:27.004962+00:00,Open-Meteo public API data; attribution required.
Phu Yen,54,,2022-08,26.604301075268815,79.9448609032258,177.2,177.2,11.115600742741936,744,open_meteo,D:\MONEY VERSE\datasets\weather\weather_all_vietnam.csv,2026-05-18T15:57:27.004962+00:00,Open-Meteo public API data; attribution required.
Phu Yen,54,,2022-09,25.67020833333333,85.51139383472223,346.2,346.2,8.71962687511111,720,open_meteo,D:\MONEY VERSE\datasets\weather\weather_all_vietnam.csv,2026-05-18T15:57:27.004962+00:00,Open-Meteo public API data; attribution required.
Phu Yen,54,,2022-10,24.39536290322581,85.81320223655914,307.2,307.2,8.539831021209677,744,open_meteo,D:\MONEY VERSE\datasets\weather\weather_all_vietnam.csv,2026-05-18T15:57:27.004962+00:00,Open-Meteo public API data; attribution required.
Phu Yen,54,,2022-11,24.217222222222226,86.99901636944445,285.2,285.2,8.97828700801389,720,open_meteo,D:\MONEY VERSE\datasets\weather\weather_all_vietnam.csv,2026-05-18T15:57:27.004962+00:00,Open-Meteo public API data; attribution required.
Phu Yen,54,,2022-12,21.678897849462366,83.75782209946237,203.9,203.9,12.266929804435483,744,open_meteo,D:\MONEY VERSE\datasets\weather\weather_all_vietnam.csv,2026-05-18T15:57:27.004962+00:00,Open-Meteo public API data; attribution required.
Phu Yen,54,,2023-01,21.37291666666667,84.41976638172044,174.2,174.2,12.101902403091398,744,open_meteo,D:\MONEY VERSE\datasets\weather\weather_all_vietnam.csv,2026-05-18T15:57:27.004962+00:00,Open-Meteo public API data; attribution required.
Phu Yen,54,,2023-02,22.63325892857143,84.56219523065477,56.2,56.2,11.64100214985119,672,open_meteo,D:\MONEY VERSE\datasets\weather\weather_all_vietnam.csv,2026-05-18T15:57:27.004962+00:00,Open-Meteo public API data; attribution required.
Phu Yen,54,,2023-03,23.562432795698925,79.35050115053764,14.0,14.0,10.230053134905914,744,open_meteo,D:\MONEY VERSE\datasets\weather\weather_all_vietnam.csv,2026-05-18T15:57:27.004962+00:00,Open-Meteo public API data; attribution required.
Phu Yen,54,,2023-04,27.439999999999998,75.69422161944445,20.3,20.3,8.539141292458332,720,open_meteo,D:\MONEY VERSE\datasets\weather\weather_all_vietnam.csv,2026-05-18T15:57:27.004962+00:00,Open-Meteo public API data; attribution required.
Phu Yen,54,,2023-05,28.004905913978497,76.77887238037634,165.8,165.8,8.658865344448925,744,open_meteo,D:\MONEY VERSE\datasets\weather\weather_all_vietnam.csv,2026-05-18T15:57:27.004962+00:00,Open-Meteo public API data; attribution required.
Phu Yen,54,,2023-06,28.1625,73.27080312361112,125.1,125.1,12.474971791527777,720,open_meteo,D:\MONEY VERSE\datasets\weather\weather_all_vietnam.csv,2026-05-18T15:57:27.004962+00:00,Open-Meteo public API data; attribution required.
Phu Yen,54,,2023-07,27.627889784946237,75.51528887096775,148.6,148.6,12.462043951008067,744,open_meteo,D:\MONEY VERSE\datasets\weather\weather_all_vietnam.csv,2026-05-18T15:57:27.004962+00:00,Open-Meteo public API data; attribution required.
Phu Yen,54,,2023-08,28.853629032258063,68.07442598521506,59.900000000000006,59.900000000000006,15.173971552553764,744,open_meteo,D:\MONEY VERSE\datasets\weather\weather_all_vietnam.csv,2026-05-18T15:57:27.004962+00:00,Open-Meteo public API data; attribution required.
Phu Yen,54,,2023-09,26.91451388888889,79.90914090694444,214.6,214.6,10.196334949833334,720,open_meteo,D:\MONEY VERSE\datasets\weather\weather_all_vietnam.csv,2026-05-18T15:57:27.004962+00:00,Open-Meteo public API data; attribution required.
Phu Yen,54,,2023-10,25.32298387096774,88.75991925,428.5,428.5,6.373521566021505,744,open_meteo,D:\MONEY VERSE\datasets\weather\weather_all_vietnam.csv,2026-05-18T15:57:27.004962+00:00,Open-Meteo public API data; attribution required.
Phu Yen,54,,2023-11,23.912361111111114,87.16507710972222,246.3,246.3,10.301413713472222,720,open_meteo,D:\MONEY VERSE\datasets\weather\weather_all_vietnam.csv,2026-05-18T15:57:27.004962+00:00,Open-Meteo public API data; attribution required.
Phu Yen,54,,2023-12,23.03904569892473,86.98522069086022,129.0,129.0,12.922803208024195,744,open_meteo,D:\MONEY VERSE\datasets\weather\weather_all_vietnam.csv,2026-05-18T15:57:27.004962+00:00,Open-Meteo public API data; attribution required.
Phu Yen,54,,2024-01,22.11922043010753,82.55035315725806,29.5,29.5,11.646168150537635,744,open_meteo,D:\MONEY VERSE\datasets\weather\weather_all_vietnam.csv,2026-05-18T15:57:27.004962+00:00,Open-Meteo public API data; attribution required.
Phu Yen,54,,2024-02,23.47873563218391,83.60730716091955,27.2,27.2,9.856063102729884,696,open_meteo,D:\MONEY VERSE\datasets\weather\weather_all_vietnam.csv,2026-05-18T15:57:27.004962+00:00,Open-Meteo public API data; attribution required.
Phu Yen,54,,2024-03,24.96317204301075,82.57981331989248,25.7,25.7,9.524149293010753,744,open_meteo,D:\MONEY VERSE\datasets\weather\weather_all_vietnam.csv,2026-05-18T15:57:27.004962+00:00,Open-Meteo public API data; attribution required.
Phu Yen,54,,2024-04,28.25222222222222,73.95649345416666,7.8,7.8,7.192129339,720,open_meteo,D:\MONEY VERSE\datasets\weather\weather_all_vietnam.csv,2026-05-18T15:57:27.004962+00:00,Open-Meteo public API data; attribution required.
Phu Yen,54,,2024-05,28.462432795698923,76.4748457298387,79.10000000000001,79.10000000000001,8.611227084650537,744,open_meteo,D:\MONEY VERSE\datasets\weather\weather_all_vietnam.csv,2026-05-18T15:57:27.004962+00:00,Open-Meteo public API data; attribution required.
Phu Yen,54,,2024-06,28.529305555555553,73.17162111111111,101.1,101.1,10.713971198861111,720,open_meteo,D:\MONEY VERSE\datasets\weather\weather_all_vietnam.csv,2026-05-18T15:57:27.004962+00:00,Open-Meteo public API data; attribution required.
Phu Yen,54,,2024-07,27.32399193548387,76.45433352688173,143.3,143.3,14.514757909543011,744,open_meteo,D:\MONEY VERSE\datasets\weather\weather_all_vietnam.csv,2026-05-18T15:57:27.004962+00:00,Open-Meteo public API data; attribution required.
Phu Yen,54,,2024-08,28.519623655913975,71.89306518413979,121.8,121.8,10.505672665685484,744,open_meteo,D:\MONEY VERSE\datasets\weather\weather_all_vietnam.csv,2026-05-18T15:57:27.004962+00:00,Open-Meteo public API data; attribution required.
Phu Yen,54,,2024-09,26.84173611111111,80.7039208875,193.7,193.7,11.446983563972223,720,open_meteo,D:\MONEY VERSE\datasets\weather\weather_all_vietnam.csv,2026-05-18T15:57:27.004962+00:00,Open-Meteo public API data; attribution required.
Phu Yen,54,,2024-10,24.882325268817205,85.50874359005377,334.9,334.9,8.2309609872043,744,open_meteo,D:\MONEY VERSE\datasets\weather\weather_all_vietnam.csv,2026-05-18T15:57:27.004962+00:00,Open-Meteo public API data; attribution required.
Phu Yen,54,,2024-11,23.94090277777778,86.79902835,144.8,144.8,11.286896492902777,720,open_meteo,D:\MONEY VERSE\datasets\weather\weather_all_vietnam.csv,2026-05-18T15:57:27.004962+00:00,Open-Meteo public API data; attribution required.
Phu Yen,54,,2024-12,22.103158602150536,89.17302518951614,281.5,281.5,17.301762921639785,744,open_meteo,D:\MONEY VERSE\datasets\weather\weather_all_vietnam.csv,2026-05-18T15:57:27.004962+00:00,Open-Meteo public API data; attribution required.
Phu Yen,54,,2025-01,20.21834677419355,81.93443850134408,21.1,21.1,13.478073863172044,744,open_meteo,D:\MONEY VERSE\datasets\weather\weather_all_vietnam.csv,2026-05-18T15:57:27.004962+00:00,Open-Meteo public API data; attribution required.
Phu Yen,54,,2025-02,21.874627976190474,85.35061920833334,52.5,52.5,13.609269485863095,672,open_meteo,D:\MONEY VERSE\datasets\weather\weather_all_vietnam.csv,2026-05-18T15:57:27.004962+00:00,Open-Meteo public API data; attribution required.
Phu Yen,54,,2025-03,23.86310483870968,82.19973841935484,15.700000000000001,15.700000000000001,12.218888066908603,744,open_meteo,D:\MONEY VERSE\datasets\weather\weather_all_vietnam.csv,2026-05-18T15:57:27.004962+00:00,Open-Meteo public API data; attribution required.
Phu Yen,54,,2025-04,26.37701388888889,76.22470809583334,12.6,12.6,9.56440025523611,720,open_meteo,D:\MONEY VERSE\datasets\weather\weather_all_vietnam.csv,2026-05-18T15:57:27.004962+00:00,Open-Meteo public API data; attribution required.
Phu Yen,54,,2025-05,27.140456989247312,82.0045494704301,169.5,169.5,8.382182705537634,744,open_meteo,D:\MONEY VERSE\datasets\weather\weather_all_vietnam.csv,2026-05-18T15:57:27.004962+00:00,Open-Meteo public API data; attribution required.
Phu Yen,54,,2025-06,27.2,78.57408715833333,186.2,186.2,14.268095036666667,720,open_meteo,D:\MONEY VERSE\datasets\weather\weather_all_vietnam.csv,2026-05-18T15:57:27.004962+00:00,Open-Meteo public API data; attribution required.
Phu Yen,54,,2025-07,28.535618279569892,69.16971503629033,100.9,100.9,19.696146200537633,744,open_meteo,D:\MONEY VERSE\datasets\weather\weather_all_vietnam.csv,2026-05-18T15:57:27.004962+00:00,Open-Meteo public API data; attribution required.
Phu Yen,54,,2025-08,27.721975806451614,74.3387429516129,137.0,137.0,13.52702583091398,744,open_meteo,D:\MONEY VERSE\datasets\weather\weather_all_vietnam.csv,2026-05-18T15:57:27.004962+00:00,Open-Meteo public API data; attribution required.
Phu Yen,54,,2025-09,25.718333333333334,87.05440977916668,365.2,365.2,9.672385917347222,720,open_meteo,D:\MONEY VERSE\datasets\weather\weather_all_vietnam.csv,2026-05-18T15:57:27.004962+00:00,Open-Meteo public API data; attribution required.
Phu Yen,54,,2025-10,24.933266129032255,88.80124681048386,320.2,320.2,7.481478255846774,744,open_meteo,D:\MONEY VERSE\datasets\weather\weather_all_vietnam.csv,2026-05-18T15:57:27.004962+00:00,Open-Meteo public API data; attribution required.
Phu Yen,54,,2025-11,23.165625,88.93465770555555,589.9,589.9,12.327411172013889,720,open_meteo,D:\MONEY VERSE\datasets\weather\weather_all_vietnam.csv,2026-05-18T15:57:27.004962+00:00,Open-Meteo public API data; attribution required.
Phu Yen,54,,2025-12,22.434543010752687,87.80387554569892,168.5,168.5,13.158425486693549,744,open_meteo,D:\MONEY VERSE\datasets\weather\weather_all_vietnam.csv,2026-05-18T15:57:27.004962+00:00,Open-Meteo public API data; attribution required.
Phu Yen,54,,2026-01,20.5307123655914,80.52822643817204,11.6,11.6,11.39203876048387,744,open_meteo,D:\MONEY VERSE\datasets\weather\weather_all_vietnam.csv,2026-05-18T15:57:27.004962+00:00,Open-Meteo public API data; attribution required.
Phu Yen,54,,2026-02,22.619494047619046,83.11914642261905,45.7,45.7,11.83743769217262,672,open_meteo,D:\MONEY VERSE\datasets\weather\weather_all_vietnam.csv,2026-05-18T15:57:27.004962+00:00,Open-Meteo public API data; attribution required.
Phu Yen,54,,2026-03,23.81068548387097,80.75991816935483,33.0,33.0,10.719553974462366,744,open_meteo,D:\MONEY VERSE\datasets\weather\weather_all_vietnam.csv,2026-05-18T15:57:27.004962+00:00,Open-Meteo public API data; attribution required.
Phu Yen,54,,2026-04,27.643819444444443,69.21897852083333,15.6,15.6,8.343829538805556,720,open_meteo,D:\MONEY VERSE\datasets\weather\weather_all_vietnam.csv,2026-05-18T15:57:27.004962+00:00,Open-Meteo public API data; attribution required.
Phu Yen,54,,2026-05,27.91435185185185,75.52714228240741,33.9,32.89999999,9.595541109953704,432,open_meteo,D:\MONEY VERSE\datasets\weather\weather_all_vietnam.csv,2026-05-18T15:57:27.004962+00:00,Open-Meteo public API data; attribution required.
Quang Binh,44,,2021-05,28.956115591397847,79.81504778360215,45.2,45.2,8.90396421205645,744,open_meteo,D:\MONEY VERSE\datasets\weather\weather_all_vietnam.csv,2026-05-18T15:57:27.004962+00:00,Open-Meteo public API data; attribution required.
Quang Binh,44,,2021-06,30.70347222222222,66.28970275555555,159.9,159.9,11.723635966805556,720,open_meteo,D:\MONEY VERSE\datasets\weather\weather_all_vietnam.csv,2026-05-18T15:57:27.004962+00:00,Open-Meteo public API data; attribution required.
Quang Binh,44,,2021-07,30.063440860215056,69.83821179032257,98.4,98.4,12.430033095967742,744,open_meteo,D:\MONEY VERSE\datasets\weather\weather_all_vietnam.csv,2026-05-18T15:57:27.004962+00:00,Open-Meteo public API data; attribution required.
Quang Binh,44,,2021-08,30.760349462365593,66.05446439784946,71.0,71.0,13.395260500107527,744,open_meteo,D:\MONEY VERSE\datasets\weather\weather_all_vietnam.csv,2026-05-18T15:57:27.004962+00:00,Open-Meteo public API data; attribution required.
Quang Binh,44,,2021-09,27.005833333333335,87.2292813986111,492.6,492.6,8.655978768847222,720,open_meteo,D:\MONEY VERSE\datasets\weather\weather_all_vietnam.csv,2026-05-18T15:57:27.004962+00:00,Open-Meteo public API data; attribution required.
Quang Binh,44,,2021-10,24.700604838709676,85.5447488655914,692.1,692.1,15.484403658696237,744,open_meteo,D:\MONEY VERSE\datasets\weather\weather_all_vietnam.csv,2026-05-18T15:57:27.004962+00:00,Open-Meteo public API data; attribution required.
Quang Binh,44,,2021-11,22.729097222222222,84.59945884166667,226.2,226.2,15.832908824722221,720,open_meteo,D:\MONEY VERSE\datasets\weather\weather_all_vietnam.csv,2026-05-18T15:57:27.004962+00:00,Open-Meteo public API data; attribution required.
Quang Binh,44,,2021-12,19.937163978494624,82.54976060215054,253.9,253.9,16.1925131655914,744,open_meteo,D:\MONEY VERSE\datasets\weather\weather_all_vietnam.csv,2026-05-18T15:57:27.004962+00:00,Open-Meteo public API data; attribution required.
Quang Binh,44,,2022-01,20.715524193548386,89.3824339905914,115.7,115.7,10.528440937634409,744,open_meteo,D:\MONEY VERSE\datasets\weather\weather_all_vietnam.csv,2026-05-18T15:57:27.004962+00:00,Open-Meteo public API data; attribution required.
Quang Binh,44,,2022-02,18.715104166666666,87.45227186458334,110.5,110.5,15.163575977232142,672,open_meteo,D:\MONEY VERSE\datasets\weather\weather_all_vietnam.csv,2026-05-18T15:57:27.004962+00:00,Open-Meteo public API data; attribution required.
Quang Binh,44,,2022-03,23.518817204301076,88.9451008158602,90.9,90.9,9.61866604951613,744,open_meteo,D:\MONEY VERSE\datasets\weather\weather_all_vietnam.csv,2026-05-18T15:57:27.004962+00:00,Open-Meteo public API data; attribution required.
Quang Binh,44,,2022-04,24.182777777777776,85.85313119722221,155.8,155.8,12.458401406527777,720,open_meteo,D:\MONEY VERSE\datasets\weather\weather_all_vietnam.csv,2026-05-18T15:57:27.004962+00:00,Open-Meteo public API data; attribution required.
Quang Binh,44,,2022-05,26.454233870967744,83.13054116935484,212.3,212.3,10.319725095833332,744,open_meteo,D:\MONEY VERSE\datasets\weather\weather_all_vietnam.csv,2026-05-18T15:57:27.004962+00:00,Open-Meteo public API data; attribution required.
Quang Binh,44,,2022-06,30.622638888888886,66.46634365,35.9,35.9,9.905090306249999,720,open_meteo,D:\MONEY VERSE\datasets\weather\weather_all_vietnam.csv,2026-05-18T15:57:27.004962+00:00,Open-Meteo public API data; attribution required.
Quang Binh,44,,2022-07,29.065658602150535,76.3837058077957,157.0,157.0,8.909386071639785,744,open_meteo,D:\MONEY VERSE\datasets\weather\weather_all_vietnam.csv,2026-05-18T15:57:27.004962+00:00,Open-Meteo public API data; attribution required.
Quang Binh,44,,2022-08,29.07358870967742,73.50495927553764,111.7,111.7,9.349388686518818,744,open_meteo,D:\MONEY VERSE\datasets\weather\weather_all_vietnam.csv,2026-05-18T15:57:27.004962+00:00,Open-Meteo public API data; attribution required.
Quang Binh,44,,2022-09,27.343819444444442,81.61942945138888,459.09999999999997,459.09999999999997,8.288382299944445,720,open_meteo,D:\MONEY VERSE\datasets\weather\weather_all_vietnam.csv,2026-05-18T15:57:27.004962+00:00,Open-Meteo public API data; attribution required.
Quang Binh,44,,2022-10,24.68608870967742,81.18298903897849,523.9,523.9,16.089019991935483,744,open_meteo,D:\MONEY VERSE\datasets\weather\weather_all_vietnam.csv,2026-05-18T15:57:27.004962+00:00,Open-Meteo public API data; attribution required.
Quang Binh,44,,2022-11,24.475138888888885,86.59018913194444,134.8,134.8,9.785465185833333,720,open_meteo,D:\MONEY VERSE\datasets\weather\weather_all_vietnam.csv,2026-05-18T15:57:27.004962+00:00,Open-Meteo public API data; attribution required.
Quang Binh,44,,2022-12,19.39186827956989,82.90560720564517,373.2,373.2,17.330915917876343,744,open_meteo,D:\MONEY VERSE\datasets\weather\weather_all_vietnam.csv,2026-05-18T15:57:27.004962+00:00,Open-Meteo public API data; attribution required.
Quang Binh,44,,2023-01,18.672244623655914,82.9610902016129,134.9,134.9,17.11418655456989,744,open_meteo,D:\MONEY VERSE\datasets\weather\weather_all_vietnam.csv,2026-05-18T15:57:27.004962+00:00,Open-Meteo public API data; attribution required.
Quang Binh,44,,2023-02,21.058630952380952,90.22004051190477,165.5,165.5,12.22307803172619,672,open_meteo,D:\MONEY VERSE\datasets\weather\weather_all_vietnam.csv,2026-05-18T15:57:27.004962+00:00,Open-Meteo public API data; attribution required.
Quang Binh,44,,2023-03,22.873723118279568,87.07785464650537,82.2,82.2,10.280859798790322,744,open_meteo,D:\MONEY VERSE\datasets\weather\weather_all_vietnam.csv,2026-05-18T15:57:27.004962+00:00,Open-Meteo public API data; attribution required.
Quang Binh,44,,2023-04,27.091180555555557,84.24070315833333,52.6,52.6,10.240895862722223,720,open_meteo,D:\MONEY VERSE\datasets\weather\weather_all_vietnam.csv,2026-05-18T15:57:27.004962+00:00,Open-Meteo public API data; attribution required.
Quang Binh,44,,2023-05,29.249932795698925,74.33095531048387,66.7,66.7,10.030641851317204,744,open_meteo,D:\MONEY VERSE\datasets\weather\weather_all_vietnam.csv,2026-05-18T15:57:27.004962+00:00,Open-Meteo public API data; attribution required.
Quang Binh,44,,2023-06,30.992361111111112,65.87783289166667,74.3,74.3,10.859845181777777,720,open_meteo,D:\MONEY VERSE\datasets\weather\weather_all_vietnam.csv,2026-05-18T15:57:27.004962+00:00,Open-Meteo public API data; attribution required.
Quang Binh,44,,2023-07,30.785752688172042,66.60260612365592,94.9,94.9,10.634105781155915,744,open_meteo,D:\MONEY VERSE\datasets\weather\weather_all_vietnam.csv,2026-05-18T15:57:27.004962+00:00,Open-Meteo public API data; attribution required.
Quang Binh,44,,2023-08,29.787298387096776,70.79090203360215,169.1,169.1,10.130191194717742,744,open_meteo,D:\MONEY VERSE\datasets\weather\weather_all_vietnam.csv,2026-05-18T15:57:27.004962+00:00,Open-Meteo public API data; attribution required.
Quang Binh,44,,2023-09,27.613888888888887,83.1295345111111,317.0,317.0,7.233761542333333,720,open_meteo,D:\MONEY VERSE\datasets\weather\weather_all_vietnam.csv,2026-05-18T15:57:27.004962+00:00,Open-Meteo public API data; attribution required.
Quang Binh,44,,2023-10,25.805645161290325,86.96281443145162,483.0,483.0,11.889177327392474,744,open_meteo,D:\MONEY VERSE\datasets\weather\weather_all_vietnam.csv,2026-05-18T15:57:27.004962+00:00,Open-Meteo public API data; attribution required.
Quang Binh,44,,2023-11,24.04173611111111,83.55546992083333,296.5,296.5,11.98545763497222,720,open_meteo,D:\MONEY VERSE\datasets\weather\weather_all_vietnam.csv,2026-05-18T15:57:27.004962+00:00,Open-Meteo public API data; attribution required.
Quang Binh,44,,2023-12,21.145497311827956,85.62082148655914,290.4,290.4,15.154062999193549,744,open_meteo,D:\MONEY VERSE\datasets\weather\weather_all_vietnam.csv,2026-05-18T15:57:27.004962+00:00,Open-Meteo public API data; attribution required.
Quang Binh,44,,2024-01,20.489180107526884,85.8212949905914,126.7,126.7,12.855948142069892,744,open_meteo,D:\MONEY VERSE\datasets\weather\weather_all_vietnam.csv,2026-05-18T15:57:27.004962+00:00,Open-Meteo public API data; attribution required.
Quang Binh,44,,2024-02,22.049497126436783,89.51520359913793,53.300000000000004,53.300000000000004,10.776848097413792,696,open_meteo,D:\MONEY VERSE\datasets\weather\weather_all_vietnam.csv,2026-05-18T15:57:27.004962+00:00,Open-Meteo public API data; attribution required.
Quang Binh,44,,2024-03,23.48380376344086,87.94806797446236,46.1,46.1,10.452583334556452,744,open_meteo,D:\MONEY VERSE\datasets\weather\weather_all_vietnam.csv,2026-05-18T15:57:27.004962+00:00,Open-Meteo public API data; attribution required.
Quang Binh,44,,2024-04,29.768541666666664,73.45720390833334,7.1000000000000005,7.1000000000000005,9.595417924305556,720,open_meteo,D:\MONEY VERSE\datasets\weather\weather_all_vietnam.csv,2026-05-18T15:57:27.004962+00:00,Open-Meteo public API data; attribution required.
Quang Binh,44,,2024-05,29.09704301075269,78.93507624731183,133.0,133.0,8.629373769717743,744,open_meteo,D:\MONEY VERSE\datasets\weather\weather_all_vietnam.csv,2026-05-18T15:57:27.004962+00:00,Open-Meteo public API data; attribution required.
Quang Binh,44,,2024-06,31.177152777777778,66.76287882638889,92.7,92.7,10.170183394819444,720,open_meteo,D:\MONEY VERSE\datasets\weather\weather_all_vietnam.csv,2026-05-18T15:57:27.004962+00:00,Open-Meteo public API data; attribution required.
Quang Binh,44,,2024-07,29.260618279569893,74.5521039717742,144.4,144.4,10.819258013010753,744,open_meteo,D:\MONEY VERSE\datasets\weather\weather_all_vietnam.csv,2026-05-18T15:57:27.004962+00:00,Open-Meteo public API data; attribution required.
Quang Binh,44,,2024-08,31.047647849462365,65.72173907930107,40.0,40.0,9.347894144422042,744,open_meteo,D:\MONEY VERSE\datasets\weather\weather_all_vietnam.csv,2026-05-18T15:57:27.004962+00:00,Open-Meteo public API data; attribution required.
Quang Binh,44,,2024-09,27.839027777777776,82.35983675277778,359.1,359.1,9.137367705972222,720,open_meteo,D:\MONEY VERSE\datasets\weather\weather_all_vietnam.csv,2026-05-18T15:57:27.004962+00:00,Open-Meteo public API data; attribution required.
Quang Binh,44,,2024-10,25.109206989247312,83.71248349462365,737.6,737.6,13.06070243733871,744,open_meteo,D:\MONEY VERSE\datasets\weather\weather_all_vietnam.csv,2026-05-18T15:57:27.004962+00:00,Open-Meteo public API data; attribution required.
Quang Binh,44,,2024-11,23.805902777777778,84.07818641944444,356.5,356.5,13.813485299708333,720,open_meteo,D:\MONEY VERSE\datasets\weather\weather_all_vietnam.csv,2026-05-18T15:57:27.004962+00:00,Open-Meteo public API data; attribution required.
Quang Binh,44,,2024-12,20.695564516129032,83.45870956182796,273.5,273.5,15.846658676209678,744,open_meteo,D:\MONEY VERSE\datasets\weather\weather_all_vietnam.csv,2026-05-18T15:57:27.004962+00:00,Open-Meteo public API data; attribution required.
Quang Binh,44,,2025-01,19.004569892473118,80.64835493817205,120.1,120.1,13.798190672553764,744,open_meteo,D:\MONEY VERSE\datasets\weather\weather_all_vietnam.csv,2026-05-18T15:57:27.004962+00:00,Open-Meteo public API data; attribution required.
Quang Binh,44,,2025-02,20.25691964285714,88.79226973809524,172.7,172.7,12.876842090446427,672,open_meteo,D:\MONEY VERSE\datasets\weather\weather_all_vietnam.csv,2026-05-18T15:57:27.004962+00:00,Open-Meteo public API data; attribution required.
Quang Binh,44,,2025-03,21.894220430107527,86.68930417741936,93.9,93.9,12.047633440120968,744,open_meteo,D:\MONEY VERSE\datasets\weather\weather_all_vietnam.csv,2026-05-18T15:57:27.004962+00:00,Open-Meteo public API data; attribution required.
Quang Binh,44,,2025-04,25.423958333333335,82.14153710555556,48.0,48.0,8.92918716151389,720,open_meteo,D:\MONEY VERSE\datasets\weather\weather_all_vietnam.csv,2026-05-18T15:57:27.004962+00:00,Open-Meteo public API data; attribution required.
Quang Binh,44,,2025-05,27.871908602150537,83.10382661962365,194.6,194.6,8.501909922607526,744,open_meteo,D:\MONEY VERSE\datasets\weather\weather_all_vietnam.csv,2026-05-18T15:57:27.004962+00:00,Open-Meteo public API data; attribution required.
Quang Binh,44,,2025-06,29.381388888888885,75.19962321944445,291.8,291.8,11.547847624208334,720,open_meteo,D:\MONEY VERSE\datasets\weather\weather_all_vietnam.csv,2026-05-18T15:57:27.004962+00:00,Open-Meteo public API data; attribution required.
Quang Binh,44,,2025-07,29.263239247311827,73.17734704301076,152.2,152.2,11.655629585577957,744,open_meteo,D:\MONEY VERSE\datasets\weather\weather_all_vietnam.csv,2026-05-18T15:57:27.004962+00:00,Open-Meteo public API data; attribution required.
Quang Binh,44,,2025-08,28.82768817204301,76.55914995161291,320.5,320.5,10.607520007177419,744,open_meteo,D:\MONEY VERSE\datasets\weather\weather_all_vietnam.csv,2026-05-18T15:57:27.004962+00:00,Open-Meteo public API data; attribution required.
Quang Binh,44,,2025-09,27.46298611111111,83.89539444861111,408.5,408.5,8.539370715402779,720,open_meteo,D:\MONEY VERSE\datasets\weather\weather_all_vietnam.csv,2026-05-18T15:57:27.004962+00:00,Open-Meteo public API data; attribution required.
Quang Binh,44,,2025-10,25.530779569892474,86.56284381586022,534.9,534.9,13.55868813888441,744,open_meteo,D:\MONEY VERSE\datasets\weather\weather_all_vietnam.csv,2026-05-18T15:57:27.004962+00:00,Open-Meteo public API data; attribution required.
Quang Binh,44,,2025-11,22.86791666666667,79.1938384625,449.2,449.2,18.536632955430555,720,open_meteo,D:\MONEY VERSE\datasets\weather\weather_all_vietnam.csv,2026-05-18T15:57:27.004962+00:00,Open-Meteo public API data; attribution required.
Quang Binh,44,,2025-12,21.68891129032258,86.83545354166667,266.4,266.4,12.38464639233871,744,open_meteo,D:\MONEY VERSE\datasets\weather\weather_all_vietnam.csv,2026-05-18T15:57:27.004962+00:00,Open-Meteo public API data; attribution required.
Quang Binh,44,,2026-01,20.25712365591398,81.62898310752688,64.3,64.3,10.661872007150537,744,open_meteo,D:\MONEY VERSE\datasets\weather\weather_all_vietnam.csv,2026-05-18T15:57:27.004962+00:00,Open-Meteo public API data; attribution required.
Quang Binh,44,,2026-02,22.285714285714285,87.07902391815476,78.3,78.3,10.316564207291666,672,open_meteo,D:\MONEY VERSE\datasets\weather\weather_all_vietnam.csv,2026-05-18T15:57:27.004962+00:00,Open-Meteo public API data; attribution required.
Quang Binh,44,,2026-03,23.71525537634409,85.76107345430107,168.4,168.4,10.93768973764785,744,open_meteo,D:\MONEY VERSE\datasets\weather\weather_all_vietnam.csv,2026-05-18T15:57:27.004962+00:00,Open-Meteo public API data; attribution required.
Quang Binh,44,,2026-04,28.28173611111111,75.66537570416666,32.3,32.3,9.292055655069444,720,open_meteo,D:\MONEY VERSE\datasets\weather\weather_all_vietnam.csv,2026-05-18T15:57:27.004962+00:00,Open-Meteo public API data; attribution required.
Quang Binh,44,,2026-05,27.819444444444443,81.84539812731481,56.8,51.1000001,8.438161883101852,432,open_meteo,D:\MONEY VERSE\datasets\weather\weather_all_vietnam.csv,2026-05-18T15:57:27.004962+00:00,Open-Meteo public API data; attribution required.
Quang Nam,49,,2021-05,29.262924213709677,78.3575831142473,95.7,95.7,4.054742036814516,744,open_meteo,D:\MONEY VERSE\datasets\weather\weather_all_vietnam.csv,2026-05-18T15:57:27.004962+00:00,Open-Meteo public API data; attribution required.
Quang Nam,49,,2021-06,31.008235611111107,65.59445013194444,41.0,41.0,6.729005141666667,720,open_meteo,D:\MONEY VERSE\datasets\weather\weather_all_vietnam.csv,2026-05-18T15:57:27.004962+00:00,Open-Meteo public API data; attribution required.
Quang Nam,49,,2021-07,29.951029048387095,69.7981477311828,115.4,115.4,7.3751396554838715,744,open_meteo,D:\MONEY VERSE\datasets\weather\weather_all_vietnam.csv,2026-05-18T15:57:27.004962+00:00,Open-Meteo public API data; attribution required.
Quang Nam,49,,2021-08,30.242762880376343,68.55571573790323,129.2,129.2,7.472349383158602,744,open_meteo,D:\MONEY VERSE\datasets\weather\weather_all_vietnam.csv,2026-05-18T15:57:27.004962+00:00,Open-Meteo public API data; attribution required.
Quang Nam,49,,2021-09,26.600318831944442,87.98691983055556,660.6,660.6,4.147445303833333,720,open_meteo,D:\MONEY VERSE\datasets\weather\weather_all_vietnam.csv,2026-05-18T15:57:27.004962+00:00,Open-Meteo public API data; attribution required.
Quang Nam,49,,2021-10,25.635303143817207,88.9370374892473,799.5,799.5,4.9830224414247315,744,open_meteo,D:\MONEY VERSE\datasets\weather\weather_all_vietnam.csv,2026-05-18T15:57:27.004962+00:00,Open-Meteo public API data; attribution required.
Quang Nam,49,,2021-11,23.88531886388889,89.85343534861111,549.7,549.7,5.083868672583334,720,open_meteo,D:\MONEY VERSE\datasets\weather\weather_all_vietnam.csv,2026-05-18T15:57:27.004962+00:00,Open-Meteo public API data; attribution required.
Quang Nam,49,,2021-12,21.34350210013441,87.55918288575269,319.6,319.6,5.050022541075268,744,open_meteo,D:\MONEY VERSE\datasets\weather\weather_all_vietnam.csv,2026-05-18T15:57:27.004962+00:00,Open-Meteo public API data; attribution required.
Quang Nam,49,,2022-01,22.448676810483867,88.04614361290322,135.0,135.0,4.215369602809139,744,open_meteo,D:\MONEY VERSE\datasets\weather\weather_all_vietnam.csv,2026-05-18T15:57:27.004962+00:00,Open-Meteo public API data; attribution required.
Quang Nam,49,,2022-02,22.170770248511904,85.59136488839286,118.2,118.2,4.542103925714286,672,open_meteo,D:\MONEY VERSE\datasets\weather\weather_all_vietnam.csv,2026-05-18T15:57:27.004962+00:00,Open-Meteo public API data; attribution required.
Quang Nam,49,,2022-03,25.333354258064514,83.78415341532258,163.5,163.5,4.223574124986559,744,open_meteo,D:\MONEY VERSE\datasets\weather\weather_all_vietnam.csv,2026-05-18T15:57:27.004962+00:00,Open-Meteo public API data; attribution required.
Quang Nam,49,,2022-04,25.35788828611111,85.11988989444444,211.1,211.1,4.482533112388889,720,open_meteo,D:\MONEY VERSE\datasets\weather\weather_all_vietnam.csv,2026-05-18T15:57:27.004962+00:00,Open-Meteo public API data; attribution required.
Quang Nam,49,,2022-05,26.70909347311828,85.64625365322581,299.7,299.7,4.045350174180108,744,open_meteo,D:\MONEY VERSE\datasets\weather\weather_all_vietnam.csv,2026-05-18T15:57:27.004962+00:00,Open-Meteo public API data; attribution required.
Quang Nam,49,,2022-06,28.92851331111111,78.11602684861111,125.4,125.4,4.864981038777778,720,open_meteo,D:\MONEY VERSE\datasets\weather\weather_all_vietnam.csv,2026-05-18T15:57:27.004962+00:00,Open-Meteo public API data; attribution required.
Quang Nam,49,,2022-07,28.044106966397848,81.99571109543011,240.2,240.2,4.443005710188172,744,open_meteo,D:\MONEY VERSE\datasets\weather\weather_all_vietnam.csv,2026-05-18T15:57:27.004962+00:00,Open-Meteo public API data; attribution required.
Quang Nam,49,,2022-08,27.357278998655914,84.87577330376344,287.4,287.4,4.1695421424731185,744,open_meteo,D:\MONEY VERSE\datasets\weather\weather_all_vietnam.csv,2026-05-18T15:57:27.004962+00:00,Open-Meteo public API data; attribution required.
Quang Nam,49,,2022-09,26.29198555,87.67243675694445,553.5,553.5,4.133190980013889,720,open_meteo,D:\MONEY VERSE\datasets\weather\weather_all_vietnam.csv,2026-05-18T15:57:27.004962+00:00,Open-Meteo public API data; attribution required.
Quang Nam,49,,2022-10,24.724416111559137,86.01416166129032,566.0,566.0,5.417121563696236,744,open_meteo,D:\MONEY VERSE\datasets\weather\weather_all_vietnam.csv,2026-05-18T15:57:27.004962+00:00,Open-Meteo public API data; attribution required.
Quang Nam,49,,2022-11,24.73608274861111,87.34135620555556,218.7,218.7,4.012354170166667,720,open_meteo,D:\MONEY VERSE\datasets\weather\weather_all_vietnam.csv,2026-05-18T15:57:27.004962+00:00,Open-Meteo public API data; attribution required.
Quang Nam,49,,2022-12,21.00875748252688,88.08544244892472,400.6,400.6,5.101616852903226,744,open_meteo,D:\MONEY VERSE\datasets\weather\weather_all_vietnam.csv,2026-05-18T15:57:27.004962+00:00,Open-Meteo public API data; attribution required.
Quang Nam,49,,2023-01,20.638192944892474,87.53306916532257,185.2,185.2,4.709795698413979,744,open_meteo,D:\MONEY VERSE\datasets\weather\weather_all_vietnam.csv,2026-05-18T15:57:27.004962+00:00,Open-Meteo public API data; attribution required.
Quang Nam,49,,2023-02,22.965189870535717,87.05315467708333,134.8,134.8,4.923960072113095,672,open_meteo,D:\MONEY VERSE\datasets\weather\weather_all_vietnam.csv,2026-05-18T15:57:27.004962+00:00,Open-Meteo public API data; attribution required.
Quang Nam,49,,2023-03,24.273273598118283,83.63509513978494,46.300000000000004,46.300000000000004,4.215650900833333,744,open_meteo,D:\MONEY VERSE\datasets\weather\weather_all_vietnam.csv,2026-05-18T15:57:27.004962+00:00,Open-Meteo public API data; attribution required.
Quang Nam,49,,2023-04,28.257332770833333,79.63594044999999,64.7,64.7,4.2048179823472225,720,open_meteo,D:\MONEY VERSE\datasets\weather\weather_all_vietnam.csv,2026-05-18T15:57:27.004962+00:00,Open-Meteo public API data; attribution required.
Quang Nam,49,,2023-05,29.011042427419355,77.85008631989248,167.9,167.9,4.393268776922043,744,open_meteo,D:\MONEY VERSE\datasets\weather\weather_all_vietnam.csv,2026-05-18T15:57:27.004962+00:00,Open-Meteo public API data; attribution required.
Quang Nam,49,,2023-06,29.605180005555557,74.48284658333333,155.5,155.5,5.709878707944444,720,open_meteo,D:\MONEY VERSE\datasets\weather\weather_all_vietnam.csv,2026-05-18T15:57:27.004962+00:00,Open-Meteo public API data; attribution required.
Quang Nam,49,,2023-07,29.06346180510753,77.63577433870968,112.60000000000001,112.60000000000001,5.3292844799059145,744,open_meteo,D:\MONEY VERSE\datasets\weather\weather_all_vietnam.csv,2026-05-18T15:57:27.004962+00:00,Open-Meteo public API data; attribution required.
Quang Nam,49,,2023-08,30.280262936827956,68.92615904166666,118.1,118.1,7.91660886702957,744,open_meteo,D:\MONEY VERSE\datasets\weather\weather_all_vietnam.csv,2026-05-18T15:57:27.004962+00:00,Open-Meteo public API data; attribution required.
Quang Nam,49,,2023-09,27.58511055555556,83.91165562916667,380.7,380.7,4.394063815111111,720,open_meteo,D:\MONEY VERSE\datasets\weather\weather_all_vietnam.csv,2026-05-18T15:57:27.004962+00:00,Open-Meteo public API data; attribution required.
Quang Nam,49,,2023-10,25.850222518817205,89.6567046733871,636.3,636.3,3.9758262054301072,744,open_meteo,D:\MONEY VERSE\datasets\weather\weather_all_vietnam.csv,2026-05-18T15:57:27.004962+00:00,Open-Meteo public API data; attribution required.
Quang Nam,49,,2023-11,24.228721680555555,88.25306439305555,338.1,338.1,4.5435431849166665,720,open_meteo,D:\MONEY VERSE\datasets\weather\weather_all_vietnam.csv,2026-05-18T15:57:27.004962+00:00,Open-Meteo public API data; attribution required.
Quang Nam,49,,2023-12,23.014402670698924,89.93764629166665,256.5,256.5,4.459782202446236,744,open_meteo,D:\MONEY VERSE\datasets\weather\weather_all_vietnam.csv,2026-05-18T15:57:27.004962+00:00,Open-Meteo public API data; attribution required.
Quang Nam,49,,2024-01,22.26043755510753,86.85672087096775,89.0,89.0,4.2246678337768815,744,open_meteo,D:\MONEY VERSE\datasets\weather\weather_all_vietnam.csv,2026-05-18T15:57:27.004962+00:00,Open-Meteo public API data; attribution required.
Quang Nam,49,,2024-02,24.611987859195402,84.28051319396552,30.400000000000002,30.400000000000002,4.32298510466954,696,open_meteo,D:\MONEY VERSE\datasets\weather\weather_all_vietnam.csv,2026-05-18T15:57:27.004962+00:00,Open-Meteo public API data; attribution required.
Quang Nam,49,,2024-03,26.22334077688172,82.52152858333334,65.4,65.4,4.534028633844086,744,open_meteo,D:\MONEY VERSE\datasets\weather\weather_all_vietnam.csv,2026-05-18T15:57:27.004962+00:00,Open-Meteo public API data; attribution required.
Quang Nam,49,,2024-04,31.48643012638889,67.70833212222223,5.9,5.9,4.656468530833333,720,open_meteo,D:\MONEY VERSE\datasets\weather\weather_all_vietnam.csv,2026-05-18T15:57:27.004962+00:00,Open-Meteo public API data; attribution required.
Quang Nam,49,,2024-05,29.272736021505377,79.2962578561828,153.1,153.1,4.390920112069892,744,open_meteo,D:\MONEY VERSE\datasets\weather\weather_all_vietnam.csv,2026-05-18T15:57:27.004962+00:00,Open-Meteo public API data; attribution required.
Quang Nam,49,,2024-06,30.143930031944446,74.95692720277778,158.7,158.7,4.942917137097222,720,open_meteo,D:\MONEY VERSE\datasets\weather\weather_all_vietnam.csv,2026-05-18T15:57:27.004962+00:00,Open-Meteo public API data; attribution required.
Quang Nam,49,,2024-07,28.638932237903227,79.25524755645161,335.1,335.1,6.048797831344086,744,open_meteo,D:\MONEY VERSE\datasets\weather\weather_all_vietnam.csv,2026-05-18T15:57:27.004962+00:00,Open-Meteo public API data; attribution required.
Quang Nam,49,,2024-08,29.242762918010754,78.51868772446237,129.8,129.8,4.7506822761559135,744,open_meteo,D:\MONEY VERSE\datasets\weather\weather_all_vietnam.csv,2026-05-18T15:57:27.004962+00:00,Open-Meteo public API data; attribution required.
Quang Nam,49,,2024-09,27.721429969444443,84.6395687625,443.3,443.3,4.630696498763889,720,open_meteo,D:\MONEY VERSE\datasets\weather\weather_all_vietnam.csv,2026-05-18T15:57:27.004962+00:00,Open-Meteo public API data; attribution required.
Quang Nam,49,,2024-10,25.11782999731183,87.8376063561828,466.7,466.7,4.804276429435483,744,open_meteo,D:\MONEY VERSE\datasets\weather\weather_all_vietnam.csv,2026-05-18T15:57:27.004962+00:00,Open-Meteo public API data; attribution required.
Quang Nam,49,,2024-11,24.013374393055553,88.91182638055555,524.4,524.4,5.025772758611111,720,open_meteo,D:\MONEY VERSE\datasets\weather\weather_all_vietnam.csv,2026-05-18T15:57:27.004962+00:00,Open-Meteo public API data; attribution required.
Quang Nam,49,,2024-12,21.55667413844086,92.43094705645161,356.6,356.6,4.759599879543011,744,open_meteo,D:\MONEY VERSE\datasets\weather\weather_all_vietnam.csv,2026-05-18T15:57:27.004962+00:00,Open-Meteo public API data; attribution required.
Quang Nam,49,,2025-01,19.873072056451612,86.88985320295699,85.7,85.7,4.283152053844086,744,open_meteo,D:\MONEY VERSE\datasets\weather\weather_all_vietnam.csv,2026-05-18T15:57:27.004962+00:00,Open-Meteo public API data; attribution required.
Quang Nam,49,,2025-02,21.754252375,90.04371345535714,171.4,171.4,5.371372355327381,672,open_meteo,D:\MONEY VERSE\datasets\weather\weather_all_vietnam.csv,2026-05-18T15:57:27.004962+00:00,Open-Meteo public API data; attribution required.
Quang Nam,49,,2025-03,24.22475211693548,86.25318467876345,79.6,79.6,4.170494889946236,744,open_meteo,D:\MONEY VERSE\datasets\weather\weather_all_vietnam.csv,2026-05-18T15:57:27.004962+00:00,Open-Meteo public API data; attribution required.
Quang Nam,49,,2025-04,26.59163831527778,82.5418781125,49.1,49.1,4.111135492847223,720,open_meteo,D:\MONEY VERSE\datasets\weather\weather_all_vietnam.csv,2026-05-18T15:57:27.004962+00:00,Open-Meteo public API data; attribution required.
Quang Nam,49,,2025-05,27.806808567204303,85.69467563575269,159.0,159.0,3.9802624734274197,744,open_meteo,D:\MONEY VERSE\datasets\weather\weather_all_vietnam.csv,2026-05-18T15:57:27.004962+00:00,Open-Meteo public API data; attribution required.
Quang Nam,49,,2025-06,28.1091383125,83.08995395833334,345.0,345.0,5.927975231777778,720,open_meteo,D:\MONEY VERSE\datasets\weather\weather_all_vietnam.csv,2026-05-18T15:57:27.004962+00:00,Open-Meteo public API data; attribution required.
Quang Nam,49,,2025-07,28.93456396908602,76.18424893548388,154.0,154.0,8.65315579313172,744,open_meteo,D:\MONEY VERSE\datasets\weather\weather_all_vietnam.csv,2026-05-18T15:57:27.004962+00:00,Open-Meteo public API data; attribution required.
Quang Nam,49,,2025-08,28.50351556586022,79.56919419489248,267.3,267.3,5.718710635497311,744,open_meteo,D:\MONEY VERSE\datasets\weather\weather_all_vietnam.csv,2026-05-18T15:57:27.004962+00:00,Open-Meteo public API data; attribution required.
Quang Nam,49,,2025-09,26.49129109861111,90.15302712222223,425.7,425.7,3.9284926140555556,720,open_meteo,D:\MONEY VERSE\datasets\weather\weather_all_vietnam.csv,2026-05-18T15:57:27.004962+00:00,Open-Meteo public API data; attribution required.
Quang Nam,49,,2025-10,25.329187584677417,91.31054013037635,700.8,700.8,4.859910643629032,744,open_meteo,D:\MONEY VERSE\datasets\weather\weather_all_vietnam.csv,2026-05-18T15:57:27.004962+00:00,Open-Meteo public API data; attribution required.
Quang Nam,49,,2025-11,23.299485525694443,88.97692406805555,526.3,526.3,5.091202162986112,720,open_meteo,D:\MONEY VERSE\datasets\weather\weather_all_vietnam.csv,2026-05-18T15:57:27.004962+00:00,Open-Meteo public API data; attribution required.
Quang Nam,49,,2025-12,22.433891844086023,91.71369855107528,289.8,289.8,4.516915222217742,744,open_meteo,D:\MONEY VERSE\datasets\weather\weather_all_vietnam.csv,2026-05-18T15:57:27.004962+00:00,Open-Meteo public API data; attribution required.
Quang Nam,49,,2026-01,20.521660702284944,86.08489499327956,67.4,67.4,4.118923006115591,744,open_meteo,D:\MONEY VERSE\datasets\weather\weather_all_vietnam.csv,2026-05-18T15:57:27.004962+00:00,Open-Meteo public API data; attribution required.
Quang Nam,49,,2026-02,23.116231504464288,86.90116558184525,98.9,98.9,4.4365676384374995,672,open_meteo,D:\MONEY VERSE\datasets\weather\weather_all_vietnam.csv,2026-05-18T15:57:27.004962+00:00,Open-Meteo public API data; attribution required.
Quang Nam,49,,2026-03,24.46460427016129,85.88754082258065,158.5,158.5,4.51381732983871,744,open_meteo,D:\MONEY VERSE\datasets\weather\weather_all_vietnam.csv,2026-05-18T15:57:27.004962+00:00,Open-Meteo public API data; attribution required.
Quang Nam,49,,2026-04,28.762263330555555,75.30529954444444,66.6,66.6,4.701802669416667,720,open_meteo,D:\MONEY VERSE\datasets\weather\weather_all_vietnam.csv,2026-05-18T15:57:27.004962+00:00,Open-Meteo public API data; attribution required.
Quang Nam,49,,2026-05,28.325342011574072,81.72135330787036,66.5,65.89999999,4.1669567306249995,432,open_meteo,D:\MONEY VERSE\datasets\weather\weather_all_vietnam.csv,2026-05-18T15:57:27.004962+00:00,Open-Meteo public API data; attribution required.
Quang Ngai,51,,2021-05,30.01659946236559,72.15662150268817,26.1,26.1,9.255531949395161,744,open_meteo,D:\MONEY VERSE\datasets\weather\weather_all_vietnam.csv,2026-05-18T15:57:27.004962+00:00,Open-Meteo public API data; attribution required.
Quang Ngai,51,,2021-06,31.04875,67.87543800416667,97.4,97.4,5.894100813319445,720,open_meteo,D:\MONEY VERSE\datasets\weather\weather_all_vietnam.csv,2026-05-18T15:57:27.004962+00:00,Open-Meteo public API data; attribution required.
Quang Ngai,51,,2021-07,30.513508064516127,67.84081460349462,53.4,53.4,6.8877111142473115,744,open_meteo,D:\MONEY VERSE\datasets\weather\weather_all_vietnam.csv,2026-05-18T15:57:27.004962+00:00,Open-Meteo public API data; attribution required.
Quang Ngai,51,,2021-08,30.837163978494623,67.01798362634409,110.0,110.0,6.258379596048387,744,open_meteo,D:\MONEY VERSE\datasets\weather\weather_all_vietnam.csv,2026-05-18T15:57:27.004962+00:00,Open-Meteo public API data; attribution required.
Quang Ngai,51,,2021-09,26.832777777777775,87.2345717625,855.0,855.0,6.988566974361111,720,open_meteo,D:\MONEY VERSE\datasets\weather\weather_all_vietnam.csv,2026-05-18T15:57:27.004962+00:00,Open-Meteo public API data; attribution required.
Quang Ngai,51,,2021-10,25.77755376344086,88.97664667876343,808.6,808.6,7.6845785669354845,744,open_meteo,D:\MONEY VERSE\datasets\weather\weather_all_vietnam.csv,2026-05-18T15:57:27.004962+00:00,Open-Meteo public API data; attribution required.
Quang Ngai,51,,2021-11,24.24458333333333,89.38700076944444,765.2,765.2,9.95768254273611,720,open_meteo,D:\MONEY VERSE\datasets\weather\weather_all_vietnam.csv,2026-05-18T15:57:27.004962+00:00,Open-Meteo public API data; attribution required.
Quang Ngai,51,,2021-12,22.05322580645161,84.75406322715054,387.8,387.8,10.401515278225807,744,open_meteo,D:\MONEY VERSE\datasets\weather\weather_all_vietnam.csv,2026-05-18T15:57:27.004962+00:00,Open-Meteo public API data; attribution required.
Quang Ngai,51,,2022-01,22.4997311827957,87.7686504905914,121.2,121.2,6.7695679927150545,744,open_meteo,D:\MONEY VERSE\datasets\weather\weather_all_vietnam.csv,2026-05-18T15:57:27.004962+00:00,Open-Meteo public API data; attribution required.
Quang Ngai,51,,2022-02,22.47514880952381,85.70355191964286,129.2,129.2,9.168939098809524,672,open_meteo,D:\MONEY VERSE\datasets\weather\weather_all_vietnam.csv,2026-05-18T15:57:27.004962+00:00,Open-Meteo public API data; attribution required.
Quang Ngai,51,,2022-03,25.06229838709677,84.2181985672043,136.7,136.7,7.398063649959678,744,open_meteo,D:\MONEY VERSE\datasets\weather\weather_all_vietnam.csv,2026-05-18T15:57:27.004962+00:00,Open-Meteo public API data; attribution required.
Quang Ngai,51,,2022-04,25.36277777777778,85.1088483111111,233.9,233.9,8.867160168375001,720,open_meteo,D:\MONEY VERSE\datasets\weather\weather_all_vietnam.csv,2026-05-18T15:57:27.004962+00:00,Open-Meteo public API data; attribution required.
Quang Ngai,51,,2022-05,27.285080645161287,83.9374793064516,241.1,241.1,6.037180775134408,744,open_meteo,D:\MONEY VERSE\datasets\weather\weather_all_vietnam.csv,2026-05-18T15:57:27.004962+00:00,Open-Meteo public API data; attribution required.
Quang Ngai,51,,2022-06,29.770208333333333,75.17520849305555,49.800000000000004,49.800000000000004,5.590931832777778,720,open_meteo,D:\MONEY VERSE\datasets\weather\weather_all_vietnam.csv,2026-05-18T15:57:27.004962+00:00,Open-Meteo public API data; attribution required.
Quang Ngai,51,,2022-07,28.493346774193547,80.36542727822581,174.4,174.4,5.3895153924596775,744,open_meteo,D:\MONEY VERSE\datasets\weather\weather_all_vietnam.csv,2026-05-18T15:57:27.004962+00:00,Open-Meteo public API data; attribution required.
Quang Ngai,51,,2022-08,28.04375,82.25856236424731,244.8,244.8,4.973464970336021,744,open_meteo,D:\MONEY VERSE\datasets\weather\weather_all_vietnam.csv,2026-05-18T15:57:27.004962+00:00,Open-Meteo public API data; attribution required.
Quang Ngai,51,,2022-09,26.843819444444442,85.21397319305555,531.1,531.1,5.850730942763889,720,open_meteo,D:\MONEY VERSE\datasets\weather\weather_all_vietnam.csv,2026-05-18T15:57:27.004962+00:00,Open-Meteo public API data; attribution required.
Quang Ngai,51,,2022-10,25.12520161290323,84.58220864650538,482.2,482.2,9.693233638978494,744,open_meteo,D:\MONEY VERSE\datasets\weather\weather_all_vietnam.csv,2026-05-18T15:57:27.004962+00:00,Open-Meteo public API data; attribution required.
Quang Ngai,51,,2022-11,24.930208333333333,86.43792516944444,215.6,215.6,7.590882219111111,720,open_meteo,D:\MONEY VERSE\datasets\weather\weather_all_vietnam.csv,2026-05-18T15:57:27.004962+00:00,Open-Meteo public API data; attribution required.
Quang Ngai,51,,2022-12,21.67143817204301,85.37264011962365,487.0,487.0,11.24049557983871,744,open_meteo,D:\MONEY VERSE\datasets\weather\weather_all_vietnam.csv,2026-05-18T15:57:27.004962+00:00,Open-Meteo public API data; attribution required.
Quang Ngai,51,,2023-01,20.983266129032256,86.76938773252688,237.8,237.8,10.59362187094086,744,open_meteo,D:\MONEY VERSE\datasets\weather\weather_all_vietnam.csv,2026-05-18T15:57:27.004962+00:00,Open-Meteo public API data; attribution required.
Quang Ngai,51,,2023-02,22.644494047619048,87.53480894791667,128.5,128.5,8.272766660193453,672,open_meteo,D:\MONEY VERSE\datasets\weather\weather_all_vietnam.csv,2026-05-18T15:57:27.004962+00:00,Open-Meteo public API data; attribution required.
Quang Ngai,51,,2023-03,23.851680107526885,84.19907437365592,46.0,46.0,7.359602688225807,744,open_meteo,D:\MONEY VERSE\datasets\weather\weather_all_vietnam.csv,2026-05-18T15:57:27.004962+00:00,Open-Meteo public API data; attribution required.
Quang Ngai,51,,2023-04,28.114583333333332,79.0590318138889,29.1,29.1,7.739931707111111,720,open_meteo,D:\MONEY VERSE\datasets\weather\weather_all_vietnam.csv,2026-05-18T15:57:27.004962+00:00,Open-Meteo public API data; attribution required.
Quang Ngai,51,,2023-05,28.993279569892472,79.04016048790322,140.2,140.2,5.787518946021506,744,open_meteo,D:\MONEY VERSE\datasets\weather\weather_all_vietnam.csv,2026-05-18T15:57:27.004962+00:00,Open-Meteo public API data; attribution required.
Quang Ngai,51,,2023-06,29.87097222222222,75.11779919305556,120.2,120.2,5.196975247569444,720,open_meteo,D:\MONEY VERSE\datasets\weather\weather_all_vietnam.csv,2026-05-18T15:57:27.004962+00:00,Open-Meteo public API data; attribution required.
Quang Ngai,51,,2023-07,29.43037634408602,77.34171506451612,121.8,121.8,5.272912572392473,744,open_meteo,D:\MONEY VERSE\datasets\weather\weather_all_vietnam.csv,2026-05-18T15:57:27.004962+00:00,Open-Meteo public API data; attribution required.
Quang Ngai,51,,2023-08,30.37782258064516,71.32034775,94.0,94.0,5.7449969875672044,744,open_meteo,D:\MONEY VERSE\datasets\weather\weather_all_vietnam.csv,2026-05-18T15:57:27.004962+00:00,Open-Meteo public API data; attribution required.
Quang Ngai,51,,2023-09,27.782152777777778,85.0428788125,240.8,240.8,4.665381725625,720,open_meteo,D:\MONEY VERSE\datasets\weather\weather_all_vietnam.csv,2026-05-18T15:57:27.004962+00:00,Open-Meteo public API data; attribution required.
Quang Ngai,51,,2023-10,26.04005376344086,89.27598311693549,1079.9,1079.9,6.2965012658198924,744,open_meteo,D:\MONEY VERSE\datasets\weather\weather_all_vietnam.csv,2026-05-18T15:57:27.004962+00:00,Open-Meteo public API data; attribution required.
Quang Ngai,51,,2023-11,24.478055555555557,87.17283773333332,492.6,492.6,7.945383518138889,720,open_meteo,D:\MONEY VERSE\datasets\weather\weather_all_vietnam.csv,2026-05-18T15:57:27.004962+00:00,Open-Meteo public API data; attribution required.
Quang Ngai,51,,2023-12,23.231182795698924,89.1220612889785,345.5,345.5,8.436210491532258,744,open_meteo,D:\MONEY VERSE\datasets\weather\weather_all_vietnam.csv,2026-05-18T15:57:27.004962+00:00,Open-Meteo public API data; attribution required.
Quang Ngai,51,,2024-01,22.41034946236559,86.34500384005376,153.4,153.4,6.7657925834543,744,open_meteo,D:\MONEY VERSE\datasets\weather\weather_all_vietnam.csv,2026-05-18T15:57:27.004962+00:00,Open-Meteo public API data; attribution required.
Quang Ngai,51,,2024-02,23.646408045977015,86.52428895689656,66.9,66.9,7.688387254123563,696,open_meteo,D:\MONEY VERSE\datasets\weather\weather_all_vietnam.csv,2026-05-18T15:57:27.004962+00:00,Open-Meteo public API data; attribution required.
Quang Ngai,51,,2024-03,25.19529569892473,85.75597333064516,64.8,64.8,7.683786135362903,744,open_meteo,D:\MONEY VERSE\datasets\weather\weather_all_vietnam.csv,2026-05-18T15:57:27.004962+00:00,Open-Meteo public API data; attribution required.
Quang Ngai,51,,2024-04,29.459305555555556,74.5916310875,4.4,4.4,8.761382695041666,720,open_meteo,D:\MONEY VERSE\datasets\weather\weather_all_vietnam.csv,2026-05-18T15:57:27.004962+00:00,Open-Meteo public API data; attribution required.
Quang Ngai,51,,2024-05,29.499663978494624,78.31478285080645,106.5,106.5,5.956281547634409,744,open_meteo,D:\MONEY VERSE\datasets\weather\weather_all_vietnam.csv,2026-05-18T15:57:27.004962+00:00,Open-Meteo public API data; attribution required.
Quang Ngai,51,,2024-06,30.587708333333335,73.99477353611111,86.8,86.8,5.311814965027778,720,open_meteo,D:\MONEY VERSE\datasets\weather\weather_all_vietnam.csv,2026-05-18T15:57:27.004962+00:00,Open-Meteo public API data; attribution required.
Quang Ngai,51,,2024-07,29.143212365591395,77.92303103091398,215.5,215.5,5.132416920564516,744,open_meteo,D:\MONEY VERSE\datasets\weather\weather_all_vietnam.csv,2026-05-18T15:57:27.004962+00:00,Open-Meteo public API data; attribution required.
Quang Ngai,51,,2024-08,30.318212365591396,72.93292846908602,35.8,35.8,5.296053553387097,744,open_meteo,D:\MONEY VERSE\datasets\weather\weather_all_vietnam.csv,2026-05-18T15:57:27.004962+00:00,Open-Meteo public API data; attribution required.
Quang Ngai,51,,2024-09,27.892430555555556,84.37445185555556,392.2,392.2,4.946688141069445,720,open_meteo,D:\MONEY VERSE\datasets\weather\weather_all_vietnam.csv,2026-05-18T15:57:27.004962+00:00,Open-Meteo public API data; attribution required.
Quang Ngai,51,,2024-10,25.27157258064516,87.38498529032258,557.9,557.9,7.371867060483871,744,open_meteo,D:\MONEY VERSE\datasets\weather\weather_all_vietnam.csv,2026-05-18T15:57:27.004962+00:00,Open-Meteo public API data; attribution required.
Quang Ngai,51,,2024-11,24.352916666666665,86.62213461666667,655.9,655.9,9.683237099291667,720,open_meteo,D:\MONEY VERSE\datasets\weather\weather_all_vietnam.csv,2026-05-18T15:57:27.004962+00:00,Open-Meteo public API data; attribution required.
Quang Ngai,51,,2024-12,22.32909946236559,88.33239956317205,504.3,504.3,11.696952452016129,744,open_meteo,D:\MONEY VERSE\datasets\weather\weather_all_vietnam.csv,2026-05-18T15:57:27.004962+00:00,Open-Meteo public API data; attribution required.
Quang Ngai,51,,2025-01,20.44274193548387,82.14706693413979,135.4,135.4,9.998251020887096,744,open_meteo,D:\MONEY VERSE\datasets\weather\weather_all_vietnam.csv,2026-05-18T15:57:27.004962+00:00,Open-Meteo public API data; attribution required.
Quang Ngai,51,,2025-02,22.175,86.60659460714285,137.9,137.9,9.306225102574405,672,open_meteo,D:\MONEY VERSE\datasets\weather\weather_all_vietnam.csv,2026-05-18T15:57:27.004962+00:00,Open-Meteo public API data; attribution required.
Quang Ngai,51,,2025-03,23.821236559139784,85.63704761021505,82.0,82.0,8.893271790927418,744,open_meteo,D:\MONEY VERSE\datasets\weather\weather_all_vietnam.csv,2026-05-18T15:57:27.004962+00:00,Open-Meteo public API data; attribution required.
Quang Ngai,51,,2025-04,26.321944444444444,81.01087100138889,28.1,28.1,7.326520344055555,720,open_meteo,D:\MONEY VERSE\datasets\weather\weather_all_vietnam.csv,2026-05-18T15:57:27.004962+00:00,Open-Meteo public API data; attribution required.
Quang Ngai,51,,2025-05,28.947849462365593,78.48566859543011,106.3,106.3,6.663007937244624,744,open_meteo,D:\MONEY VERSE\datasets\weather\weather_all_vietnam.csv,2026-05-18T15:57:27.004962+00:00,Open-Meteo public API data; attribution required.
Quang Ngai,51,,2025-06,28.901527777777776,79.75264593194444,287.3,287.3,5.128620005638889,720,open_meteo,D:\MONEY VERSE\datasets\weather\weather_all_vietnam.csv,2026-05-18T15:57:27.004962+00:00,Open-Meteo public API data; attribution required.
Quang Ngai,51,,2025-07,29.671102150537635,75.31269783467742,96.4,96.4,5.343221535241936,744,open_meteo,D:\MONEY VERSE\datasets\weather\weather_all_vietnam.csv,2026-05-18T15:57:27.004962+00:00,Open-Meteo public API data; attribution required.
Quang Ngai,51,,2025-08,29.479099462365593,73.7939272594086,159.0,159.0,6.343120343010752,744,open_meteo,D:\MONEY VERSE\datasets\weather\weather_all_vietnam.csv,2026-05-18T15:57:27.004962+00:00,Open-Meteo public API data; attribution required.
Quang Ngai,51,,2025-09,27.017916666666668,87.11399671111111,457.1,457.1,5.758963063833334,720,open_meteo,D:\MONEY VERSE\datasets\weather\weather_all_vietnam.csv,2026-05-18T15:57:27.004962+00:00,Open-Meteo public API data; attribution required.
Quang Ngai,51,,2025-10,25.88447580645161,88.1988352110215,563.7,563.7,7.980690789126344,744,open_meteo,D:\MONEY VERSE\datasets\weather\weather_all_vietnam.csv,2026-05-18T15:57:27.004962+00:00,Open-Meteo public API data; attribution required.
Quang Ngai,51,,2025-11,23.94909722222222,84.91318835416666,605.7,605.7,12.445233028333334,720,open_meteo,D:\MONEY VERSE\datasets\weather\weather_all_vietnam.csv,2026-05-18T15:57:27.004962+00:00,Open-Meteo public API data; attribution required.
Quang Ngai,51,,2025-12,23.135080645161292,86.63016079435484,296.6,296.6,9.280493653991936,744,open_meteo,D:\MONEY VERSE\datasets\weather\weather_all_vietnam.csv,2026-05-18T15:57:27.004962+00:00,Open-Meteo public API data; attribution required.
Quang Ngai,51,,2026-01,21.139852150537635,81.01924922177419,43.7,43.7,8.17500375,744,open_meteo,D:\MONEY VERSE\datasets\weather\weather_all_vietnam.csv,2026-05-18T15:57:27.004962+00:00,Open-Meteo public API data; attribution required.
Quang Ngai,51,,2026-02,23.309895833333332,82.35444888392857,65.1,65.1,7.670476946220238,672,open_meteo,D:\MONEY VERSE\datasets\weather\weather_all_vietnam.csv,2026-05-18T15:57:27.004962+00:00,Open-Meteo public API data; attribution required.
Quang Ngai,51,,2026-03,24.32708333333333,83.25617281451613,117.8,117.8,7.955507872177419,744,open_meteo,D:\MONEY VERSE\datasets\weather\weather_all_vietnam.csv,2026-05-18T15:57:27.004962+00:00,Open-Meteo public API data; attribution required.
Quang Ngai,51,,2026-04,28.431458333333335,72.63618662361111,16.5,16.5,8.205985543541667,720,open_meteo,D:\MONEY VERSE\datasets\weather\weather_all_vietnam.csv,2026-05-18T15:57:27.004962+00:00,Open-Meteo public API data; attribution required.
Quang Ngai,51,,2026-05,29.261226851851852,74.81363725462963,36.0,34.70000006,6.823728305648149,432,open_meteo,D:\MONEY VERSE\datasets\weather\weather_all_vietnam.csv,2026-05-18T15:57:27.004962+00:00,Open-Meteo public API data; attribution required.
Quang Ninh,22,,2021-05,27.727655545698923,89.19843210618279,142.2,142.2,11.48832082267473,744,open_meteo,D:\MONEY VERSE\datasets\weather\weather_all_vietnam.csv,2026-05-18T15:57:27.004962+00:00,Open-Meteo public API data; attribution required.
Quang Ninh,22,,2021-06,29.051638480555553,84.80672192916667,257.7,257.7,12.502763717472224,720,open_meteo,D:\MONEY VERSE\datasets\weather\weather_all_vietnam.csv,2026-05-18T15:57:27.004962+00:00,Open-Meteo public API data; attribution required.
Quang Ninh,22,,2021-07,28.777991559139785,87.7099021922043,371.8,371.8,8.828984681142474,744,open_meteo,D:\MONEY VERSE\datasets\weather\weather_all_vietnam.csv,2026-05-18T15:57:27.004962+00:00,Open-Meteo public API data; attribution required.
Quang Ninh,22,,2021-08,28.593918958333333,89.15913187768818,451.1,451.1,8.288599730645162,744,open_meteo,D:\MONEY VERSE\datasets\weather\weather_all_vietnam.csv,2026-05-18T15:57:27.004962+00:00,Open-Meteo public API data; attribution required.
Quang Ninh,22,,2021-09,27.39288850277778,89.70656633611111,278.7,278.7,7.42815552625,720,open_meteo,D:\MONEY VERSE\datasets\weather\weather_all_vietnam.csv,2026-05-18T15:57:27.004962+00:00,Open-Meteo public API data; attribution required.
Quang Ninh,22,,2021-10,23.56643244354839,80.4118565188172,344.9,344.9,13.768510411827958,744,open_meteo,D:\MONEY VERSE\datasets\weather\weather_all_vietnam.csv,2026-05-18T15:57:27.004962+00:00,Open-Meteo public API data; attribution required.
Quang Ninh,22,,2021-11,20.732888543055555,73.93653305694444,24.2,24.2,10.079930243055555,720,open_meteo,D:\MONEY VERSE\datasets\weather\weather_all_vietnam.csv,2026-05-18T15:57:27.004962+00:00,Open-Meteo public API data; attribution required.
Quang Ninh,22,,2021-12,17.93283042876344,67.02834614919355,7.6000000000000005,7.6000000000000005,9.967862013037635,744,open_meteo,D:\MONEY VERSE\datasets\weather\weather_all_vietnam.csv,2026-05-18T15:57:27.004962+00:00,Open-Meteo public API data; attribution required.
Quang Ninh,22,,2022-01,17.265962193548386,85.65701709811827,64.7,64.7,10.328023859274193,744,open_meteo,D:\MONEY VERSE\datasets\weather\weather_all_vietnam.csv,2026-05-18T15:57:27.004962+00:00,Open-Meteo public API data; attribution required.
Quang Ninh,22,,2022-02,14.280934533482144,83.8408350654762,117.6,117.6,10.839509917410714,672,open_meteo,D:\MONEY VERSE\datasets\weather\weather_all_vietnam.csv,2026-05-18T15:57:27.004962+00:00,Open-Meteo public API data; attribution required.
Quang Ninh,22,,2022-03,21.232763083333335,89.08120429435485,48.2,48.2,7.777695228991936,744,open_meteo,D:\MONEY VERSE\datasets\weather\weather_all_vietnam.csv,2026-05-18T15:57:27.004962+00:00,Open-Meteo public API data; attribution required.
Quang Ninh,22,,2022-04,22.562680176388888,81.94146318333334,77.1,77.1,8.624301558472222,720,open_meteo,D:\MONEY VERSE\datasets\weather\weather_all_vietnam.csv,2026-05-18T15:57:27.004962+00:00,Open-Meteo public API data; attribution required.
Quang Ninh,22,,2022-05,24.83067972983871,85.58563359139785,245.6,245.6,8.701217017580644,744,open_meteo,D:\MONEY VERSE\datasets\weather\weather_all_vietnam.csv,2026-05-18T15:57:27.004962+00:00,Open-Meteo public API data; attribution required.
Quang Ninh,22,,2022-06,28.541777355555556,87.0263062486111,272.9,272.9,11.715598103305554,720,open_meteo,D:\MONEY VERSE\datasets\weather\weather_all_vietnam.csv,2026-05-18T15:57:27.004962+00:00,Open-Meteo public API data; attribution required.
Quang Ninh,22,,2022-07,28.447884004032257,87.31425843817203,263.4,263.4,8.956689397338709,744,open_meteo,D:\MONEY VERSE\datasets\weather\weather_all_vietnam.csv,2026-05-18T15:57:27.004962+00:00,Open-Meteo public API data; attribution required.
Quang Ninh,22,,2022-08,27.879335625,88.02504036827958,580.5,580.5,8.059579830107527,744,open_meteo,D:\MONEY VERSE\datasets\weather\weather_all_vietnam.csv,2026-05-18T15:57:27.004962+00:00,Open-Meteo public API data; attribution required.
Quang Ninh,22,,2022-09,27.263027380555553,84.70563329027777,309.9,309.9,8.646046919819444,720,open_meteo,D:\MONEY VERSE\datasets\weather\weather_all_vietnam.csv,2026-05-18T15:57:27.004962+00:00,Open-Meteo public API data; attribution required.
Quang Ninh,22,,2022-10,24.12826032526882,73.32413676881721,95.5,95.5,10.636830065188173,744,open_meteo,D:\MONEY VERSE\datasets\weather\weather_all_vietnam.csv,2026-05-18T15:57:27.004962+00:00,Open-Meteo public API data; attribution required.
Quang Ninh,22,,2022-11,23.865388488888886,82.74420521111111,55.0,55.0,10.463350474138888,720,open_meteo,D:\MONEY VERSE\datasets\weather\weather_all_vietnam.csv,2026-05-18T15:57:27.004962+00:00,Open-Meteo public API data; attribution required.
Quang Ninh,22,,2022-12,16.034913907258066,64.09273774327957,2.9,2.9,10.860739798252688,744,open_meteo,D:\MONEY VERSE\datasets\weather\weather_all_vietnam.csv,2026-05-18T15:57:27.004962+00:00,Open-Meteo public API data; attribution required.
Quang Ninh,22,,2023-01,15.783233779569892,73.92226324596774,36.0,36.0,9.55930855954301,744,open_meteo,D:\MONEY VERSE\datasets\weather\weather_all_vietnam.csv,2026-05-18T15:57:27.004962+00:00,Open-Meteo public API data; attribution required.
Quang Ninh,22,,2023-02,18.755487811011907,83.0902891577381,43.0,43.0,10.578299023511905,672,open_meteo,D:\MONEY VERSE\datasets\weather\weather_all_vietnam.csv,2026-05-18T15:57:27.004962+00:00,Open-Meteo public API data; attribution required.
Quang Ninh,22,,2023-03,21.064349108870967,83.37844673252688,61.9,61.9,8.825825256653225,744,open_meteo,D:\MONEY VERSE\datasets\weather\weather_all_vietnam.csv,2026-05-18T15:57:27.004962+00:00,Open-Meteo public API data; attribution required.
Quang Ninh,22,,2023-04,24.110249594444443,88.47684136666666,99.8,99.8,8.994055190833333,720,open_meteo,D:\MONEY VERSE\datasets\weather\weather_all_vietnam.csv,2026-05-18T15:57:27.004962+00:00,Open-Meteo public API data; attribution required.
Quang Ninh,22,,2023-05,26.80339478091398,86.84601261827957,132.0,132.0,9.936415829005377,744,open_meteo,D:\MONEY VERSE\datasets\weather\weather_all_vietnam.csv,2026-05-18T15:57:27.004962+00:00,Open-Meteo public API data; attribution required.
Quang Ninh,22,,2023-06,28.231360725,89.2010903263889,553.6,553.6,8.075714863430555,720,open_meteo,D:\MONEY VERSE\datasets\weather\weather_all_vietnam.csv,2026-05-18T15:57:27.004962+00:00,Open-Meteo public API data; attribution required.
Quang Ninh,22,,2023-07,29.07624423252688,85.43449027688172,203.5,203.5,11.1888674409543,744,open_meteo,D:\MONEY VERSE\datasets\weather\weather_all_vietnam.csv,2026-05-18T15:57:27.004962+00:00,Open-Meteo public API data; attribution required.
Quang Ninh,22,,2023-08,27.88451036155914,88.18834504032259,304.2,304.2,7.56704697842742,744,open_meteo,D:\MONEY VERSE\datasets\weather\weather_all_vietnam.csv,2026-05-18T15:57:27.004962+00:00,Open-Meteo public API data; attribution required.
Quang Ninh,22,,2023-09,27.208096829166667,86.80547622777779,345.5,345.5,8.139450305652778,720,open_meteo,D:\MONEY VERSE\datasets\weather\weather_all_vietnam.csv,2026-05-18T15:57:27.004962+00:00,Open-Meteo public API data; attribution required.
Quang Ninh,22,,2023-10,25.744927026881722,75.79221396639785,65.5,65.5,10.879811286290323,744,open_meteo,D:\MONEY VERSE\datasets\weather\weather_all_vietnam.csv,2026-05-18T15:57:27.004962+00:00,Open-Meteo public API data; attribution required.
Quang Ninh,22,,2023-11,22.86983294583333,75.19292526111111,22.8,22.8,10.43017071875,720,open_meteo,D:\MONEY VERSE\datasets\weather\weather_all_vietnam.csv,2026-05-18T15:57:27.004962+00:00,Open-Meteo public API data; attribution required.
Quang Ninh,22,,2023-12,18.432091198790324,71.45723926747311,17.3,17.3,10.00536693360215,744,open_meteo,D:\MONEY VERSE\datasets\weather\weather_all_vietnam.csv,2026-05-18T15:57:27.004962+00:00,Open-Meteo public API data; attribution required.
Quang Ninh,22,,2024-01,17.311997051344086,84.40312625268817,79.9,79.9,10.800242952419355,744,open_meteo,D:\MONEY VERSE\datasets\weather\weather_all_vietnam.csv,2026-05-18T15:57:27.004962+00:00,Open-Meteo public API data; attribution required.
Quang Ninh,22,,2024-02,18.2657095545977,85.97780408908046,25.8,25.8,9.470814838175286,696,open_meteo,D:\MONEY VERSE\datasets\weather\weather_all_vietnam.csv,2026-05-18T15:57:27.004962+00:00,Open-Meteo public API data; attribution required.
Quang Ninh,22,,2024-03,20.549900170698926,88.44294676478495,92.6,92.6,9.161762877311828,744,open_meteo,D:\MONEY VERSE\datasets\weather\weather_all_vietnam.csv,2026-05-18T15:57:27.004962+00:00,Open-Meteo public API data; attribution required.
Quang Ninh,22,,2024-04,26.03504124722222,88.69686941527777,113.89999999999999,113.89999999999999,9.181308417777778,720,open_meteo,D:\MONEY VERSE\datasets\weather\weather_all_vietnam.csv,2026-05-18T15:57:27.004962+00:00,Open-Meteo public API data; attribution required.
Quang Ninh,22,,2024-05,26.82805874596774,87.49777446370967,245.7,245.7,9.513496875725806,744,open_meteo,D:\MONEY VERSE\datasets\weather\weather_all_vietnam.csv,2026-05-18T15:57:27.004962+00:00,Open-Meteo public API data; attribution required.
Quang Ninh,22,,2024-06,28.51316628611111,88.69169378055555,315.8,315.8,10.600215864722221,720,open_meteo,D:\MONEY VERSE\datasets\weather\weather_all_vietnam.csv,2026-05-18T15:57:27.004962+00:00,Open-Meteo public API data; attribution required.
Quang Ninh,22,,2024-07,28.32678187768817,87.83146129301075,422.1,422.1,11.673310661666665,744,open_meteo,D:\MONEY VERSE\datasets\weather\weather_all_vietnam.csv,2026-05-18T15:57:27.004962+00:00,Open-Meteo public API data; attribution required.
Quang Ninh,22,,2024-08,28.686795318548388,86.94706095698925,248.7,248.7,8.513446772728495,744,open_meteo,D:\MONEY VERSE\datasets\weather\weather_all_vietnam.csv,2026-05-18T15:57:27.004962+00:00,Open-Meteo public API data; attribution required.
Quang Ninh,22,,2024-09,27.352055170833335,87.323631375,590.4,590.4,10.170349568277778,720,open_meteo,D:\MONEY VERSE\datasets\weather\weather_all_vietnam.csv,2026-05-18T15:57:27.004962+00:00,Open-Meteo public API data; attribution required.
Quang Ninh,22,,2024-10,25.166634014784947,70.39211392069892,36.7,36.7,11.301908231182797,744,open_meteo,D:\MONEY VERSE\datasets\weather\weather_all_vietnam.csv,2026-05-18T15:57:27.004962+00:00,Open-Meteo public API data; attribution required.
Quang Ninh,22,,2024-11,23.017957933333335,67.45630290277778,19.4,19.4,9.862588512263889,720,open_meteo,D:\MONEY VERSE\datasets\weather\weather_all_vietnam.csv,2026-05-18T15:57:27.004962+00:00,Open-Meteo public API data; attribution required.
Quang Ninh,22,,2024-12,17.769456822580647,67.21024553360215,10.3,10.3,11.077883974596775,744,open_meteo,D:\MONEY VERSE\datasets\weather\weather_all_vietnam.csv,2026-05-18T15:57:27.004962+00:00,Open-Meteo public API data; attribution required.
Quang Ninh,22,,2025-01,16.620061677419354,65.8183956061828,11.6,11.6,9.913464974569893,744,open_meteo,D:\MONEY VERSE\datasets\weather\weather_all_vietnam.csv,2026-05-18T15:57:27.004962+00:00,Open-Meteo public API data; attribution required.
Quang Ninh,22,,2025-02,16.987853983630952,82.15330279910715,38.5,38.5,11.628767421428572,672,open_meteo,D:\MONEY VERSE\datasets\weather\weather_all_vietnam.csv,2026-05-18T15:57:27.004962+00:00,Open-Meteo public API data; attribution required.
Quang Ninh,22,,2025-03,19.52664757795699,79.17046730376344,36.5,36.5,9.05904288889785,744,open_meteo,D:\MONEY VERSE\datasets\weather\weather_all_vietnam.csv,2026-05-18T15:57:27.004962+00:00,Open-Meteo public API data; attribution required.
Quang Ninh,22,,2025-04,23.519555170833332,82.81245859583333,113.4,113.4,7.943737713361111,720,open_meteo,D:\MONEY VERSE\datasets\weather\weather_all_vietnam.csv,2026-05-18T15:57:27.004962+00:00,Open-Meteo public API data; attribution required.
Quang Ninh,22,,2025-05,26.437736159946237,86.3154593642473,196.5,196.5,9.282982645107527,744,open_meteo,D:\MONEY VERSE\datasets\weather\weather_all_vietnam.csv,2026-05-18T15:57:27.004962+00:00,Open-Meteo public API data; attribution required.
Quang Ninh,22,,2025-06,28.502055156944444,85.74318172638888,308.5,308.5,10.737671568513889,720,open_meteo,D:\MONEY VERSE\datasets\weather\weather_all_vietnam.csv,2026-05-18T15:57:27.004962+00:00,Open-Meteo public API data; attribution required.
Quang Ninh,22,,2025-07,28.38692972849462,87.05690268951612,397.6,397.6,8.079052464005377,744,open_meteo,D:\MONEY VERSE\datasets\weather\weather_all_vietnam.csv,2026-05-18T15:57:27.004962+00:00,Open-Meteo public API data; attribution required.
Quang Ninh,22,,2025-08,27.955410892473118,87.08113727016129,431.5,431.5,11.172796060376344,744,open_meteo,D:\MONEY VERSE\datasets\weather\weather_all_vietnam.csv,2026-05-18T15:57:27.004962+00:00,Open-Meteo public API data; attribution required.
Quang Ninh,22,,2025-09,27.51858292916667,84.89714349583333,389.7,389.7,9.15002207923611,720,open_meteo,D:\MONEY VERSE\datasets\weather\weather_all_vietnam.csv,2026-05-18T15:57:27.004962+00:00,Open-Meteo public API data; attribution required.
Quang Ninh,22,,2025-10,25.29438939247312,78.99107934139785,176.3,176.3,10.748510688548386,744,open_meteo,D:\MONEY VERSE\datasets\weather\weather_all_vietnam.csv,2026-05-18T15:57:27.004962+00:00,Open-Meteo public API data; attribution required.
Quang Ninh,22,,2025-11,20.521430240277777,70.7653855375,51.9,51.9,10.563507282041666,720,open_meteo,D:\MONEY VERSE\datasets\weather\weather_all_vietnam.csv,2026-05-18T15:57:27.004962+00:00,Open-Meteo public API data; attribution required.
Quang Ninh,22,,2025-12,19.72590824596774,77.21206855376344,36.0,36.0,10.170553423924732,744,open_meteo,D:\MONEY VERSE\datasets\weather\weather_all_vietnam.csv,2026-05-18T15:57:27.004962+00:00,Open-Meteo public API data; attribution required.
Quang Ninh,22,,2026-01,16.881217603494623,77.96449080913979,23.400000000000002,23.400000000000002,9.654318148615591,744,open_meteo,D:\MONEY VERSE\datasets\weather\weather_all_vietnam.csv,2026-05-18T15:57:27.004962+00:00,Open-Meteo public API data; attribution required.
Quang Ninh,22,,2026-02,19.653181239583336,85.98798086309523,17.400000000000002,17.400000000000002,9.262824030803571,672,open_meteo,D:\MONEY VERSE\datasets\weather\weather_all_vietnam.csv,2026-05-18T15:57:27.004962+00:00,Open-Meteo public API data; attribution required.
Quang Ninh,22,,2026-03,21.966499602150538,83.79790714784946,77.5,77.5,9.775220527473119,744,open_meteo,D:\MONEY VERSE\datasets\weather\weather_all_vietnam.csv,2026-05-18T15:57:27.004962+00:00,Open-Meteo public API data; attribution required.
Quang Ninh,22,,2026-04,25.952402404166666,82.85395619583333,96.0,96.0,9.626295025527778,720,open_meteo,D:\MONEY VERSE\datasets\weather\weather_all_vietnam.csv,2026-05-18T15:57:27.004962+00:00,Open-Meteo public API data; attribution required.
Quang Ninh,22,,2026-05,26.225990349537035,85.9280517662037,109.1,93.79999993,9.12444766712963,432,open_meteo,D:\MONEY VERSE\datasets\weather\weather_all_vietnam.csv,2026-05-18T15:57:27.004962+00:00,Open-Meteo public API data; attribution required.
Quang Tri,45,,2021-05,30.340120967741935,71.40659025403225,33.4,33.4,7.84042316655914,744,open_meteo,D:\MONEY VERSE\datasets\weather\weather_all_vietnam.csv,2026-05-18T15:57:27.004962+00:00,Open-Meteo public API data; attribution required.
Quang Tri,45,,2021-06,31.298402777777774,62.40700506111111,88.9,88.9,11.8217775925,720,open_meteo,D:\MONEY VERSE\datasets\weather\weather_all_vietnam.csv,2026-05-18T15:57:27.004962+00:00,Open-Meteo public API data; attribution required.
Quang Tri,45,,2021-07,30.6630376344086,65.22446689919354,85.8,85.8,15.10014345188172,744,open_meteo,D:\MONEY VERSE\datasets\weather\weather_all_vietnam.csv,2026-05-18T15:57:27.004962+00:00,Open-Meteo public API data; attribution required.
Quang Tri,45,,2021-08,31.10692204301075,63.626563760752695,76.0,76.0,13.284622781451612,744,open_meteo,D:\MONEY VERSE\datasets\weather\weather_all_vietnam.csv,2026-05-18T15:57:27.004962+00:00,Open-Meteo public API data; attribution required.
Quang Tri,45,,2021-09,27.185694444444444,86.26639905416667,364.7,364.7,7.932153207777778,720,open_meteo,D:\MONEY VERSE\datasets\weather\weather_all_vietnam.csv,2026-05-18T15:57:27.004962+00:00,Open-Meteo public API data; attribution required.
Quang Tri,45,,2021-10,25.279704301075267,87.92621555376344,718.5,718.5,11.792732966370966,744,open_meteo,D:\MONEY VERSE\datasets\weather\weather_all_vietnam.csv,2026-05-18T15:57:27.004962+00:00,Open-Meteo public API data; attribution required.
Quang Tri,45,,2021-11,23.693680555555556,86.9515016125,300.4,300.4,11.846945837597223,720,open_meteo,D:\MONEY VERSE\datasets\weather\weather_all_vietnam.csv,2026-05-18T15:57:27.004962+00:00,Open-Meteo public API data; attribution required.
Quang Tri,45,,2021-12,21.086827956989247,84.87197347849462,302.1,302.1,11.186629294731183,744,open_meteo,D:\MONEY VERSE\datasets\weather\weather_all_vietnam.csv,2026-05-18T15:57:27.004962+00:00,Open-Meteo public API data; attribution required.
Quang Tri,45,,2022-01,21.71666666666667,88.83669023655914,126.3,126.3,8.988803250416668,744,open_meteo,D:\MONEY VERSE\datasets\weather\weather_all_vietnam.csv,2026-05-18T15:57:27.004962+00:00,Open-Meteo public API data; attribution required.
Quang Tri,45,,2022-02,20.325520833333332,88.39944627678571,166.4,166.4,11.273229739642856,672,open_meteo,D:\MONEY VERSE\datasets\weather\weather_all_vietnam.csv,2026-05-18T15:57:27.004962+00:00,Open-Meteo public API data; attribution required.
Quang Tri,45,,2022-03,24.376344086021504,86.31589827688171,104.7,104.7,8.471835639623656,744,open_meteo,D:\MONEY VERSE\datasets\weather\weather_all_vietnam.csv,2026-05-18T15:57:27.004962+00:00,Open-Meteo public API data; attribution required.
Quang Tri,45,,2022-04,24.848194444444445,85.80123499027778,271.4,271.4,9.899134617597223,720,open_meteo,D:\MONEY VERSE\datasets\weather\weather_all_vietnam.csv,2026-05-18T15:57:27.004962+00:00,Open-Meteo public API data; attribution required.
Quang Tri,45,,2022-05,26.53104838709677,84.99284872983871,240.5,240.5,8.693113446344086,744,open_meteo,D:\MONEY VERSE\datasets\weather\weather_all_vietnam.csv,2026-05-18T15:57:27.004962+00:00,Open-Meteo public API data; attribution required.
Quang Tri,45,,2022-06,30.54625,67.14693474166667,46.0,46.0,9.606550300208333,720,open_meteo,D:\MONEY VERSE\datasets\weather\weather_all_vietnam.csv,2026-05-18T15:57:27.004962+00:00,Open-Meteo public API data; attribution required.
Quang Tri,45,,2022-07,29.099193548387095,75.38045702419355,133.3,133.3,8.40261087186828,744,open_meteo,D:\MONEY VERSE\datasets\weather\weather_all_vietnam.csv,2026-05-18T15:57:27.004962+00:00,Open-Meteo public API data; attribution required.
Quang Tri,45,,2022-08,28.76989247311828,74.7578918561828,122.9,122.9,9.033714761021505,744,open_meteo,D:\MONEY VERSE\datasets\weather\weather_all_vietnam.csv,2026-05-18T15:57:27.004962+00:00,Open-Meteo public API data; attribution required.
Quang Tri,45,,2022-09,27.374375,81.34977926944445,347.1,347.1,8.303604173583334,720,open_meteo,D:\MONEY VERSE\datasets\weather\weather_all_vietnam.csv,2026-05-18T15:57:27.004962+00:00,Open-Meteo public API data; attribution required.
Quang Tri,45,,2022-10,24.93790322580645,83.14291321370968,554.8,554.8,11.895453337997312,744,open_meteo,D:\MONEY VERSE\datasets\weather\weather_all_vietnam.csv,2026-05-18T15:57:27.004962+00:00,Open-Meteo public API data; attribution required.
Quang Tri,45,,2022-11,24.747361111111108,86.4290681875,124.8,124.8,8.828492844694445,720,open_meteo,D:\MONEY VERSE\datasets\weather\weather_all_vietnam.csv,2026-05-18T15:57:27.004962+00:00,Open-Meteo public API data; attribution required.
Quang Tri,45,,2022-12,20.741666666666667,85.37824328091398,449.4,449.4,11.531432589758065,744,open_meteo,D:\MONEY VERSE\datasets\weather\weather_all_vietnam.csv,2026-05-18T15:57:27.004962+00:00,Open-Meteo public API data; attribution required.
Quang Tri,45,,2023-01,19.780779569892474,86.25955218951613,267.1,267.1,11.970490860080645,744,open_meteo,D:\MONEY VERSE\datasets\weather\weather_all_vietnam.csv,2026-05-18T15:57:27.004962+00:00,Open-Meteo public API data; attribution required.
Quang Tri,45,,2023-02,22.347693452380952,86.93286294494048,117.2,117.2,10.263058901755953,672,open_meteo,D:\MONEY VERSE\datasets\weather\weather_all_vietnam.csv,2026-05-18T15:57:27.004962+00:00,Open-Meteo public API data; attribution required.
Quang Tri,45,,2023-03,23.510752688172044,85.0092240201613,39.1,39.1,9.15872731219086,744,open_meteo,D:\MONEY VERSE\datasets\weather\weather_all_vietnam.csv,2026-05-18T15:57:27.004962+00:00,Open-Meteo public API data; attribution required.
Quang Tri,45,,2023-04,28.059930555555557,80.19794878611111,21.2,21.2,8.254829400875,720,open_meteo,D:\MONEY VERSE\datasets\weather\weather_all_vietnam.csv,2026-05-18T15:57:27.004962+00:00,Open-Meteo public API data; attribution required.
Quang Tri,45,,2023-05,29.835551075268818,71.45508600537634,89.60000000000001,89.60000000000001,8.518801309341399,744,open_meteo,D:\MONEY VERSE\datasets\weather\weather_all_vietnam.csv,2026-05-18T15:57:27.004962+00:00,Open-Meteo public API data; attribution required.
Quang Tri,45,,2023-06,30.98041666666667,65.31410016805556,96.6,96.6,11.258134437291668,720,open_meteo,D:\MONEY VERSE\datasets\weather\weather_all_vietnam.csv,2026-05-18T15:57:27.004962+00:00,Open-Meteo public API data; attribution required.
Quang Tri,45,,2023-07,31.154771505376345,64.05875833064516,75.3,75.3,12.100615731948924,744,open_meteo,D:\MONEY VERSE\datasets\weather\weather_all_vietnam.csv,2026-05-18T15:57:27.004962+00:00,Open-Meteo public API data; attribution required.
Quang Tri,45,,2023-08,30.85463709677419,63.61875985080645,136.9,136.9,14.97289617123656,744,open_meteo,D:\MONEY VERSE\datasets\weather\weather_all_vietnam.csv,2026-05-18T15:57:27.004962+00:00,Open-Meteo public API data; attribution required.
Quang Tri,45,,2023-09,27.88013888888889,81.62603286111111,278.8,278.8,8.113232269805556,720,open_meteo,D:\MONEY VERSE\datasets\weather\weather_all_vietnam.csv,2026-05-18T15:57:27.004962+00:00,Open-Meteo public API data; attribution required.
Quang Tri,45,,2023-10,25.87090053763441,88.53822184543012,596.9,596.9,8.471741883158602,744,open_meteo,D:\MONEY VERSE\datasets\weather\weather_all_vietnam.csv,2026-05-18T15:57:27.004962+00:00,Open-Meteo public API data; attribution required.
Quang Tri,45,,2023-11,24.42152777777778,85.57200944722223,264.3,264.3,9.46517763401389,720,open_meteo,D:\MONEY VERSE\datasets\weather\weather_all_vietnam.csv,2026-05-18T15:57:27.004962+00:00,Open-Meteo public API data; attribution required.
Quang Tri,45,,2023-12,22.252352150537636,89.00545391666665,393.9,393.9,11.50241307361559,744,open_meteo,D:\MONEY VERSE\datasets\weather\weather_all_vietnam.csv,2026-05-18T15:57:27.004962+00:00,Open-Meteo public API data; attribution required.
Quang Tri,45,,2024-01,21.504771505376343,84.4653731451613,108.3,108.3,11.718885648924731,744,open_meteo,D:\MONEY VERSE\datasets\weather\weather_all_vietnam.csv,2026-05-18T15:57:27.004962+00:00,Open-Meteo public API data; attribution required.
Quang Tri,45,,2024-02,23.225143678160922,88.22284593678161,53.9,53.9,9.18977736375,696,open_meteo,D:\MONEY VERSE\datasets\weather\weather_all_vietnam.csv,2026-05-18T15:57:27.004962+00:00,Open-Meteo public API data; attribution required.
Quang Tri,45,,2024-03,24.510752688172044,87.00504832526882,89.3,89.3,8.867353778629031,744,open_meteo,D:\MONEY VERSE\datasets\weather\weather_all_vietnam.csv,2026-05-18T15:57:27.004962+00:00,Open-Meteo public API data; attribution required.
Quang Tri,45,,2024-04,30.41875,71.53661698333333,4.0,4.0,8.26316429526389,720,open_meteo,D:\MONEY VERSE\datasets\weather\weather_all_vietnam.csv,2026-05-18T15:57:27.004962+00:00,Open-Meteo public API data; attribution required.
Quang Tri,45,,2024-05,29.609274193548387,76.2928481532258,139.6,139.6,9.003338345497312,744,open_meteo,D:\MONEY VERSE\datasets\weather\weather_all_vietnam.csv,2026-05-18T15:57:27.004962+00:00,Open-Meteo public API data; attribution required.
Quang Tri,45,,2024-06,31.129305555555554,67.56479095833333,107.9,107.9,10.011683830625,720,open_meteo,D:\MONEY VERSE\datasets\weather\weather_all_vietnam.csv,2026-05-18T15:57:27.004962+00:00,Open-Meteo public API data; attribution required.
Quang Tri,45,,2024-07,29.26666666666667,73.81227636962365,210.4,210.4,12.219687734112904,744,open_meteo,D:\MONEY VERSE\datasets\weather\weather_all_vietnam.csv,2026-05-18T15:57:27.004962+00:00,Open-Meteo public API data; attribution required.
Quang Tri,45,,2024-08,31.073521505376345,65.67733668145162,44.2,44.2,10.518398743010753,744,open_meteo,D:\MONEY VERSE\datasets\weather\weather_all_vietnam.csv,2026-05-18T15:57:27.004962+00:00,Open-Meteo public API data; attribution required.
Quang Tri,45,,2024-09,27.910625000000003,82.54613709861111,340.3,340.3,9.139293710944445,720,open_meteo,D:\MONEY VERSE\datasets\weather\weather_all_vietnam.csv,2026-05-18T15:57:27.004962+00:00,Open-Meteo public API data; attribution required.
Quang Tri,45,,2024-10,25.282728494623655,85.43602093010753,656.9,656.9,10.019287933333334,744,open_meteo,D:\MONEY VERSE\datasets\weather\weather_all_vietnam.csv,2026-05-18T15:57:27.004962+00:00,Open-Meteo public API data; attribution required.
Quang Tri,45,,2024-11,24.201874999999998,84.80518039027778,271.8,271.8,10.488797694972222,720,open_meteo,D:\MONEY VERSE\datasets\weather\weather_all_vietnam.csv,2026-05-18T15:57:27.004962+00:00,Open-Meteo public API data; attribution required.
Quang Tri,45,,2024-12,21.749059139784944,85.56733660887097,302.0,302.0,11.67033838766129,744,open_meteo,D:\MONEY VERSE\datasets\weather\weather_all_vietnam.csv,2026-05-18T15:57:27.004962+00:00,Open-Meteo public API data; attribution required.
Quang Tri,45,,2025-01,19.887163978494623,81.63441659408602,116.2,116.2,10.276293409758065,744,open_meteo,D:\MONEY VERSE\datasets\weather\weather_all_vietnam.csv,2026-05-18T15:57:27.004962+00:00,Open-Meteo public API data; attribution required.
Quang Tri,45,,2025-02,21.27485119047619,87.32442463244048,110.10000000000001,110.10000000000001,12.530368615297618,672,open_meteo,D:\MONEY VERSE\datasets\weather\weather_all_vietnam.csv,2026-05-18T15:57:27.004962+00:00,Open-Meteo public API data; attribution required.
Quang Tri,45,,2025-03,22.826747311827955,88.12423772580645,101.8,101.8,9.653624482741936,744,open_meteo,D:\MONEY VERSE\datasets\weather\weather_all_vietnam.csv,2026-05-18T15:57:27.004962+00:00,Open-Meteo public API data; attribution required.
Quang Tri,45,,2025-04,26.009027777777778,82.22215800277777,25.7,25.7,8.022306768472221,720,open_meteo,D:\MONEY VERSE\datasets\weather\weather_all_vietnam.csv,2026-05-18T15:57:27.004962+00:00,Open-Meteo public API data; attribution required.
Quang Tri,45,,2025-05,28.285282258064516,81.77055656048387,207.1,207.1,7.23557884016129,744,open_meteo,D:\MONEY VERSE\datasets\weather\weather_all_vietnam.csv,2026-05-18T15:57:27.004962+00:00,Open-Meteo public API data; attribution required.
Quang Tri,45,,2025-06,29.11798611111111,76.03057934305555,488.3,488.3,12.063213891611111,720,open_meteo,D:\MONEY VERSE\datasets\weather\weather_all_vietnam.csv,2026-05-18T15:57:27.004962+00:00,Open-Meteo public API data; attribution required.
Quang Tri,45,,2025-07,29.201612903225808,72.24102670698925,132.6,132.6,16.83646606370968,744,open_meteo,D:\MONEY VERSE\datasets\weather\weather_all_vietnam.csv,2026-05-18T15:57:27.004962+00:00,Open-Meteo public API data; attribution required.
Quang Tri,45,,2025-08,28.761021505376345,76.39100200134408,273.3,273.3,10.756175100766129,744,open_meteo,D:\MONEY VERSE\datasets\weather\weather_all_vietnam.csv,2026-05-18T15:57:27.004962+00:00,Open-Meteo public API data; attribution required.
Quang Tri,45,,2025-09,27.28159722222222,84.65030327222222,415.1,415.1,8.081026790708334,720,open_meteo,D:\MONEY VERSE\datasets\weather\weather_all_vietnam.csv,2026-05-18T15:57:27.004962+00:00,Open-Meteo public API data; attribution required.
Quang Tri,45,,2025-10,25.98266129032258,85.60255456720431,677.2,677.2,12.223960898131722,744,open_meteo,D:\MONEY VERSE\datasets\weather\weather_all_vietnam.csv,2026-05-18T15:57:27.004962+00:00,Open-Meteo public API data; attribution required.
Quang Tri,45,,2025-11,23.69326388888889,80.4927002736111,467.1,467.1,15.36762932451389,720,open_meteo,D:\MONEY VERSE\datasets\weather\weather_all_vietnam.csv,2026-05-18T15:57:27.004962+00:00,Open-Meteo public API data; attribution required.
Quang Tri,45,,2025-12,22.51935483870968,85.99839719086022,190.9,190.9,10.956865921465054,744,open_meteo,D:\MONEY VERSE\datasets\weather\weather_all_vietnam.csv,2026-05-18T15:57:27.004962+00:00,Open-Meteo public API data; attribution required.
Quang Tri,45,,2026-01,20.597513440860215,82.38721122983871,76.3,76.3,9.19477663201613,744,open_meteo,D:\MONEY VERSE\datasets\weather\weather_all_vietnam.csv,2026-05-18T15:57:27.004962+00:00,Open-Meteo public API data; attribution required.
Quang Tri,45,,2026-02,22.974181547619047,84.67724484970238,37.4,37.4,10.550758218824404,672,open_meteo,D:\MONEY VERSE\datasets\weather\weather_all_vietnam.csv,2026-05-18T15:57:27.004962+00:00,Open-Meteo public API data; attribution required.
Quang Tri,45,,2026-03,24.149327956989247,85.17540494892472,147.9,147.9,9.54358904344086,744,open_meteo,D:\MONEY VERSE\datasets\weather\weather_all_vietnam.csv,2026-05-18T15:57:27.004962+00:00,Open-Meteo public API data; attribution required.
Quang Tri,45,,2026-04,28.507986111111112,75.65131383888888,32.7,32.7,7.97013312975,720,open_meteo,D:\MONEY VERSE\datasets\weather\weather_all_vietnam.csv,2026-05-18T15:57:27.004962+00:00,Open-Meteo public API data; attribution required.
Quang Tri,45,,2026-05,28.18287037037037,80.99107206712962,58.199999999999996,49.80000064,7.826781313564815,432,open_meteo,D:\MONEY VERSE\datasets\weather\weather_all_vietnam.csv,2026-05-18T15:57:27.004962+00:00,Open-Meteo public API data; attribution required.
Soc Trang,94,,2021-05,27.626948924731185,85.25103075,244.2,244.2,8.734715998655915,744,open_meteo,D:\MONEY VERSE\datasets\weather\weather_all_vietnam.csv,2026-05-18T15:57:27.004962+00:00,Open-Meteo public API data; attribution required.
Soc Trang,94,,2021-06,27.28291666666667,86.13261993472223,225.3,225.3,10.011067231388889,720,open_meteo,D:\MONEY VERSE\datasets\weather\weather_all_vietnam.csv,2026-05-18T15:57:27.004962+00:00,Open-Meteo public API data; attribution required.
Soc Trang,94,,2021-07,26.88057795698925,87.33449408333334,345.9,345.9,10.40419584717742,744,open_meteo,D:\MONEY VERSE\datasets\weather\weather_all_vietnam.csv,2026-05-18T15:57:27.004962+00:00,Open-Meteo public API data; attribution required.
Soc Trang,94,,2021-08,26.775067204301077,86.99196135887097,304.8,304.8,9.239748363010753,744,open_meteo,D:\MONEY VERSE\datasets\weather\weather_all_vietnam.csv,2026-05-18T15:57:27.004962+00:00,Open-Meteo public API data; attribution required.
Soc Trang,94,,2021-09,26.376180555555553,87.55322722638888,374.8,374.8,9.224285800347221,720,open_meteo,D:\MONEY VERSE\datasets\weather\weather_all_vietnam.csv,2026-05-18T15:57:27.004962+00:00,Open-Meteo public API data; attribution required.
Soc Trang,94,,2021-10,26.391801075268816,87.4318045860215,297.5,297.5,8.591456961962365,744,open_meteo,D:\MONEY VERSE\datasets\weather\weather_all_vietnam.csv,2026-05-18T15:57:27.004962+00:00,Open-Meteo public API data; attribution required.
Soc Trang,94,,2021-11,26.07986111111111,87.36269616666667,471.0,471.0,11.157553296527778,720,open_meteo,D:\MONEY VERSE\datasets\weather\weather_all_vietnam.csv,2026-05-18T15:57:27.004962+00:00,Open-Meteo public API data; attribution required.
Soc Trang,94,,2021-12,25.653360215053763,80.36078985752688,24.8,24.8,10.440613197580646,744,open_meteo,D:\MONEY VERSE\datasets\weather\weather_all_vietnam.csv,2026-05-18T15:57:27.004962+00:00,Open-Meteo public API data; attribution required.
Soc Trang,94,,2022-01,26.073790322580646,75.21800101344087,11.5,11.5,12.63504255672043,744,open_meteo,D:\MONEY VERSE\datasets\weather\weather_all_vietnam.csv,2026-05-18T15:57:27.004962+00:00,Open-Meteo public API data; attribution required.
Soc Trang,94,,2022-02,27.184895833333332,73.713593875,10.4,10.4,16.191887448363097,672,open_meteo,D:\MONEY VERSE\datasets\weather\weather_all_vietnam.csv,2026-05-18T15:57:27.004962+00:00,Open-Meteo public API data; attribution required.
Soc Trang,94,,2022-03,27.651478494623657,76.55705193548387,75.7,75.7,11.30226683920699,744,open_meteo,D:\MONEY VERSE\datasets\weather\weather_all_vietnam.csv,2026-05-18T15:57:27.004962+00:00,Open-Meteo public API data; attribution required.
Soc Trang,94,,2022-04,27.383125,81.40030056111111,182.0,182.0,8.41023947538889,720,open_meteo,D:\MONEY VERSE\datasets\weather\weather_all_vietnam.csv,2026-05-18T15:57:27.004962+00:00,Open-Meteo public API data; attribution required.
Soc Trang,94,,2022-05,27.217809139784944,85.48388213172043,324.0,324.0,9.082393106317205,744,open_meteo,D:\MONEY VERSE\datasets\weather\weather_all_vietnam.csv,2026-05-18T15:57:27.004962+00:00,Open-Meteo public API data; attribution required.
Soc Trang,94,,2022-06,26.92590277777778,86.22738155,302.1,302.1,6.903369878569444,720,open_meteo,D:\MONEY VERSE\datasets\weather\weather_all_vietnam.csv,2026-05-18T15:57:27.004962+00:00,Open-Meteo public API data; attribution required.
Soc Trang,94,,2022-07,26.467674731182797,87.81315336962365,338.0,338.0,9.893478697311828,744,open_meteo,D:\MONEY VERSE\datasets\weather\weather_all_vietnam.csv,2026-05-18T15:57:27.004962+00:00,Open-Meteo public API data; attribution required.
Soc Trang,94,,2022-08,26.491532258064517,86.70829614919354,270.9,270.9,9.02349950170699,744,open_meteo,D:\MONEY VERSE\datasets\weather\weather_all_vietnam.csv,2026-05-18T15:57:27.004962+00:00,Open-Meteo public API data; attribution required.
Soc Trang,94,,2022-09,26.112083333333334,87.453590425,393.8,393.8,9.777763449097222,720,open_meteo,D:\MONEY VERSE\datasets\weather\weather_all_vietnam.csv,2026-05-18T15:57:27.004962+00:00,Open-Meteo public API data; attribution required.
Soc Trang,94,,2022-10,25.918817204301074,87.26579228360215,419.7,419.7,7.125053577110215,744,open_meteo,D:\MONEY VERSE\datasets\weather\weather_all_vietnam.csv,2026-05-18T15:57:27.004962+00:00,Open-Meteo public API data; attribution required.
Soc Trang,94,,2022-11,26.04520833333333,87.38060565,275.6,275.6,9.154769192777778,720,open_meteo,D:\MONEY VERSE\datasets\weather\weather_all_vietnam.csv,2026-05-18T15:57:27.004962+00:00,Open-Meteo public API data; attribution required.
Soc Trang,94,,2022-12,25.491397849462363,80.9925217607527,50.9,50.9,10.599304735349461,744,open_meteo,D:\MONEY VERSE\datasets\weather\weather_all_vietnam.csv,2026-05-18T15:57:27.004962+00:00,Open-Meteo public API data; attribution required.
Soc Trang,94,,2023-01,25.092674731182797,82.52966297580646,113.6,113.6,8.990053874422044,744,open_meteo,D:\MONEY VERSE\datasets\weather\weather_all_vietnam.csv,2026-05-18T15:57:27.004962+00:00,Open-Meteo public API data; attribution required.
Soc Trang,94,,2023-02,26.18511904761905,76.69455733630953,27.8,27.8,12.916023554717261,672,open_meteo,D:\MONEY VERSE\datasets\weather\weather_all_vietnam.csv,2026-05-18T15:57:27.004962+00:00,Open-Meteo public API data; attribution required.
Soc Trang,94,,2023-03,26.804637096774197,72.23476454973118,2.9,2.9,13.623225500362903,744,open_meteo,D:\MONEY VERSE\datasets\weather\weather_all_vietnam.csv,2026-05-18T15:57:27.004962+00:00,Open-Meteo public API data; attribution required.
Soc Trang,94,,2023-04,28.845347222222223,75.53112759999999,70.7,70.7,9.116174431527778,720,open_meteo,D:\MONEY VERSE\datasets\weather\weather_all_vietnam.csv,2026-05-18T15:57:27.004962+00:00,Open-Meteo public API data; attribution required.
Soc Trang,94,,2023-05,28.462567204301077,80.23380152688172,231.3,231.3,9.419642341612903,744,open_meteo,D:\MONEY VERSE\datasets\weather\weather_all_vietnam.csv,2026-05-18T15:57:27.004962+00:00,Open-Meteo public API data; attribution required.
Soc Trang,94,,2023-06,27.372638888888886,85.20436313194445,299.1,299.1,9.312947708305556,720,open_meteo,D:\MONEY VERSE\datasets\weather\weather_all_vietnam.csv,2026-05-18T15:57:27.004962+00:00,Open-Meteo public API data; attribution required.
Soc Trang,94,,2023-07,26.651747311827958,87.7904539905914,438.7,438.7,11.421054118387097,744,open_meteo,D:\MONEY VERSE\datasets\weather\weather_all_vietnam.csv,2026-05-18T15:57:27.004962+00:00,Open-Meteo public API data; attribution required.
Soc Trang,94,,2023-08,27.281854838709677,84.77096654032258,247.9,247.9,12.278699806048389,744,open_meteo,D:\MONEY VERSE\datasets\weather\weather_all_vietnam.csv,2026-05-18T15:57:27.004962+00:00,Open-Meteo public API data; attribution required.
Soc Trang,94,,2023-09,26.587847222222223,87.5970220611111,417.4,417.4,9.828545563472222,720,open_meteo,D:\MONEY VERSE\datasets\weather\weather_all_vietnam.csv,2026-05-18T15:57:27.004962+00:00,Open-Meteo public API data; attribution required.
Soc Trang,94,,2023-10,26.764717741935485,87.63038674731183,364.4,364.4,7.213228099596774,744,open_meteo,D:\MONEY VERSE\datasets\weather\weather_all_vietnam.csv,2026-05-18T15:57:27.004962+00:00,Open-Meteo public API data; attribution required.
Soc Trang,94,,2023-11,26.58,85.2615895736111,175.7,175.7,10.787324424083334,720,open_meteo,D:\MONEY VERSE\datasets\weather\weather_all_vietnam.csv,2026-05-18T15:57:27.004962+00:00,Open-Meteo public API data; attribution required.
Soc Trang,94,,2023-12,26.857325268817203,78.39567735215054,47.4,47.4,12.981485178360215,744,open_meteo,D:\MONEY VERSE\datasets\weather\weather_all_vietnam.csv,2026-05-18T15:57:27.004962+00:00,Open-Meteo public API data; attribution required.
Soc Trang,94,,2024-01,26.726276881720427,71.62445868817204,4.6,4.6,15.211621603629034,744,open_meteo,D:\MONEY VERSE\datasets\weather\weather_all_vietnam.csv,2026-05-18T15:57:27.004962+00:00,Open-Meteo public API data; attribution required.
Soc Trang,94,,2024-02,27.23814655172414,74.44395855172414,5.0,5.0,14.707103047270115,696,open_meteo,D:\MONEY VERSE\datasets\weather\weather_all_vietnam.csv,2026-05-18T15:57:27.004962+00:00,Open-Meteo public API data; attribution required.
Soc Trang,94,,2024-03,28.317137096774193,73.01409297177419,4.6000000000000005,4.6000000000000005,13.68899027688172,744,open_meteo,D:\MONEY VERSE\datasets\weather\weather_all_vietnam.csv,2026-05-18T15:57:27.004962+00:00,Open-Meteo public API data; attribution required.
Soc Trang,94,,2024-04,29.95861111111111,70.06351655277777,4.0,4.0,10.455009433194444,720,open_meteo,D:\MONEY VERSE\datasets\weather\weather_all_vietnam.csv,2026-05-18T15:57:27.004962+00:00,Open-Meteo public API data; attribution required.
Soc Trang,94,,2024-05,29.293548387096777,79.46688054166667,226.4,226.4,7.981622664516129,744,open_meteo,D:\MONEY VERSE\datasets\weather\weather_all_vietnam.csv,2026-05-18T15:57:27.004962+00:00,Open-Meteo public API data; attribution required.
Soc Trang,94,,2024-06,27.800625,83.99927671944444,258.7,258.7,8.807250528416667,720,open_meteo,D:\MONEY VERSE\datasets\weather\weather_all_vietnam.csv,2026-05-18T15:57:27.004962+00:00,Open-Meteo public API data; attribution required.
Soc Trang,94,,2024-07,26.750134408602147,87.45232161424731,388.8,388.8,10.644920517204302,744,open_meteo,D:\MONEY VERSE\datasets\weather\weather_all_vietnam.csv,2026-05-18T15:57:27.004962+00:00,Open-Meteo public API data; attribution required.
Soc Trang,94,,2024-08,27.181854838709675,85.95503448387097,371.6,371.6,8.44992631451613,744,open_meteo,D:\MONEY VERSE\datasets\weather\weather_all_vietnam.csv,2026-05-18T15:57:27.004962+00:00,Open-Meteo public API data; attribution required.
Soc Trang,94,,2024-09,26.737222222222222,87.0942031375,391.5,391.5,11.966183446666665,720,open_meteo,D:\MONEY VERSE\datasets\weather\weather_all_vietnam.csv,2026-05-18T15:57:27.004962+00:00,Open-Meteo public API data; attribution required.
Soc Trang,94,,2024-10,26.322379032258063,88.83601651209678,414.0,414.0,7.243760954798387,744,open_meteo,D:\MONEY VERSE\datasets\weather\weather_all_vietnam.csv,2026-05-18T15:57:27.004962+00:00,Open-Meteo public API data; attribution required.
Soc Trang,94,,2024-11,26.763194444444444,83.91090447222221,123.5,123.5,10.618706825666667,720,open_meteo,D:\MONEY VERSE\datasets\weather\weather_all_vietnam.csv,2026-05-18T15:57:27.004962+00:00,Open-Meteo public API data; attribution required.
Soc Trang,94,,2024-12,25.703024193548387,85.57050498387098,161.2,161.2,9.645002594569894,744,open_meteo,D:\MONEY VERSE\datasets\weather\weather_all_vietnam.csv,2026-05-18T15:57:27.004962+00:00,Open-Meteo public API data; attribution required.
Soc Trang,94,,2025-01,25.370698924731183,78.37923645430106,64.5,64.5,9.414114684435484,744,open_meteo,D:\MONEY VERSE\datasets\weather\weather_all_vietnam.csv,2026-05-18T15:57:27.004962+00:00,Open-Meteo public API data; attribution required.
Soc Trang,94,,2025-02,26.641294642857144,74.01001320089286,14.1,14.1,13.480134812500001,672,open_meteo,D:\MONEY VERSE\datasets\weather\weather_all_vietnam.csv,2026-05-18T15:57:27.004962+00:00,Open-Meteo public API data; attribution required.
Soc Trang,94,,2025-03,27.962096774193547,72.3539552311828,17.400000000000002,17.400000000000002,13.618801642876345,744,open_meteo,D:\MONEY VERSE\datasets\weather\weather_all_vietnam.csv,2026-05-18T15:57:27.004962+00:00,Open-Meteo public API data; attribution required.
Soc Trang,94,,2025-04,28.617013888888888,75.337745725,48.2,48.2,10.768666416847223,720,open_meteo,D:\MONEY VERSE\datasets\weather\weather_all_vietnam.csv,2026-05-18T15:57:27.004962+00:00,Open-Meteo public API data; attribution required.
Soc Trang,94,,2025-05,28.139852150537635,81.20706608198924,271.8,271.8,7.659491403938172,744,open_meteo,D:\MONEY VERSE\datasets\weather\weather_all_vietnam.csv,2026-05-18T15:57:27.004962+00:00,Open-Meteo public API data; attribution required.
Soc Trang,94,,2025-06,27.08,86.74264566805556,333.4,333.4,10.130191243847223,720,open_meteo,D:\MONEY VERSE\datasets\weather\weather_all_vietnam.csv,2026-05-18T15:57:27.004962+00:00,Open-Meteo public API data; attribution required.
Soc Trang,94,,2025-07,27.271908602150535,85.80222840456989,269.7,269.7,12.315203120430109,744,open_meteo,D:\MONEY VERSE\datasets\weather\weather_all_vietnam.csv,2026-05-18T15:57:27.004962+00:00,Open-Meteo public API data; attribution required.
Soc Trang,94,,2025-08,26.67090053763441,86.65994159543011,322.9,322.9,10.42903781561828,744,open_meteo,D:\MONEY VERSE\datasets\weather\weather_all_vietnam.csv,2026-05-18T15:57:27.004962+00:00,Open-Meteo public API data; attribution required.
Soc Trang,94,,2025-09,26.638541666666665,86.30138905694444,314.1,314.1,10.131685829138888,720,open_meteo,D:\MONEY VERSE\datasets\weather\weather_all_vietnam.csv,2026-05-18T15:57:27.004962+00:00,Open-Meteo public API data; attribution required.
Soc Trang,94,,2025-10,26.65342741935484,87.30187222983871,308.9,308.9,6.464265446370968,744,open_meteo,D:\MONEY VERSE\datasets\weather\weather_all_vietnam.csv,2026-05-18T15:57:27.004962+00:00,Open-Meteo public API data; attribution required.
Soc Trang,94,,2025-11,25.779375,86.6433507625,259.7,259.7,8.791286987680555,720,open_meteo,D:\MONEY VERSE\datasets\weather\weather_all_vietnam.csv,2026-05-18T15:57:27.004962+00:00,Open-Meteo public API data; attribution required.
Soc Trang,94,,2025-12,25.853897849462363,83.41349178629032,116.9,116.9,9.527270502889785,744,open_meteo,D:\MONEY VERSE\datasets\weather\weather_all_vietnam.csv,2026-05-18T15:57:27.004962+00:00,Open-Meteo public API data; attribution required.
Soc Trang,94,,2026-01,24.76565860215054,77.83456974596774,32.3,32.3,10.30673840143817,744,open_meteo,D:\MONEY VERSE\datasets\weather\weather_all_vietnam.csv,2026-05-18T15:57:27.004962+00:00,Open-Meteo public API data; attribution required.
Soc Trang,94,,2026-02,26.45014880952381,73.78073499999999,50.5,50.5,13.687488992559524,672,open_meteo,D:\MONEY VERSE\datasets\weather\weather_all_vietnam.csv,2026-05-18T15:57:27.004962+00:00,Open-Meteo public API data; attribution required.
Soc Trang,94,,2026-03,27.22284946236559,74.12990818951613,15.100000000000001,15.100000000000001,12.605125802419355,744,open_meteo,D:\MONEY VERSE\datasets\weather\weather_all_vietnam.csv,2026-05-18T15:57:27.004962+00:00,Open-Meteo public API data; attribution required.
Soc Trang,94,,2026-04,29.033680555555556,68.73344906388888,7.1,7.1,9.37076720888889,720,open_meteo,D:\MONEY VERSE\datasets\weather\weather_all_vietnam.csv,2026-05-18T15:57:27.004962+00:00,Open-Meteo public API data; attribution required.
Soc Trang,94,,2026-05,29.38854166666667,74.73032258101851,61.5,59.3,10.831628733564814,432,open_meteo,D:\MONEY VERSE\datasets\weather\weather_all_vietnam.csv,2026-05-18T15:57:27.004962+00:00,Open-Meteo public API data; attribution required.
